country_region_code,country_region,sub_region_1,sub_region_2,metro_area,iso_3166_2_code,census_fips_code,place_id,date,retail_and_recreation_percent_change_from_baseline,grocery_and_pharmacy_percent_change_from_baseline,parks_percent_change_from_baseline,transit_stations_percent_change_from_baseline,workplaces_percent_change_from_baseline,residential_percent_change_from_baseline
TH,Thailand,,,,,,ChIJsU1CR_eNTTARAuhXB4gs154,2020-02-15,-3,1,-8,-2,7,1
TH,Thailand,,,,,,ChIJsU1CR_eNTTARAuhXB4gs154,2020-02-16,-3,2,-5,-4,2,2
TH,Thailand,,,,,,ChIJsU1CR_eNTTARAuhXB4gs154,2020-02-17,-3,1,-3,-4,2,1
TH,Thailand,,,,,,ChIJsU1CR_eNTTARAuhXB4gs154,2020-02-18,-3,0,-5,-6,0,2
TH,Thailand,,,,,,ChIJsU1CR_eNTTARAuhXB4gs154,2020-02-19,-4,-3,-3,-6,0,1
TH,Thailand,,,,,,ChIJsU1CR_eNTTARAuhXB4gs154,2020-02-20,-4,-2,-3,-4,1,1
TH,Thailand,,,,,,ChIJsU1CR_eNTTARAuhXB4gs154,2020-02-21,-4,1,-4,-5,1,2
TH,Thailand,,,,,,ChIJsU1CR_eNTTARAuhXB4gs154,2020-02-22,-4,0,-12,-6,4,2
TH,Thailand,,,,,,ChIJsU1CR_eNTTARAuhXB4gs154,2020-02-23,-5,0,-7,-8,2,2
TH,Thailand,,,,,,ChIJsU1CR_eNTTARAuhXB4gs154,2020-02-24,-4,-1,-6,-7,0,2
TH,Thailand,,,,,,ChIJsU1CR_eNTTARAuhXB4gs154,2020-02-25,-2,3,-6,-7,-2,2
TH,Thailand,,,,,,ChIJsU1CR_eNTTARAuhXB4gs154,2020-02-26,-3,0,-6,-8,-1,2
TH,Thailand,,,,,,ChIJsU1CR_eNTTARAuhXB4gs154,2020-02-27,-4,-1,-7,-8,-1,2
TH,Thailand,,,,,,ChIJsU1CR_eNTTARAuhXB4gs154,2020-02-28,-1,5,-7,-6,-1,2
TH,Thailand,,,,,,ChIJsU1CR_eNTTARAuhXB4gs154,2020-02-29,-1,6,-14,-7,5,1
TH,Thailand,,,,,,ChIJsU1CR_eNTTARAuhXB4gs154,2020-03-01,-1,9,-9,-8,3,1
TH,Thailand,,,,,,ChIJsU1CR_eNTTARAuhXB4gs154,2020-03-02,1,8,-7,-9,-2,2
TH,Thailand,,,,,,ChIJsU1CR_eNTTARAuhXB4gs154,2020-03-03,0,5,-8,-10,-4,3
TH,Thailand,,,,,,ChIJsU1CR_eNTTARAuhXB4gs154,2020-03-04,-1,2,-9,-11,-4,3
TH,Thailand,,,,,,ChIJsU1CR_eNTTARAuhXB4gs154,2020-03-05,-3,2,-8,-9,-4,3
TH,Thailand,,,,,,ChIJsU1CR_eNTTARAuhXB4gs154,2020-03-06,-5,2,-9,-11,-6,4
TH,Thailand,,,,,,ChIJsU1CR_eNTTARAuhXB4gs154,2020-03-07,-6,1,-16,-13,2,3
TH,Thailand,,,,,,ChIJsU1CR_eNTTARAuhXB4gs154,2020-03-08,-7,1,-11,-15,1,2
TH,Thailand,,,,,,ChIJsU1CR_eNTTARAuhXB4gs154,2020-03-09,-4,1,-8,-13,-6,4
TH,Thailand,,,,,,ChIJsU1CR_eNTTARAuhXB4gs154,2020-03-10,-3,1,-8,-13,-7,4
TH,Thailand,,,,,,ChIJsU1CR_eNTTARAuhXB4gs154,2020-03-11,-4,0,-8,-15,-7,4
TH,Thailand,,,,,,ChIJsU1CR_eNTTARAuhXB4gs154,2020-03-12,-6,-1,-9,-15,-7,4
TH,Thailand,,,,,,ChIJsU1CR_eNTTARAuhXB4gs154,2020-03-13,-8,0,-12,-17,-7,5
TH,Thailand,,,,,,ChIJsU1CR_eNTTARAuhXB4gs154,2020-03-14,-11,-1,-21,-20,3,3
TH,Thailand,,,,,,ChIJsU1CR_eNTTARAuhXB4gs154,2020-03-15,-15,-1,-22,-23,-2,4
TH,Thailand,,,,,,ChIJsU1CR_eNTTARAuhXB4gs154,2020-03-16,-8,4,-14,-18,-10,5
TH,Thailand,,,,,,ChIJsU1CR_eNTTARAuhXB4gs154,2020-03-17,-9,1,-15,-21,-12,6
TH,Thailand,,,,,,ChIJsU1CR_eNTTARAuhXB4gs154,2020-03-18,-12,-3,-16,-24,-13,7
TH,Thailand,,,,,,ChIJsU1CR_eNTTARAuhXB4gs154,2020-03-19,-16,-6,-18,-26,-14,8
TH,Thailand,,,,,,ChIJsU1CR_eNTTARAuhXB4gs154,2020-03-20,-20,-5,-24,-30,-15,9
TH,Thailand,,,,,,ChIJsU1CR_eNTTARAuhXB4gs154,2020-03-21,-24,-4,-35,-33,-4,8
TH,Thailand,,,,,,ChIJsU1CR_eNTTARAuhXB4gs154,2020-03-22,-36,-10,-35,-41,-10,9
TH,Thailand,,,,,,ChIJsU1CR_eNTTARAuhXB4gs154,2020-03-23,-32,-11,-29,-39,-20,11
TH,Thailand,,,,,,ChIJsU1CR_eNTTARAuhXB4gs154,2020-03-24,-34,-8,-32,-42,-23,12
TH,Thailand,,,,,,ChIJsU1CR_eNTTARAuhXB4gs154,2020-03-25,-35,-8,-34,-42,-24,12
TH,Thailand,,,,,,ChIJsU1CR_eNTTARAuhXB4gs154,2020-03-26,-43,-18,-40,-50,-26,15
TH,Thailand,,,,,,ChIJsU1CR_eNTTARAuhXB4gs154,2020-03-27,-46,-19,-44,-54,-26,17
TH,Thailand,,,,,,ChIJsU1CR_eNTTARAuhXB4gs154,2020-03-28,-51,-25,-55,-57,-14,16
TH,Thailand,,,,,,ChIJsU1CR_eNTTARAuhXB4gs154,2020-03-29,-55,-27,-54,-61,-21,16
TH,Thailand,,,,,,ChIJsU1CR_eNTTARAuhXB4gs154,2020-03-30,-44,-19,-42,-53,-27,16
TH,Thailand,,,,,,ChIJsU1CR_eNTTARAuhXB4gs154,2020-03-31,-42,-14,-42,-53,-28,15
TH,Thailand,,,,,,ChIJsU1CR_eNTTARAuhXB4gs154,2020-04-01,-43,-16,-41,-55,-30,16
TH,Thailand,,,,,,ChIJsU1CR_eNTTARAuhXB4gs154,2020-04-02,-45,-18,-44,-57,-30,17
TH,Thailand,,,,,,ChIJsU1CR_eNTTARAuhXB4gs154,2020-04-03,-48,-19,-48,-60,-30,19
TH,Thailand,,,,,,ChIJsU1CR_eNTTARAuhXB4gs154,2020-04-04,-51,-21,-58,-62,-19,17
TH,Thailand,,,,,,ChIJsU1CR_eNTTARAuhXB4gs154,2020-04-05,-54,-23,-57,-66,-25,17
TH,Thailand,,,,,,ChIJsU1CR_eNTTARAuhXB4gs154,2020-04-06,-47,-17,-49,-67,-49,23
TH,Thailand,,,,,,ChIJsU1CR_eNTTARAuhXB4gs154,2020-04-07,-45,-17,-45,-58,-32,17
TH,Thailand,,,,,,ChIJsU1CR_eNTTARAuhXB4gs154,2020-04-08,-46,-21,-45,-60,-32,18
TH,Thailand,,,,,,ChIJsU1CR_eNTTARAuhXB4gs154,2020-04-09,-47,-21,-45,-60,-32,18
TH,Thailand,,,,,,ChIJsU1CR_eNTTARAuhXB4gs154,2020-04-10,-48,-18,-48,-61,-32,20
TH,Thailand,,,,,,ChIJsU1CR_eNTTARAuhXB4gs154,2020-04-11,-51,-21,-57,-63,-22,17
TH,Thailand,,,,,,ChIJsU1CR_eNTTARAuhXB4gs154,2020-04-12,-54,-22,-56,-66,-24,17
TH,Thailand,,,,,,ChIJsU1CR_eNTTARAuhXB4gs154,2020-04-13,-49,-22,-47,-62,-35,20
TH,Thailand,,,,,,ChIJsU1CR_eNTTARAuhXB4gs154,2020-04-14,-46,-17,-45,-61,-36,19
TH,Thailand,,,,,,ChIJsU1CR_eNTTARAuhXB4gs154,2020-04-15,-46,-17,-44,-60,-35,19
TH,Thailand,,,,,,ChIJsU1CR_eNTTARAuhXB4gs154,2020-04-16,-46,-19,-44,-60,-33,19
TH,Thailand,,,,,,ChIJsU1CR_eNTTARAuhXB4gs154,2020-04-17,-49,-19,-48,-62,-33,21
TH,Thailand,,,,,,ChIJsU1CR_eNTTARAuhXB4gs154,2020-04-18,-51,-21,-57,-61,-20,17
TH,Thailand,,,,,,ChIJsU1CR_eNTTARAuhXB4gs154,2020-04-19,-53,-23,-55,-63,-22,16
TH,Thailand,,,,,,ChIJsU1CR_eNTTARAuhXB4gs154,2020-04-20,-43,-16,-44,-57,-29,17
TH,Thailand,,,,,,ChIJsU1CR_eNTTARAuhXB4gs154,2020-04-21,-44,-17,-45,-58,-30,17
TH,Thailand,,,,,,ChIJsU1CR_eNTTARAuhXB4gs154,2020-04-22,-45,-20,-45,-59,-30,17
TH,Thailand,,,,,,ChIJsU1CR_eNTTARAuhXB4gs154,2020-04-23,-46,-21,-45,-59,-30,17
TH,Thailand,,,,,,ChIJsU1CR_eNTTARAuhXB4gs154,2020-04-24,-46,-17,-48,-60,-29,19
TH,Thailand,,,,,,ChIJsU1CR_eNTTARAuhXB4gs154,2020-04-25,-50,-22,-57,-61,-19,17
TH,Thailand,,,,,,ChIJsU1CR_eNTTARAuhXB4gs154,2020-04-26,-50,-19,-54,-62,-22,15
TH,Thailand,,,,,,ChIJsU1CR_eNTTARAuhXB4gs154,2020-04-27,-42,-15,-45,-57,-28,17
TH,Thailand,,,,,,ChIJsU1CR_eNTTARAuhXB4gs154,2020-04-28,-41,-12,-43,-56,-29,15
TH,Thailand,,,,,,ChIJsU1CR_eNTTARAuhXB4gs154,2020-04-29,-42,-15,-43,-55,-29,15
TH,Thailand,,,,,,ChIJsU1CR_eNTTARAuhXB4gs154,2020-04-30,-44,-2,-39,-47,-28,14
TH,Thailand,,,,,,ChIJsU1CR_eNTTARAuhXB4gs154,2020-05-01,-46,3,-42,-56,-54,23
TH,Thailand,,,,,,ChIJsU1CR_eNTTARAuhXB4gs154,2020-05-02,-48,-5,-50,-50,-23,15
TH,Thailand,,,,,,ChIJsU1CR_eNTTARAuhXB4gs154,2020-05-03,-46,-3,-46,-50,-17,13
TH,Thailand,,,,,,ChIJsU1CR_eNTTARAuhXB4gs154,2020-05-04,-42,-6,-39,-56,-44,19
TH,Thailand,,,,,,ChIJsU1CR_eNTTARAuhXB4gs154,2020-05-05,-38,2,-35,-43,-28,13
TH,Thailand,,,,,,ChIJsU1CR_eNTTARAuhXB4gs154,2020-05-06,-38,-1,-34,-54,-50,21
TH,Thailand,,,,,,ChIJsU1CR_eNTTARAuhXB4gs154,2020-05-07,-38,-3,-34,-45,-25,14
TH,Thailand,,,,,,ChIJsU1CR_eNTTARAuhXB4gs154,2020-05-08,-40,-1,-37,-47,-25,16
TH,Thailand,,,,,,ChIJsU1CR_eNTTARAuhXB4gs154,2020-05-09,-41,-4,-46,-47,-12,13
TH,Thailand,,,,,,ChIJsU1CR_eNTTARAuhXB4gs154,2020-05-10,-41,-4,-41,-49,-14,12
TH,Thailand,,,,,,ChIJsU1CR_eNTTARAuhXB4gs154,2020-05-11,-40,-7,-39,-50,-34,17
TH,Thailand,,,,,,ChIJsU1CR_eNTTARAuhXB4gs154,2020-05-12,-34,2,-32,-42,-24,13
TH,Thailand,,,,,,ChIJsU1CR_eNTTARAuhXB4gs154,2020-05-13,-36,-2,-32,-43,-24,13
TH,Thailand,,,,,,ChIJsU1CR_eNTTARAuhXB4gs154,2020-05-14,-36,-3,-33,-44,-24,13
TH,Thailand,,,,,,ChIJsU1CR_eNTTARAuhXB4gs154,2020-05-15,-36,1,-34,-45,-24,13
TH,Thailand,,,,,,ChIJsU1CR_eNTTARAuhXB4gs154,2020-05-16,-37,-2,-43,-46,-12,12
TH,Thailand,,,,,,ChIJsU1CR_eNTTARAuhXB4gs154,2020-05-17,-32,0,-39,-42,-10,10
TH,Thailand,,,,,,ChIJsU1CR_eNTTARAuhXB4gs154,2020-05-18,-29,0,-33,-40,-22,12
TH,Thailand,,,,,,ChIJsU1CR_eNTTARAuhXB4gs154,2020-05-19,-29,0,-31,-40,-23,12
TH,Thailand,,,,,,ChIJsU1CR_eNTTARAuhXB4gs154,2020-05-20,-28,1,-29,-39,-23,12
TH,Thailand,,,,,,ChIJsU1CR_eNTTARAuhXB4gs154,2020-05-21,-28,0,-30,-39,-23,13
TH,Thailand,,,,,,ChIJsU1CR_eNTTARAuhXB4gs154,2020-05-22,-30,1,-32,-41,-22,14
TH,Thailand,,,,,,ChIJsU1CR_eNTTARAuhXB4gs154,2020-05-23,-32,-2,-42,-41,-10,11
TH,Thailand,,,,,,ChIJsU1CR_eNTTARAuhXB4gs154,2020-05-24,-32,-3,-37,-42,-11,10
TH,Thailand,,,,,,ChIJsU1CR_eNTTARAuhXB4gs154,2020-05-25,-27,1,-31,-39,-23,12
TH,Thailand,,,,,,ChIJsU1CR_eNTTARAuhXB4gs154,2020-05-26,-28,-1,-31,-39,-22,12
TH,Thailand,,,,,,ChIJsU1CR_eNTTARAuhXB4gs154,2020-05-27,-26,1,-28,-37,-22,12
TH,Thailand,,,,,,ChIJsU1CR_eNTTARAuhXB4gs154,2020-05-28,-28,-1,-31,-38,-21,12
TH,Thailand,,,,,,ChIJsU1CR_eNTTARAuhXB4gs154,2020-05-29,-27,5,-31,-38,-21,13
TH,Thailand,,,,,,ChIJsU1CR_eNTTARAuhXB4gs154,2020-05-30,-25,4,-38,-34,-8,10
TH,Thailand,,,,,,ChIJsU1CR_eNTTARAuhXB4gs154,2020-05-31,-24,5,-32,-34,-7,8
TH,Thailand,,,,,,ChIJsU1CR_eNTTARAuhXB4gs154,2020-06-01,-21,7,-26,-31,-19,10
TH,Thailand,,,,,,ChIJsU1CR_eNTTARAuhXB4gs154,2020-06-02,-22,4,-27,-32,-21,10
TH,Thailand,,,,,,ChIJsU1CR_eNTTARAuhXB4gs154,2020-06-03,-16,7,-20,-40,-51,18
TH,Thailand,,,,,,ChIJsU1CR_eNTTARAuhXB4gs154,2020-06-04,-24,2,-26,-32,-20,11
TH,Thailand,,,,,,ChIJsU1CR_eNTTARAuhXB4gs154,2020-06-05,-23,4,-28,-37,-20,12
TH,Thailand,,,,,,ChIJsU1CR_eNTTARAuhXB4gs154,2020-06-06,-22,1,-35,-36,-7,9
TH,Thailand,,,,,,ChIJsU1CR_eNTTARAuhXB4gs154,2020-06-07,-20,3,-27,-36,-7,7
TH,Thailand,,,,,,ChIJsU1CR_eNTTARAuhXB4gs154,2020-06-08,-19,3,-24,-34,-18,10
TH,Thailand,,,,,,ChIJsU1CR_eNTTARAuhXB4gs154,2020-06-09,-20,1,-25,-35,-20,10
TH,Thailand,,,,,,ChIJsU1CR_eNTTARAuhXB4gs154,2020-06-10,-18,3,-22,-33,-19,10
TH,Thailand,,,,,,ChIJsU1CR_eNTTARAuhXB4gs154,2020-06-11,-18,2,-22,-35,-19,10
TH,Thailand,,,,,,ChIJsU1CR_eNTTARAuhXB4gs154,2020-06-12,-19,4,-23,-35,-20,11
TH,Thailand,,,,,,ChIJsU1CR_eNTTARAuhXB4gs154,2020-06-13,-18,3,-30,-33,-7,8
TH,Thailand,,,,,,ChIJsU1CR_eNTTARAuhXB4gs154,2020-06-14,-18,2,-25,-36,-6,7
TH,Thailand,,,,,,ChIJsU1CR_eNTTARAuhXB4gs154,2020-06-15,-16,4,-24,-33,-19,9
TH,Thailand,,,,,,ChIJsU1CR_eNTTARAuhXB4gs154,2020-06-16,-18,2,-24,-33,-20,10
TH,Thailand,,,,,,ChIJsU1CR_eNTTARAuhXB4gs154,2020-06-17,-19,-2,-26,-33,-21,10
TH,Thailand,,,,,,ChIJsU1CR_eNTTARAuhXB4gs154,2020-06-18,-13,3,-22,-33,-20,9
TH,Thailand,,,,,,ChIJsU1CR_eNTTARAuhXB4gs154,2020-06-19,-15,3,-23,-34,-20,10
TH,Thailand,,,,,,ChIJsU1CR_eNTTARAuhXB4gs154,2020-06-20,-12,4,-27,-31,-6,6
TH,Thailand,,,,,,ChIJsU1CR_eNTTARAuhXB4gs154,2020-06-21,-13,3,-21,-34,-6,6
TH,Thailand,,,,,,ChIJsU1CR_eNTTARAuhXB4gs154,2020-06-22,-12,2,-22,-33,-20,8
TH,Thailand,,,,,,ChIJsU1CR_eNTTARAuhXB4gs154,2020-06-23,-11,5,-19,-31,-20,8
TH,Thailand,,,,,,ChIJsU1CR_eNTTARAuhXB4gs154,2020-06-24,-11,3,-18,-30,-19,8
TH,Thailand,,,,,,ChIJsU1CR_eNTTARAuhXB4gs154,2020-06-25,-10,4,-19,-29,-20,8
TH,Thailand,,,,,,ChIJsU1CR_eNTTARAuhXB4gs154,2020-06-26,-11,5,-21,-31,-21,9
TH,Thailand,,,,,,ChIJsU1CR_eNTTARAuhXB4gs154,2020-06-27,-9,5,-24,-28,-10,6
TH,Thailand,,,,,,ChIJsU1CR_eNTTARAuhXB4gs154,2020-06-28,-9,6,-18,-29,-6,4
TH,Thailand,,,,,,ChIJsU1CR_eNTTARAuhXB4gs154,2020-06-29,-7,7,-19,-28,-19,7
TH,Thailand,,,,,,ChIJsU1CR_eNTTARAuhXB4gs154,2020-06-30,1,17,-16,-25,-19,6
TH,Thailand,,,,,,ChIJsU1CR_eNTTARAuhXB4gs154,2020-07-01,-4,9,-17,-23,-18,5
TH,Thailand,,,,,,ChIJsU1CR_eNTTARAuhXB4gs154,2020-07-02,-5,9,-17,-23,-18,5
TH,Thailand,,,,,,ChIJsU1CR_eNTTARAuhXB4gs154,2020-07-03,-9,6,-17,-23,-19,5
TH,Thailand,,,,,,ChIJsU1CR_eNTTARAuhXB4gs154,2020-07-04,-5,12,-15,-23,-14,4
TH,Thailand,,,,,,ChIJsU1CR_eNTTARAuhXB4gs154,2020-07-05,1,14,13,-26,-13,2
TH,Thailand,,,,,,ChIJsU1CR_eNTTARAuhXB4gs154,2020-07-06,5,11,20,-38,-53,11
TH,Thailand,,,,,,ChIJsU1CR_eNTTARAuhXB4gs154,2020-07-07,-2,7,-10,-31,-36,9
TH,Thailand,,,,,,ChIJsU1CR_eNTTARAuhXB4gs154,2020-07-08,-5,5,-13,-23,-17,4
TH,Thailand,,,,,,ChIJsU1CR_eNTTARAuhXB4gs154,2020-07-09,-8,3,-15,-26,-17,5
TH,Thailand,,,,,,ChIJsU1CR_eNTTARAuhXB4gs154,2020-07-10,-9,4,-16,-27,-17,6
TH,Thailand,,,,,,ChIJsU1CR_eNTTARAuhXB4gs154,2020-07-11,-8,2,-23,-29,-5,6
TH,Thailand,,,,,,ChIJsU1CR_eNTTARAuhXB4gs154,2020-07-12,-7,3,-18,-30,-5,5
TH,Thailand,,,,,,ChIJsU1CR_eNTTARAuhXB4gs154,2020-07-13,-9,2,-19,-27,-15,5
TH,Thailand,,,,,,ChIJsU1CR_eNTTARAuhXB4gs154,2020-07-14,-9,2,-16,-28,-17,5
TH,Thailand,,,,,,ChIJsU1CR_eNTTARAuhXB4gs154,2020-07-15,-7,1,-11,-29,-14,5
TH,Thailand,,,,,,ChIJsU1CR_eNTTARAuhXB4gs154,2020-07-16,-10,-2,-14,-29,-14,6
TH,Thailand,,,,,,ChIJsU1CR_eNTTARAuhXB4gs154,2020-07-17,-7,4,-12,-29,-14,6
TH,Thailand,,,,,,ChIJsU1CR_eNTTARAuhXB4gs154,2020-07-18,-6,2,-18,-31,-5,5
TH,Thailand,,,,,,ChIJsU1CR_eNTTARAuhXB4gs154,2020-07-19,-6,3,-12,-32,-5,5
TH,Thailand,,,,,,ChIJsU1CR_eNTTARAuhXB4gs154,2020-07-20,-6,4,-12,-28,-14,5
TH,Thailand,,,,,,ChIJsU1CR_eNTTARAuhXB4gs154,2020-07-21,-7,1,-13,-28,-15,5
TH,Thailand,,,,,,ChIJsU1CR_eNTTARAuhXB4gs154,2020-07-22,-6,2,-11,-28,-13,5
TH,Thailand,,,,,,ChIJsU1CR_eNTTARAuhXB4gs154,2020-07-23,-6,1,-10,-26,-12,5
TH,Thailand,,,,,,ChIJsU1CR_eNTTARAuhXB4gs154,2020-07-24,-7,3,-8,-19,-14,5
TH,Thailand,,,,,,ChIJsU1CR_eNTTARAuhXB4gs154,2020-07-25,-3,5,-10,-24,-10,3
TH,Thailand,,,,,,ChIJsU1CR_eNTTARAuhXB4gs154,2020-07-26,2,7,19,-29,-12,2
TH,Thailand,,,,,,ChIJsU1CR_eNTTARAuhXB4gs154,2020-07-27,11,11,45,-38,-55,11
TH,Thailand,,,,,,ChIJsU1CR_eNTTARAuhXB4gs154,2020-07-28,2,6,14,-38,-58,13
TH,Thailand,,,,,,ChIJsU1CR_eNTTARAuhXB4gs154,2020-07-29,-5,2,-8,-24,-15,4
TH,Thailand,,,,,,ChIJsU1CR_eNTTARAuhXB4gs154,2020-07-30,-4,4,-8,-25,-14,4
TH,Thailand,,,,,,ChIJsU1CR_eNTTARAuhXB4gs154,2020-07-31,-4,6,-10,-26,-15,5
TH,Thailand,,,,,,ChIJsU1CR_eNTTARAuhXB4gs154,2020-08-01,-4,5,-19,-27,-5,5
TH,Thailand,,,,,,ChIJsU1CR_eNTTARAuhXB4gs154,2020-08-02,-4,5,-17,-28,-10,5
TH,Thailand,,,,,,ChIJsU1CR_eNTTARAuhXB4gs154,2020-08-03,-3,7,-12,-26,-13,5
TH,Thailand,,,,,,ChIJsU1CR_eNTTARAuhXB4gs154,2020-08-04,-7,1,-14,-27,-14,5
TH,Thailand,,,,,,ChIJsU1CR_eNTTARAuhXB4gs154,2020-08-05,-5,4,-16,-27,-13,4
TH,Thailand,,,,,,ChIJsU1CR_eNTTARAuhXB4gs154,2020-08-06,-7,0,-17,-27,-12,5
TH,Thailand,,,,,,ChIJsU1CR_eNTTARAuhXB4gs154,2020-08-07,-10,-1,-18,-28,-13,5
TH,Thailand,,,,,,ChIJsU1CR_eNTTARAuhXB4gs154,2020-08-08,-7,-1,-21,-29,-6,4
TH,Thailand,,,,,,ChIJsU1CR_eNTTARAuhXB4gs154,2020-08-09,-5,2,-13,-30,-6,3
TH,Thailand,,,,,,ChIJsU1CR_eNTTARAuhXB4gs154,2020-08-10,-7,2,-15,-29,-12,4
TH,Thailand,,,,,,ChIJsU1CR_eNTTARAuhXB4gs154,2020-08-11,-3,4,-10,-26,-14,2
TH,Thailand,,,,,,ChIJsU1CR_eNTTARAuhXB4gs154,2020-08-12,8,7,7,-40,-56,13
TH,Thailand,,,,,,ChIJsU1CR_eNTTARAuhXB4gs154,2020-08-13,-13,-7,-19,-28,-12,4
TH,Thailand,,,,,,ChIJsU1CR_eNTTARAuhXB4gs154,2020-08-14,-14,-5,-20,-28,-12,5
TH,Thailand,,,,,,ChIJsU1CR_eNTTARAuhXB4gs154,2020-08-15,-11,-1,-27,-31,-6,6
TH,Thailand,,,,,,ChIJsU1CR_eNTTARAuhXB4gs154,2020-08-16,-9,0,-18,-31,-7,5
TH,Thailand,,,,,,ChIJsU1CR_eNTTARAuhXB4gs154,2020-08-17,-9,1,-18,-27,-10,4
TH,Thailand,,,,,,ChIJsU1CR_eNTTARAuhXB4gs154,2020-08-18,-10,0,-18,-28,-9,3
TH,Thailand,,,,,,ChIJsU1CR_eNTTARAuhXB4gs154,2020-08-19,-9,-2,-17,-27,-9,3
TH,Thailand,,,,,,ChIJsU1CR_eNTTARAuhXB4gs154,2020-08-20,-11,-4,-18,-26,-9,4
TH,Thailand,,,,,,ChIJsU1CR_eNTTARAuhXB4gs154,2020-08-21,-13,-4,-21,-28,-10,4
TH,Thailand,,,,,,ChIJsU1CR_eNTTARAuhXB4gs154,2020-08-22,-11,-4,-24,-31,-6,5
TH,Thailand,,,,,,ChIJsU1CR_eNTTARAuhXB4gs154,2020-08-23,-11,-3,-20,-32,-7,4
TH,Thailand,,,,,,ChIJsU1CR_eNTTARAuhXB4gs154,2020-08-24,-10,-1,-18,-28,-8,3
TH,Thailand,,,,,,ChIJsU1CR_eNTTARAuhXB4gs154,2020-08-25,-8,1,-16,-27,-9,3
TH,Thailand,,,,,,ChIJsU1CR_eNTTARAuhXB4gs154,2020-08-26,-8,-1,-16,-27,-8,3
TH,Thailand,,,,,,ChIJsU1CR_eNTTARAuhXB4gs154,2020-08-27,-9,-2,-17,-26,-8,3
TH,Thailand,,,,,,ChIJsU1CR_eNTTARAuhXB4gs154,2020-08-28,-10,-3,-15,-24,-9,3
TH,Thailand,,,,,,ChIJsU1CR_eNTTARAuhXB4gs154,2020-08-29,-6,0,-20,-28,-5,3
TH,Thailand,,,,,,ChIJsU1CR_eNTTARAuhXB4gs154,2020-08-30,-7,1,-16,-29,-7,3
TH,Thailand,,,,,,ChIJsU1CR_eNTTARAuhXB4gs154,2020-08-31,-3,7,-16,-22,-8,2
TH,Thailand,,,,,,ChIJsU1CR_eNTTARAuhXB4gs154,2020-09-01,-4,11,-17,-21,-12,3
TH,Thailand,,,,,,ChIJsU1CR_eNTTARAuhXB4gs154,2020-09-02,-8,0,-18,-25,-11,3
TH,Thailand,,,,,,ChIJsU1CR_eNTTARAuhXB4gs154,2020-09-03,-3,2,-12,-16,-11,1
TH,Thailand,,,,,,ChIJsU1CR_eNTTARAuhXB4gs154,2020-09-04,-3,3,-4,-34,-43,10
TH,Thailand,,,,,,ChIJsU1CR_eNTTARAuhXB4gs154,2020-09-05,-4,1,-2,-30,-20,4
TH,Thailand,,,,,,ChIJsU1CR_eNTTARAuhXB4gs154,2020-09-06,-1,2,9,-28,-16,1
TH,Thailand,,,,,,ChIJsU1CR_eNTTARAuhXB4gs154,2020-09-07,-2,1,-4,-36,-47,9
TH,Thailand,,,,,,ChIJsU1CR_eNTTARAuhXB4gs154,2020-09-08,-8,1,-18,-23,-11,2
TH,Thailand,,,,,,ChIJsU1CR_eNTTARAuhXB4gs154,2020-09-09,-8,-1,-16,-24,-9,2
TH,Thailand,,,,,,ChIJsU1CR_eNTTARAuhXB4gs154,2020-09-10,-9,-2,-18,-24,-9,1
TH,Thailand,,,,,,ChIJsU1CR_eNTTARAuhXB4gs154,2020-09-11,-8,-1,-16,-26,-9,1
TH,Thailand,,,,,,ChIJsU1CR_eNTTARAuhXB4gs154,2020-09-12,-7,-3,-21,-29,-5,1
TH,Thailand,,,,,,ChIJsU1CR_eNTTARAuhXB4gs154,2020-09-13,-6,-1,-13,-29,-8,1
TH,Thailand,,,,,,ChIJsU1CR_eNTTARAuhXB4gs154,2020-09-14,-8,-1,-16,-26,-6,1
TH,Thailand,,,,,,ChIJsU1CR_eNTTARAuhXB4gs154,2020-09-15,-7,1,-16,-25,-8,1
TH,Thailand,,,,,,ChIJsU1CR_eNTTARAuhXB4gs154,2020-09-16,-7,1,-16,-24,-8,2
TH,Thailand,,,,,,ChIJsU1CR_eNTTARAuhXB4gs154,2020-09-17,-9,-3,-16,-26,-10,2
TH,Thailand,,,,,,ChIJsU1CR_eNTTARAuhXB4gs154,2020-09-18,-15,-8,-25,-28,-11,4
TH,Thailand,,,,,,ChIJsU1CR_eNTTARAuhXB4gs154,2020-09-19,-15,-8,-32,-32,-9,6
TH,Thailand,,,,,,ChIJsU1CR_eNTTARAuhXB4gs154,2020-09-20,-13,-5,-27,-32,-10,5
TH,Thailand,,,,,,ChIJsU1CR_eNTTARAuhXB4gs154,2020-09-21,-9,-2,-20,-27,-8,3
TH,Thailand,,,,,,ChIJsU1CR_eNTTARAuhXB4gs154,2020-09-22,-12,-3,-21,-25,-9,3
TH,Thailand,,,,,,ChIJsU1CR_eNTTARAuhXB4gs154,2020-09-23,-15,-8,-26,-23,-8,3
TH,Thailand,,,,,,ChIJsU1CR_eNTTARAuhXB4gs154,2020-09-24,-15,-6,-26,-25,-8,3
TH,Thailand,,,,,,ChIJsU1CR_eNTTARAuhXB4gs154,2020-09-25,-12,-1,-23,-24,-8,2
TH,Thailand,,,,,,ChIJsU1CR_eNTTARAuhXB4gs154,2020-09-26,-9,-2,-22,-23,-4,2
TH,Thailand,,,,,,ChIJsU1CR_eNTTARAuhXB4gs154,2020-09-27,-11,-3,-17,-27,-9,2
TH,Thailand,,,,,,ChIJsU1CR_eNTTARAuhXB4gs154,2020-09-28,-14,-5,-27,-26,-8,3
TH,Thailand,,,,,,ChIJsU1CR_eNTTARAuhXB4gs154,2020-09-29,-13,-3,-25,-26,-8,3
TH,Thailand,,,,,,ChIJsU1CR_eNTTARAuhXB4gs154,2020-09-30,-7,4,-21,-23,-8,0
TH,Thailand,,,,,,ChIJsU1CR_eNTTARAuhXB4gs154,2020-10-01,-10,3,-23,-23,-8,0
TH,Thailand,,,,,,ChIJsU1CR_eNTTARAuhXB4gs154,2020-10-02,-13,1,-22,-23,-10,0
TH,Thailand,,,,,,ChIJsU1CR_eNTTARAuhXB4gs154,2020-10-03,-9,0,-23,-26,-10,0
TH,Thailand,,,,,,ChIJsU1CR_eNTTARAuhXB4gs154,2020-10-04,-7,2,-16,-26,-13,-1
TH,Thailand,,,,,,ChIJsU1CR_eNTTARAuhXB4gs154,2020-10-05,-11,-1,-24,-26,-10,-1
TH,Thailand,,,,,,ChIJsU1CR_eNTTARAuhXB4gs154,2020-10-06,-12,-2,-25,-26,-10,0
TH,Thailand,,,,,,ChIJsU1CR_eNTTARAuhXB4gs154,2020-10-07,-12,-4,-24,-26,-8,0
TH,Thailand,,,,,,ChIJsU1CR_eNTTARAuhXB4gs154,2020-10-08,-18,-10,-30,-28,-9,3
TH,Thailand,,,,,,ChIJsU1CR_eNTTARAuhXB4gs154,2020-10-09,-15,-5,-27,-27,-9,3
TH,Thailand,,,,,,ChIJsU1CR_eNTTARAuhXB4gs154,2020-10-10,-14,-6,-29,-28,-7,3
TH,Thailand,,,,,,ChIJsU1CR_eNTTARAuhXB4gs154,2020-10-11,-11,-4,-16,-31,-11,2
TH,Thailand,,,,,,ChIJsU1CR_eNTTARAuhXB4gs154,2020-10-12,-8,-2,-14,-28,-16,3
TH,Thailand,,,,,,ChIJsU1CR_eNTTARAuhXB4gs154,2020-10-13,-10,-7,-19,-41,-54,14
TH,Thailand,,,,,,ChIJsU1CR_eNTTARAuhXB4gs154,2020-10-14,-12,-5,-23,-24,-8,2
TH,Thailand,,,,,,ChIJsU1CR_eNTTARAuhXB4gs154,2020-10-15,-13,-5,-30,-23,-8,3
TH,Thailand,,,,,,ChIJsU1CR_eNTTARAuhXB4gs154,2020-10-16,-20,-8,-34,-26,-9,4
TH,Thailand,,,,,,ChIJsU1CR_eNTTARAuhXB4gs154,2020-10-17,-21,-8,-40,-34,-9,6
TH,Thailand,,,,,,ChIJsU1CR_eNTTARAuhXB4gs154,2020-10-18,-18,-6,-31,-34,-14,5
TH,Thailand,,,,,,ChIJsU1CR_eNTTARAuhXB4gs154,2020-10-19,-16,-4,-32,-29,-9,4
TH,Thailand,,,,,,ChIJsU1CR_eNTTARAuhXB4gs154,2020-10-20,-14,-4,-30,-28,-10,3
TH,Thailand,,,,,,ChIJsU1CR_eNTTARAuhXB4gs154,2020-10-21,-13,-5,-27,-26,-8,2
TH,Thailand,,,,,,ChIJsU1CR_eNTTARAuhXB4gs154,2020-10-22,-9,-1,-23,-21,-9,-1
TH,Thailand,,,,,,ChIJsU1CR_eNTTARAuhXB4gs154,2020-10-23,-7,2,-8,-38,-47,8
TH,Thailand,,,,,,ChIJsU1CR_eNTTARAuhXB4gs154,2020-10-24,-11,-1,-16,-32,-13,0
TH,Thailand,,,,,,ChIJsU1CR_eNTTARAuhXB4gs154,2020-10-25,-10,-1,-14,-28,-12,-3
TH,Thailand,,,,,,ChIJsU1CR_eNTTARAuhXB4gs154,2020-10-26,-9,0,-24,-25,-8,-1
TH,Thailand,,,,,,ChIJsU1CR_eNTTARAuhXB4gs154,2020-10-27,-8,2,-24,-25,-8,-1
TH,Thailand,,,,,,ChIJsU1CR_eNTTARAuhXB4gs154,2020-10-28,-8,0,-24,-24,-7,-1
TH,Thailand,,,,,,ChIJsU1CR_eNTTARAuhXB4gs154,2020-10-29,-12,-5,-31,-26,-8,1
TH,Thailand,,,,,,ChIJsU1CR_eNTTARAuhXB4gs154,2020-10-30,-7,4,-21,-23,-7,0
TH,Thailand,,,,,,ChIJsU1CR_eNTTARAuhXB4gs154,2020-10-31,-2,5,19,-17,-5,-3
TH,Thailand,,,,,,ChIJsU1CR_eNTTARAuhXB4gs154,2020-11-01,-1,10,-16,-23,-10,-1
TH,Thailand,,,,,,ChIJsU1CR_eNTTARAuhXB4gs154,2020-11-02,-3,7,-26,-23,-8,-1
TH,Thailand,,,,,,ChIJsU1CR_eNTTARAuhXB4gs154,2020-11-03,-4,5,-27,-24,-9,0
TH,Thailand,,,,,,ChIJsU1CR_eNTTARAuhXB4gs154,2020-11-04,-6,2,-28,-25,-8,0
TH,Thailand,,,,,,ChIJsU1CR_eNTTARAuhXB4gs154,2020-11-05,-6,3,-26,-24,-8,0
TH,Thailand,,,,,,ChIJsU1CR_eNTTARAuhXB4gs154,2020-11-06,-8,1,-25,-26,-8,1
TH,Thailand,,,,,,ChIJsU1CR_eNTTARAuhXB4gs154,2020-11-07,-7,0,-26,-26,-4,0
TH,Thailand,,,,,,ChIJsU1CR_eNTTARAuhXB4gs154,2020-11-08,-5,3,-16,-25,-8,0
TH,Thailand,,,,,,ChIJsU1CR_eNTTARAuhXB4gs154,2020-11-09,-8,1,-26,-26,-10,1
TH,Thailand,,,,,,ChIJsU1CR_eNTTARAuhXB4gs154,2020-11-10,-6,4,-23,-25,-12,1
TH,Thailand,,,,,,ChIJsU1CR_eNTTARAuhXB4gs154,2020-11-11,-6,1,-25,-24,-11,1
TH,Thailand,,,,,,ChIJsU1CR_eNTTARAuhXB4gs154,2020-11-12,-8,0,-24,-24,-12,1
TH,Thailand,,,,,,ChIJsU1CR_eNTTARAuhXB4gs154,2020-11-13,-6,3,-22,-24,-12,1
TH,Thailand,,,,,,ChIJsU1CR_eNTTARAuhXB4gs154,2020-11-14,-5,3,-19,-23,-4,-1
TH,Thailand,,,,,,ChIJsU1CR_eNTTARAuhXB4gs154,2020-11-15,-2,6,-10,-22,-6,-1
TH,Thailand,,,,,,ChIJsU1CR_eNTTARAuhXB4gs154,2020-11-16,-4,4,-17,-23,-16,1
TH,Thailand,,,,,,ChIJsU1CR_eNTTARAuhXB4gs154,2020-11-17,-4,4,-17,-21,-18,1
TH,Thailand,,,,,,ChIJsU1CR_eNTTARAuhXB4gs154,2020-11-18,-3,4,-14,-18,-17,0
TH,Thailand,,,,,,ChIJsU1CR_eNTTARAuhXB4gs154,2020-11-19,-1,4,-7,-24,-30,3
TH,Thailand,,,,,,ChIJsU1CR_eNTTARAuhXB4gs154,2020-11-20,-4,4,-6,-30,-31,5
TH,Thailand,,,,,,ChIJsU1CR_eNTTARAuhXB4gs154,2020-11-21,-7,0,-16,-24,-8,0
TH,Thailand,,,,,,ChIJsU1CR_eNTTARAuhXB4gs154,2020-11-22,-2,6,-12,-21,-9,-2
TH,Thailand,,,,,,ChIJsU1CR_eNTTARAuhXB4gs154,2020-11-23,-4,4,-17,-22,-16,0
TH,Thailand,,,,,,ChIJsU1CR_eNTTARAuhXB4gs154,2020-11-24,-4,5,-15,-21,-17,0
TH,Thailand,,,,,,ChIJsU1CR_eNTTARAuhXB4gs154,2020-11-25,-1,6,-13,-19,-16,0
TH,Thailand,,,,,,ChIJsU1CR_eNTTARAuhXB4gs154,2020-11-26,-1,5,-15,-19,-15,0
TH,Thailand,,,,,,ChIJsU1CR_eNTTARAuhXB4gs154,2020-11-27,-3,5,-12,-21,-15,1
TH,Thailand,,,,,,ChIJsU1CR_eNTTARAuhXB4gs154,2020-11-28,-1,5,-12,-19,-3,-2
TH,Thailand,,,,,,ChIJsU1CR_eNTTARAuhXB4gs154,2020-11-29,1,9,-8,-18,-4,-2
TH,Thailand,,,,,,ChIJsU1CR_eNTTARAuhXB4gs154,2020-11-30,2,13,-19,-19,-10,-1
TH,Thailand,,,,,,ChIJsU1CR_eNTTARAuhXB4gs154,2020-12-01,-2,12,-21,-19,-6,-1
TH,Thailand,,,,,,ChIJsU1CR_eNTTARAuhXB4gs154,2020-12-02,-1,10,-21,-19,-4,-1
TH,Thailand,,,,,,ChIJsU1CR_eNTTARAuhXB4gs154,2020-12-03,-3,7,-20,-20,-4,-1
TH,Thailand,,,,,,ChIJsU1CR_eNTTARAuhXB4gs154,2020-12-04,-3,8,-16,-20,-5,-1
TH,Thailand,,,,,,ChIJsU1CR_eNTTARAuhXB4gs154,2020-12-05,2,10,-6,-22,-19,1
TH,Thailand,,,,,,ChIJsU1CR_eNTTARAuhXB4gs154,2020-12-06,1,9,-4,-23,-4,-2
TH,Thailand,,,,,,ChIJsU1CR_eNTTARAuhXB4gs154,2020-12-07,-1,8,-15,-28,-13,0
TH,Thailand,,,,,,ChIJsU1CR_eNTTARAuhXB4gs154,2020-12-08,-4,6,-17,-21,-4,-1
TH,Thailand,,,,,,ChIJsU1CR_eNTTARAuhXB4gs154,2020-12-09,-1,7,-12,-16,-5,-2
TH,Thailand,,,,,,ChIJsU1CR_eNTTARAuhXB4gs154,2020-12-10,1,9,5,-27,-35,5
TH,Thailand,,,,,,ChIJsU1CR_eNTTARAuhXB4gs154,2020-12-11,-5,7,7,-34,-34,8
TH,Thailand,,,,,,ChIJsU1CR_eNTTARAuhXB4gs154,2020-12-12,-6,3,-7,-26,-4,1
TH,Thailand,,,,,,ChIJsU1CR_eNTTARAuhXB4gs154,2020-12-13,-5,6,-8,-22,-3,0
TH,Thailand,,,,,,ChIJsU1CR_eNTTARAuhXB4gs154,2020-12-14,-7,6,-17,-21,-3,0
TH,Thailand,,,,,,ChIJsU1CR_eNTTARAuhXB4gs154,2020-12-15,-6,9,-17,-19,-5,0
TH,Thailand,,,,,,ChIJsU1CR_eNTTARAuhXB4gs154,2020-12-16,-7,4,-16,-20,-4,0
TH,Thailand,,,,,,ChIJsU1CR_eNTTARAuhXB4gs154,2020-12-17,-6,4,-16,-19,-4,0
TH,Thailand,,,,,,ChIJsU1CR_eNTTARAuhXB4gs154,2020-12-18,-7,5,-15,-20,-4,0
TH,Thailand,,,,,,ChIJsU1CR_eNTTARAuhXB4gs154,2020-12-19,-7,5,-19,-20,2,0
TH,Thailand,,,,,,ChIJsU1CR_eNTTARAuhXB4gs154,2020-12-20,-4,10,-12,-20,-3,-1
TH,Thailand,,,,,,ChIJsU1CR_eNTTARAuhXB4gs154,2020-12-21,-9,6,-19,-24,-5,1
TH,Thailand,,,,,,ChIJsU1CR_eNTTARAuhXB4gs154,2020-12-22,-11,4,-20,-28,-7,2
TH,Thailand,,,,,,ChIJsU1CR_eNTTARAuhXB4gs154,2020-12-23,-12,2,-22,-29,-8,3
TH,Thailand,,,,,,ChIJsU1CR_eNTTARAuhXB4gs154,2020-12-24,-14,1,-24,-32,-9,4
TH,Thailand,,,,,,ChIJsU1CR_eNTTARAuhXB4gs154,2020-12-25,-12,4,-23,-39,-12,5
TH,Thailand,,,,,,ChIJsU1CR_eNTTARAuhXB4gs154,2020-12-26,-15,2,-29,-41,-5,4
TH,Thailand,,,,,,ChIJsU1CR_eNTTARAuhXB4gs154,2020-12-27,-13,2,-18,-42,-6,3
TH,Thailand,,,,,,ChIJsU1CR_eNTTARAuhXB4gs154,2020-12-28,-8,7,-12,-40,-21,5
TH,Thailand,,,,,,ChIJsU1CR_eNTTARAuhXB4gs154,2020-12-29,-8,9,-9,-39,-27,6
TH,Thailand,,,,,,ChIJsU1CR_eNTTARAuhXB4gs154,2020-12-30,-5,13,-2,-39,-35,6
TH,Thailand,,,,,,ChIJsU1CR_eNTTARAuhXB4gs154,2020-12-31,-8,21,14,-48,-66,11
TH,Thailand,,,,,,ChIJsU1CR_eNTTARAuhXB4gs154,2021-01-01,-20,7,8,-57,-70,14
TH,Thailand,,,,,,ChIJsU1CR_eNTTARAuhXB4gs154,2021-01-02,-23,3,-17,-49,-43,8
TH,Thailand,,,,,,ChIJsU1CR_eNTTARAuhXB4gs154,2021-01-03,-20,6,-23,-43,-17,4
TH,Thailand,,,,,,ChIJsU1CR_eNTTARAuhXB4gs154,2021-01-04,-18,7,-29,-44,-16,7
TH,Thailand,,,,,,ChIJsU1CR_eNTTARAuhXB4gs154,2021-01-05,-20,5,-30,-46,-18,8
TH,Thailand,,,,,,ChIJsU1CR_eNTTARAuhXB4gs154,2021-01-06,-20,3,-31,-48,-17,8
TH,Thailand,,,,,,ChIJsU1CR_eNTTARAuhXB4gs154,2021-01-07,-21,1,-32,-49,-17,8
TH,Thailand,,,,,,ChIJsU1CR_eNTTARAuhXB4gs154,2021-01-08,-22,2,-34,-51,-16,9
TH,Thailand,,,,,,ChIJsU1CR_eNTTARAuhXB4gs154,2021-01-09,-21,1,-41,-52,-3,7
TH,Thailand,,,,,,ChIJsU1CR_eNTTARAuhXB4gs154,2021-01-10,-20,1,-37,-54,-7,8
TH,Thailand,,,,,,ChIJsU1CR_eNTTARAuhXB4gs154,2021-01-11,-17,1,-33,-50,-16,8
TH,Thailand,,,,,,ChIJsU1CR_eNTTARAuhXB4gs154,2021-01-12,-17,1,-32,-50,-18,8
TH,Thailand,,,,,,ChIJsU1CR_eNTTARAuhXB4gs154,2021-01-13,-18,-1,-33,-50,-17,7
TH,Thailand,,,,,,ChIJsU1CR_eNTTARAuhXB4gs154,2021-01-14,-19,-5,-36,-52,-19,7
TH,Thailand,,,,,,ChIJsU1CR_eNTTARAuhXB4gs154,2021-01-15,-22,-5,-39,-54,-20,8
TH,Thailand,,,,,,ChIJsU1CR_eNTTARAuhXB4gs154,2021-01-16,-22,-5,-44,-55,-9,6
TH,Thailand,,,,,,ChIJsU1CR_eNTTARAuhXB4gs154,2021-01-17,-21,-3,-38,-56,-12,6
TH,Thailand,,,,,,ChIJsU1CR_eNTTARAuhXB4gs154,2021-01-18,-17,-3,-35,-51,-18,6
TH,Thailand,,,,,,ChIJsU1CR_eNTTARAuhXB4gs154,2021-01-19,-18,-4,-35,-51,-18,6
TH,Thailand,,,,,,ChIJsU1CR_eNTTARAuhXB4gs154,2021-01-20,-16,-2,-34,-50,-16,6
TH,Thailand,,,,,,ChIJsU1CR_eNTTARAuhXB4gs154,2021-01-21,-18,-4,-35,-51,-16,7
TH,Thailand,,,,,,ChIJsU1CR_eNTTARAuhXB4gs154,2021-01-22,-19,-3,-36,-52,-15,7
TH,Thailand,,,,,,ChIJsU1CR_eNTTARAuhXB4gs154,2021-01-23,-18,-2,-41,-52,-3,5
TH,Thailand,,,,,,ChIJsU1CR_eNTTARAuhXB4gs154,2021-01-24,-16,-1,-33,-53,-8,5
TH,Thailand,,,,,,ChIJsU1CR_eNTTARAuhXB4gs154,2021-01-25,-14,0,-32,-49,-13,5
TH,Thailand,,,,,,ChIJsU1CR_eNTTARAuhXB4gs154,2021-01-26,-14,0,-32,-49,-14,5
TH,Thailand,,,,,,ChIJsU1CR_eNTTARAuhXB4gs154,2021-01-27,-13,1,-32,-49,-12,5
TH,Thailand,,,,,,ChIJsU1CR_eNTTARAuhXB4gs154,2021-01-28,-14,0,-33,-48,-12,5
TH,Thailand,,,,,,ChIJsU1CR_eNTTARAuhXB4gs154,2021-01-29,-13,4,-34,-48,-11,4
TH,Thailand,,,,,,ChIJsU1CR_eNTTARAuhXB4gs154,2021-01-30,-11,6,-37,-47,-2,2
TH,Thailand,,,,,,ChIJsU1CR_eNTTARAuhXB4gs154,2021-01-31,-8,10,-31,-47,-6,1
TH,Thailand,,,,,,ChIJsU1CR_eNTTARAuhXB4gs154,2021-02-01,-9,10,-33,-44,-7,0
TH,Thailand,,,,,,ChIJsU1CR_eNTTARAuhXB4gs154,2021-02-02,-8,9,-31,-44,-9,0
TH,Thailand,,,,,,ChIJsU1CR_eNTTARAuhXB4gs154,2021-02-03,-9,5,-31,-43,-8,1
TH,Thailand,,,,,,ChIJsU1CR_eNTTARAuhXB4gs154,2021-02-04,-11,3,-32,-43,-8,1
TH,Thailand,,,,,,ChIJsU1CR_eNTTARAuhXB4gs154,2021-02-05,-10,7,-32,-43,-8,1
TH,Thailand,,,,,,ChIJsU1CR_eNTTARAuhXB4gs154,2021-02-06,-9,5,-35,-44,0,1
TH,Thailand,,,,,,ChIJsU1CR_eNTTARAuhXB4gs154,2021-02-07,-8,7,-28,-45,-7,1
TH,Thailand,,,,,,ChIJsU1CR_eNTTARAuhXB4gs154,2021-02-08,-10,5,-32,-43,-8,0
TH,Thailand,,,,,,ChIJsU1CR_eNTTARAuhXB4gs154,2021-02-09,-10,6,-33,-42,-10,1
TH,Thailand,,,,,,ChIJsU1CR_eNTTARAuhXB4gs154,2021-02-10,-4,17,-28,-37,-8,-1
TH,Thailand,,,,,,ChIJsU1CR_eNTTARAuhXB4gs154,2021-02-11,-11,4,-27,-40,-12,0
TH,Thailand,,,,,,ChIJsU1CR_eNTTARAuhXB4gs154,2021-02-12,-7,6,-18,-48,-38,6
TH,Thailand,,,,,,ChIJsU1CR_eNTTARAuhXB4gs154,2021-02-13,-9,5,-26,-44,-10,1
TH,Thailand,,,,,,ChIJsU1CR_eNTTARAuhXB4gs154,2021-02-14,-1,10,-18,-38,-8,-2
TH,Thailand,,,,,,ChIJsU1CR_eNTTARAuhXB4gs154,2021-02-15,-7,9,-28,-38,-7,-1
TH,Thailand,,,,,,ChIJsU1CR_eNTTARAuhXB4gs154,2021-02-16,-9,8,-29,-40,-8,0
TH,Thailand,,,,,,ChIJsU1CR_eNTTARAuhXB4gs154,2021-02-17,-8,7,-29,-39,-7,0
TH,Thailand,,,,,,ChIJsU1CR_eNTTARAuhXB4gs154,2021-02-18,-1,17,-25,-35,-5,-3
TH,Thailand,,,,,,ChIJsU1CR_eNTTARAuhXB4gs154,2021-02-19,0,22,-24,-35,-4,-1
TH,Thailand,,,,,,ChIJsU1CR_eNTTARAuhXB4gs154,2021-02-20,1,20,-26,-36,3,-2
TH,Thailand,,,,,,ChIJsU1CR_eNTTARAuhXB4gs154,2021-02-21,3,21,-17,-36,-3,-2
TH,Thailand,,,,,,ChIJsU1CR_eNTTARAuhXB4gs154,2021-02-22,0,18,-24,-35,-4,-2
TH,Thailand,,,,,,ChIJsU1CR_eNTTARAuhXB4gs154,2021-02-23,-1,16,-23,-35,-5,-1
TH,Thailand,,,,,,ChIJsU1CR_eNTTARAuhXB4gs154,2021-02-24,-1,15,-23,-35,-4,-1
TH,Thailand,,,,,,ChIJsU1CR_eNTTARAuhXB4gs154,2021-02-25,10,30,-16,-26,-4,-5
TH,Thailand,,,,,,ChIJsU1CR_eNTTARAuhXB4gs154,2021-02-26,10,32,-2,-39,-43,5
TH,Thailand,,,,,,ChIJsU1CR_eNTTARAuhXB4gs154,2021-02-27,5,23,-14,-35,-6,-2
TH,Thailand,,,,,,ChIJsU1CR_eNTTARAuhXB4gs154,2021-02-28,7,26,-9,-29,-3,-4
TH,Thailand,,,,,,ChIJsU1CR_eNTTARAuhXB4gs154,2021-03-01,3,23,-22,-30,-3,-3
TH,Thailand,,,,,,ChIJsU1CR_eNTTARAuhXB4gs154,2021-03-02,3,21,-22,-31,-4,-2
