country_region_code,country_region,sub_region_1,sub_region_2,metro_area,iso_3166_2_code,census_fips_code,place_id,date,retail_and_recreation_percent_change_from_baseline,grocery_and_pharmacy_percent_change_from_baseline,parks_percent_change_from_baseline,transit_stations_percent_change_from_baseline,workplaces_percent_change_from_baseline,residential_percent_change_from_baseline
LA,Laos,,,,,,ChIJiUWCsFeQFDERgc2ZH0iSxQ4,2020-02-15,0,4,-1,-9,5,1
LA,Laos,,,,,,ChIJiUWCsFeQFDERgc2ZH0iSxQ4,2020-02-16,-2,3,-4,-6,4,2
LA,Laos,,,,,,ChIJiUWCsFeQFDERgc2ZH0iSxQ4,2020-02-17,-1,3,-2,-7,10,1
LA,Laos,,,,,,ChIJiUWCsFeQFDERgc2ZH0iSxQ4,2020-02-18,-1,3,0,-5,10,1
LA,Laos,,,,,,ChIJiUWCsFeQFDERgc2ZH0iSxQ4,2020-02-19,-1,0,0,-4,9,2
LA,Laos,,,,,,ChIJiUWCsFeQFDERgc2ZH0iSxQ4,2020-02-20,-2,0,1,-7,11,1
LA,Laos,,,,,,ChIJiUWCsFeQFDERgc2ZH0iSxQ4,2020-02-21,0,2,1,-8,17,1
LA,Laos,,,,,,ChIJiUWCsFeQFDERgc2ZH0iSxQ4,2020-02-22,0,4,-2,-14,5,3
LA,Laos,,,,,,ChIJiUWCsFeQFDERgc2ZH0iSxQ4,2020-02-23,2,4,-3,-12,6,1
LA,Laos,,,,,,ChIJiUWCsFeQFDERgc2ZH0iSxQ4,2020-02-24,1,3,-1,-6,9,1
LA,Laos,,,,,,ChIJiUWCsFeQFDERgc2ZH0iSxQ4,2020-02-25,3,4,3,-5,9,1
LA,Laos,,,,,,ChIJiUWCsFeQFDERgc2ZH0iSxQ4,2020-02-26,0,1,1,-4,8,1
LA,Laos,,,,,,ChIJiUWCsFeQFDERgc2ZH0iSxQ4,2020-02-27,1,3,2,-6,10,1
LA,Laos,,,,,,ChIJiUWCsFeQFDERgc2ZH0iSxQ4,2020-02-28,4,5,2,-3,14,0
LA,Laos,,,,,,ChIJiUWCsFeQFDERgc2ZH0iSxQ4,2020-02-29,1,5,-3,-7,7,0
LA,Laos,,,,,,ChIJiUWCsFeQFDERgc2ZH0iSxQ4,2020-03-01,1,5,-6,-7,6,1
LA,Laos,,,,,,ChIJiUWCsFeQFDERgc2ZH0iSxQ4,2020-03-02,1,5,-2,-3,11,0
LA,Laos,,,,,,ChIJiUWCsFeQFDERgc2ZH0iSxQ4,2020-03-03,2,4,-1,-4,10,0
LA,Laos,,,,,,ChIJiUWCsFeQFDERgc2ZH0iSxQ4,2020-03-04,-2,1,-3,-4,7,1
LA,Laos,,,,,,ChIJiUWCsFeQFDERgc2ZH0iSxQ4,2020-03-05,-1,4,1,-6,10,0
LA,Laos,,,,,,ChIJiUWCsFeQFDERgc2ZH0iSxQ4,2020-03-06,0,3,3,-6,8,1
LA,Laos,,,,,,ChIJiUWCsFeQFDERgc2ZH0iSxQ4,2020-03-07,1,6,0,-11,5,1
LA,Laos,,,,,,ChIJiUWCsFeQFDERgc2ZH0iSxQ4,2020-03-08,6,7,8,-11,2,-1
LA,Laos,,,,,,ChIJiUWCsFeQFDERgc2ZH0iSxQ4,2020-03-09,0,3,5,-4,-41,5
LA,Laos,,,,,,ChIJiUWCsFeQFDERgc2ZH0iSxQ4,2020-03-10,1,7,1,-4,13,0
LA,Laos,,,,,,ChIJiUWCsFeQFDERgc2ZH0iSxQ4,2020-03-11,-2,1,0,-8,11,2
LA,Laos,,,,,,ChIJiUWCsFeQFDERgc2ZH0iSxQ4,2020-03-12,-2,2,-1,-9,15,1
LA,Laos,,,,,,ChIJiUWCsFeQFDERgc2ZH0iSxQ4,2020-03-13,-2,2,-2,-12,21,2
LA,Laos,,,,,,ChIJiUWCsFeQFDERgc2ZH0iSxQ4,2020-03-14,-5,1,-6,-18,10,3
LA,Laos,,,,,,ChIJiUWCsFeQFDERgc2ZH0iSxQ4,2020-03-15,-6,1,-5,-17,10,3
LA,Laos,,,,,,ChIJiUWCsFeQFDERgc2ZH0iSxQ4,2020-03-16,-3,4,-3,-11,13,2
LA,Laos,,,,,,ChIJiUWCsFeQFDERgc2ZH0iSxQ4,2020-03-17,-7,3,-3,-15,12,2
LA,Laos,,,,,,ChIJiUWCsFeQFDERgc2ZH0iSxQ4,2020-03-18,-11,-2,-5,-16,9,4
LA,Laos,,,,,,ChIJiUWCsFeQFDERgc2ZH0iSxQ4,2020-03-19,-11,0,-3,-12,6,4
LA,Laos,,,,,,ChIJiUWCsFeQFDERgc2ZH0iSxQ4,2020-03-20,-14,0,-6,-9,2,6
LA,Laos,,,,,,ChIJiUWCsFeQFDERgc2ZH0iSxQ4,2020-03-21,-19,-6,-13,-18,4,5
LA,Laos,,,,,,ChIJiUWCsFeQFDERgc2ZH0iSxQ4,2020-03-22,-24,-10,-13,-26,2,6
LA,Laos,,,,,,ChIJiUWCsFeQFDERgc2ZH0iSxQ4,2020-03-23,-20,-8,-6,-21,-10,6
LA,Laos,,,,,,ChIJiUWCsFeQFDERgc2ZH0iSxQ4,2020-03-24,-24,-7,-5,-25,-12,6
LA,Laos,,,,,,ChIJiUWCsFeQFDERgc2ZH0iSxQ4,2020-03-25,-30,-11,-7,-29,-16,9
LA,Laos,,,,,,ChIJiUWCsFeQFDERgc2ZH0iSxQ4,2020-03-26,-34,-16,-8,-34,-16,9
LA,Laos,,,,,,ChIJiUWCsFeQFDERgc2ZH0iSxQ4,2020-03-27,-39,-19,-12,-39,-13,12
LA,Laos,,,,,,ChIJiUWCsFeQFDERgc2ZH0iSxQ4,2020-03-28,-43,-23,-19,-46,-8,11
LA,Laos,,,,,,ChIJiUWCsFeQFDERgc2ZH0iSxQ4,2020-03-29,-45,-23,-18,-47,-9,11
LA,Laos,,,,,,ChIJiUWCsFeQFDERgc2ZH0iSxQ4,2020-03-30,-42,-25,-14,-42,-27,13
LA,Laos,,,,,,ChIJiUWCsFeQFDERgc2ZH0iSxQ4,2020-03-31,-40,-19,-9,-36,-30,10
LA,Laos,,,,,,ChIJiUWCsFeQFDERgc2ZH0iSxQ4,2020-04-01,-53,-36,-13,-58,-45,16
LA,Laos,,,,,,ChIJiUWCsFeQFDERgc2ZH0iSxQ4,2020-04-02,-55,-38,-14,-62,-45,17
LA,Laos,,,,,,ChIJiUWCsFeQFDERgc2ZH0iSxQ4,2020-04-03,-56,-38,-17,-65,-41,20
LA,Laos,,,,,,ChIJiUWCsFeQFDERgc2ZH0iSxQ4,2020-04-04,-59,-40,-24,-68,-26,16
LA,Laos,,,,,,ChIJiUWCsFeQFDERgc2ZH0iSxQ4,2020-04-05,-59,-41,-23,-67,-19,15
LA,Laos,,,,,,ChIJiUWCsFeQFDERgc2ZH0iSxQ4,2020-04-06,-55,-38,-16,-66,-49,18
LA,Laos,,,,,,ChIJiUWCsFeQFDERgc2ZH0iSxQ4,2020-04-07,-56,-37,-14,-65,-49,17
LA,Laos,,,,,,ChIJiUWCsFeQFDERgc2ZH0iSxQ4,2020-04-08,-58,-40,-15,-66,-49,18
LA,Laos,,,,,,ChIJiUWCsFeQFDERgc2ZH0iSxQ4,2020-04-09,-58,-39,-16,-67,-47,19
LA,Laos,,,,,,ChIJiUWCsFeQFDERgc2ZH0iSxQ4,2020-04-10,-60,-38,-19,-68,-43,22
LA,Laos,,,,,,ChIJiUWCsFeQFDERgc2ZH0iSxQ4,2020-04-11,-59,-40,-26,-68,-20,17
LA,Laos,,,,,,ChIJiUWCsFeQFDERgc2ZH0iSxQ4,2020-04-12,-62,-42,-26,-70,-20,17
LA,Laos,,,,,,ChIJiUWCsFeQFDERgc2ZH0iSxQ4,2020-04-13,-58,-35,-14,-68,-59,20
LA,Laos,,,,,,ChIJiUWCsFeQFDERgc2ZH0iSxQ4,2020-04-14,-59,-38,-11,-67,-61,17
LA,Laos,,,,,,ChIJiUWCsFeQFDERgc2ZH0iSxQ4,2020-04-15,-60,-40,-12,-67,-61,19
LA,Laos,,,,,,ChIJiUWCsFeQFDERgc2ZH0iSxQ4,2020-04-16,-59,-41,-12,-67,-60,18
LA,Laos,,,,,,ChIJiUWCsFeQFDERgc2ZH0iSxQ4,2020-04-17,-62,-42,-18,-72,-54,22
LA,Laos,,,,,,ChIJiUWCsFeQFDERgc2ZH0iSxQ4,2020-04-18,-60,-41,-26,-67,-28,16
LA,Laos,,,,,,ChIJiUWCsFeQFDERgc2ZH0iSxQ4,2020-04-19,-58,-41,-27,-67,-16,15
LA,Laos,,,,,,ChIJiUWCsFeQFDERgc2ZH0iSxQ4,2020-04-20,-50,-32,-16,-60,-39,15
LA,Laos,,,,,,ChIJiUWCsFeQFDERgc2ZH0iSxQ4,2020-04-21,-50,-30,-14,-59,-41,14
LA,Laos,,,,,,ChIJiUWCsFeQFDERgc2ZH0iSxQ4,2020-04-22,-53,-38,-18,-61,-41,15
LA,Laos,,,,,,ChIJiUWCsFeQFDERgc2ZH0iSxQ4,2020-04-23,-50,-34,-13,-61,-39,13
LA,Laos,,,,,,ChIJiUWCsFeQFDERgc2ZH0iSxQ4,2020-04-24,-54,-38,-20,-64,-35,17
LA,Laos,,,,,,ChIJiUWCsFeQFDERgc2ZH0iSxQ4,2020-04-25,-52,-33,-24,-63,-16,13
LA,Laos,,,,,,ChIJiUWCsFeQFDERgc2ZH0iSxQ4,2020-04-26,-52,-35,-23,-64,-9,13
LA,Laos,,,,,,ChIJiUWCsFeQFDERgc2ZH0iSxQ4,2020-04-27,-47,-30,-16,-59,-37,14
LA,Laos,,,,,,ChIJiUWCsFeQFDERgc2ZH0iSxQ4,2020-04-28,-46,-27,-11,-58,-38,12
LA,Laos,,,,,,ChIJiUWCsFeQFDERgc2ZH0iSxQ4,2020-04-29,-47,-30,-12,-58,-38,13
LA,Laos,,,,,,ChIJiUWCsFeQFDERgc2ZH0iSxQ4,2020-04-30,-45,-26,-11,-56,-36,12
LA,Laos,,,,,,ChIJiUWCsFeQFDERgc2ZH0iSxQ4,2020-05-01,-49,-29,-14,-62,-49,17
LA,Laos,,,,,,ChIJiUWCsFeQFDERgc2ZH0iSxQ4,2020-05-02,-46,-27,-20,-58,-13,10
LA,Laos,,,,,,ChIJiUWCsFeQFDERgc2ZH0iSxQ4,2020-05-03,-44,-26,-20,-58,-5,9
LA,Laos,,,,,,ChIJiUWCsFeQFDERgc2ZH0iSxQ4,2020-05-04,-30,-15,-10,-48,-21,8
LA,Laos,,,,,,ChIJiUWCsFeQFDERgc2ZH0iSxQ4,2020-05-05,-31,-12,-7,-44,-22,7
LA,Laos,,,,,,ChIJiUWCsFeQFDERgc2ZH0iSxQ4,2020-05-06,-30,-12,-7,-45,-25,9
LA,Laos,,,,,,ChIJiUWCsFeQFDERgc2ZH0iSxQ4,2020-05-07,-34,-17,-6,-45,-21,8
LA,Laos,,,,,,ChIJiUWCsFeQFDERgc2ZH0iSxQ4,2020-05-08,-32,-14,-10,-45,-14,10
LA,Laos,,,,,,ChIJiUWCsFeQFDERgc2ZH0iSxQ4,2020-05-09,-35,-17,-17,-48,-3,7
LA,Laos,,,,,,ChIJiUWCsFeQFDERgc2ZH0iSxQ4,2020-05-10,-32,-14,-14,-47,1,5
LA,Laos,,,,,,ChIJiUWCsFeQFDERgc2ZH0iSxQ4,2020-05-11,-30,-15,-8,-44,-20,7
LA,Laos,,,,,,ChIJiUWCsFeQFDERgc2ZH0iSxQ4,2020-05-12,-26,-9,-6,-39,-20,7
LA,Laos,,,,,,ChIJiUWCsFeQFDERgc2ZH0iSxQ4,2020-05-13,-29,-14,-9,-44,-21,8
LA,Laos,,,,,,ChIJiUWCsFeQFDERgc2ZH0iSxQ4,2020-05-14,-28,-13,-6,-43,-18,7
LA,Laos,,,,,,ChIJiUWCsFeQFDERgc2ZH0iSxQ4,2020-05-15,-29,-13,-9,-44,-12,8
LA,Laos,,,,,,ChIJiUWCsFeQFDERgc2ZH0iSxQ4,2020-05-16,-28,-13,-13,-45,1,5
LA,Laos,,,,,,ChIJiUWCsFeQFDERgc2ZH0iSxQ4,2020-05-17,-28,-13,-14,-45,3,5
LA,Laos,,,,,,ChIJiUWCsFeQFDERgc2ZH0iSxQ4,2020-05-18,-22,-7,-6,-28,-9,4
LA,Laos,,,,,,ChIJiUWCsFeQFDERgc2ZH0iSxQ4,2020-05-19,-24,-9,-5,-26,-11,5
LA,Laos,,,,,,ChIJiUWCsFeQFDERgc2ZH0iSxQ4,2020-05-20,-21,-7,-4,-26,-11,5
LA,Laos,,,,,,ChIJiUWCsFeQFDERgc2ZH0iSxQ4,2020-05-21,-21,-7,-4,-29,-10,6
LA,Laos,,,,,,ChIJiUWCsFeQFDERgc2ZH0iSxQ4,2020-05-22,-21,-8,-7,-29,-2,6
LA,Laos,,,,,,ChIJiUWCsFeQFDERgc2ZH0iSxQ4,2020-05-23,-25,-11,-14,-35,3,5
LA,Laos,,,,,,ChIJiUWCsFeQFDERgc2ZH0iSxQ4,2020-05-24,-21,-8,-10,-29,5,3
LA,Laos,,,,,,ChIJiUWCsFeQFDERgc2ZH0iSxQ4,2020-05-25,-19,-6,-5,-24,-9,4
LA,Laos,,,,,,ChIJiUWCsFeQFDERgc2ZH0iSxQ4,2020-05-26,-18,-5,-4,-25,-8,4
LA,Laos,,,,,,ChIJiUWCsFeQFDERgc2ZH0iSxQ4,2020-05-27,-18,-6,-5,-24,-9,5
LA,Laos,,,,,,ChIJiUWCsFeQFDERgc2ZH0iSxQ4,2020-05-28,-21,-8,-6,-28,-6,4
LA,Laos,,,,,,ChIJiUWCsFeQFDERgc2ZH0iSxQ4,2020-05-29,-18,-4,-5,-27,-1,5
LA,Laos,,,,,,ChIJiUWCsFeQFDERgc2ZH0iSxQ4,2020-05-30,-18,-5,-12,-28,4,4
LA,Laos,,,,,,ChIJiUWCsFeQFDERgc2ZH0iSxQ4,2020-05-31,-14,-2,-9,-23,6,3
LA,Laos,,,,,,ChIJiUWCsFeQFDERgc2ZH0iSxQ4,2020-06-01,-5,2,-1,-16,-22,4
LA,Laos,,,,,,ChIJiUWCsFeQFDERgc2ZH0iSxQ4,2020-06-02,-12,1,-3,-20,-3,2
LA,Laos,,,,,,ChIJiUWCsFeQFDERgc2ZH0iSxQ4,2020-06-03,-11,-1,-3,-19,-4,3
LA,Laos,,,,,,ChIJiUWCsFeQFDERgc2ZH0iSxQ4,2020-06-04,-13,-1,-2,-21,-1,2
LA,Laos,,,,,,ChIJiUWCsFeQFDERgc2ZH0iSxQ4,2020-06-05,-10,3,-2,-22,5,3
LA,Laos,,,,,,ChIJiUWCsFeQFDERgc2ZH0iSxQ4,2020-06-06,-13,-2,-9,-26,8,3
LA,Laos,,,,,,ChIJiUWCsFeQFDERgc2ZH0iSxQ4,2020-06-07,-11,0,-7,-22,8,3
LA,Laos,,,,,,ChIJiUWCsFeQFDERgc2ZH0iSxQ4,2020-06-08,-12,-1,-5,-21,0,2
LA,Laos,,,,,,ChIJiUWCsFeQFDERgc2ZH0iSxQ4,2020-06-09,-10,1,-3,-21,-1,2
LA,Laos,,,,,,ChIJiUWCsFeQFDERgc2ZH0iSxQ4,2020-06-10,-10,-3,-4,-19,-2,3
LA,Laos,,,,,,ChIJiUWCsFeQFDERgc2ZH0iSxQ4,2020-06-11,-10,-2,-3,-22,0,2
LA,Laos,,,,,,ChIJiUWCsFeQFDERgc2ZH0iSxQ4,2020-06-12,-10,-1,-4,-22,7,3
LA,Laos,,,,,,ChIJiUWCsFeQFDERgc2ZH0iSxQ4,2020-06-13,-12,-2,-10,-24,9,3
LA,Laos,,,,,,ChIJiUWCsFeQFDERgc2ZH0iSxQ4,2020-06-14,-9,-1,-7,-23,8,2
LA,Laos,,,,,,ChIJiUWCsFeQFDERgc2ZH0iSxQ4,2020-06-15,-9,1,-7,-21,0,2
LA,Laos,,,,,,ChIJiUWCsFeQFDERgc2ZH0iSxQ4,2020-06-16,-9,0,-4,-21,-2,3
LA,Laos,,,,,,ChIJiUWCsFeQFDERgc2ZH0iSxQ4,2020-06-17,-14,-5,-6,-21,-2,3
LA,Laos,,,,,,ChIJiUWCsFeQFDERgc2ZH0iSxQ4,2020-06-18,-11,-5,-7,-25,0,3
LA,Laos,,,,,,ChIJiUWCsFeQFDERgc2ZH0iSxQ4,2020-06-19,-8,-1,-7,-24,8,3
LA,Laos,,,,,,ChIJiUWCsFeQFDERgc2ZH0iSxQ4,2020-06-20,-9,0,-10,-27,8,3
LA,Laos,,,,,,ChIJiUWCsFeQFDERgc2ZH0iSxQ4,2020-06-21,-8,-1,-9,-24,8,2
LA,Laos,,,,,,ChIJiUWCsFeQFDERgc2ZH0iSxQ4,2020-06-22,-8,-1,-5,-18,-1,1
LA,Laos,,,,,,ChIJiUWCsFeQFDERgc2ZH0iSxQ4,2020-06-23,-6,2,-5,-19,-2,1
LA,Laos,,,,,,ChIJiUWCsFeQFDERgc2ZH0iSxQ4,2020-06-24,-8,-1,-6,-19,-2,2
LA,Laos,,,,,,ChIJiUWCsFeQFDERgc2ZH0iSxQ4,2020-06-25,-7,0,-3,-21,0,2
LA,Laos,,,,,,ChIJiUWCsFeQFDERgc2ZH0iSxQ4,2020-06-26,-4,1,-1,-20,5,2
LA,Laos,,,,,,ChIJiUWCsFeQFDERgc2ZH0iSxQ4,2020-06-27,-8,-1,-10,-25,5,3
LA,Laos,,,,,,ChIJiUWCsFeQFDERgc2ZH0iSxQ4,2020-06-28,-6,0,-11,-23,6,2
LA,Laos,,,,,,ChIJiUWCsFeQFDERgc2ZH0iSxQ4,2020-06-29,-5,1,-7,-18,2,2
LA,Laos,,,,,,ChIJiUWCsFeQFDERgc2ZH0iSxQ4,2020-06-30,-4,5,-4,-18,1,1
LA,Laos,,,,,,ChIJiUWCsFeQFDERgc2ZH0iSxQ4,2020-07-01,-7,-2,-7,-20,-2,2
LA,Laos,,,,,,ChIJiUWCsFeQFDERgc2ZH0iSxQ4,2020-07-02,-7,0,-7,-21,1,2
LA,Laos,,,,,,ChIJiUWCsFeQFDERgc2ZH0iSxQ4,2020-07-03,-9,0,-9,-23,1,4
LA,Laos,,,,,,ChIJiUWCsFeQFDERgc2ZH0iSxQ4,2020-07-04,-7,13,-9,-19,2,4
LA,Laos,,,,,,ChIJiUWCsFeQFDERgc2ZH0iSxQ4,2020-07-05,7,9,14,-19,2,-1
LA,Laos,,,,,,ChIJiUWCsFeQFDERgc2ZH0iSxQ4,2020-07-06,-2,7,6,-18,-1,2
LA,Laos,,,,,,ChIJiUWCsFeQFDERgc2ZH0iSxQ4,2020-07-07,-4,4,-3,-18,-2,2
LA,Laos,,,,,,ChIJiUWCsFeQFDERgc2ZH0iSxQ4,2020-07-08,-8,-2,-6,-19,0,2
LA,Laos,,,,,,ChIJiUWCsFeQFDERgc2ZH0iSxQ4,2020-07-09,-8,-3,-7,-23,2,3
LA,Laos,,,,,,ChIJiUWCsFeQFDERgc2ZH0iSxQ4,2020-07-10,-8,-3,-8,-23,8,4
LA,Laos,,,,,,ChIJiUWCsFeQFDERgc2ZH0iSxQ4,2020-07-11,-7,-1,-11,-25,5,4
LA,Laos,,,,,,ChIJiUWCsFeQFDERgc2ZH0iSxQ4,2020-07-12,-10,-2,-13,-26,5,5
LA,Laos,,,,,,ChIJiUWCsFeQFDERgc2ZH0iSxQ4,2020-07-13,-8,1,-7,-21,2,3
LA,Laos,,,,,,ChIJiUWCsFeQFDERgc2ZH0iSxQ4,2020-07-14,-6,0,-5,-21,0,2
LA,Laos,,,,,,ChIJiUWCsFeQFDERgc2ZH0iSxQ4,2020-07-15,-7,-2,-7,-20,-1,4
LA,Laos,,,,,,ChIJiUWCsFeQFDERgc2ZH0iSxQ4,2020-07-16,-8,-3,-6,-23,0,3
LA,Laos,,,,,,ChIJiUWCsFeQFDERgc2ZH0iSxQ4,2020-07-17,-5,1,-7,-20,5,4
LA,Laos,,,,,,ChIJiUWCsFeQFDERgc2ZH0iSxQ4,2020-07-18,-6,0,-9,-24,3,3
LA,Laos,,,,,,ChIJiUWCsFeQFDERgc2ZH0iSxQ4,2020-07-19,-4,2,-7,-24,4,3
LA,Laos,,,,,,ChIJiUWCsFeQFDERgc2ZH0iSxQ4,2020-07-20,-4,1,-2,-20,-34,6
LA,Laos,,,,,,ChIJiUWCsFeQFDERgc2ZH0iSxQ4,2020-07-21,-6,2,-7,-18,-5,3
LA,Laos,,,,,,ChIJiUWCsFeQFDERgc2ZH0iSxQ4,2020-07-22,-8,-2,-9,-20,-4,4
LA,Laos,,,,,,ChIJiUWCsFeQFDERgc2ZH0iSxQ4,2020-07-23,-9,-3,-7,-22,-3,5
LA,Laos,,,,,,ChIJiUWCsFeQFDERgc2ZH0iSxQ4,2020-07-24,-5,-1,-5,-22,4,5
LA,Laos,,,,,,ChIJiUWCsFeQFDERgc2ZH0iSxQ4,2020-07-25,-6,0,-4,-27,2,4
LA,Laos,,,,,,ChIJiUWCsFeQFDERgc2ZH0iSxQ4,2020-07-26,-3,5,8,-24,3,5
LA,Laos,,,,,,ChIJiUWCsFeQFDERgc2ZH0iSxQ4,2020-07-27,-1,9,13,-22,-6,5
LA,Laos,,,,,,ChIJiUWCsFeQFDERgc2ZH0iSxQ4,2020-07-28,-5,4,0,-19,-8,5
LA,Laos,,,,,,ChIJiUWCsFeQFDERgc2ZH0iSxQ4,2020-07-29,-6,0,-8,-19,-7,4
LA,Laos,,,,,,ChIJiUWCsFeQFDERgc2ZH0iSxQ4,2020-07-30,-3,1,-4,-21,-4,3
LA,Laos,,,,,,ChIJiUWCsFeQFDERgc2ZH0iSxQ4,2020-07-31,-5,1,-9,-21,0,5
LA,Laos,,,,,,ChIJiUWCsFeQFDERgc2ZH0iSxQ4,2020-08-01,-13,-2,-15,-26,-1,6
LA,Laos,,,,,,ChIJiUWCsFeQFDERgc2ZH0iSxQ4,2020-08-02,-21,-10,-20,-29,-7,9
LA,Laos,,,,,,ChIJiUWCsFeQFDERgc2ZH0iSxQ4,2020-08-03,-5,5,-11,-22,-8,5
LA,Laos,,,,,,ChIJiUWCsFeQFDERgc2ZH0iSxQ4,2020-08-04,-1,7,-6,-19,-10,4
LA,Laos,,,,,,ChIJiUWCsFeQFDERgc2ZH0iSxQ4,2020-08-05,-8,-2,-11,-22,-10,6
LA,Laos,,,,,,ChIJiUWCsFeQFDERgc2ZH0iSxQ4,2020-08-06,-9,-4,-11,-25,-8,6
LA,Laos,,,,,,ChIJiUWCsFeQFDERgc2ZH0iSxQ4,2020-08-07,-4,1,-6,-20,0,4
LA,Laos,,,,,,ChIJiUWCsFeQFDERgc2ZH0iSxQ4,2020-08-08,-3,3,-8,-20,2,3
LA,Laos,,,,,,ChIJiUWCsFeQFDERgc2ZH0iSxQ4,2020-08-09,-3,4,-7,-20,1,3
LA,Laos,,,,,,ChIJiUWCsFeQFDERgc2ZH0iSxQ4,2020-08-10,-2,4,-5,-17,-7,3
LA,Laos,,,,,,ChIJiUWCsFeQFDERgc2ZH0iSxQ4,2020-08-11,-5,4,-5,-19,-9,3
LA,Laos,,,,,,ChIJiUWCsFeQFDERgc2ZH0iSxQ4,2020-08-12,-4,2,-1,-18,-11,4
LA,Laos,,,,,,ChIJiUWCsFeQFDERgc2ZH0iSxQ4,2020-08-13,-7,-1,-6,-21,-7,4
LA,Laos,,,,,,ChIJiUWCsFeQFDERgc2ZH0iSxQ4,2020-08-14,-12,-4,-9,-21,-3,7
LA,Laos,,,,,,ChIJiUWCsFeQFDERgc2ZH0iSxQ4,2020-08-15,-13,-2,-14,-27,-2,6
LA,Laos,,,,,,ChIJiUWCsFeQFDERgc2ZH0iSxQ4,2020-08-16,-16,-2,-17,-25,-2,8
LA,Laos,,,,,,ChIJiUWCsFeQFDERgc2ZH0iSxQ4,2020-08-17,-7,13,-6,-18,-10,5
LA,Laos,,,,,,ChIJiUWCsFeQFDERgc2ZH0iSxQ4,2020-08-18,-6,-3,2,-25,-19,3
LA,Laos,,,,,,ChIJiUWCsFeQFDERgc2ZH0iSxQ4,2020-08-19,-7,0,-4,-15,-8,4
LA,Laos,,,,,,ChIJiUWCsFeQFDERgc2ZH0iSxQ4,2020-08-20,-11,-6,-6,-20,-7,5
LA,Laos,,,,,,ChIJiUWCsFeQFDERgc2ZH0iSxQ4,2020-08-21,-9,-3,-9,-23,-1,6
LA,Laos,,,,,,ChIJiUWCsFeQFDERgc2ZH0iSxQ4,2020-08-22,-9,0,-13,-22,3,6
LA,Laos,,,,,,ChIJiUWCsFeQFDERgc2ZH0iSxQ4,2020-08-23,-9,0,-12,-21,2,6
LA,Laos,,,,,,ChIJiUWCsFeQFDERgc2ZH0iSxQ4,2020-08-24,-7,2,-9,-17,-8,4
LA,Laos,,,,,,ChIJiUWCsFeQFDERgc2ZH0iSxQ4,2020-08-25,-2,7,-4,-14,-8,3
LA,Laos,,,,,,ChIJiUWCsFeQFDERgc2ZH0iSxQ4,2020-08-26,-7,0,-5,-15,-9,5
LA,Laos,,,,,,ChIJiUWCsFeQFDERgc2ZH0iSxQ4,2020-08-27,-4,2,-3,-18,-7,4
LA,Laos,,,,,,ChIJiUWCsFeQFDERgc2ZH0iSxQ4,2020-08-28,0,3,-4,-18,-2,4
LA,Laos,,,,,,ChIJiUWCsFeQFDERgc2ZH0iSxQ4,2020-08-29,-2,6,-9,-20,3,3
LA,Laos,,,,,,ChIJiUWCsFeQFDERgc2ZH0iSxQ4,2020-08-30,2,9,-7,-15,3,4
LA,Laos,,,,,,ChIJiUWCsFeQFDERgc2ZH0iSxQ4,2020-08-31,1,11,-4,-11,-6,3
LA,Laos,,,,,,ChIJiUWCsFeQFDERgc2ZH0iSxQ4,2020-09-01,1,17,-3,-10,-7,2
LA,Laos,,,,,,ChIJiUWCsFeQFDERgc2ZH0iSxQ4,2020-09-02,-2,-2,2,-20,-15,2
LA,Laos,,,,,,ChIJiUWCsFeQFDERgc2ZH0iSxQ4,2020-09-03,-4,0,-4,-22,-6,3
LA,Laos,,,,,,ChIJiUWCsFeQFDERgc2ZH0iSxQ4,2020-09-04,-1,1,3,-22,-1,5
LA,Laos,,,,,,ChIJiUWCsFeQFDERgc2ZH0iSxQ4,2020-09-05,-1,5,3,-23,-1,5
LA,Laos,,,,,,ChIJiUWCsFeQFDERgc2ZH0iSxQ4,2020-09-06,1,6,5,-22,-1,6
LA,Laos,,,,,,ChIJiUWCsFeQFDERgc2ZH0iSxQ4,2020-09-07,-4,2,-3,-21,-9,4
LA,Laos,,,,,,ChIJiUWCsFeQFDERgc2ZH0iSxQ4,2020-09-08,-6,1,-8,-20,-9,4
LA,Laos,,,,,,ChIJiUWCsFeQFDERgc2ZH0iSxQ4,2020-09-09,-12,-7,-9,-21,-7,4
LA,Laos,,,,,,ChIJiUWCsFeQFDERgc2ZH0iSxQ4,2020-09-10,-7,-5,-5,-23,-9,3
LA,Laos,,,,,,ChIJiUWCsFeQFDERgc2ZH0iSxQ4,2020-09-11,-6,-7,-7,-23,-4,4
LA,Laos,,,,,,ChIJiUWCsFeQFDERgc2ZH0iSxQ4,2020-09-12,-6,-4,-12,-27,-5,4
LA,Laos,,,,,,ChIJiUWCsFeQFDERgc2ZH0iSxQ4,2020-09-13,-3,-1,-10,-24,-3,4
LA,Laos,,,,,,ChIJiUWCsFeQFDERgc2ZH0iSxQ4,2020-09-14,-5,-2,-11,-23,-5,3
LA,Laos,,,,,,ChIJiUWCsFeQFDERgc2ZH0iSxQ4,2020-09-15,-5,-2,-11,-22,-7,4
LA,Laos,,,,,,ChIJiUWCsFeQFDERgc2ZH0iSxQ4,2020-09-16,-8,-7,-10,-22,-6,5
LA,Laos,,,,,,ChIJiUWCsFeQFDERgc2ZH0iSxQ4,2020-09-17,-7,-6,-6,-24,-6,4
LA,Laos,,,,,,ChIJiUWCsFeQFDERgc2ZH0iSxQ4,2020-09-18,-17,-16,-14,-32,-3,8
LA,Laos,,,,,,ChIJiUWCsFeQFDERgc2ZH0iSxQ4,2020-09-19,-15,-10,-19,-34,-5,10
LA,Laos,,,,,,ChIJiUWCsFeQFDERgc2ZH0iSxQ4,2020-09-20,-11,-7,-19,-28,-4,9
LA,Laos,,,,,,ChIJiUWCsFeQFDERgc2ZH0iSxQ4,2020-09-21,-10,-6,-14,-23,-6,6
LA,Laos,,,,,,ChIJiUWCsFeQFDERgc2ZH0iSxQ4,2020-09-22,-12,-4,-15,-23,-9,5
LA,Laos,,,,,,ChIJiUWCsFeQFDERgc2ZH0iSxQ4,2020-09-23,-20,-13,-19,-26,-9,7
LA,Laos,,,,,,ChIJiUWCsFeQFDERgc2ZH0iSxQ4,2020-09-24,-15,-8,-15,-27,-7,5
LA,Laos,,,,,,ChIJiUWCsFeQFDERgc2ZH0iSxQ4,2020-09-25,-10,-8,-14,-26,1,6
LA,Laos,,,,,,ChIJiUWCsFeQFDERgc2ZH0iSxQ4,2020-09-26,-11,-4,-16,-30,-6,6
LA,Laos,,,,,,ChIJiUWCsFeQFDERgc2ZH0iSxQ4,2020-09-27,-10,-4,-12,-25,-8,7
LA,Laos,,,,,,ChIJiUWCsFeQFDERgc2ZH0iSxQ4,2020-09-28,-10,-4,-16,-24,-6,5
LA,Laos,,,,,,ChIJiUWCsFeQFDERgc2ZH0iSxQ4,2020-09-29,-10,-4,-17,-21,-10,5
LA,Laos,,,,,,ChIJiUWCsFeQFDERgc2ZH0iSxQ4,2020-09-30,-9,-5,-18,-18,-11,2
LA,Laos,,,,,,ChIJiUWCsFeQFDERgc2ZH0iSxQ4,2020-10-01,-9,2,-23,-16,-13,-1
LA,Laos,,,,,,ChIJiUWCsFeQFDERgc2ZH0iSxQ4,2020-10-02,20,0,-2,-18,-29,-2
LA,Laos,,,,,,ChIJiUWCsFeQFDERgc2ZH0iSxQ4,2020-10-03,2,-3,-18,-23,-31,1
LA,Laos,,,,,,ChIJiUWCsFeQFDERgc2ZH0iSxQ4,2020-10-04,-12,-1,-25,-22,-20,3
LA,Laos,,,,,,ChIJiUWCsFeQFDERgc2ZH0iSxQ4,2020-10-05,-11,-3,-31,-24,-16,1
LA,Laos,,,,,,ChIJiUWCsFeQFDERgc2ZH0iSxQ4,2020-10-06,-8,1,-29,-21,-16,-1
LA,Laos,,,,,,ChIJiUWCsFeQFDERgc2ZH0iSxQ4,2020-10-07,-17,-13,-31,-26,-29,5
LA,Laos,,,,,,ChIJiUWCsFeQFDERgc2ZH0iSxQ4,2020-10-08,-14,-7,-26,-25,-10,3
LA,Laos,,,,,,ChIJiUWCsFeQFDERgc2ZH0iSxQ4,2020-10-09,-10,-8,-24,-29,-3,5
LA,Laos,,,,,,ChIJiUWCsFeQFDERgc2ZH0iSxQ4,2020-10-10,-11,-5,-25,-31,-7,6
LA,Laos,,,,,,ChIJiUWCsFeQFDERgc2ZH0iSxQ4,2020-10-11,-11,-5,-22,-28,-12,7
LA,Laos,,,,,,ChIJiUWCsFeQFDERgc2ZH0iSxQ4,2020-10-12,-10,-6,-25,-26,-8,5
LA,Laos,,,,,,ChIJiUWCsFeQFDERgc2ZH0iSxQ4,2020-10-13,-11,-4,-24,-26,-11,4
LA,Laos,,,,,,ChIJiUWCsFeQFDERgc2ZH0iSxQ4,2020-10-14,-15,-10,-30,-29,-7,4
LA,Laos,,,,,,ChIJiUWCsFeQFDERgc2ZH0iSxQ4,2020-10-15,-15,-7,-29,-30,-7,5
LA,Laos,,,,,,ChIJiUWCsFeQFDERgc2ZH0iSxQ4,2020-10-16,-12,-7,-32,-29,0,6
LA,Laos,,,,,,ChIJiUWCsFeQFDERgc2ZH0iSxQ4,2020-10-17,-17,-8,-33,-31,-11,7
LA,Laos,,,,,,ChIJiUWCsFeQFDERgc2ZH0iSxQ4,2020-10-18,-17,-8,-33,-30,-14,9
LA,Laos,,,,,,ChIJiUWCsFeQFDERgc2ZH0iSxQ4,2020-10-19,-15,-6,-34,-27,-8,5
LA,Laos,,,,,,ChIJiUWCsFeQFDERgc2ZH0iSxQ4,2020-10-20,-13,-3,-33,-25,-8,4
LA,Laos,,,,,,ChIJiUWCsFeQFDERgc2ZH0iSxQ4,2020-10-21,-15,-7,-29,-28,-4,4
LA,Laos,,,,,,ChIJiUWCsFeQFDERgc2ZH0iSxQ4,2020-10-22,-10,-5,-24,-31,-5,3
LA,Laos,,,,,,ChIJiUWCsFeQFDERgc2ZH0iSxQ4,2020-10-23,-7,-3,-15,-30,-1,3
LA,Laos,,,,,,ChIJiUWCsFeQFDERgc2ZH0iSxQ4,2020-10-24,-9,0,-18,-34,-10,3
LA,Laos,,,,,,ChIJiUWCsFeQFDERgc2ZH0iSxQ4,2020-10-25,-10,-2,-22,-31,-12,3
LA,Laos,,,,,,ChIJiUWCsFeQFDERgc2ZH0iSxQ4,2020-10-26,-10,-2,-27,-29,-5,3
LA,Laos,,,,,,ChIJiUWCsFeQFDERgc2ZH0iSxQ4,2020-10-27,-9,0,-27,-26,-7,2
LA,Laos,,,,,,ChIJiUWCsFeQFDERgc2ZH0iSxQ4,2020-10-28,-15,-10,-34,-30,-7,4
LA,Laos,,,,,,ChIJiUWCsFeQFDERgc2ZH0iSxQ4,2020-10-29,-16,-10,-35,-30,-9,4
LA,Laos,,,,,,ChIJiUWCsFeQFDERgc2ZH0iSxQ4,2020-10-30,0,-1,-32,-25,-2,2
LA,Laos,,,,,,ChIJiUWCsFeQFDERgc2ZH0iSxQ4,2020-10-31,4,2,-27,-31,-17,2
LA,Laos,,,,,,ChIJiUWCsFeQFDERgc2ZH0iSxQ4,2020-11-01,-6,-1,-32,-27,-12,4
LA,Laos,,,,,,ChIJiUWCsFeQFDERgc2ZH0iSxQ4,2020-11-02,-9,-3,-36,-28,-7,3
LA,Laos,,,,,,ChIJiUWCsFeQFDERgc2ZH0iSxQ4,2020-11-03,-10,0,-35,-28,-8,2
LA,Laos,,,,,,ChIJiUWCsFeQFDERgc2ZH0iSxQ4,2020-11-04,-15,-9,-34,-30,-7,3
LA,Laos,,,,,,ChIJiUWCsFeQFDERgc2ZH0iSxQ4,2020-11-05,-13,-6,-30,-31,-5,2
LA,Laos,,,,,,ChIJiUWCsFeQFDERgc2ZH0iSxQ4,2020-11-06,-12,-9,-29,-31,1,3
LA,Laos,,,,,,ChIJiUWCsFeQFDERgc2ZH0iSxQ4,2020-11-07,-14,-5,-29,-31,-9,4
LA,Laos,,,,,,ChIJiUWCsFeQFDERgc2ZH0iSxQ4,2020-11-08,-11,-3,-28,-31,-12,4
LA,Laos,,,,,,ChIJiUWCsFeQFDERgc2ZH0iSxQ4,2020-11-09,-14,-7,-33,-32,-5,2
LA,Laos,,,,,,ChIJiUWCsFeQFDERgc2ZH0iSxQ4,2020-11-10,-14,-5,-32,-31,-7,3
LA,Laos,,,,,,ChIJiUWCsFeQFDERgc2ZH0iSxQ4,2020-11-11,-15,-9,-32,-28,-6,4
LA,Laos,,,,,,ChIJiUWCsFeQFDERgc2ZH0iSxQ4,2020-11-12,-14,-8,-29,-31,-4,3
LA,Laos,,,,,,ChIJiUWCsFeQFDERgc2ZH0iSxQ4,2020-11-13,-11,-8,-27,-30,2,3
LA,Laos,,,,,,ChIJiUWCsFeQFDERgc2ZH0iSxQ4,2020-11-14,-13,-3,-28,-28,-9,4
LA,Laos,,,,,,ChIJiUWCsFeQFDERgc2ZH0iSxQ4,2020-11-15,-11,-1,-25,-29,-15,5
LA,Laos,,,,,,ChIJiUWCsFeQFDERgc2ZH0iSxQ4,2020-11-16,-13,-5,-28,-30,-5,3
LA,Laos,,,,,,ChIJiUWCsFeQFDERgc2ZH0iSxQ4,2020-11-17,-13,-4,-25,-30,-6,2
LA,Laos,,,,,,ChIJiUWCsFeQFDERgc2ZH0iSxQ4,2020-11-18,-15,-9,-25,-30,-5,3
LA,Laos,,,,,,ChIJiUWCsFeQFDERgc2ZH0iSxQ4,2020-11-19,-13,-7,-16,-32,-5,3
LA,Laos,,,,,,ChIJiUWCsFeQFDERgc2ZH0iSxQ4,2020-11-20,-8,-7,-10,-31,1,3
LA,Laos,,,,,,ChIJiUWCsFeQFDERgc2ZH0iSxQ4,2020-11-21,-12,-4,-19,-34,-11,3
LA,Laos,,,,,,ChIJiUWCsFeQFDERgc2ZH0iSxQ4,2020-11-22,-10,-3,-22,-31,-13,4
LA,Laos,,,,,,ChIJiUWCsFeQFDERgc2ZH0iSxQ4,2020-11-23,-12,-6,-27,-30,-5,3
LA,Laos,,,,,,ChIJiUWCsFeQFDERgc2ZH0iSxQ4,2020-11-24,-12,-4,-24,-30,-6,3
LA,Laos,,,,,,ChIJiUWCsFeQFDERgc2ZH0iSxQ4,2020-11-25,-13,-7,-24,-29,-5,3
LA,Laos,,,,,,ChIJiUWCsFeQFDERgc2ZH0iSxQ4,2020-11-26,-12,-6,-20,-30,-4,3
LA,Laos,,,,,,ChIJiUWCsFeQFDERgc2ZH0iSxQ4,2020-11-27,-8,-6,-18,-29,4,3
LA,Laos,,,,,,ChIJiUWCsFeQFDERgc2ZH0iSxQ4,2020-11-28,-10,-2,-21,-29,-8,3
LA,Laos,,,,,,ChIJiUWCsFeQFDERgc2ZH0iSxQ4,2020-11-29,-9,1,-23,-33,-11,4
LA,Laos,,,,,,ChIJiUWCsFeQFDERgc2ZH0iSxQ4,2020-11-30,-9,0,-29,-28,-3,2
LA,Laos,,,,,,ChIJiUWCsFeQFDERgc2ZH0iSxQ4,2020-12-01,-6,2,-28,-26,-3,1
LA,Laos,,,,,,ChIJiUWCsFeQFDERgc2ZH0iSxQ4,2020-12-02,-11,-2,-20,-29,-58,7
LA,Laos,,,,,,ChIJiUWCsFeQFDERgc2ZH0iSxQ4,2020-12-03,-12,-3,-27,-30,-1,3
LA,Laos,,,,,,ChIJiUWCsFeQFDERgc2ZH0iSxQ4,2020-12-04,-9,-3,-23,-28,7,4
LA,Laos,,,,,,ChIJiUWCsFeQFDERgc2ZH0iSxQ4,2020-12-05,-10,3,-20,-30,-8,5
LA,Laos,,,,,,ChIJiUWCsFeQFDERgc2ZH0iSxQ4,2020-12-06,-7,3,-18,-27,-10,5
LA,Laos,,,,,,ChIJiUWCsFeQFDERgc2ZH0iSxQ4,2020-12-07,-9,1,-26,-27,-1,3
LA,Laos,,,,,,ChIJiUWCsFeQFDERgc2ZH0iSxQ4,2020-12-08,-10,1,-27,-27,-1,3
LA,Laos,,,,,,ChIJiUWCsFeQFDERgc2ZH0iSxQ4,2020-12-09,-13,-4,-21,-27,-2,5
LA,Laos,,,,,,ChIJiUWCsFeQFDERgc2ZH0iSxQ4,2020-12-10,-8,2,-5,-28,-3,5
LA,Laos,,,,,,ChIJiUWCsFeQFDERgc2ZH0iSxQ4,2020-12-11,-6,3,-2,-26,2,6
LA,Laos,,,,,,ChIJiUWCsFeQFDERgc2ZH0iSxQ4,2020-12-12,-10,6,-14,-26,-8,7
LA,Laos,,,,,,ChIJiUWCsFeQFDERgc2ZH0iSxQ4,2020-12-13,-10,5,-17,-26,-12,7
LA,Laos,,,,,,ChIJiUWCsFeQFDERgc2ZH0iSxQ4,2020-12-14,-10,4,-22,-26,-6,6
LA,Laos,,,,,,ChIJiUWCsFeQFDERgc2ZH0iSxQ4,2020-12-15,-10,4,-19,-22,-8,5
LA,Laos,,,,,,ChIJiUWCsFeQFDERgc2ZH0iSxQ4,2020-12-16,-11,1,-16,-20,-6,6
LA,Laos,,,,,,ChIJiUWCsFeQFDERgc2ZH0iSxQ4,2020-12-17,-9,2,-12,-20,-7,5
LA,Laos,,,,,,ChIJiUWCsFeQFDERgc2ZH0iSxQ4,2020-12-18,-8,2,-13,-22,0,6
LA,Laos,,,,,,ChIJiUWCsFeQFDERgc2ZH0iSxQ4,2020-12-19,-13,4,-19,-24,-11,7
LA,Laos,,,,,,ChIJiUWCsFeQFDERgc2ZH0iSxQ4,2020-12-20,-12,4,-16,-20,-15,7
LA,Laos,,,,,,ChIJiUWCsFeQFDERgc2ZH0iSxQ4,2020-12-21,-10,5,-20,-22,-5,6
LA,Laos,,,,,,ChIJiUWCsFeQFDERgc2ZH0iSxQ4,2020-12-22,-10,7,-17,-22,-5,6
LA,Laos,,,,,,ChIJiUWCsFeQFDERgc2ZH0iSxQ4,2020-12-23,-12,1,-18,-19,-3,6
LA,Laos,,,,,,ChIJiUWCsFeQFDERgc2ZH0iSxQ4,2020-12-24,-7,5,-15,-22,-4,5
LA,Laos,,,,,,ChIJiUWCsFeQFDERgc2ZH0iSxQ4,2020-12-25,-3,4,-13,-21,-1,5
LA,Laos,,,,,,ChIJiUWCsFeQFDERgc2ZH0iSxQ4,2020-12-26,-11,5,-18,-24,-11,7
LA,Laos,,,,,,ChIJiUWCsFeQFDERgc2ZH0iSxQ4,2020-12-27,-9,5,-10,-25,-14,5
LA,Laos,,,,,,ChIJiUWCsFeQFDERgc2ZH0iSxQ4,2020-12-28,-7,6,-15,-21,-6,5
LA,Laos,,,,,,ChIJiUWCsFeQFDERgc2ZH0iSxQ4,2020-12-29,-4,10,-10,-17,-8,5
LA,Laos,,,,,,ChIJiUWCsFeQFDERgc2ZH0iSxQ4,2020-12-30,-6,9,-8,-14,-8,5
LA,Laos,,,,,,ChIJiUWCsFeQFDERgc2ZH0iSxQ4,2020-12-31,3,31,11,-7,-23,2
LA,Laos,,,,,,ChIJiUWCsFeQFDERgc2ZH0iSxQ4,2021-01-01,-18,-4,13,-31,-64,10
LA,Laos,,,,,,ChIJiUWCsFeQFDERgc2ZH0iSxQ4,2021-01-02,-19,2,-6,-29,-30,8
LA,Laos,,,,,,ChIJiUWCsFeQFDERgc2ZH0iSxQ4,2021-01-03,-14,4,-13,-16,-15,7
LA,Laos,,,,,,ChIJiUWCsFeQFDERgc2ZH0iSxQ4,2021-01-04,-11,5,-22,-19,-2,7
LA,Laos,,,,,,ChIJiUWCsFeQFDERgc2ZH0iSxQ4,2021-01-05,-12,5,-22,-23,-2,7
LA,Laos,,,,,,ChIJiUWCsFeQFDERgc2ZH0iSxQ4,2021-01-06,-14,-1,-22,-24,-1,7
LA,Laos,,,,,,ChIJiUWCsFeQFDERgc2ZH0iSxQ4,2021-01-07,-12,0,-21,-28,-1,7
LA,Laos,,,,,,ChIJiUWCsFeQFDERgc2ZH0iSxQ4,2021-01-08,-10,-2,-22,-29,5,7
LA,Laos,,,,,,ChIJiUWCsFeQFDERgc2ZH0iSxQ4,2021-01-09,-14,-2,-27,-31,-7,6
LA,Laos,,,,,,ChIJiUWCsFeQFDERgc2ZH0iSxQ4,2021-01-10,-12,1,-23,-29,-11,7
LA,Laos,,,,,,ChIJiUWCsFeQFDERgc2ZH0iSxQ4,2021-01-11,-12,-1,-26,-28,-2,6
LA,Laos,,,,,,ChIJiUWCsFeQFDERgc2ZH0iSxQ4,2021-01-12,-10,4,-23,-28,-3,6
LA,Laos,,,,,,ChIJiUWCsFeQFDERgc2ZH0iSxQ4,2021-01-13,-14,-4,-25,-27,-6,6
LA,Laos,,,,,,ChIJiUWCsFeQFDERgc2ZH0iSxQ4,2021-01-14,-15,-8,-28,-36,-9,4
LA,Laos,,,,,,ChIJiUWCsFeQFDERgc2ZH0iSxQ4,2021-01-15,-17,-12,-30,-39,-6,5
LA,Laos,,,,,,ChIJiUWCsFeQFDERgc2ZH0iSxQ4,2021-01-16,-20,-14,-36,-42,-17,4
LA,Laos,,,,,,ChIJiUWCsFeQFDERgc2ZH0iSxQ4,2021-01-17,-20,-12,-32,-38,-20,6
LA,Laos,,,,,,ChIJiUWCsFeQFDERgc2ZH0iSxQ4,2021-01-18,-17,-10,-34,-36,-11,6
LA,Laos,,,,,,ChIJiUWCsFeQFDERgc2ZH0iSxQ4,2021-01-19,-16,-8,-32,-35,-13,5
LA,Laos,,,,,,ChIJiUWCsFeQFDERgc2ZH0iSxQ4,2021-01-20,-17,-12,-31,-34,-13,5
LA,Laos,,,,,,ChIJiUWCsFeQFDERgc2ZH0iSxQ4,2021-01-21,-16,-11,-30,-34,-14,5
LA,Laos,,,,,,ChIJiUWCsFeQFDERgc2ZH0iSxQ4,2021-01-22,-15,-11,-28,-35,-10,6
LA,Laos,,,,,,ChIJiUWCsFeQFDERgc2ZH0iSxQ4,2021-01-23,-18,-8,-31,-38,-16,6
LA,Laos,,,,,,ChIJiUWCsFeQFDERgc2ZH0iSxQ4,2021-01-24,-15,-8,-28,-32,-17,5
LA,Laos,,,,,,ChIJiUWCsFeQFDERgc2ZH0iSxQ4,2021-01-25,-14,-8,-31,-33,-16,6
LA,Laos,,,,,,ChIJiUWCsFeQFDERgc2ZH0iSxQ4,2021-01-26,-14,-6,-30,-32,-17,5
LA,Laos,,,,,,ChIJiUWCsFeQFDERgc2ZH0iSxQ4,2021-01-27,-17,-11,-29,-33,-17,6
LA,Laos,,,,,,ChIJiUWCsFeQFDERgc2ZH0iSxQ4,2021-01-28,-14,-7,-27,-34,-18,5
LA,Laos,,,,,,ChIJiUWCsFeQFDERgc2ZH0iSxQ4,2021-01-29,-14,-8,-29,-35,-11,5
LA,Laos,,,,,,ChIJiUWCsFeQFDERgc2ZH0iSxQ4,2021-01-30,-17,-3,-33,-36,-14,4
LA,Laos,,,,,,ChIJiUWCsFeQFDERgc2ZH0iSxQ4,2021-01-31,-15,0,-32,-29,-17,4
LA,Laos,,,,,,ChIJiUWCsFeQFDERgc2ZH0iSxQ4,2021-02-01,-13,-1,-37,-32,-10,2
LA,Laos,,,,,,ChIJiUWCsFeQFDERgc2ZH0iSxQ4,2021-02-02,-13,1,-35,-33,-10,2
LA,Laos,,,,,,ChIJiUWCsFeQFDERgc2ZH0iSxQ4,2021-02-03,-16,-7,-36,-34,-9,4
LA,Laos,,,,,,ChIJiUWCsFeQFDERgc2ZH0iSxQ4,2021-02-04,-15,-6,-34,-35,-10,3
LA,Laos,,,,,,ChIJiUWCsFeQFDERgc2ZH0iSxQ4,2021-02-05,-12,-6,-32,-36,-4,4
LA,Laos,,,,,,ChIJiUWCsFeQFDERgc2ZH0iSxQ4,2021-02-06,-15,-4,-34,-36,-15,5
LA,Laos,,,,,,ChIJiUWCsFeQFDERgc2ZH0iSxQ4,2021-02-07,-14,-4,-29,-34,-18,5
LA,Laos,,,,,,ChIJiUWCsFeQFDERgc2ZH0iSxQ4,2021-02-08,-16,-7,-39,-35,-12,4
LA,Laos,,,,,,ChIJiUWCsFeQFDERgc2ZH0iSxQ4,2021-02-09,-20,-7,-38,-35,-17,6
LA,Laos,,,,,,ChIJiUWCsFeQFDERgc2ZH0iSxQ4,2021-02-10,-12,2,-33,-26,-12,3
LA,Laos,,,,,,ChIJiUWCsFeQFDERgc2ZH0iSxQ4,2021-02-11,-8,5,-31,-27,-15,1
LA,Laos,,,,,,ChIJiUWCsFeQFDERgc2ZH0iSxQ4,2021-02-12,-8,-4,-30,-30,-16,1
LA,Laos,,,,,,ChIJiUWCsFeQFDERgc2ZH0iSxQ4,2021-02-13,-11,2,-34,-32,-20,1
LA,Laos,,,,,,ChIJiUWCsFeQFDERgc2ZH0iSxQ4,2021-02-14,3,5,-27,-24,-23,-1
LA,Laos,,,,,,ChIJiUWCsFeQFDERgc2ZH0iSxQ4,2021-02-15,-10,0,-42,-29,-18,-1
LA,Laos,,,,,,ChIJiUWCsFeQFDERgc2ZH0iSxQ4,2021-02-16,-14,0,-43,-32,-17,1
LA,Laos,,,,,,ChIJiUWCsFeQFDERgc2ZH0iSxQ4,2021-02-17,-17,-6,-43,-33,-16,1
LA,Laos,,,,,,ChIJiUWCsFeQFDERgc2ZH0iSxQ4,2021-02-18,-15,-3,-40,-34,-15,1
LA,Laos,,,,,,ChIJiUWCsFeQFDERgc2ZH0iSxQ4,2021-02-19,-13,-4,-40,-36,-9,2
LA,Laos,,,,,,ChIJiUWCsFeQFDERgc2ZH0iSxQ4,2021-02-20,-16,-2,-41,-36,-15,3
LA,Laos,,,,,,ChIJiUWCsFeQFDERgc2ZH0iSxQ4,2021-02-21,-11,3,-38,-36,-18,1
LA,Laos,,,,,,ChIJiUWCsFeQFDERgc2ZH0iSxQ4,2021-02-22,-13,0,-43,-31,-15,0
LA,Laos,,,,,,ChIJiUWCsFeQFDERgc2ZH0iSxQ4,2021-02-23,-10,1,-41,-30,-15,0
LA,Laos,,,,,,ChIJiUWCsFeQFDERgc2ZH0iSxQ4,2021-02-24,-14,-6,-39,-31,-17,0
LA,Laos,,,,,,ChIJiUWCsFeQFDERgc2ZH0iSxQ4,2021-02-25,-10,-1,-37,-33,-15,0
LA,Laos,,,,,,ChIJiUWCsFeQFDERgc2ZH0iSxQ4,2021-02-26,-5,2,-28,-32,-12,1
LA,Laos,,,,,,ChIJiUWCsFeQFDERgc2ZH0iSxQ4,2021-02-27,-8,3,-31,-35,-19,0
LA,Laos,,,,,,ChIJiUWCsFeQFDERgc2ZH0iSxQ4,2021-02-28,-8,5,-34,-29,-22,2
LA,Laos,,,,,,ChIJiUWCsFeQFDERgc2ZH0iSxQ4,2021-03-01,-9,3,-43,-31,-14,0
LA,Laos,,,,,,ChIJiUWCsFeQFDERgc2ZH0iSxQ4,2021-03-02,-9,4,-41,-30,-14,0
