country_region_code,country_region,sub_region_1,sub_region_2,metro_area,iso_3166_2_code,census_fips_code,place_id,date,retail_and_recreation_percent_change_from_baseline,grocery_and_pharmacy_percent_change_from_baseline,parks_percent_change_from_baseline,transit_stations_percent_change_from_baseline,workplaces_percent_change_from_baseline,residential_percent_change_from_baseline
IQ,Iraq,,,,,,ChIJEUr1VD2CVxURAhYGorthpW0,2020-02-15,16,13,13,19,14,0
IQ,Iraq,,,,,,ChIJEUr1VD2CVxURAhYGorthpW0,2020-02-16,11,8,7,12,12,0
IQ,Iraq,,,,,,ChIJEUr1VD2CVxURAhYGorthpW0,2020-02-17,12,8,11,16,13,-1
IQ,Iraq,,,,,,ChIJEUr1VD2CVxURAhYGorthpW0,2020-02-18,15,12,13,15,11,-1
IQ,Iraq,,,,,,ChIJEUr1VD2CVxURAhYGorthpW0,2020-02-19,11,10,8,12,11,0
IQ,Iraq,,,,,,ChIJEUr1VD2CVxURAhYGorthpW0,2020-02-20,9,6,7,11,9,1
IQ,Iraq,,,,,,ChIJEUr1VD2CVxURAhYGorthpW0,2020-02-21,14,12,16,13,11,0
IQ,Iraq,,,,,,ChIJEUr1VD2CVxURAhYGorthpW0,2020-02-22,11,10,10,17,13,0
IQ,Iraq,,,,,,ChIJEUr1VD2CVxURAhYGorthpW0,2020-02-23,11,12,9,14,13,0
IQ,Iraq,,,,,,ChIJEUr1VD2CVxURAhYGorthpW0,2020-02-24,9,10,11,15,13,-1
IQ,Iraq,,,,,,ChIJEUr1VD2CVxURAhYGorthpW0,2020-02-25,1,5,0,5,7,1
IQ,Iraq,,,,,,ChIJEUr1VD2CVxURAhYGorthpW0,2020-02-26,8,16,8,12,7,1
IQ,Iraq,,,,,,ChIJEUr1VD2CVxURAhYGorthpW0,2020-02-27,5,11,7,12,2,3
IQ,Iraq,,,,,,ChIJEUr1VD2CVxURAhYGorthpW0,2020-02-28,7,14,10,10,13,1
IQ,Iraq,,,,,,ChIJEUr1VD2CVxURAhYGorthpW0,2020-02-29,12,15,12,15,10,1
IQ,Iraq,,,,,,ChIJEUr1VD2CVxURAhYGorthpW0,2020-03-01,7,13,3,6,5,2
IQ,Iraq,,,,,,ChIJEUr1VD2CVxURAhYGorthpW0,2020-03-02,9,17,9,10,5,2
IQ,Iraq,,,,,,ChIJEUr1VD2CVxURAhYGorthpW0,2020-03-03,11,17,10,5,3,2
IQ,Iraq,,,,,,ChIJEUr1VD2CVxURAhYGorthpW0,2020-03-04,11,19,13,5,1,2
IQ,Iraq,,,,,,ChIJEUr1VD2CVxURAhYGorthpW0,2020-03-05,0,10,6,1,-4,4
IQ,Iraq,,,,,,ChIJEUr1VD2CVxURAhYGorthpW0,2020-03-06,-2,9,7,-4,9,1
IQ,Iraq,,,,,,ChIJEUr1VD2CVxURAhYGorthpW0,2020-03-07,2,11,5,2,8,3
IQ,Iraq,,,,,,ChIJEUr1VD2CVxURAhYGorthpW0,2020-03-08,4,13,5,-1,1,4
IQ,Iraq,,,,,,ChIJEUr1VD2CVxURAhYGorthpW0,2020-03-09,-1,11,6,2,-1,4
IQ,Iraq,,,,,,ChIJEUr1VD2CVxURAhYGorthpW0,2020-03-10,-1,12,7,0,-3,4
IQ,Iraq,,,,,,ChIJEUr1VD2CVxURAhYGorthpW0,2020-03-11,-5,13,3,-3,-7,5
IQ,Iraq,,,,,,ChIJEUr1VD2CVxURAhYGorthpW0,2020-03-12,-14,6,-3,-10,-7,6
IQ,Iraq,,,,,,ChIJEUr1VD2CVxURAhYGorthpW0,2020-03-13,-21,6,-12,-17,6,4
IQ,Iraq,,,,,,ChIJEUr1VD2CVxURAhYGorthpW0,2020-03-14,-28,-11,-20,-24,-8,7
IQ,Iraq,,,,,,ChIJEUr1VD2CVxURAhYGorthpW0,2020-03-15,-24,2,-15,-23,-20,10
IQ,Iraq,,,,,,ChIJEUr1VD2CVxURAhYGorthpW0,2020-03-16,-30,-1,-16,-19,-22,9
IQ,Iraq,,,,,,ChIJEUr1VD2CVxURAhYGorthpW0,2020-03-17,-32,-6,-18,-31,-25,9
IQ,Iraq,,,,,,ChIJEUr1VD2CVxURAhYGorthpW0,2020-03-18,-58,-35,-38,-55,-49,16
IQ,Iraq,,,,,,ChIJEUr1VD2CVxURAhYGorthpW0,2020-03-19,-62,-38,-42,-57,-49,19
IQ,Iraq,,,,,,ChIJEUr1VD2CVxURAhYGorthpW0,2020-03-20,-64,-40,-46,-59,-27,14
IQ,Iraq,,,,,,ChIJEUr1VD2CVxURAhYGorthpW0,2020-03-21,-67,-48,-45,-62,-49,17
IQ,Iraq,,,,,,ChIJEUr1VD2CVxURAhYGorthpW0,2020-03-22,-65,-41,-48,-64,-57,20
IQ,Iraq,,,,,,ChIJEUr1VD2CVxURAhYGorthpW0,2020-03-23,-67,-42,-45,-63,-56,19
IQ,Iraq,,,,,,ChIJEUr1VD2CVxURAhYGorthpW0,2020-03-24,-66,-42,-45,-62,-56,20
IQ,Iraq,,,,,,ChIJEUr1VD2CVxURAhYGorthpW0,2020-03-25,-67,-42,-47,-61,-57,20
IQ,Iraq,,,,,,ChIJEUr1VD2CVxURAhYGorthpW0,2020-03-26,-69,-45,-50,-62,-56,23
IQ,Iraq,,,,,,ChIJEUr1VD2CVxURAhYGorthpW0,2020-03-27,-68,-46,-51,-61,-33,17
IQ,Iraq,,,,,,ChIJEUr1VD2CVxURAhYGorthpW0,2020-03-28,-68,-47,-50,-62,-48,19
IQ,Iraq,,,,,,ChIJEUr1VD2CVxURAhYGorthpW0,2020-03-29,-64,-42,-48,-61,-55,21
IQ,Iraq,,,,,,ChIJEUr1VD2CVxURAhYGorthpW0,2020-03-30,-66,-43,-47,-60,-57,20
IQ,Iraq,,,,,,ChIJEUr1VD2CVxURAhYGorthpW0,2020-03-31,-62,-36,-42,-58,-55,19
IQ,Iraq,,,,,,ChIJEUr1VD2CVxURAhYGorthpW0,2020-04-01,-63,-38,-44,-60,-55,19
IQ,Iraq,,,,,,ChIJEUr1VD2CVxURAhYGorthpW0,2020-04-02,-65,-40,-45,-59,-54,22
IQ,Iraq,,,,,,ChIJEUr1VD2CVxURAhYGorthpW0,2020-04-03,-65,-41,-47,-58,-29,15
IQ,Iraq,,,,,,ChIJEUr1VD2CVxURAhYGorthpW0,2020-04-04,-64,-42,-45,-60,-45,18
IQ,Iraq,,,,,,ChIJEUr1VD2CVxURAhYGorthpW0,2020-04-05,-65,-43,-47,-62,-55,21
IQ,Iraq,,,,,,ChIJEUr1VD2CVxURAhYGorthpW0,2020-04-06,-67,-45,-47,-60,-56,20
IQ,Iraq,,,,,,ChIJEUr1VD2CVxURAhYGorthpW0,2020-04-07,-61,-35,-41,-56,-53,19
IQ,Iraq,,,,,,ChIJEUr1VD2CVxURAhYGorthpW0,2020-04-08,-62,-36,-42,-58,-52,19
IQ,Iraq,,,,,,ChIJEUr1VD2CVxURAhYGorthpW0,2020-04-09,-66,-41,-46,-61,-52,22
IQ,Iraq,,,,,,ChIJEUr1VD2CVxURAhYGorthpW0,2020-04-10,-64,-40,-46,-60,-27,16
IQ,Iraq,,,,,,ChIJEUr1VD2CVxURAhYGorthpW0,2020-04-11,-60,-37,-40,-58,-38,17
IQ,Iraq,,,,,,ChIJEUr1VD2CVxURAhYGorthpW0,2020-04-12,-57,-32,-41,-58,-49,19
IQ,Iraq,,,,,,ChIJEUr1VD2CVxURAhYGorthpW0,2020-04-13,-58,-33,-38,-52,-48,18
IQ,Iraq,,,,,,ChIJEUr1VD2CVxURAhYGorthpW0,2020-04-14,-57,-31,-37,-54,-48,18
IQ,Iraq,,,,,,ChIJEUr1VD2CVxURAhYGorthpW0,2020-04-15,-57,-29,-37,-51,-47,18
IQ,Iraq,,,,,,ChIJEUr1VD2CVxURAhYGorthpW0,2020-04-16,-59,-32,-40,-54,-46,20
IQ,Iraq,,,,,,ChIJEUr1VD2CVxURAhYGorthpW0,2020-04-17,-58,-32,-41,-54,-19,14
IQ,Iraq,,,,,,ChIJEUr1VD2CVxURAhYGorthpW0,2020-04-18,-53,-31,-36,-49,-31,15
IQ,Iraq,,,,,,ChIJEUr1VD2CVxURAhYGorthpW0,2020-04-19,-47,-23,-33,-47,-40,16
IQ,Iraq,,,,,,ChIJEUr1VD2CVxURAhYGorthpW0,2020-04-20,-49,-24,-32,-44,-39,15
IQ,Iraq,,,,,,ChIJEUr1VD2CVxURAhYGorthpW0,2020-04-21,-38,-14,-25,-36,-30,12
IQ,Iraq,,,,,,ChIJEUr1VD2CVxURAhYGorthpW0,2020-04-22,-35,-10,-25,-34,-29,11
IQ,Iraq,,,,,,ChIJEUr1VD2CVxURAhYGorthpW0,2020-04-23,-37,-11,-26,-35,-29,13
IQ,Iraq,,,,,,ChIJEUr1VD2CVxURAhYGorthpW0,2020-04-24,-56,-32,-43,-55,-21,15
IQ,Iraq,,,,,,ChIJEUr1VD2CVxURAhYGorthpW0,2020-04-25,-55,-35,-39,-53,-29,17
IQ,Iraq,,,,,,ChIJEUr1VD2CVxURAhYGorthpW0,2020-04-26,-35,-15,-27,-37,-26,15
IQ,Iraq,,,,,,ChIJEUr1VD2CVxURAhYGorthpW0,2020-04-27,-38,-16,-26,-38,-26,14
IQ,Iraq,,,,,,ChIJEUr1VD2CVxURAhYGorthpW0,2020-04-28,-35,-12,-23,-35,-25,12
IQ,Iraq,,,,,,ChIJEUr1VD2CVxURAhYGorthpW0,2020-04-29,-35,-11,-23,-34,-26,14
IQ,Iraq,,,,,,ChIJEUr1VD2CVxURAhYGorthpW0,2020-04-30,-40,-16,-26,-36,-25,16
IQ,Iraq,,,,,,ChIJEUr1VD2CVxURAhYGorthpW0,2020-05-01,-54,-31,-41,-52,-16,14
IQ,Iraq,,,,,,ChIJEUr1VD2CVxURAhYGorthpW0,2020-05-02,-48,-28,-31,-46,-23,15
IQ,Iraq,,,,,,ChIJEUr1VD2CVxURAhYGorthpW0,2020-05-03,-29,-8,-19,-32,-22,13
IQ,Iraq,,,,,,ChIJEUr1VD2CVxURAhYGorthpW0,2020-05-04,-36,-14,-22,-35,-24,12
IQ,Iraq,,,,,,ChIJEUr1VD2CVxURAhYGorthpW0,2020-05-05,-36,-13,-23,-34,-23,13
IQ,Iraq,,,,,,ChIJEUr1VD2CVxURAhYGorthpW0,2020-05-06,-32,-4,-21,-30,-22,13
IQ,Iraq,,,,,,ChIJEUr1VD2CVxURAhYGorthpW0,2020-05-07,-32,-4,-21,-26,-20,15
IQ,Iraq,,,,,,ChIJEUr1VD2CVxURAhYGorthpW0,2020-05-08,-42,-13,-30,-36,-5,12
IQ,Iraq,,,,,,ChIJEUr1VD2CVxURAhYGorthpW0,2020-05-09,-38,-14,-24,-32,-16,13
IQ,Iraq,,,,,,ChIJEUr1VD2CVxURAhYGorthpW0,2020-05-10,-15,10,-11,-15,-16,12
IQ,Iraq,,,,,,ChIJEUr1VD2CVxURAhYGorthpW0,2020-05-11,-17,9,-8,-13,-15,11
IQ,Iraq,,,,,,ChIJEUr1VD2CVxURAhYGorthpW0,2020-05-12,-15,12,-8,-13,-15,12
IQ,Iraq,,,,,,ChIJEUr1VD2CVxURAhYGorthpW0,2020-05-13,-18,9,-11,-16,-16,12
IQ,Iraq,,,,,,ChIJEUr1VD2CVxURAhYGorthpW0,2020-05-14,-25,0,-16,-18,-18,13
IQ,Iraq,,,,,,ChIJEUr1VD2CVxURAhYGorthpW0,2020-05-15,-36,-9,-26,-28,-4,13
IQ,Iraq,,,,,,ChIJEUr1VD2CVxURAhYGorthpW0,2020-05-16,-29,-6,-17,-24,-12,13
IQ,Iraq,,,,,,ChIJEUr1VD2CVxURAhYGorthpW0,2020-05-17,-15,7,-12,-15,-16,12
IQ,Iraq,,,,,,ChIJEUr1VD2CVxURAhYGorthpW0,2020-05-18,-17,6,-11,-15,-16,11
IQ,Iraq,,,,,,ChIJEUr1VD2CVxURAhYGorthpW0,2020-05-19,-15,8,-11,-14,-16,11
IQ,Iraq,,,,,,ChIJEUr1VD2CVxURAhYGorthpW0,2020-05-20,-13,13,-10,-13,-17,12
IQ,Iraq,,,,,,ChIJEUr1VD2CVxURAhYGorthpW0,2020-05-21,-14,13,-11,-9,-18,13
IQ,Iraq,,,,,,ChIJEUr1VD2CVxURAhYGorthpW0,2020-05-22,-25,3,-22,-21,0,12
IQ,Iraq,,,,,,ChIJEUr1VD2CVxURAhYGorthpW0,2020-05-23,-22,2,-15,-18,-17,14
IQ,Iraq,,,,,,ChIJEUr1VD2CVxURAhYGorthpW0,2020-05-24,-47,-22,-33,-43,-49,18
IQ,Iraq,,,,,,ChIJEUr1VD2CVxURAhYGorthpW0,2020-05-25,-46,-23,-24,-40,-48,15
IQ,Iraq,,,,,,ChIJEUr1VD2CVxURAhYGorthpW0,2020-05-26,-45,-21,-23,-39,-47,14
IQ,Iraq,,,,,,ChIJEUr1VD2CVxURAhYGorthpW0,2020-05-27,-34,-11,-19,-32,-39,14
IQ,Iraq,,,,,,ChIJEUr1VD2CVxURAhYGorthpW0,2020-05-28,-40,-17,-25,-34,-37,17
IQ,Iraq,,,,,,ChIJEUr1VD2CVxURAhYGorthpW0,2020-05-29,-39,-17,-25,-34,-4,11
IQ,Iraq,,,,,,ChIJEUr1VD2CVxURAhYGorthpW0,2020-05-30,-32,-13,-20,-29,-14,12
IQ,Iraq,,,,,,ChIJEUr1VD2CVxURAhYGorthpW0,2020-05-31,-30,-10,-21,-29,-28,14
IQ,Iraq,,,,,,ChIJEUr1VD2CVxURAhYGorthpW0,2020-06-01,-30,-3,-23,-25,-27,13
IQ,Iraq,,,,,,ChIJEUr1VD2CVxURAhYGorthpW0,2020-06-02,-47,-24,-33,-42,-37,16
IQ,Iraq,,,,,,ChIJEUr1VD2CVxURAhYGorthpW0,2020-06-03,-40,-15,-29,-34,-34,16
IQ,Iraq,,,,,,ChIJEUr1VD2CVxURAhYGorthpW0,2020-06-04,-38,-14,-25,-31,-28,16
IQ,Iraq,,,,,,ChIJEUr1VD2CVxURAhYGorthpW0,2020-06-05,-36,-13,-25,-31,0,11
IQ,Iraq,,,,,,ChIJEUr1VD2CVxURAhYGorthpW0,2020-06-06,-30,-9,-19,-27,-10,12
IQ,Iraq,,,,,,ChIJEUr1VD2CVxURAhYGorthpW0,2020-06-07,-30,-8,-20,-29,-25,14
IQ,Iraq,,,,,,ChIJEUr1VD2CVxURAhYGorthpW0,2020-06-08,-34,-12,-23,-29,-26,13
IQ,Iraq,,,,,,ChIJEUr1VD2CVxURAhYGorthpW0,2020-06-09,-35,-13,-26,-35,-27,13
IQ,Iraq,,,,,,ChIJEUr1VD2CVxURAhYGorthpW0,2020-06-10,-34,-9,-24,-33,-29,14
IQ,Iraq,,,,,,ChIJEUr1VD2CVxURAhYGorthpW0,2020-06-11,-36,-13,-26,-35,-28,16
IQ,Iraq,,,,,,ChIJEUr1VD2CVxURAhYGorthpW0,2020-06-12,-38,-15,-27,-37,-3,11
IQ,Iraq,,,,,,ChIJEUr1VD2CVxURAhYGorthpW0,2020-06-13,-31,-10,-21,-31,-11,12
IQ,Iraq,,,,,,ChIJEUr1VD2CVxURAhYGorthpW0,2020-06-14,-18,-1,-14,-24,-19,12
IQ,Iraq,,,,,,ChIJEUr1VD2CVxURAhYGorthpW0,2020-06-15,-21,-2,-15,-23,-18,10
IQ,Iraq,,,,,,ChIJEUr1VD2CVxURAhYGorthpW0,2020-06-16,-20,0,-15,-23,-18,10
IQ,Iraq,,,,,,ChIJEUr1VD2CVxURAhYGorthpW0,2020-06-17,-22,0,-17,-24,-21,10
IQ,Iraq,,,,,,ChIJEUr1VD2CVxURAhYGorthpW0,2020-06-18,-42,-22,-30,-41,-31,16
IQ,Iraq,,,,,,ChIJEUr1VD2CVxURAhYGorthpW0,2020-06-19,-43,-23,-32,-42,-8,12
IQ,Iraq,,,,,,ChIJEUr1VD2CVxURAhYGorthpW0,2020-06-20,-36,-16,-25,-35,-14,11
IQ,Iraq,,,,,,ChIJEUr1VD2CVxURAhYGorthpW0,2020-06-21,-24,-5,-21,-30,-23,12
IQ,Iraq,,,,,,ChIJEUr1VD2CVxURAhYGorthpW0,2020-06-22,-27,-7,-21,-28,-25,12
IQ,Iraq,,,,,,ChIJEUr1VD2CVxURAhYGorthpW0,2020-06-23,-31,-13,-26,-34,-28,14
IQ,Iraq,,,,,,ChIJEUr1VD2CVxURAhYGorthpW0,2020-06-24,-32,-11,-28,-36,-29,14
IQ,Iraq,,,,,,ChIJEUr1VD2CVxURAhYGorthpW0,2020-06-25,-48,-28,-37,-47,-39,19
IQ,Iraq,,,,,,ChIJEUr1VD2CVxURAhYGorthpW0,2020-06-26,-51,-30,-39,-50,-18,14
IQ,Iraq,,,,,,ChIJEUr1VD2CVxURAhYGorthpW0,2020-06-27,-48,-28,-35,-49,-25,15
IQ,Iraq,,,,,,ChIJEUr1VD2CVxURAhYGorthpW0,2020-06-28,-36,-17,-30,-38,-32,15
IQ,Iraq,,,,,,ChIJEUr1VD2CVxURAhYGorthpW0,2020-06-29,-35,-14,-28,-36,-32,14
IQ,Iraq,,,,,,ChIJEUr1VD2CVxURAhYGorthpW0,2020-06-30,-42,-21,-33,-41,-35,15
IQ,Iraq,,,,,,ChIJEUr1VD2CVxURAhYGorthpW0,2020-07-01,-41,-20,-33,-40,-35,15
IQ,Iraq,,,,,,ChIJEUr1VD2CVxURAhYGorthpW0,2020-07-02,-51,-29,-37,-45,-41,19
IQ,Iraq,,,,,,ChIJEUr1VD2CVxURAhYGorthpW0,2020-07-03,-51,-29,-38,-48,-18,14
IQ,Iraq,,,,,,ChIJEUr1VD2CVxURAhYGorthpW0,2020-07-04,-44,-25,-33,-42,-24,14
IQ,Iraq,,,,,,ChIJEUr1VD2CVxURAhYGorthpW0,2020-07-05,-25,-5,-21,-30,-25,13
IQ,Iraq,,,,,,ChIJEUr1VD2CVxURAhYGorthpW0,2020-07-06,-24,-3,-19,-26,-25,11
IQ,Iraq,,,,,,ChIJEUr1VD2CVxURAhYGorthpW0,2020-07-07,-22,1,-18,-24,-25,11
IQ,Iraq,,,,,,ChIJEUr1VD2CVxURAhYGorthpW0,2020-07-08,-24,-1,-19,-27,-25,11
IQ,Iraq,,,,,,ChIJEUr1VD2CVxURAhYGorthpW0,2020-07-09,-38,-15,-28,-36,-34,16
IQ,Iraq,,,,,,ChIJEUr1VD2CVxURAhYGorthpW0,2020-07-10,-46,-24,-34,-45,-16,12
IQ,Iraq,,,,,,ChIJEUr1VD2CVxURAhYGorthpW0,2020-07-11,-34,-13,-26,-35,-19,13
IQ,Iraq,,,,,,ChIJEUr1VD2CVxURAhYGorthpW0,2020-07-12,-17,2,-15,-23,-24,12
IQ,Iraq,,,,,,ChIJEUr1VD2CVxURAhYGorthpW0,2020-07-13,-20,1,-15,-23,-24,11
IQ,Iraq,,,,,,ChIJEUr1VD2CVxURAhYGorthpW0,2020-07-14,-20,1,-17,-26,-33,13
IQ,Iraq,,,,,,ChIJEUr1VD2CVxURAhYGorthpW0,2020-07-15,-19,3,-16,-21,-24,11
IQ,Iraq,,,,,,ChIJEUr1VD2CVxURAhYGorthpW0,2020-07-16,-35,-12,-27,-35,-33,17
IQ,Iraq,,,,,,ChIJEUr1VD2CVxURAhYGorthpW0,2020-07-17,-39,-17,-30,-40,-12,12
IQ,Iraq,,,,,,ChIJEUr1VD2CVxURAhYGorthpW0,2020-07-18,-29,-8,-23,-31,-16,12
IQ,Iraq,,,,,,ChIJEUr1VD2CVxURAhYGorthpW0,2020-07-19,-13,5,-12,-22,-22,11
IQ,Iraq,,,,,,ChIJEUr1VD2CVxURAhYGorthpW0,2020-07-20,-17,3,-15,-20,-23,10
IQ,Iraq,,,,,,ChIJEUr1VD2CVxURAhYGorthpW0,2020-07-21,-17,1,-14,-23,-23,11
IQ,Iraq,,,,,,ChIJEUr1VD2CVxURAhYGorthpW0,2020-07-22,-17,3,-16,-22,-23,11
IQ,Iraq,,,,,,ChIJEUr1VD2CVxURAhYGorthpW0,2020-07-23,-35,-12,-25,-32,-32,16
IQ,Iraq,,,,,,ChIJEUr1VD2CVxURAhYGorthpW0,2020-07-24,-37,-16,-27,-37,-12,12
IQ,Iraq,,,,,,ChIJEUr1VD2CVxURAhYGorthpW0,2020-07-25,-30,-11,-21,-30,-17,12
IQ,Iraq,,,,,,ChIJEUr1VD2CVxURAhYGorthpW0,2020-07-26,-12,6,-12,-22,-22,11
IQ,Iraq,,,,,,ChIJEUr1VD2CVxURAhYGorthpW0,2020-07-27,-13,6,-9,-18,-22,10
IQ,Iraq,,,,,,ChIJEUr1VD2CVxURAhYGorthpW0,2020-07-28,-8,12,-7,-12,-22,10
IQ,Iraq,,,,,,ChIJEUr1VD2CVxURAhYGorthpW0,2020-07-29,4,28,-1,-3,-23,9
IQ,Iraq,,,,,,ChIJEUr1VD2CVxURAhYGorthpW0,2020-07-30,-21,9,-17,-17,-39,17
IQ,Iraq,,,,,,ChIJEUr1VD2CVxURAhYGorthpW0,2020-07-31,-35,-13,-22,-37,-15,10
IQ,Iraq,,,,,,ChIJEUr1VD2CVxURAhYGorthpW0,2020-08-01,-31,-13,-14,-31,-36,12
IQ,Iraq,,,,,,ChIJEUr1VD2CVxURAhYGorthpW0,2020-08-02,-28,-8,-16,-35,-51,15
IQ,Iraq,,,,,,ChIJEUr1VD2CVxURAhYGorthpW0,2020-08-03,-30,-8,-14,-32,-48,14
IQ,Iraq,,,,,,ChIJEUr1VD2CVxURAhYGorthpW0,2020-08-04,-25,-1,-15,-25,-39,14
IQ,Iraq,,,,,,ChIJEUr1VD2CVxURAhYGorthpW0,2020-08-05,-26,0,-19,-27,-37,14
IQ,Iraq,,,,,,ChIJEUr1VD2CVxURAhYGorthpW0,2020-08-06,-33,-9,-22,-27,-37,16
IQ,Iraq,,,,,,ChIJEUr1VD2CVxURAhYGorthpW0,2020-08-07,-36,-14,-25,-34,-11,11
IQ,Iraq,,,,,,ChIJEUr1VD2CVxURAhYGorthpW0,2020-08-08,-27,-8,-19,-22,-16,12
IQ,Iraq,,,,,,ChIJEUr1VD2CVxURAhYGorthpW0,2020-08-09,-10,8,-8,-16,-22,10
IQ,Iraq,,,,,,ChIJEUr1VD2CVxURAhYGorthpW0,2020-08-10,-13,8,-7,-12,-22,10
IQ,Iraq,,,,,,ChIJEUr1VD2CVxURAhYGorthpW0,2020-08-11,-12,6,-6,-16,-23,10
IQ,Iraq,,,,,,ChIJEUr1VD2CVxURAhYGorthpW0,2020-08-12,-13,10,-9,-14,-24,10
IQ,Iraq,,,,,,ChIJEUr1VD2CVxURAhYGorthpW0,2020-08-13,-31,-7,-19,-23,-33,15
IQ,Iraq,,,,,,ChIJEUr1VD2CVxURAhYGorthpW0,2020-08-14,-32,-8,-22,-29,-11,11
IQ,Iraq,,,,,,ChIJEUr1VD2CVxURAhYGorthpW0,2020-08-15,-24,-3,-14,-19,-15,11
IQ,Iraq,,,,,,ChIJEUr1VD2CVxURAhYGorthpW0,2020-08-16,-7,10,-7,-13,-22,10
IQ,Iraq,,,,,,ChIJEUr1VD2CVxURAhYGorthpW0,2020-08-17,-13,7,-7,-11,-21,9
IQ,Iraq,,,,,,ChIJEUr1VD2CVxURAhYGorthpW0,2020-08-18,-12,9,-7,-11,-22,9
IQ,Iraq,,,,,,ChIJEUr1VD2CVxURAhYGorthpW0,2020-08-19,-13,10,-9,-11,-22,9
IQ,Iraq,,,,,,ChIJEUr1VD2CVxURAhYGorthpW0,2020-08-20,-24,-2,-17,-20,-31,14
IQ,Iraq,,,,,,ChIJEUr1VD2CVxURAhYGorthpW0,2020-08-21,-23,-2,-14,-23,-6,9
IQ,Iraq,,,,,,ChIJEUr1VD2CVxURAhYGorthpW0,2020-08-22,-14,5,-8,-12,-7,9
IQ,Iraq,,,,,,ChIJEUr1VD2CVxURAhYGorthpW0,2020-08-23,-8,10,-7,-9,-20,10
IQ,Iraq,,,,,,ChIJEUr1VD2CVxURAhYGorthpW0,2020-08-24,-10,10,-4,-6,-19,9
IQ,Iraq,,,,,,ChIJEUr1VD2CVxURAhYGorthpW0,2020-08-25,-7,13,-2,-6,-20,9
IQ,Iraq,,,,,,ChIJEUr1VD2CVxURAhYGorthpW0,2020-08-26,-7,16,-3,-4,-19,9
IQ,Iraq,,,,,,ChIJEUr1VD2CVxURAhYGorthpW0,2020-08-27,-16,6,-9,-9,-23,11
IQ,Iraq,,,,,,ChIJEUr1VD2CVxURAhYGorthpW0,2020-08-28,-16,7,-8,-14,-3,7
IQ,Iraq,,,,,,ChIJEUr1VD2CVxURAhYGorthpW0,2020-08-29,-11,10,-2,-4,-8,7
IQ,Iraq,,,,,,ChIJEUr1VD2CVxURAhYGorthpW0,2020-08-30,-26,-10,-15,-26,-46,11
IQ,Iraq,,,,,,ChIJEUr1VD2CVxURAhYGorthpW0,2020-08-31,-10,9,-5,-7,-20,7
IQ,Iraq,,,,,,ChIJEUr1VD2CVxURAhYGorthpW0,2020-09-01,-8,10,-5,-9,-21,7
IQ,Iraq,,,,,,ChIJEUr1VD2CVxURAhYGorthpW0,2020-09-02,-11,8,-8,-11,-21,8
IQ,Iraq,,,,,,ChIJEUr1VD2CVxURAhYGorthpW0,2020-09-03,-15,3,-9,-11,-23,10
IQ,Iraq,,,,,,ChIJEUr1VD2CVxURAhYGorthpW0,2020-09-04,-14,5,-8,-16,-7,7
IQ,Iraq,,,,,,ChIJEUr1VD2CVxURAhYGorthpW0,2020-09-05,-7,10,-3,-8,-8,7
IQ,Iraq,,,,,,ChIJEUr1VD2CVxURAhYGorthpW0,2020-09-06,-4,13,-4,-8,-20,8
IQ,Iraq,,,,,,ChIJEUr1VD2CVxURAhYGorthpW0,2020-09-07,-6,11,-3,-4,-21,7
IQ,Iraq,,,,,,ChIJEUr1VD2CVxURAhYGorthpW0,2020-09-08,-4,14,-1,-2,-21,7
IQ,Iraq,,,,,,ChIJEUr1VD2CVxURAhYGorthpW0,2020-09-09,-7,11,-3,-6,-20,7
IQ,Iraq,,,,,,ChIJEUr1VD2CVxURAhYGorthpW0,2020-09-10,-12,6,-3,-6,-22,8
IQ,Iraq,,,,,,ChIJEUr1VD2CVxURAhYGorthpW0,2020-09-11,-11,6,-2,-11,-7,5
IQ,Iraq,,,,,,ChIJEUr1VD2CVxURAhYGorthpW0,2020-09-12,-6,10,1,-6,-7,5
IQ,Iraq,,,,,,ChIJEUr1VD2CVxURAhYGorthpW0,2020-09-13,-2,16,-1,-5,-18,7
IQ,Iraq,,,,,,ChIJEUr1VD2CVxURAhYGorthpW0,2020-09-14,-5,9,2,-3,-16,6
IQ,Iraq,,,,,,ChIJEUr1VD2CVxURAhYGorthpW0,2020-09-15,-3,13,1,-3,-16,6
IQ,Iraq,,,,,,ChIJEUr1VD2CVxURAhYGorthpW0,2020-09-16,-4,12,-3,-4,-17,7
IQ,Iraq,,,,,,ChIJEUr1VD2CVxURAhYGorthpW0,2020-09-17,-14,1,-7,-9,-20,9
IQ,Iraq,,,,,,ChIJEUr1VD2CVxURAhYGorthpW0,2020-09-18,-13,2,-6,-15,-6,6
IQ,Iraq,,,,,,ChIJEUr1VD2CVxURAhYGorthpW0,2020-09-19,-7,8,-1,-7,-6,7
IQ,Iraq,,,,,,ChIJEUr1VD2CVxURAhYGorthpW0,2020-09-20,-4,12,-4,-5,-17,8
IQ,Iraq,,,,,,ChIJEUr1VD2CVxURAhYGorthpW0,2020-09-21,-4,11,5,-1,-17,6
IQ,Iraq,,,,,,ChIJEUr1VD2CVxURAhYGorthpW0,2020-09-22,-4,14,1,0,-18,6
IQ,Iraq,,,,,,ChIJEUr1VD2CVxURAhYGorthpW0,2020-09-23,-7,18,-2,1,-18,6
IQ,Iraq,,,,,,ChIJEUr1VD2CVxURAhYGorthpW0,2020-09-24,-16,5,-6,-2,-20,9
IQ,Iraq,,,,,,ChIJEUr1VD2CVxURAhYGorthpW0,2020-09-25,-14,5,-4,-8,-10,6
IQ,Iraq,,,,,,ChIJEUr1VD2CVxURAhYGorthpW0,2020-09-26,-9,11,-2,-1,-8,6
IQ,Iraq,,,,,,ChIJEUr1VD2CVxURAhYGorthpW0,2020-09-27,-5,15,-4,4,-18,8
IQ,Iraq,,,,,,ChIJEUr1VD2CVxURAhYGorthpW0,2020-09-28,-8,11,-2,6,-17,7
IQ,Iraq,,,,,,ChIJEUr1VD2CVxURAhYGorthpW0,2020-09-29,-7,13,-2,4,-19,6
IQ,Iraq,,,,,,ChIJEUr1VD2CVxURAhYGorthpW0,2020-09-30,-7,16,-4,10,-23,4
IQ,Iraq,,,,,,ChIJEUr1VD2CVxURAhYGorthpW0,2020-10-01,-14,9,-5,12,-25,4
IQ,Iraq,,,,,,ChIJEUr1VD2CVxURAhYGorthpW0,2020-10-02,-8,18,-1,9,-16,1
IQ,Iraq,,,,,,ChIJEUr1VD2CVxURAhYGorthpW0,2020-10-03,-6,19,1,13,-17,2
IQ,Iraq,,,,,,ChIJEUr1VD2CVxURAhYGorthpW0,2020-10-04,-3,22,-1,11,-28,3
IQ,Iraq,,,,,,ChIJEUr1VD2CVxURAhYGorthpW0,2020-10-05,-7,15,2,12,-31,2
IQ,Iraq,,,,,,ChIJEUr1VD2CVxURAhYGorthpW0,2020-10-06,-6,16,3,11,-33,3
IQ,Iraq,,,,,,ChIJEUr1VD2CVxURAhYGorthpW0,2020-10-07,-6,18,1,9,-34,4
IQ,Iraq,,,,,,ChIJEUr1VD2CVxURAhYGorthpW0,2020-10-08,-18,4,-4,-4,-43,9
IQ,Iraq,,,,,,ChIJEUr1VD2CVxURAhYGorthpW0,2020-10-09,-7,18,-4,-2,-8,5
IQ,Iraq,,,,,,ChIJEUr1VD2CVxURAhYGorthpW0,2020-10-10,-2,25,0,3,-4,5
IQ,Iraq,,,,,,ChIJEUr1VD2CVxURAhYGorthpW0,2020-10-11,1,29,0,0,-14,6
IQ,Iraq,,,,,,ChIJEUr1VD2CVxURAhYGorthpW0,2020-10-12,0,27,0,7,-15,5
IQ,Iraq,,,,,,ChIJEUr1VD2CVxURAhYGorthpW0,2020-10-13,3,34,0,10,-15,5
IQ,Iraq,,,,,,ChIJEUr1VD2CVxURAhYGorthpW0,2020-10-14,4,42,-1,9,-14,5
IQ,Iraq,,,,,,ChIJEUr1VD2CVxURAhYGorthpW0,2020-10-15,-5,35,-2,8,-17,8
IQ,Iraq,,,,,,ChIJEUr1VD2CVxURAhYGorthpW0,2020-10-16,-4,33,0,-1,-8,5
IQ,Iraq,,,,,,ChIJEUr1VD2CVxURAhYGorthpW0,2020-10-17,0,37,1,6,-4,6
IQ,Iraq,,,,,,ChIJEUr1VD2CVxURAhYGorthpW0,2020-10-18,5,39,0,4,-13,7
IQ,Iraq,,,,,,ChIJEUr1VD2CVxURAhYGorthpW0,2020-10-19,3,39,1,11,-12,6
IQ,Iraq,,,,,,ChIJEUr1VD2CVxURAhYGorthpW0,2020-10-20,2,37,1,4,-13,5
IQ,Iraq,,,,,,ChIJEUr1VD2CVxURAhYGorthpW0,2020-10-21,4,44,2,2,-12,6
IQ,Iraq,,,,,,ChIJEUr1VD2CVxURAhYGorthpW0,2020-10-22,-1,37,5,4,-12,7
IQ,Iraq,,,,,,ChIJEUr1VD2CVxURAhYGorthpW0,2020-10-23,1,38,10,-2,-2,4
IQ,Iraq,,,,,,ChIJEUr1VD2CVxURAhYGorthpW0,2020-10-24,2,38,8,3,1,4
IQ,Iraq,,,,,,ChIJEUr1VD2CVxURAhYGorthpW0,2020-10-25,5,45,5,3,-10,6
IQ,Iraq,,,,,,ChIJEUr1VD2CVxURAhYGorthpW0,2020-10-26,4,40,7,6,-9,4
IQ,Iraq,,,,,,ChIJEUr1VD2CVxURAhYGorthpW0,2020-10-27,7,43,7,4,-10,4
IQ,Iraq,,,,,,ChIJEUr1VD2CVxURAhYGorthpW0,2020-10-28,7,39,3,8,-11,4
IQ,Iraq,,,,,,ChIJEUr1VD2CVxURAhYGorthpW0,2020-10-29,-3,23,-2,1,-30,8
IQ,Iraq,,,,,,ChIJEUr1VD2CVxURAhYGorthpW0,2020-10-30,-2,21,1,-2,-5,3
IQ,Iraq,,,,,,ChIJEUr1VD2CVxURAhYGorthpW0,2020-10-31,-1,23,0,2,-3,4
IQ,Iraq,,,,,,ChIJEUr1VD2CVxURAhYGorthpW0,2020-11-01,5,29,0,3,-12,5
IQ,Iraq,,,,,,ChIJEUr1VD2CVxURAhYGorthpW0,2020-11-02,3,28,-1,7,-12,3
IQ,Iraq,,,,,,ChIJEUr1VD2CVxURAhYGorthpW0,2020-11-03,6,33,-2,9,-12,3
IQ,Iraq,,,,,,ChIJEUr1VD2CVxURAhYGorthpW0,2020-11-04,2,33,-3,4,-11,4
IQ,Iraq,,,,,,ChIJEUr1VD2CVxURAhYGorthpW0,2020-11-05,-6,26,-5,1,-13,5
IQ,Iraq,,,,,,ChIJEUr1VD2CVxURAhYGorthpW0,2020-11-06,-4,28,-1,-4,-4,3
IQ,Iraq,,,,,,ChIJEUr1VD2CVxURAhYGorthpW0,2020-11-07,-1,29,-2,0,0,3
IQ,Iraq,,,,,,ChIJEUr1VD2CVxURAhYGorthpW0,2020-11-08,3,35,-5,1,-9,4
IQ,Iraq,,,,,,ChIJEUr1VD2CVxURAhYGorthpW0,2020-11-09,-2,27,-4,-3,-10,2
IQ,Iraq,,,,,,ChIJEUr1VD2CVxURAhYGorthpW0,2020-11-10,3,35,-1,2,-10,2
IQ,Iraq,,,,,,ChIJEUr1VD2CVxURAhYGorthpW0,2020-11-11,3,36,-2,3,-10,3
IQ,Iraq,,,,,,ChIJEUr1VD2CVxURAhYGorthpW0,2020-11-12,-5,24,-5,0,-13,5
IQ,Iraq,,,,,,ChIJEUr1VD2CVxURAhYGorthpW0,2020-11-13,-1,30,1,-5,-2,2
IQ,Iraq,,,,,,ChIJEUr1VD2CVxURAhYGorthpW0,2020-11-14,1,32,-1,0,1,2
IQ,Iraq,,,,,,ChIJEUr1VD2CVxURAhYGorthpW0,2020-11-15,5,37,-2,0,-7,3
IQ,Iraq,,,,,,ChIJEUr1VD2CVxURAhYGorthpW0,2020-11-16,2,32,-2,3,-8,2
IQ,Iraq,,,,,,ChIJEUr1VD2CVxURAhYGorthpW0,2020-11-17,6,39,0,6,-9,2
IQ,Iraq,,,,,,ChIJEUr1VD2CVxURAhYGorthpW0,2020-11-18,8,43,1,5,-8,3
IQ,Iraq,,,,,,ChIJEUr1VD2CVxURAhYGorthpW0,2020-11-19,2,36,-1,9,-10,4
IQ,Iraq,,,,,,ChIJEUr1VD2CVxURAhYGorthpW0,2020-11-20,5,39,2,5,0,1
IQ,Iraq,,,,,,ChIJEUr1VD2CVxURAhYGorthpW0,2020-11-21,-4,24,-8,1,-1,3
IQ,Iraq,,,,,,ChIJEUr1VD2CVxURAhYGorthpW0,2020-11-22,11,45,0,8,-7,3
IQ,Iraq,,,,,,ChIJEUr1VD2CVxURAhYGorthpW0,2020-11-23,8,40,2,8,-6,1
IQ,Iraq,,,,,,ChIJEUr1VD2CVxURAhYGorthpW0,2020-11-24,10,44,4,11,-7,1
IQ,Iraq,,,,,,ChIJEUr1VD2CVxURAhYGorthpW0,2020-11-25,11,50,3,11,-6,1
IQ,Iraq,,,,,,ChIJEUr1VD2CVxURAhYGorthpW0,2020-11-26,3,38,-3,8,-9,3
IQ,Iraq,,,,,,ChIJEUr1VD2CVxURAhYGorthpW0,2020-11-27,8,43,2,8,3,0
IQ,Iraq,,,,,,ChIJEUr1VD2CVxURAhYGorthpW0,2020-11-28,-3,27,-8,-4,1,2
IQ,Iraq,,,,,,ChIJEUr1VD2CVxURAhYGorthpW0,2020-11-29,10,46,-3,1,-5,3
IQ,Iraq,,,,,,ChIJEUr1VD2CVxURAhYGorthpW0,2020-11-30,10,43,4,13,-3,1
IQ,Iraq,,,,,,ChIJEUr1VD2CVxURAhYGorthpW0,2020-12-01,11,47,3,12,-4,1
IQ,Iraq,,,,,,ChIJEUr1VD2CVxURAhYGorthpW0,2020-12-02,10,48,1,7,-3,1
IQ,Iraq,,,,,,ChIJEUr1VD2CVxURAhYGorthpW0,2020-12-03,7,45,2,10,-5,3
IQ,Iraq,,,,,,ChIJEUr1VD2CVxURAhYGorthpW0,2020-12-04,11,49,6,6,5,0
IQ,Iraq,,,,,,ChIJEUr1VD2CVxURAhYGorthpW0,2020-12-05,10,47,5,7,7,0
IQ,Iraq,,,,,,ChIJEUr1VD2CVxURAhYGorthpW0,2020-12-06,12,47,1,6,-3,2
IQ,Iraq,,,,,,ChIJEUr1VD2CVxURAhYGorthpW0,2020-12-07,8,42,4,9,-3,0
IQ,Iraq,,,,,,ChIJEUr1VD2CVxURAhYGorthpW0,2020-12-08,9,43,3,8,-2,1
IQ,Iraq,,,,,,ChIJEUr1VD2CVxURAhYGorthpW0,2020-12-09,7,44,4,8,-4,1
IQ,Iraq,,,,,,ChIJEUr1VD2CVxURAhYGorthpW0,2020-12-10,3,41,7,4,-22,6
IQ,Iraq,,,,,,ChIJEUr1VD2CVxURAhYGorthpW0,2020-12-11,5,45,10,3,1,2
IQ,Iraq,,,,,,ChIJEUr1VD2CVxURAhYGorthpW0,2020-12-12,7,44,11,8,3,3
IQ,Iraq,,,,,,ChIJEUr1VD2CVxURAhYGorthpW0,2020-12-13,9,47,9,9,-6,3
IQ,Iraq,,,,,,ChIJEUr1VD2CVxURAhYGorthpW0,2020-12-14,7,44,10,12,-4,2
IQ,Iraq,,,,,,ChIJEUr1VD2CVxURAhYGorthpW0,2020-12-15,4,41,6,12,-6,2
IQ,Iraq,,,,,,ChIJEUr1VD2CVxURAhYGorthpW0,2020-12-16,8,48,5,10,-4,3
IQ,Iraq,,,,,,ChIJEUr1VD2CVxURAhYGorthpW0,2020-12-17,2,39,4,8,-6,4
IQ,Iraq,,,,,,ChIJEUr1VD2CVxURAhYGorthpW0,2020-12-18,4,44,7,7,1,3
IQ,Iraq,,,,,,ChIJEUr1VD2CVxURAhYGorthpW0,2020-12-19,6,44,11,9,5,3
IQ,Iraq,,,,,,ChIJEUr1VD2CVxURAhYGorthpW0,2020-12-20,9,46,10,14,-4,3
IQ,Iraq,,,,,,ChIJEUr1VD2CVxURAhYGorthpW0,2020-12-21,6,43,10,12,-3,2
IQ,Iraq,,,,,,ChIJEUr1VD2CVxURAhYGorthpW0,2020-12-22,6,42,8,11,-5,2
IQ,Iraq,,,,,,ChIJEUr1VD2CVxURAhYGorthpW0,2020-12-23,8,47,6,10,-4,3
IQ,Iraq,,,,,,ChIJEUr1VD2CVxURAhYGorthpW0,2020-12-24,-2,38,3,7,-6,5
IQ,Iraq,,,,,,ChIJEUr1VD2CVxURAhYGorthpW0,2020-12-25,1,42,5,3,2,3
IQ,Iraq,,,,,,ChIJEUr1VD2CVxURAhYGorthpW0,2020-12-26,5,44,11,7,6,3
IQ,Iraq,,,,,,ChIJEUr1VD2CVxURAhYGorthpW0,2020-12-27,7,46,8,10,-6,4
IQ,Iraq,,,,,,ChIJEUr1VD2CVxURAhYGorthpW0,2020-12-28,9,48,11,15,-4,3
IQ,Iraq,,,,,,ChIJEUr1VD2CVxURAhYGorthpW0,2020-12-29,10,48,9,15,-6,3
IQ,Iraq,,,,,,ChIJEUr1VD2CVxURAhYGorthpW0,2020-12-30,12,55,11,12,-6,3
IQ,Iraq,,,,,,ChIJEUr1VD2CVxURAhYGorthpW0,2020-12-31,17,53,24,17,-8,4
IQ,Iraq,,,,,,ChIJEUr1VD2CVxURAhYGorthpW0,2021-01-01,7,43,18,6,2,1
IQ,Iraq,,,,,,ChIJEUr1VD2CVxURAhYGorthpW0,2021-01-02,7,44,17,8,3,3
IQ,Iraq,,,,,,ChIJEUr1VD2CVxURAhYGorthpW0,2021-01-03,9,48,12,2,-21,7
IQ,Iraq,,,,,,ChIJEUr1VD2CVxURAhYGorthpW0,2021-01-04,5,41,10,11,0,2
IQ,Iraq,,,,,,ChIJEUr1VD2CVxURAhYGorthpW0,2021-01-05,7,43,10,13,-2,2
IQ,Iraq,,,,,,ChIJEUr1VD2CVxURAhYGorthpW0,2021-01-06,14,59,8,4,-19,5
IQ,Iraq,,,,,,ChIJEUr1VD2CVxURAhYGorthpW0,2021-01-07,5,43,7,8,-4,4
IQ,Iraq,,,,,,ChIJEUr1VD2CVxURAhYGorthpW0,2021-01-08,8,44,12,2,2,1
IQ,Iraq,,,,,,ChIJEUr1VD2CVxURAhYGorthpW0,2021-01-09,9,44,8,4,8,0
IQ,Iraq,,,,,,ChIJEUr1VD2CVxURAhYGorthpW0,2021-01-10,14,46,6,8,-2,0
IQ,Iraq,,,,,,ChIJEUr1VD2CVxURAhYGorthpW0,2021-01-11,10,40,7,10,-1,0
IQ,Iraq,,,,,,ChIJEUr1VD2CVxURAhYGorthpW0,2021-01-12,9,38,4,7,-3,-1
IQ,Iraq,,,,,,ChIJEUr1VD2CVxURAhYGorthpW0,2021-01-13,10,43,2,6,-4,-2
IQ,Iraq,,,,,,ChIJEUr1VD2CVxURAhYGorthpW0,2021-01-14,2,33,-4,5,-8,-1
IQ,Iraq,,,,,,ChIJEUr1VD2CVxURAhYGorthpW0,2021-01-15,7,36,2,2,-4,-2
IQ,Iraq,,,,,,ChIJEUr1VD2CVxURAhYGorthpW0,2021-01-16,8,40,2,4,2,-2
IQ,Iraq,,,,,,ChIJEUr1VD2CVxURAhYGorthpW0,2021-01-17,10,41,-1,5,-6,-2
IQ,Iraq,,,,,,ChIJEUr1VD2CVxURAhYGorthpW0,2021-01-18,8,37,1,10,-4,-2
IQ,Iraq,,,,,,ChIJEUr1VD2CVxURAhYGorthpW0,2021-01-19,7,36,-2,7,-6,-2
IQ,Iraq,,,,,,ChIJEUr1VD2CVxURAhYGorthpW0,2021-01-20,5,36,-6,3,-5,-1
IQ,Iraq,,,,,,ChIJEUr1VD2CVxURAhYGorthpW0,2021-01-21,-1,30,-6,2,-7,1
IQ,Iraq,,,,,,ChIJEUr1VD2CVxURAhYGorthpW0,2021-01-22,2,32,-3,-5,-3,0
IQ,Iraq,,,,,,ChIJEUr1VD2CVxURAhYGorthpW0,2021-01-23,5,37,-2,2,5,0
IQ,Iraq,,,,,,ChIJEUr1VD2CVxURAhYGorthpW0,2021-01-24,9,40,-1,5,-3,0
IQ,Iraq,,,,,,ChIJEUr1VD2CVxURAhYGorthpW0,2021-01-25,8,39,3,8,-3,-1
IQ,Iraq,,,,,,ChIJEUr1VD2CVxURAhYGorthpW0,2021-01-26,10,40,3,8,-3,-1
IQ,Iraq,,,,,,ChIJEUr1VD2CVxURAhYGorthpW0,2021-01-27,12,47,2,11,-3,-1
IQ,Iraq,,,,,,ChIJEUr1VD2CVxURAhYGorthpW0,2021-01-28,8,42,0,9,-5,0
IQ,Iraq,,,,,,ChIJEUr1VD2CVxURAhYGorthpW0,2021-01-29,7,44,0,3,-2,-2
IQ,Iraq,,,,,,ChIJEUr1VD2CVxURAhYGorthpW0,2021-01-30,16,55,8,13,6,-4
IQ,Iraq,,,,,,ChIJEUr1VD2CVxURAhYGorthpW0,2021-01-31,17,55,3,14,-2,-4
IQ,Iraq,,,,,,ChIJEUr1VD2CVxURAhYGorthpW0,2021-02-01,17,56,9,16,-1,-5
IQ,Iraq,,,,,,ChIJEUr1VD2CVxURAhYGorthpW0,2021-02-02,19,58,10,15,-3,-5
IQ,Iraq,,,,,,ChIJEUr1VD2CVxURAhYGorthpW0,2021-02-03,10,42,2,0,-6,-4
IQ,Iraq,,,,,,ChIJEUr1VD2CVxURAhYGorthpW0,2021-02-04,4,33,3,1,-9,-3
IQ,Iraq,,,,,,ChIJEUr1VD2CVxURAhYGorthpW0,2021-02-05,-4,25,-7,-15,-10,-1
IQ,Iraq,,,,,,ChIJEUr1VD2CVxURAhYGorthpW0,2021-02-06,-3,22,-6,-12,-3,-1
IQ,Iraq,,,,,,ChIJEUr1VD2CVxURAhYGorthpW0,2021-02-07,9,36,4,-3,-6,-2
IQ,Iraq,,,,,,ChIJEUr1VD2CVxURAhYGorthpW0,2021-02-08,11,41,8,6,-5,-4
IQ,Iraq,,,,,,ChIJEUr1VD2CVxURAhYGorthpW0,2021-02-09,17,51,11,10,-4,-3
IQ,Iraq,,,,,,ChIJEUr1VD2CVxURAhYGorthpW0,2021-02-10,16,52,10,7,-5,-3
IQ,Iraq,,,,,,ChIJEUr1VD2CVxURAhYGorthpW0,2021-02-11,10,43,7,7,-9,-3
IQ,Iraq,,,,,,ChIJEUr1VD2CVxURAhYGorthpW0,2021-02-12,11,44,12,2,-9,-5
IQ,Iraq,,,,,,ChIJEUr1VD2CVxURAhYGorthpW0,2021-02-13,13,47,6,4,-2,-5
IQ,Iraq,,,,,,ChIJEUr1VD2CVxURAhYGorthpW0,2021-02-14,22,52,7,6,-7,-5
IQ,Iraq,,,,,,ChIJEUr1VD2CVxURAhYGorthpW0,2021-02-15,14,47,5,11,-8,-6
IQ,Iraq,,,,,,ChIJEUr1VD2CVxURAhYGorthpW0,2021-02-16,17,50,5,12,-9,-6
IQ,Iraq,,,,,,ChIJEUr1VD2CVxURAhYGorthpW0,2021-02-17,20,58,5,16,-8,-6
IQ,Iraq,,,,,,ChIJEUr1VD2CVxURAhYGorthpW0,2021-02-18,-2,42,-8,10,-13,-1
IQ,Iraq,,,,,,ChIJEUr1VD2CVxURAhYGorthpW0,2021-02-19,-38,2,-33,-35,-33,6
IQ,Iraq,,,,,,ChIJEUr1VD2CVxURAhYGorthpW0,2021-02-20,-34,6,-29,-34,-34,7
IQ,Iraq,,,,,,ChIJEUr1VD2CVxURAhYGorthpW0,2021-02-21,-29,13,-27,-32,-42,8
IQ,Iraq,,,,,,ChIJEUr1VD2CVxURAhYGorthpW0,2021-02-22,4,47,-1,8,-10,-3
IQ,Iraq,,,,,,ChIJEUr1VD2CVxURAhYGorthpW0,2021-02-23,5,49,-1,8,-12,-3
IQ,Iraq,,,,,,ChIJEUr1VD2CVxURAhYGorthpW0,2021-02-24,3,51,-2,7,-12,-3
IQ,Iraq,,,,,,ChIJEUr1VD2CVxURAhYGorthpW0,2021-02-25,2,50,0,12,-15,-2
IQ,Iraq,,,,,,ChIJEUr1VD2CVxURAhYGorthpW0,2021-02-26,-29,17,-22,-29,-28,4
IQ,Iraq,,,,,,ChIJEUr1VD2CVxURAhYGorthpW0,2021-02-27,-22,21,-16,-24,-28,5
IQ,Iraq,,,,,,ChIJEUr1VD2CVxURAhYGorthpW0,2021-02-28,-18,27,-18,-23,-39,6
IQ,Iraq,,,,,,ChIJEUr1VD2CVxURAhYGorthpW0,2021-03-01,15,61,13,16,-10,-5
IQ,Iraq,,,,,,ChIJEUr1VD2CVxURAhYGorthpW0,2021-03-02,17,66,10,15,-11,-5
