country_region_code,country_region,sub_region_1,sub_region_2,metro_area,iso_3166_2_code,census_fips_code,place_id,date,retail_and_recreation_percent_change_from_baseline,grocery_and_pharmacy_percent_change_from_baseline,parks_percent_change_from_baseline,transit_stations_percent_change_from_baseline,workplaces_percent_change_from_baseline,residential_percent_change_from_baseline
KR,South Korea,,,,,,ChIJm7oRy-tVZDURS9uIugCbJJE,2020-02-15,-4,0,3,-6,1,3
KR,South Korea,,,,,,ChIJm7oRy-tVZDURS9uIugCbJJE,2020-02-16,-11,0,-31,-15,-3,4
KR,South Korea,,,,,,ChIJm7oRy-tVZDURS9uIugCbJJE,2020-02-17,-7,-6,-17,-6,0,5
KR,South Korea,,,,,,ChIJm7oRy-tVZDURS9uIugCbJJE,2020-02-18,-1,-3,-5,-3,2,2
KR,South Korea,,,,,,ChIJm7oRy-tVZDURS9uIugCbJJE,2020-02-19,-5,-1,14,-4,1,2
KR,South Korea,,,,,,ChIJm7oRy-tVZDURS9uIugCbJJE,2020-02-20,-7,-3,7,-6,1,2
KR,South Korea,,,,,,ChIJm7oRy-tVZDURS9uIugCbJJE,2020-02-21,-15,-4,-10,-10,0,5
KR,South Korea,,,,,,ChIJm7oRy-tVZDURS9uIugCbJJE,2020-02-22,-26,-6,-32,-24,-4,9
KR,South Korea,,,,,,ChIJm7oRy-tVZDURS9uIugCbJJE,2020-02-23,-31,-18,-12,-25,-9,8
KR,South Korea,,,,,,ChIJm7oRy-tVZDURS9uIugCbJJE,2020-02-24,-21,6,6,-15,-6,8
KR,South Korea,,,,,,ChIJm7oRy-tVZDURS9uIugCbJJE,2020-02-25,-33,-13,-38,-26,-10,10
KR,South Korea,,,,,,ChIJm7oRy-tVZDURS9uIugCbJJE,2020-02-26,-29,-7,5,-22,-11,9
KR,South Korea,,,,,,ChIJm7oRy-tVZDURS9uIugCbJJE,2020-02-27,-30,-10,1,-24,-10,9
KR,South Korea,,,,,,ChIJm7oRy-tVZDURS9uIugCbJJE,2020-02-28,-37,-17,-38,-30,-12,13
KR,South Korea,,,,,,ChIJm7oRy-tVZDURS9uIugCbJJE,2020-02-29,-38,-10,-13,-32,-10,12
KR,South Korea,,,,,,ChIJm7oRy-tVZDURS9uIugCbJJE,2020-03-01,-41,-8,-17,-36,-16,11
KR,South Korea,,,,,,ChIJm7oRy-tVZDURS9uIugCbJJE,2020-03-02,-23,-1,10,-20,-8,9
KR,South Korea,,,,,,ChIJm7oRy-tVZDURS9uIugCbJJE,2020-03-03,-24,-7,2,-21,-9,8
KR,South Korea,,,,,,ChIJm7oRy-tVZDURS9uIugCbJJE,2020-03-04,-30,-10,-7,-25,-11,10
KR,South Korea,,,,,,ChIJm7oRy-tVZDURS9uIugCbJJE,2020-03-05,-28,-11,-2,-25,-9,9
KR,South Korea,,,,,,ChIJm7oRy-tVZDURS9uIugCbJJE,2020-03-06,-27,-8,1,-22,-9,10
KR,South Korea,,,,,,ChIJm7oRy-tVZDURS9uIugCbJJE,2020-03-07,-32,-7,-16,-29,-8,11
KR,South Korea,,,,,,ChIJm7oRy-tVZDURS9uIugCbJJE,2020-03-08,-27,-14,34,-24,-14,9
KR,South Korea,,,,,,ChIJm7oRy-tVZDURS9uIugCbJJE,2020-03-09,-19,1,16,-17,-6,8
KR,South Korea,,,,,,ChIJm7oRy-tVZDURS9uIugCbJJE,2020-03-10,-27,-11,-32,-25,-9,9
KR,South Korea,,,,,,ChIJm7oRy-tVZDURS9uIugCbJJE,2020-03-11,-22,-3,23,-18,-8,8
KR,South Korea,,,,,,ChIJm7oRy-tVZDURS9uIugCbJJE,2020-03-12,-23,-5,19,-20,-7,8
KR,South Korea,,,,,,ChIJm7oRy-tVZDURS9uIugCbJJE,2020-03-13,-24,-5,2,-20,-7,9
KR,South Korea,,,,,,ChIJm7oRy-tVZDURS9uIugCbJJE,2020-03-14,-25,1,4,-22,-5,9
KR,South Korea,,,,,,ChIJm7oRy-tVZDURS9uIugCbJJE,2020-03-15,-28,1,-3,-29,-12,9
KR,South Korea,,,,,,ChIJm7oRy-tVZDURS9uIugCbJJE,2020-03-16,-17,1,23,-16,-6,8
KR,South Korea,,,,,,ChIJm7oRy-tVZDURS9uIugCbJJE,2020-03-17,-19,-5,12,-17,-6,6
KR,South Korea,,,,,,ChIJm7oRy-tVZDURS9uIugCbJJE,2020-03-18,-19,-1,47,-16,-7,7
KR,South Korea,,,,,,ChIJm7oRy-tVZDURS9uIugCbJJE,2020-03-19,-28,-13,-18,-25,-7,9
KR,South Korea,,,,,,ChIJm7oRy-tVZDURS9uIugCbJJE,2020-03-20,-20,-2,17,-17,-6,8
KR,South Korea,,,,,,ChIJm7oRy-tVZDURS9uIugCbJJE,2020-03-21,-21,4,31,-18,-5,7
KR,South Korea,,,,,,ChIJm7oRy-tVZDURS9uIugCbJJE,2020-03-22,-20,-8,52,-17,-12,7
KR,South Korea,,,,,,ChIJm7oRy-tVZDURS9uIugCbJJE,2020-03-23,-15,6,47,-13,-5,7
KR,South Korea,,,,,,ChIJm7oRy-tVZDURS9uIugCbJJE,2020-03-24,-16,0,40,-13,-6,5
KR,South Korea,,,,,,ChIJm7oRy-tVZDURS9uIugCbJJE,2020-03-25,-18,1,61,-14,-8,7
KR,South Korea,,,,,,ChIJm7oRy-tVZDURS9uIugCbJJE,2020-03-26,-25,-8,3,-21,-7,8
KR,South Korea,,,,,,ChIJm7oRy-tVZDURS9uIugCbJJE,2020-03-27,-23,-4,4,-20,-8,10
KR,South Korea,,,,,,ChIJm7oRy-tVZDURS9uIugCbJJE,2020-03-28,-23,2,16,-20,-7,8
KR,South Korea,,,,,,ChIJm7oRy-tVZDURS9uIugCbJJE,2020-03-29,-19,11,51,-17,-12,6
KR,South Korea,,,,,,ChIJm7oRy-tVZDURS9uIugCbJJE,2020-03-30,-13,4,60,-12,-6,7
KR,South Korea,,,,,,ChIJm7oRy-tVZDURS9uIugCbJJE,2020-03-31,-11,2,54,-10,-5,5
KR,South Korea,,,,,,ChIJm7oRy-tVZDURS9uIugCbJJE,2020-04-01,-18,0,44,-15,-8,7
KR,South Korea,,,,,,ChIJm7oRy-tVZDURS9uIugCbJJE,2020-04-02,-18,-2,44,-15,-6,7
KR,South Korea,,,,,,ChIJm7oRy-tVZDURS9uIugCbJJE,2020-04-03,-18,1,36,-13,-6,7
KR,South Korea,,,,,,ChIJm7oRy-tVZDURS9uIugCbJJE,2020-04-04,-19,5,25,-16,-8,7
KR,South Korea,,,,,,ChIJm7oRy-tVZDURS9uIugCbJJE,2020-04-05,-17,14,46,-14,-13,6
KR,South Korea,,,,,,ChIJm7oRy-tVZDURS9uIugCbJJE,2020-04-06,-12,6,48,-9,-3,6
KR,South Korea,,,,,,ChIJm7oRy-tVZDURS9uIugCbJJE,2020-04-07,-12,2,40,-10,-4,5
KR,South Korea,,,,,,ChIJm7oRy-tVZDURS9uIugCbJJE,2020-04-08,-16,0,47,-13,-6,6
KR,South Korea,,,,,,ChIJm7oRy-tVZDURS9uIugCbJJE,2020-04-09,-18,-2,31,-14,-4,6
KR,South Korea,,,,,,ChIJm7oRy-tVZDURS9uIugCbJJE,2020-04-10,-16,2,22,-12,-5,7
KR,South Korea,,,,,,ChIJm7oRy-tVZDURS9uIugCbJJE,2020-04-11,-16,10,17,-13,-7,6
KR,South Korea,,,,,,ChIJm7oRy-tVZDURS9uIugCbJJE,2020-04-12,-20,-10,8,-20,-13,7
KR,South Korea,,,,,,ChIJm7oRy-tVZDURS9uIugCbJJE,2020-04-13,-9,10,45,-9,-3,6
KR,South Korea,,,,,,ChIJm7oRy-tVZDURS9uIugCbJJE,2020-04-14,-4,9,51,-4,-3,2
KR,South Korea,,,,,,ChIJm7oRy-tVZDURS9uIugCbJJE,2020-04-15,-3,23,124,-16,-50,17
KR,South Korea,,,,,,ChIJm7oRy-tVZDURS9uIugCbJJE,2020-04-16,-17,-2,33,-13,-4,6
KR,South Korea,,,,,,ChIJm7oRy-tVZDURS9uIugCbJJE,2020-04-17,-23,-7,-19,-20,-6,9
KR,South Korea,,,,,,ChIJm7oRy-tVZDURS9uIugCbJJE,2020-04-18,-13,8,40,-10,-4,6
KR,South Korea,,,,,,ChIJm7oRy-tVZDURS9uIugCbJJE,2020-04-19,-24,1,-20,-24,-12,7
KR,South Korea,,,,,,ChIJm7oRy-tVZDURS9uIugCbJJE,2020-04-20,-12,5,19,-11,-2,6
KR,South Korea,,,,,,ChIJm7oRy-tVZDURS9uIugCbJJE,2020-04-21,-13,-1,6,-11,-2,4
KR,South Korea,,,,,,ChIJm7oRy-tVZDURS9uIugCbJJE,2020-04-22,-18,-3,6,-15,-4,6
KR,South Korea,,,,,,ChIJm7oRy-tVZDURS9uIugCbJJE,2020-04-23,-16,-2,10,-14,-2,5
KR,South Korea,,,,,,ChIJm7oRy-tVZDURS9uIugCbJJE,2020-04-24,-14,2,10,-10,-2,6
KR,South Korea,,,,,,ChIJm7oRy-tVZDURS9uIugCbJJE,2020-04-25,-12,9,21,-10,-4,5
KR,South Korea,,,,,,ChIJm7oRy-tVZDURS9uIugCbJJE,2020-04-26,-6,1,56,-5,-8,3
KR,South Korea,,,,,,ChIJm7oRy-tVZDURS9uIugCbJJE,2020-04-27,-6,11,40,-6,-1,4
KR,South Korea,,,,,,ChIJm7oRy-tVZDURS9uIugCbJJE,2020-04-28,-5,8,41,-3,-1,1
KR,South Korea,,,,,,ChIJm7oRy-tVZDURS9uIugCbJJE,2020-04-29,-2,17,62,2,-3,-2
KR,South Korea,,,,,,ChIJm7oRy-tVZDURS9uIugCbJJE,2020-04-30,6,29,158,-6,-54,11
KR,South Korea,,,,,,ChIJm7oRy-tVZDURS9uIugCbJJE,2020-05-01,0,22,123,-10,-46,13
KR,South Korea,,,,,,ChIJm7oRy-tVZDURS9uIugCbJJE,2020-05-02,-9,10,60,-4,-15,2
KR,South Korea,,,,,,ChIJm7oRy-tVZDURS9uIugCbJJE,2020-05-03,-5,19,39,-2,-9,1
KR,South Korea,,,,,,ChIJm7oRy-tVZDURS9uIugCbJJE,2020-05-04,15,30,95,1,-18,5
KR,South Korea,,,,,,ChIJm7oRy-tVZDURS9uIugCbJJE,2020-05-05,13,23,114,-14,-56,14
KR,South Korea,,,,,,ChIJm7oRy-tVZDURS9uIugCbJJE,2020-05-06,-10,9,48,-4,-1,3
KR,South Korea,,,,,,ChIJm7oRy-tVZDURS9uIugCbJJE,2020-05-07,-7,7,36,-4,-1,2
KR,South Korea,,,,,,ChIJm7oRy-tVZDURS9uIugCbJJE,2020-05-08,-5,8,19,-1,-1,3
KR,South Korea,,,,,,ChIJm7oRy-tVZDURS9uIugCbJJE,2020-05-09,-18,-2,-36,-20,-7,7
KR,South Korea,,,,,,ChIJm7oRy-tVZDURS9uIugCbJJE,2020-05-10,-6,1,34,-4,-5,3
KR,South Korea,,,,,,ChIJm7oRy-tVZDURS9uIugCbJJE,2020-05-11,-3,14,44,-2,0,3
KR,South Korea,,,,,,ChIJm7oRy-tVZDURS9uIugCbJJE,2020-05-12,-4,7,35,-3,-1,2
KR,South Korea,,,,,,ChIJm7oRy-tVZDURS9uIugCbJJE,2020-05-13,-7,8,58,-4,-2,3
KR,South Korea,,,,,,ChIJm7oRy-tVZDURS9uIugCbJJE,2020-05-14,-8,7,42,-6,-2,2
KR,South Korea,,,,,,ChIJm7oRy-tVZDURS9uIugCbJJE,2020-05-15,-17,-3,-23,-15,-5,5
KR,South Korea,,,,,,ChIJm7oRy-tVZDURS9uIugCbJJE,2020-05-16,-8,12,26,-8,-4,4
KR,South Korea,,,,,,ChIJm7oRy-tVZDURS9uIugCbJJE,2020-05-17,-1,25,56,-2,-4,2
KR,South Korea,,,,,,ChIJm7oRy-tVZDURS9uIugCbJJE,2020-05-18,-9,4,12,-9,-2,5
KR,South Korea,,,,,,ChIJm7oRy-tVZDURS9uIugCbJJE,2020-05-19,-6,7,14,-8,-2,3
KR,South Korea,,,,,,ChIJm7oRy-tVZDURS9uIugCbJJE,2020-05-20,-4,12,59,-3,-3,2
KR,South Korea,,,,,,ChIJm7oRy-tVZDURS9uIugCbJJE,2020-05-21,-5,7,44,-5,-2,2
KR,South Korea,,,,,,ChIJm7oRy-tVZDURS9uIugCbJJE,2020-05-22,-7,8,34,-4,-2,3
KR,South Korea,,,,,,ChIJm7oRy-tVZDURS9uIugCbJJE,2020-05-23,-3,14,55,-2,-2,2
KR,South Korea,,,,,,ChIJm7oRy-tVZDURS9uIugCbJJE,2020-05-24,-3,4,42,-5,-6,3
KR,South Korea,,,,,,ChIJm7oRy-tVZDURS9uIugCbJJE,2020-05-25,1,18,57,-1,-1,3
KR,South Korea,,,,,,ChIJm7oRy-tVZDURS9uIugCbJJE,2020-05-26,-3,8,32,-3,-1,1
KR,South Korea,,,,,,ChIJm7oRy-tVZDURS9uIugCbJJE,2020-05-27,-3,11,64,-2,-2,1
KR,South Korea,,,,,,ChIJm7oRy-tVZDURS9uIugCbJJE,2020-05-28,-7,7,43,-5,-1,2
KR,South Korea,,,,,,ChIJm7oRy-tVZDURS9uIugCbJJE,2020-05-29,-7,9,39,-3,-1,2
KR,South Korea,,,,,,ChIJm7oRy-tVZDURS9uIugCbJJE,2020-05-30,-7,11,47,-5,-3,2
KR,South Korea,,,,,,ChIJm7oRy-tVZDURS9uIugCbJJE,2020-05-31,-3,21,44,-4,-4,2
KR,South Korea,,,,,,ChIJm7oRy-tVZDURS9uIugCbJJE,2020-06-01,0,16,56,-1,0,2
KR,South Korea,,,,,,ChIJm7oRy-tVZDURS9uIugCbJJE,2020-06-02,-6,7,29,-4,0,1
KR,South Korea,,,,,,ChIJm7oRy-tVZDURS9uIugCbJJE,2020-06-03,-6,11,54,-3,-1,2
KR,South Korea,,,,,,ChIJm7oRy-tVZDURS9uIugCbJJE,2020-06-04,-8,6,35,-5,0,2
KR,South Korea,,,,,,ChIJm7oRy-tVZDURS9uIugCbJJE,2020-06-05,-6,10,37,-2,-2,2
KR,South Korea,,,,,,ChIJm7oRy-tVZDURS9uIugCbJJE,2020-06-06,-7,13,49,-7,-15,3
KR,South Korea,,,,,,ChIJm7oRy-tVZDURS9uIugCbJJE,2020-06-07,-2,24,47,-3,-5,1
KR,South Korea,,,,,,ChIJm7oRy-tVZDURS9uIugCbJJE,2020-06-08,-1,15,49,-1,1,1
KR,South Korea,,,,,,ChIJm7oRy-tVZDURS9uIugCbJJE,2020-06-09,-2,9,36,-2,1,0
KR,South Korea,,,,,,ChIJm7oRy-tVZDURS9uIugCbJJE,2020-06-10,-9,4,26,-5,-1,2
KR,South Korea,,,,,,ChIJm7oRy-tVZDURS9uIugCbJJE,2020-06-11,-6,7,30,-7,0,2
KR,South Korea,,,,,,ChIJm7oRy-tVZDURS9uIugCbJJE,2020-06-12,-7,7,25,-5,-1,2
KR,South Korea,,,,,,ChIJm7oRy-tVZDURS9uIugCbJJE,2020-06-13,-6,10,13,-11,-6,4
KR,South Korea,,,,,,ChIJm7oRy-tVZDURS9uIugCbJJE,2020-06-14,-4,0,28,-9,-7,3
KR,South Korea,,,,,,ChIJm7oRy-tVZDURS9uIugCbJJE,2020-06-15,2,18,55,-1,2,1
KR,South Korea,,,,,,ChIJm7oRy-tVZDURS9uIugCbJJE,2020-06-16,-1,10,43,-1,2,0
KR,South Korea,,,,,,ChIJm7oRy-tVZDURS9uIugCbJJE,2020-06-17,-5,10,52,-3,0,1
KR,South Korea,,,,,,ChIJm7oRy-tVZDURS9uIugCbJJE,2020-06-18,-9,1,18,-9,0,2
KR,South Korea,,,,,,ChIJm7oRy-tVZDURS9uIugCbJJE,2020-06-19,-6,9,36,-3,-1,1
KR,South Korea,,,,,,ChIJm7oRy-tVZDURS9uIugCbJJE,2020-06-20,-5,10,44,-5,-5,1
KR,South Korea,,,,,,ChIJm7oRy-tVZDURS9uIugCbJJE,2020-06-21,-3,20,43,-4,-6,1
KR,South Korea,,,,,,ChIJm7oRy-tVZDURS9uIugCbJJE,2020-06-22,-1,13,49,-2,0,1
KR,South Korea,,,,,,ChIJm7oRy-tVZDURS9uIugCbJJE,2020-06-23,-1,9,41,-1,1,-1
KR,South Korea,,,,,,ChIJm7oRy-tVZDURS9uIugCbJJE,2020-06-24,-15,-4,-2,-12,-1,3
KR,South Korea,,,,,,ChIJm7oRy-tVZDURS9uIugCbJJE,2020-06-25,-10,2,4,-10,0,3
KR,South Korea,,,,,,ChIJm7oRy-tVZDURS9uIugCbJJE,2020-06-26,-4,9,34,-3,0,1
KR,South Korea,,,,,,ChIJm7oRy-tVZDURS9uIugCbJJE,2020-06-27,-3,11,41,-5,-6,1
KR,South Korea,,,,,,ChIJm7oRy-tVZDURS9uIugCbJJE,2020-06-28,-1,0,43,-4,-7,1
KR,South Korea,,,,,,ChIJm7oRy-tVZDURS9uIugCbJJE,2020-06-29,-5,8,18,-5,1,2
KR,South Korea,,,,,,ChIJm7oRy-tVZDURS9uIugCbJJE,2020-06-30,-4,6,8,-7,1,2
KR,South Korea,,,,,,ChIJm7oRy-tVZDURS9uIugCbJJE,2020-07-01,-5,10,56,-4,0,1
KR,South Korea,,,,,,ChIJm7oRy-tVZDURS9uIugCbJJE,2020-07-02,-6,5,41,-6,1,1
KR,South Korea,,,,,,ChIJm7oRy-tVZDURS9uIugCbJJE,2020-07-03,-8,5,23,-5,-1,2
KR,South Korea,,,,,,ChIJm7oRy-tVZDURS9uIugCbJJE,2020-07-04,-6,10,44,-7,-6,2
KR,South Korea,,,,,,ChIJm7oRy-tVZDURS9uIugCbJJE,2020-07-05,-3,20,49,-5,-7,1
KR,South Korea,,,,,,ChIJm7oRy-tVZDURS9uIugCbJJE,2020-07-06,-2,11,48,-3,0,2
KR,South Korea,,,,,,ChIJm7oRy-tVZDURS9uIugCbJJE,2020-07-07,-1,8,43,-2,1,0
KR,South Korea,,,,,,ChIJm7oRy-tVZDURS9uIugCbJJE,2020-07-08,-5,5,55,-5,0,1
KR,South Korea,,,,,,ChIJm7oRy-tVZDURS9uIugCbJJE,2020-07-09,-7,3,32,-7,0,1
KR,South Korea,,,,,,ChIJm7oRy-tVZDURS9uIugCbJJE,2020-07-10,-10,3,18,-8,-1,3
KR,South Korea,,,,,,ChIJm7oRy-tVZDURS9uIugCbJJE,2020-07-11,-5,11,41,-7,-6,2
KR,South Korea,,,,,,ChIJm7oRy-tVZDURS9uIugCbJJE,2020-07-12,-10,-8,12,-12,-10,3
KR,South Korea,,,,,,ChIJm7oRy-tVZDURS9uIugCbJJE,2020-07-13,-14,-1,-14,-14,-3,5
KR,South Korea,,,,,,ChIJm7oRy-tVZDURS9uIugCbJJE,2020-07-14,-3,7,28,-5,0,1
KR,South Korea,,,,,,ChIJm7oRy-tVZDURS9uIugCbJJE,2020-07-15,-3,11,55,-5,0,1
KR,South Korea,,,,,,ChIJm7oRy-tVZDURS9uIugCbJJE,2020-07-16,-3,8,46,-6,1,0
KR,South Korea,,,,,,ChIJm7oRy-tVZDURS9uIugCbJJE,2020-07-17,-5,6,40,-5,-1,1
KR,South Korea,,,,,,ChIJm7oRy-tVZDURS9uIugCbJJE,2020-07-18,-4,9,48,-7,-6,1
KR,South Korea,,,,,,ChIJm7oRy-tVZDURS9uIugCbJJE,2020-07-19,-8,12,13,-15,-9,3
KR,South Korea,,,,,,ChIJm7oRy-tVZDURS9uIugCbJJE,2020-07-20,-3,10,40,-7,-1,3
KR,South Korea,,,,,,ChIJm7oRy-tVZDURS9uIugCbJJE,2020-07-21,1,7,45,-3,0,-1
KR,South Korea,,,,,,ChIJm7oRy-tVZDURS9uIugCbJJE,2020-07-22,-11,-3,16,-11,-2,3
KR,South Korea,,,,,,ChIJm7oRy-tVZDURS9uIugCbJJE,2020-07-23,-19,-13,-21,-18,-2,4
KR,South Korea,,,,,,ChIJm7oRy-tVZDURS9uIugCbJJE,2020-07-24,-8,6,13,-10,-1,3
KR,South Korea,,,,,,ChIJm7oRy-tVZDURS9uIugCbJJE,2020-07-25,-5,10,36,-10,-7,3
KR,South Korea,,,,,,ChIJm7oRy-tVZDURS9uIugCbJJE,2020-07-26,0,0,54,-5,-8,1
KR,South Korea,,,,,,ChIJm7oRy-tVZDURS9uIugCbJJE,2020-07-27,-4,8,26,-8,-3,3
KR,South Korea,,,,,,ChIJm7oRy-tVZDURS9uIugCbJJE,2020-07-28,-2,5,27,-7,-2,1
KR,South Korea,,,,,,ChIJm7oRy-tVZDURS9uIugCbJJE,2020-07-29,-8,2,22,-12,-6,3
KR,South Korea,,,,,,ChIJm7oRy-tVZDURS9uIugCbJJE,2020-07-30,-3,6,43,-9,-6,2
KR,South Korea,,,,,,ChIJm7oRy-tVZDURS9uIugCbJJE,2020-07-31,0,11,49,-3,-8,2
KR,South Korea,,,,,,ChIJm7oRy-tVZDURS9uIugCbJJE,2020-08-01,-8,7,29,-11,-18,3
KR,South Korea,,,,,,ChIJm7oRy-tVZDURS9uIugCbJJE,2020-08-02,-9,13,24,-12,-15,2
KR,South Korea,,,,,,ChIJm7oRy-tVZDURS9uIugCbJJE,2020-08-03,2,15,69,-6,-20,5
KR,South Korea,,,,,,ChIJm7oRy-tVZDURS9uIugCbJJE,2020-08-04,7,15,62,-4,-18,3
KR,South Korea,,,,,,ChIJm7oRy-tVZDURS9uIugCbJJE,2020-08-05,-1,11,52,-8,-17,4
KR,South Korea,,,,,,ChIJm7oRy-tVZDURS9uIugCbJJE,2020-08-06,-4,6,36,-11,-13,5
KR,South Korea,,,,,,ChIJm7oRy-tVZDURS9uIugCbJJE,2020-08-07,-5,4,24,-9,-13,5
KR,South Korea,,,,,,ChIJm7oRy-tVZDURS9uIugCbJJE,2020-08-08,-13,0,-9,-19,-14,6
KR,South Korea,,,,,,ChIJm7oRy-tVZDURS9uIugCbJJE,2020-08-09,-12,-11,-6,-21,-14,5
KR,South Korea,,,,,,ChIJm7oRy-tVZDURS9uIugCbJJE,2020-08-10,-4,9,12,-11,-8,4
KR,South Korea,,,,,,ChIJm7oRy-tVZDURS9uIugCbJJE,2020-08-11,1,9,25,-7,-7,2
KR,South Korea,,,,,,ChIJm7oRy-tVZDURS9uIugCbJJE,2020-08-12,0,9,52,-5,-8,1
KR,South Korea,,,,,,ChIJm7oRy-tVZDURS9uIugCbJJE,2020-08-13,0,9,47,-6,-8,1
KR,South Korea,,,,,,ChIJm7oRy-tVZDURS9uIugCbJJE,2020-08-14,0,12,42,-4,-11,2
KR,South Korea,,,,,,ChIJm7oRy-tVZDURS9uIugCbJJE,2020-08-15,-9,8,30,-13,-24,3
KR,South Korea,,,,,,ChIJm7oRy-tVZDURS9uIugCbJJE,2020-08-16,2,23,58,-3,-15,-1
KR,South Korea,,,,,,ChIJm7oRy-tVZDURS9uIugCbJJE,2020-08-17,7,22,98,-13,-46,10
KR,South Korea,,,,,,ChIJm7oRy-tVZDURS9uIugCbJJE,2020-08-18,-6,9,38,-6,-7,1
KR,South Korea,,,,,,ChIJm7oRy-tVZDURS9uIugCbJJE,2020-08-19,-13,8,45,-10,-9,3
KR,South Korea,,,,,,ChIJm7oRy-tVZDURS9uIugCbJJE,2020-08-20,-16,3,30,-14,-9,3
KR,South Korea,,,,,,ChIJm7oRy-tVZDURS9uIugCbJJE,2020-08-21,-19,3,21,-14,-9,5
KR,South Korea,,,,,,ChIJm7oRy-tVZDURS9uIugCbJJE,2020-08-22,-28,-1,0,-24,-11,7
KR,South Korea,,,,,,ChIJm7oRy-tVZDURS9uIugCbJJE,2020-08-23,-25,-7,20,-21,-17,6
KR,South Korea,,,,,,ChIJm7oRy-tVZDURS9uIugCbJJE,2020-08-24,-15,14,41,-12,-8,5
KR,South Korea,,,,,,ChIJm7oRy-tVZDURS9uIugCbJJE,2020-08-25,-16,8,24,-12,-8,3
KR,South Korea,,,,,,ChIJm7oRy-tVZDURS9uIugCbJJE,2020-08-26,-26,-1,2,-22,-11,8
KR,South Korea,,,,,,ChIJm7oRy-tVZDURS9uIugCbJJE,2020-08-27,-27,-5,-3,-26,-10,8
KR,South Korea,,,,,,ChIJm7oRy-tVZDURS9uIugCbJJE,2020-08-28,-26,0,2,-20,-9,7
KR,South Korea,,,,,,ChIJm7oRy-tVZDURS9uIugCbJJE,2020-08-29,-34,-2,-13,-29,-12,9
KR,South Korea,,,,,,ChIJm7oRy-tVZDURS9uIugCbJJE,2020-08-30,-34,7,2,-29,-19,8
KR,South Korea,,,,,,ChIJm7oRy-tVZDURS9uIugCbJJE,2020-08-31,-20,10,39,-16,-10,6
KR,South Korea,,,,,,ChIJm7oRy-tVZDURS9uIugCbJJE,2020-09-01,-23,3,27,-16,-10,5
KR,South Korea,,,,,,ChIJm7oRy-tVZDURS9uIugCbJJE,2020-09-02,-37,-11,-19,-29,-14,10
KR,South Korea,,,,,,ChIJm7oRy-tVZDURS9uIugCbJJE,2020-09-03,-29,-3,15,-25,-13,8
KR,South Korea,,,,,,ChIJm7oRy-tVZDURS9uIugCbJJE,2020-09-04,-25,5,31,-17,-11,6
KR,South Korea,,,,,,ChIJm7oRy-tVZDURS9uIugCbJJE,2020-09-05,-29,4,15,-24,-14,7
KR,South Korea,,,,,,ChIJm7oRy-tVZDURS9uIugCbJJE,2020-09-06,-32,5,-6,-30,-20,8
KR,South Korea,,,,,,ChIJm7oRy-tVZDURS9uIugCbJJE,2020-09-07,-33,-11,-25,-31,-16,12
KR,South Korea,,,,,,ChIJm7oRy-tVZDURS9uIugCbJJE,2020-09-08,-17,8,42,-12,-9,4
KR,South Korea,,,,,,ChIJm7oRy-tVZDURS9uIugCbJJE,2020-09-09,-24,1,32,-18,-10,6
KR,South Korea,,,,,,ChIJm7oRy-tVZDURS9uIugCbJJE,2020-09-10,-22,3,40,-16,-9,4
KR,South Korea,,,,,,ChIJm7oRy-tVZDURS9uIugCbJJE,2020-09-11,-25,0,10,-17,-10,6
KR,South Korea,,,,,,ChIJm7oRy-tVZDURS9uIugCbJJE,2020-09-12,-26,6,2,-21,-13,7
KR,South Korea,,,,,,ChIJm7oRy-tVZDURS9uIugCbJJE,2020-09-13,-18,0,55,-12,-18,4
KR,South Korea,,,,,,ChIJm7oRy-tVZDURS9uIugCbJJE,2020-09-14,-11,13,52,-9,-4,3
KR,South Korea,,,,,,ChIJm7oRy-tVZDURS9uIugCbJJE,2020-09-15,-11,7,43,-8,-4,1
KR,South Korea,,,,,,ChIJm7oRy-tVZDURS9uIugCbJJE,2020-09-16,-18,4,31,-13,-6,4
KR,South Korea,,,,,,ChIJm7oRy-tVZDURS9uIugCbJJE,2020-09-17,-19,-1,24,-14,-5,3
KR,South Korea,,,,,,ChIJm7oRy-tVZDURS9uIugCbJJE,2020-09-18,-17,6,31,-9,-5,3
KR,South Korea,,,,,,ChIJm7oRy-tVZDURS9uIugCbJJE,2020-09-19,-17,8,37,-10,-8,2
KR,South Korea,,,,,,ChIJm7oRy-tVZDURS9uIugCbJJE,2020-09-20,-12,19,51,-8,-10,2
KR,South Korea,,,,,,ChIJm7oRy-tVZDURS9uIugCbJJE,2020-09-21,-8,13,52,-5,-3,1
KR,South Korea,,,,,,ChIJm7oRy-tVZDURS9uIugCbJJE,2020-09-22,-10,11,40,-1,-2,0
KR,South Korea,,,,,,ChIJm7oRy-tVZDURS9uIugCbJJE,2020-09-23,-14,12,42,0,-3,1
KR,South Korea,,,,,,ChIJm7oRy-tVZDURS9uIugCbJJE,2020-09-24,-15,11,30,-1,-2,1
KR,South Korea,,,,,,ChIJm7oRy-tVZDURS9uIugCbJJE,2020-09-25,-14,14,24,1,-2,2
KR,South Korea,,,,,,ChIJm7oRy-tVZDURS9uIugCbJJE,2020-09-26,-14,18,28,-2,-4,3
KR,South Korea,,,,,,ChIJm7oRy-tVZDURS9uIugCbJJE,2020-09-27,-10,13,45,1,-6,3
KR,South Korea,,,,,,ChIJm7oRy-tVZDURS9uIugCbJJE,2020-09-28,1,42,49,9,-2,1
KR,South Korea,,,,,,ChIJm7oRy-tVZDURS9uIugCbJJE,2020-09-29,7,63,44,16,-7,-1
KR,South Korea,,,,,,ChIJm7oRy-tVZDURS9uIugCbJJE,2020-09-30,-17,73,83,-10,-72,12
KR,South Korea,,,,,,ChIJm7oRy-tVZDURS9uIugCbJJE,2020-10-01,-45,-18,120,-21,-81,10
KR,South Korea,,,,,,ChIJm7oRy-tVZDURS9uIugCbJJE,2020-10-02,-23,1,112,-21,-75,16
KR,South Korea,,,,,,ChIJm7oRy-tVZDURS9uIugCbJJE,2020-10-03,-24,-6,53,-13,-41,7
KR,South Korea,,,,,,ChIJm7oRy-tVZDURS9uIugCbJJE,2020-10-04,-18,7,32,-9,-11,5
KR,South Korea,,,,,,ChIJm7oRy-tVZDURS9uIugCbJJE,2020-10-05,-8,15,45,3,-2,2
KR,South Korea,,,,,,ChIJm7oRy-tVZDURS9uIugCbJJE,2020-10-06,-10,9,41,4,-1,0
KR,South Korea,,,,,,ChIJm7oRy-tVZDURS9uIugCbJJE,2020-10-07,-13,11,52,2,-1,1
KR,South Korea,,,,,,ChIJm7oRy-tVZDURS9uIugCbJJE,2020-10-08,-10,12,43,4,-1,-1
KR,South Korea,,,,,,ChIJm7oRy-tVZDURS9uIugCbJJE,2020-10-09,-9,17,97,-10,-50,13
KR,South Korea,,,,,,ChIJm7oRy-tVZDURS9uIugCbJJE,2020-10-10,-15,8,52,-3,-8,3
KR,South Korea,,,,,,ChIJm7oRy-tVZDURS9uIugCbJJE,2020-10-11,-12,-1,58,1,-7,3
KR,South Korea,,,,,,ChIJm7oRy-tVZDURS9uIugCbJJE,2020-10-12,-7,17,57,6,0,1
KR,South Korea,,,,,,ChIJm7oRy-tVZDURS9uIugCbJJE,2020-10-13,-7,11,45,6,0,-1
KR,South Korea,,,,,,ChIJm7oRy-tVZDURS9uIugCbJJE,2020-10-14,-10,11,53,3,-1,1
KR,South Korea,,,,,,ChIJm7oRy-tVZDURS9uIugCbJJE,2020-10-15,-10,9,41,1,0,0
KR,South Korea,,,,,,ChIJm7oRy-tVZDURS9uIugCbJJE,2020-10-16,-11,9,28,3,-1,1
KR,South Korea,,,,,,ChIJm7oRy-tVZDURS9uIugCbJJE,2020-10-17,-8,12,44,4,-5,1
KR,South Korea,,,,,,ChIJm7oRy-tVZDURS9uIugCbJJE,2020-10-18,-4,21,59,5,-7,1
KR,South Korea,,,,,,ChIJm7oRy-tVZDURS9uIugCbJJE,2020-10-19,-3,18,60,8,1,0
KR,South Korea,,,,,,ChIJm7oRy-tVZDURS9uIugCbJJE,2020-10-20,-3,13,51,10,1,-2
KR,South Korea,,,,,,ChIJm7oRy-tVZDURS9uIugCbJJE,2020-10-21,-9,10,46,4,1,0
KR,South Korea,,,,,,ChIJm7oRy-tVZDURS9uIugCbJJE,2020-10-22,-9,6,34,1,2,0
KR,South Korea,,,,,,ChIJm7oRy-tVZDURS9uIugCbJJE,2020-10-23,-9,10,29,3,1,0
KR,South Korea,,,,,,ChIJm7oRy-tVZDURS9uIugCbJJE,2020-10-24,-7,12,40,4,-4,1
KR,South Korea,,,,,,ChIJm7oRy-tVZDURS9uIugCbJJE,2020-10-25,-1,5,67,8,-8,0
KR,South Korea,,,,,,ChIJm7oRy-tVZDURS9uIugCbJJE,2020-10-26,-2,19,59,9,3,0
KR,South Korea,,,,,,ChIJm7oRy-tVZDURS9uIugCbJJE,2020-10-27,-3,12,49,9,2,-2
KR,South Korea,,,,,,ChIJm7oRy-tVZDURS9uIugCbJJE,2020-10-28,-7,9,54,5,2,0
KR,South Korea,,,,,,ChIJm7oRy-tVZDURS9uIugCbJJE,2020-10-29,-8,6,38,2,3,-1
KR,South Korea,,,,,,ChIJm7oRy-tVZDURS9uIugCbJJE,2020-10-30,-8,8,35,4,2,0
KR,South Korea,,,,,,ChIJm7oRy-tVZDURS9uIugCbJJE,2020-10-31,-6,11,50,5,-5,0
KR,South Korea,,,,,,ChIJm7oRy-tVZDURS9uIugCbJJE,2020-11-01,-10,15,2,-4,-10,2
KR,South Korea,,,,,,ChIJm7oRy-tVZDURS9uIugCbJJE,2020-11-02,-3,11,46,5,3,0
KR,South Korea,,,,,,ChIJm7oRy-tVZDURS9uIugCbJJE,2020-11-03,-6,2,18,3,3,-1
KR,South Korea,,,,,,ChIJm7oRy-tVZDURS9uIugCbJJE,2020-11-04,-9,5,31,1,2,0
KR,South Korea,,,,,,ChIJm7oRy-tVZDURS9uIugCbJJE,2020-11-05,-10,3,28,2,3,0
KR,South Korea,,,,,,ChIJm7oRy-tVZDURS9uIugCbJJE,2020-11-06,-11,5,20,3,1,0
KR,South Korea,,,,,,ChIJm7oRy-tVZDURS9uIugCbJJE,2020-11-07,-7,10,35,4,-6,1
KR,South Korea,,,,,,ChIJm7oRy-tVZDURS9uIugCbJJE,2020-11-08,-3,-1,40,6,-9,0
KR,South Korea,,,,,,ChIJm7oRy-tVZDURS9uIugCbJJE,2020-11-09,-6,12,26,4,3,1
KR,South Korea,,,,,,ChIJm7oRy-tVZDURS9uIugCbJJE,2020-11-10,-4,11,24,6,3,-1
KR,South Korea,,,,,,ChIJm7oRy-tVZDURS9uIugCbJJE,2020-11-11,-7,10,39,5,2,0
KR,South Korea,,,,,,ChIJm7oRy-tVZDURS9uIugCbJJE,2020-11-12,-9,5,26,2,3,0
KR,South Korea,,,,,,ChIJm7oRy-tVZDURS9uIugCbJJE,2020-11-13,-11,7,20,4,1,0
KR,South Korea,,,,,,ChIJm7oRy-tVZDURS9uIugCbJJE,2020-11-14,-9,9,27,2,-7,1
KR,South Korea,,,,,,ChIJm7oRy-tVZDURS9uIugCbJJE,2020-11-15,-6,16,36,5,-8,0
KR,South Korea,,,,,,ChIJm7oRy-tVZDURS9uIugCbJJE,2020-11-16,-6,10,35,5,3,0
KR,South Korea,,,,,,ChIJm7oRy-tVZDURS9uIugCbJJE,2020-11-17,-8,5,20,5,3,-1
KR,South Korea,,,,,,ChIJm7oRy-tVZDURS9uIugCbJJE,2020-11-18,-14,3,13,0,2,1
KR,South Korea,,,,,,ChIJm7oRy-tVZDURS9uIugCbJJE,2020-11-19,-21,-6,-22,-9,0,4
KR,South Korea,,,,,,ChIJm7oRy-tVZDURS9uIugCbJJE,2020-11-20,-16,5,-4,-1,1,2
KR,South Korea,,,,,,ChIJm7oRy-tVZDURS9uIugCbJJE,2020-11-21,-16,8,4,-6,-7,3
KR,South Korea,,,,,,ChIJm7oRy-tVZDURS9uIugCbJJE,2020-11-22,-18,-8,-13,-11,-13,4
KR,South Korea,,,,,,ChIJm7oRy-tVZDURS9uIugCbJJE,2020-11-23,-11,10,12,-1,2,2
KR,South Korea,,,,,,ChIJm7oRy-tVZDURS9uIugCbJJE,2020-11-24,-16,5,8,-2,1,2
KR,South Korea,,,,,,ChIJm7oRy-tVZDURS9uIugCbJJE,2020-11-25,-19,6,18,-4,0,3
KR,South Korea,,,,,,ChIJm7oRy-tVZDURS9uIugCbJJE,2020-11-26,-23,2,6,-8,-2,4
KR,South Korea,,,,,,ChIJm7oRy-tVZDURS9uIugCbJJE,2020-11-27,-25,4,-9,-10,-4,6
KR,South Korea,,,,,,ChIJm7oRy-tVZDURS9uIugCbJJE,2020-11-28,-28,3,-19,-19,-10,7
KR,South Korea,,,,,,ChIJm7oRy-tVZDURS9uIugCbJJE,2020-11-29,-27,8,-15,-18,-13,6
KR,South Korea,,,,,,ChIJm7oRy-tVZDURS9uIugCbJJE,2020-11-30,-18,8,4,-8,-3,5
KR,South Korea,,,,,,ChIJm7oRy-tVZDURS9uIugCbJJE,2020-12-01,-20,3,1,-8,-4,5
KR,South Korea,,,,,,ChIJm7oRy-tVZDURS9uIugCbJJE,2020-12-02,-23,5,8,-10,-5,6
KR,South Korea,,,,,,ChIJm7oRy-tVZDURS9uIugCbJJE,2020-12-03,-25,-2,-4,-12,-6,6
KR,South Korea,,,,,,ChIJm7oRy-tVZDURS9uIugCbJJE,2020-12-04,-27,2,-10,-12,-6,7
KR,South Korea,,,,,,ChIJm7oRy-tVZDURS9uIugCbJJE,2020-12-05,-28,5,-12,-18,-10,7
KR,South Korea,,,,,,ChIJm7oRy-tVZDURS9uIugCbJJE,2020-12-06,-27,8,-1,-18,-13,6
KR,South Korea,,,,,,ChIJm7oRy-tVZDURS9uIugCbJJE,2020-12-07,-22,4,5,-9,-3,6
KR,South Korea,,,,,,ChIJm7oRy-tVZDURS9uIugCbJJE,2020-12-08,-25,-1,0,-10,-4,5
KR,South Korea,,,,,,ChIJm7oRy-tVZDURS9uIugCbJJE,2020-12-09,-28,-2,12,-13,-6,7
KR,South Korea,,,,,,ChIJm7oRy-tVZDURS9uIugCbJJE,2020-12-10,-27,-2,4,-13,-5,6
KR,South Korea,,,,,,ChIJm7oRy-tVZDURS9uIugCbJJE,2020-12-11,-19,6,0,-12,-7,7
KR,South Korea,,,,,,ChIJm7oRy-tVZDURS9uIugCbJJE,2020-12-12,-24,8,-9,-20,-12,9
KR,South Korea,,,,,,ChIJm7oRy-tVZDURS9uIugCbJJE,2020-12-13,-33,-11,-24,-29,-20,10
KR,South Korea,,,,,,ChIJm7oRy-tVZDURS9uIugCbJJE,2020-12-14,-18,7,-12,-15,-8,8
KR,South Korea,,,,,,ChIJm7oRy-tVZDURS9uIugCbJJE,2020-12-15,-19,2,-17,-16,-9,7
KR,South Korea,,,,,,ChIJm7oRy-tVZDURS9uIugCbJJE,2020-12-16,-23,2,-11,-19,-10,9
KR,South Korea,,,,,,ChIJm7oRy-tVZDURS9uIugCbJJE,2020-12-17,-22,1,-10,-19,-9,9
KR,South Korea,,,,,,ChIJm7oRy-tVZDURS9uIugCbJJE,2020-12-18,-24,4,-15,-17,-10,10
KR,South Korea,,,,,,ChIJm7oRy-tVZDURS9uIugCbJJE,2020-12-19,-29,6,-27,-27,-14,11
KR,South Korea,,,,,,ChIJm7oRy-tVZDURS9uIugCbJJE,2020-12-20,-30,10,-15,-29,-19,10
KR,South Korea,,,,,,ChIJm7oRy-tVZDURS9uIugCbJJE,2020-12-21,-14,9,7,-11,-9,8
KR,South Korea,,,,,,ChIJm7oRy-tVZDURS9uIugCbJJE,2020-12-22,-16,4,3,-11,-9,6
KR,South Korea,,,,,,ChIJm7oRy-tVZDURS9uIugCbJJE,2020-12-23,-18,6,9,-13,-10,8
KR,South Korea,,,,,,ChIJm7oRy-tVZDURS9uIugCbJJE,2020-12-24,-11,24,4,-10,-12,7
KR,South Korea,,,,,,ChIJm7oRy-tVZDURS9uIugCbJJE,2020-12-25,-28,11,15,-38,-64,27
KR,South Korea,,,,,,ChIJm7oRy-tVZDURS9uIugCbJJE,2020-12-26,-32,2,-5,-29,-22,13
KR,South Korea,,,,,,ChIJm7oRy-tVZDURS9uIugCbJJE,2020-12-27,-35,-12,-8,-30,-23,11
KR,South Korea,,,,,,ChIJm7oRy-tVZDURS9uIugCbJJE,2020-12-28,-13,13,22,-11,-12,9
KR,South Korea,,,,,,ChIJm7oRy-tVZDURS9uIugCbJJE,2020-12-29,-18,4,-7,-14,-13,8
KR,South Korea,,,,,,ChIJm7oRy-tVZDURS9uIugCbJJE,2020-12-30,-24,2,-20,-21,-16,11
KR,South Korea,,,,,,ChIJm7oRy-tVZDURS9uIugCbJJE,2020-12-31,-14,31,-13,-16,-22,11
KR,South Korea,,,,,,ChIJm7oRy-tVZDURS9uIugCbJJE,2021-01-01,-42,0,12,-46,-75,31
KR,South Korea,,,,,,ChIJm7oRy-tVZDURS9uIugCbJJE,2021-01-02,-34,1,-17,-34,-32,15
KR,South Korea,,,,,,ChIJm7oRy-tVZDURS9uIugCbJJE,2021-01-03,-35,3,-18,-32,-23,11
KR,South Korea,,,,,,ChIJm7oRy-tVZDURS9uIugCbJJE,2021-01-04,-18,7,3,-14,-10,9
KR,South Korea,,,,,,ChIJm7oRy-tVZDURS9uIugCbJJE,2021-01-05,-20,1,-12,-16,-11,8
KR,South Korea,,,,,,ChIJm7oRy-tVZDURS9uIugCbJJE,2021-01-06,-25,2,-5,-16,-12,10
KR,South Korea,,,,,,ChIJm7oRy-tVZDURS9uIugCbJJE,2021-01-07,-36,-15,-39,-21,-16,13
KR,South Korea,,,,,,ChIJm7oRy-tVZDURS9uIugCbJJE,2021-01-08,-33,-6,-41,-25,-15,14
KR,South Korea,,,,,,ChIJm7oRy-tVZDURS9uIugCbJJE,2021-01-09,-32,4,-42,-33,-17,14
KR,South Korea,,,,,,ChIJm7oRy-tVZDURS9uIugCbJJE,2021-01-10,-32,-8,-25,-35,-23,12
KR,South Korea,,,,,,ChIJm7oRy-tVZDURS9uIugCbJJE,2021-01-11,-19,9,-5,-17,-10,9
KR,South Korea,,,,,,ChIJm7oRy-tVZDURS9uIugCbJJE,2021-01-12,-20,3,-5,-14,-11,8
KR,South Korea,,,,,,ChIJm7oRy-tVZDURS9uIugCbJJE,2021-01-13,-21,5,11,-15,-12,9
KR,South Korea,,,,,,ChIJm7oRy-tVZDURS9uIugCbJJE,2021-01-14,-19,5,8,-18,-11,8
KR,South Korea,,,,,,ChIJm7oRy-tVZDURS9uIugCbJJE,2021-01-15,-23,4,-6,-19,-12,9
KR,South Korea,,,,,,ChIJm7oRy-tVZDURS9uIugCbJJE,2021-01-16,-25,7,-17,-26,-14,10
KR,South Korea,,,,,,ChIJm7oRy-tVZDURS9uIugCbJJE,2021-01-17,-28,11,-16,-29,-20,10
KR,South Korea,,,,,,ChIJm7oRy-tVZDURS9uIugCbJJE,2021-01-18,-20,0,-11,-17,-12,10
KR,South Korea,,,,,,ChIJm7oRy-tVZDURS9uIugCbJJE,2021-01-19,-16,2,-3,-16,-10,7
KR,South Korea,,,,,,ChIJm7oRy-tVZDURS9uIugCbJJE,2021-01-20,-15,8,18,-14,-10,7
KR,South Korea,,,,,,ChIJm7oRy-tVZDURS9uIugCbJJE,2021-01-21,-21,-4,-11,-19,-9,8
KR,South Korea,,,,,,ChIJm7oRy-tVZDURS9uIugCbJJE,2021-01-22,-20,3,-12,-18,-10,9
KR,South Korea,,,,,,ChIJm7oRy-tVZDURS9uIugCbJJE,2021-01-23,-20,8,-12,-23,-12,9
KR,South Korea,,,,,,ChIJm7oRy-tVZDURS9uIugCbJJE,2021-01-24,-17,-1,21,-21,-17,7
KR,South Korea,,,,,,ChIJm7oRy-tVZDURS9uIugCbJJE,2021-01-25,-8,15,34,-9,-8,6
KR,South Korea,,,,,,ChIJm7oRy-tVZDURS9uIugCbJJE,2021-01-26,-16,0,-16,-16,-9,7
KR,South Korea,,,,,,ChIJm7oRy-tVZDURS9uIugCbJJE,2021-01-27,-12,9,24,-12,-9,6
KR,South Korea,,,,,,ChIJm7oRy-tVZDURS9uIugCbJJE,2021-01-28,-22,-4,-20,-21,-9,9
KR,South Korea,,,,,,ChIJm7oRy-tVZDURS9uIugCbJJE,2021-01-29,-20,3,-23,-21,-9,10
KR,South Korea,,,,,,ChIJm7oRy-tVZDURS9uIugCbJJE,2021-01-30,-17,12,-9,-23,-10,9
KR,South Korea,,,,,,ChIJm7oRy-tVZDURS9uIugCbJJE,2021-01-31,-14,22,13,-23,-13,7
KR,South Korea,,,,,,ChIJm7oRy-tVZDURS9uIugCbJJE,2021-02-01,-7,16,5,-12,-7,7
KR,South Korea,,,,,,ChIJm7oRy-tVZDURS9uIugCbJJE,2021-02-02,-9,10,-6,-12,-7,5
KR,South Korea,,,,,,ChIJm7oRy-tVZDURS9uIugCbJJE,2021-02-03,-12,13,7,-13,-7,6
KR,South Korea,,,,,,ChIJm7oRy-tVZDURS9uIugCbJJE,2021-02-04,-14,6,-6,-14,-7,7
KR,South Korea,,,,,,ChIJm7oRy-tVZDURS9uIugCbJJE,2021-02-05,-13,12,-4,-13,-7,7
KR,South Korea,,,,,,ChIJm7oRy-tVZDURS9uIugCbJJE,2021-02-06,-14,16,0,-18,-7,7
KR,South Korea,,,,,,ChIJm7oRy-tVZDURS9uIugCbJJE,2021-02-07,-11,28,6,-19,-10,7
KR,South Korea,,,,,,ChIJm7oRy-tVZDURS9uIugCbJJE,2021-02-08,-2,24,6,-8,-7,6
KR,South Korea,,,,,,ChIJm7oRy-tVZDURS9uIugCbJJE,2021-02-09,2,32,9,-4,-7,3
KR,South Korea,,,,,,ChIJm7oRy-tVZDURS9uIugCbJJE,2021-02-10,3,63,22,-1,-14,5
KR,South Korea,,,,,,ChIJm7oRy-tVZDURS9uIugCbJJE,2021-02-11,-17,66,36,-26,-72,18
KR,South Korea,,,,,,ChIJm7oRy-tVZDURS9uIugCbJJE,2021-02-12,-47,-18,63,-38,-82,19
KR,South Korea,,,,,,ChIJm7oRy-tVZDURS9uIugCbJJE,2021-02-13,-26,-6,35,-26,-51,9
KR,South Korea,,,,,,ChIJm7oRy-tVZDURS9uIugCbJJE,2021-02-14,-18,-10,1,-22,-18,7
KR,South Korea,,,,,,ChIJm7oRy-tVZDURS9uIugCbJJE,2021-02-15,-3,14,1,-13,-10,7
KR,South Korea,,,,,,ChIJm7oRy-tVZDURS9uIugCbJJE,2021-02-16,-8,4,-10,-13,-7,5
KR,South Korea,,,,,,ChIJm7oRy-tVZDURS9uIugCbJJE,2021-02-17,-15,1,-20,-19,-8,7
KR,South Korea,,,,,,ChIJm7oRy-tVZDURS9uIugCbJJE,2021-02-18,-11,4,-15,-18,-7,6
KR,South Korea,,,,,,ChIJm7oRy-tVZDURS9uIugCbJJE,2021-02-19,-8,12,0,-12,-6,6
KR,South Korea,,,,,,ChIJm7oRy-tVZDURS9uIugCbJJE,2021-02-20,-7,16,18,-13,-5,5
KR,South Korea,,,,,,ChIJm7oRy-tVZDURS9uIugCbJJE,2021-02-21,-2,24,43,-10,-9,4
KR,South Korea,,,,,,ChIJm7oRy-tVZDURS9uIugCbJJE,2021-02-22,3,20,36,-5,-5,4
KR,South Korea,,,,,,ChIJm7oRy-tVZDURS9uIugCbJJE,2021-02-23,0,14,15,-7,-6,3
KR,South Korea,,,,,,ChIJm7oRy-tVZDURS9uIugCbJJE,2021-02-24,-3,16,28,-8,-7,4
KR,South Korea,,,,,,ChIJm7oRy-tVZDURS9uIugCbJJE,2021-02-25,-6,15,2,-11,-6,4
KR,South Korea,,,,,,ChIJm7oRy-tVZDURS9uIugCbJJE,2021-02-26,-5,16,11,-9,-7,5
KR,South Korea,,,,,,ChIJm7oRy-tVZDURS9uIugCbJJE,2021-02-27,-4,19,19,-8,-6,3
KR,South Korea,,,,,,ChIJm7oRy-tVZDURS9uIugCbJJE,2021-02-28,5,15,51,-1,-12,2
KR,South Korea,,,,,,ChIJm7oRy-tVZDURS9uIugCbJJE,2021-03-01,-10,13,-23,-36,-61,22
KR,South Korea,,,,,,ChIJm7oRy-tVZDURS9uIugCbJJE,2021-03-02,0,21,4,-5,-4,2
KR,South Korea,,,Seoul Metropolitan Area,,,ChIJVSiAivKifDURLEc3lh_DYRE,2020-02-15,-8,0,2,-4,1,3
KR,South Korea,,,Seoul Metropolitan Area,,,ChIJVSiAivKifDURLEc3lh_DYRE,2020-02-16,-15,0,-33,-16,-3,4
KR,South Korea,,,Seoul Metropolitan Area,,,ChIJVSiAivKifDURLEc3lh_DYRE,2020-02-17,-9,-6,-17,-7,0,5
KR,South Korea,,,Seoul Metropolitan Area,,,ChIJVSiAivKifDURLEc3lh_DYRE,2020-02-18,1,-2,-3,-1,2,2
KR,South Korea,,,Seoul Metropolitan Area,,,ChIJVSiAivKifDURLEc3lh_DYRE,2020-02-19,-7,-1,9,-5,2,2
KR,South Korea,,,Seoul Metropolitan Area,,,ChIJVSiAivKifDURLEc3lh_DYRE,2020-02-20,-7,-4,10,-6,2,2
KR,South Korea,,,Seoul Metropolitan Area,,,ChIJVSiAivKifDURLEc3lh_DYRE,2020-02-21,-14,-5,-7,-8,1,5
KR,South Korea,,,Seoul Metropolitan Area,,,ChIJVSiAivKifDURLEc3lh_DYRE,2020-02-22,-24,-4,-28,-19,-2,8
KR,South Korea,,,Seoul Metropolitan Area,,,ChIJVSiAivKifDURLEc3lh_DYRE,2020-02-23,-27,-15,6,-22,-7,7
KR,South Korea,,,Seoul Metropolitan Area,,,ChIJVSiAivKifDURLEc3lh_DYRE,2020-02-24,-19,11,13,-13,-4,7
KR,South Korea,,,Seoul Metropolitan Area,,,ChIJVSiAivKifDURLEc3lh_DYRE,2020-02-25,-25,-5,-24,-19,-8,9
KR,South Korea,,,Seoul Metropolitan Area,,,ChIJVSiAivKifDURLEc3lh_DYRE,2020-02-26,-26,-4,12,-20,-8,9
KR,South Korea,,,Seoul Metropolitan Area,,,ChIJVSiAivKifDURLEc3lh_DYRE,2020-02-27,-27,-5,16,-21,-9,9
KR,South Korea,,,Seoul Metropolitan Area,,,ChIJVSiAivKifDURLEc3lh_DYRE,2020-02-28,-35,-15,-34,-27,-11,13
KR,South Korea,,,Seoul Metropolitan Area,,,ChIJVSiAivKifDURLEc3lh_DYRE,2020-02-29,-35,-4,11,-27,-8,11
KR,South Korea,,,Seoul Metropolitan Area,,,ChIJVSiAivKifDURLEc3lh_DYRE,2020-03-01,-40,-3,-11,-35,-15,11
KR,South Korea,,,Seoul Metropolitan Area,,,ChIJVSiAivKifDURLEc3lh_DYRE,2020-03-02,-22,3,19,-19,-8,9
KR,South Korea,,,Seoul Metropolitan Area,,,ChIJVSiAivKifDURLEc3lh_DYRE,2020-03-03,-19,-3,10,-17,-8,8
KR,South Korea,,,Seoul Metropolitan Area,,,ChIJVSiAivKifDURLEc3lh_DYRE,2020-03-04,-29,-9,-12,-25,-9,10
KR,South Korea,,,Seoul Metropolitan Area,,,ChIJVSiAivKifDURLEc3lh_DYRE,2020-03-05,-27,-9,6,-23,-8,9
KR,South Korea,,,Seoul Metropolitan Area,,,ChIJVSiAivKifDURLEc3lh_DYRE,2020-03-06,-25,-6,11,-20,-8,10
KR,South Korea,,,Seoul Metropolitan Area,,,ChIJVSiAivKifDURLEc3lh_DYRE,2020-03-07,-30,-2,10,-24,-7,10
KR,South Korea,,,Seoul Metropolitan Area,,,ChIJVSiAivKifDURLEc3lh_DYRE,2020-03-08,-28,-13,54,-23,-14,8
KR,South Korea,,,Seoul Metropolitan Area,,,ChIJVSiAivKifDURLEc3lh_DYRE,2020-03-09,-17,5,32,-15,-5,8
KR,South Korea,,,Seoul Metropolitan Area,,,ChIJVSiAivKifDURLEc3lh_DYRE,2020-03-10,-24,-11,-28,-20,-8,9
KR,South Korea,,,Seoul Metropolitan Area,,,ChIJVSiAivKifDURLEc3lh_DYRE,2020-03-11,-23,-3,23,-18,-7,8
KR,South Korea,,,Seoul Metropolitan Area,,,ChIJVSiAivKifDURLEc3lh_DYRE,2020-03-12,-24,-3,23,-20,-7,8
KR,South Korea,,,Seoul Metropolitan Area,,,ChIJVSiAivKifDURLEc3lh_DYRE,2020-03-13,-24,-3,9,-19,-7,10
KR,South Korea,,,Seoul Metropolitan Area,,,ChIJVSiAivKifDURLEc3lh_DYRE,2020-03-14,-26,2,14,-20,-6,9
KR,South Korea,,,Seoul Metropolitan Area,,,ChIJVSiAivKifDURLEc3lh_DYRE,2020-03-15,-30,2,5,-29,-13,9
KR,South Korea,,,Seoul Metropolitan Area,,,ChIJVSiAivKifDURLEc3lh_DYRE,2020-03-16,-19,2,26,-17,-6,8
KR,South Korea,,,Seoul Metropolitan Area,,,ChIJVSiAivKifDURLEc3lh_DYRE,2020-03-17,-18,-3,16,-15,-6,7
KR,South Korea,,,Seoul Metropolitan Area,,,ChIJVSiAivKifDURLEc3lh_DYRE,2020-03-18,-21,0,48,-16,-6,8
KR,South Korea,,,Seoul Metropolitan Area,,,ChIJVSiAivKifDURLEc3lh_DYRE,2020-03-19,-29,-13,-16,-25,-7,10
KR,South Korea,,,Seoul Metropolitan Area,,,ChIJVSiAivKifDURLEc3lh_DYRE,2020-03-20,-21,0,31,-16,-6,9
KR,South Korea,,,Seoul Metropolitan Area,,,ChIJVSiAivKifDURLEc3lh_DYRE,2020-03-21,-24,5,45,-17,-5,8
KR,South Korea,,,Seoul Metropolitan Area,,,ChIJVSiAivKifDURLEc3lh_DYRE,2020-03-22,-23,-8,84,-18,-13,7
KR,South Korea,,,Seoul Metropolitan Area,,,ChIJVSiAivKifDURLEc3lh_DYRE,2020-03-23,-17,8,59,-14,-6,7
KR,South Korea,,,Seoul Metropolitan Area,,,ChIJVSiAivKifDURLEc3lh_DYRE,2020-03-24,-14,3,57,-11,-6,6
KR,South Korea,,,Seoul Metropolitan Area,,,ChIJVSiAivKifDURLEc3lh_DYRE,2020-03-25,-20,0,62,-14,-7,7
KR,South Korea,,,Seoul Metropolitan Area,,,ChIJVSiAivKifDURLEc3lh_DYRE,2020-03-26,-24,-4,27,-19,-7,8
KR,South Korea,,,Seoul Metropolitan Area,,,ChIJVSiAivKifDURLEc3lh_DYRE,2020-03-27,-21,0,34,-17,-7,9
KR,South Korea,,,Seoul Metropolitan Area,,,ChIJVSiAivKifDURLEc3lh_DYRE,2020-03-28,-24,4,42,-17,-7,8
KR,South Korea,,,Seoul Metropolitan Area,,,ChIJVSiAivKifDURLEc3lh_DYRE,2020-03-29,-22,12,86,-18,-12,6
KR,South Korea,,,Seoul Metropolitan Area,,,ChIJVSiAivKifDURLEc3lh_DYRE,2020-03-30,-16,6,69,-13,-6,7
KR,South Korea,,,Seoul Metropolitan Area,,,ChIJVSiAivKifDURLEc3lh_DYRE,2020-03-31,-9,4,69,-8,-5,6
KR,South Korea,,,Seoul Metropolitan Area,,,ChIJVSiAivKifDURLEc3lh_DYRE,2020-04-01,-19,1,52,-15,-7,8
KR,South Korea,,,Seoul Metropolitan Area,,,ChIJVSiAivKifDURLEc3lh_DYRE,2020-04-02,-20,-1,59,-15,-7,7
KR,South Korea,,,Seoul Metropolitan Area,,,ChIJVSiAivKifDURLEc3lh_DYRE,2020-04-03,-19,1,55,-13,-7,8
KR,South Korea,,,Seoul Metropolitan Area,,,ChIJVSiAivKifDURLEc3lh_DYRE,2020-04-04,-23,5,43,-16,-9,7
KR,South Korea,,,Seoul Metropolitan Area,,,ChIJVSiAivKifDURLEc3lh_DYRE,2020-04-05,-21,14,71,-17,-14,6
KR,South Korea,,,Seoul Metropolitan Area,,,ChIJVSiAivKifDURLEc3lh_DYRE,2020-04-06,-14,7,63,-11,-4,7
KR,South Korea,,,Seoul Metropolitan Area,,,ChIJVSiAivKifDURLEc3lh_DYRE,2020-04-07,-11,4,56,-8,-4,5
KR,South Korea,,,Seoul Metropolitan Area,,,ChIJVSiAivKifDURLEc3lh_DYRE,2020-04-08,-19,0,53,-14,-5,7
KR,South Korea,,,Seoul Metropolitan Area,,,ChIJVSiAivKifDURLEc3lh_DYRE,2020-04-09,-19,-1,48,-15,-5,7
KR,South Korea,,,Seoul Metropolitan Area,,,ChIJVSiAivKifDURLEc3lh_DYRE,2020-04-10,-17,4,45,-11,-6,7
KR,South Korea,,,Seoul Metropolitan Area,,,ChIJVSiAivKifDURLEc3lh_DYRE,2020-04-11,-18,12,49,-10,-7,6
KR,South Korea,,,Seoul Metropolitan Area,,,ChIJVSiAivKifDURLEc3lh_DYRE,2020-04-12,-21,-8,48,-17,-13,6
KR,South Korea,,,Seoul Metropolitan Area,,,ChIJVSiAivKifDURLEc3lh_DYRE,2020-04-13,-11,12,70,-9,-4,6
KR,South Korea,,,Seoul Metropolitan Area,,,ChIJVSiAivKifDURLEc3lh_DYRE,2020-04-14,-1,12,67,-2,-4,3
KR,South Korea,,,Seoul Metropolitan Area,,,ChIJVSiAivKifDURLEc3lh_DYRE,2020-04-15,-7,26,120,-21,-55,20
KR,South Korea,,,Seoul Metropolitan Area,,,ChIJVSiAivKifDURLEc3lh_DYRE,2020-04-16,-19,-1,55,-13,-4,6
KR,South Korea,,,Seoul Metropolitan Area,,,ChIJVSiAivKifDURLEc3lh_DYRE,2020-04-17,-23,-6,-5,-17,-6,10
KR,South Korea,,,Seoul Metropolitan Area,,,ChIJVSiAivKifDURLEc3lh_DYRE,2020-04-18,-14,10,78,-8,-4,5
KR,South Korea,,,Seoul Metropolitan Area,,,ChIJVSiAivKifDURLEc3lh_DYRE,2020-04-19,-25,3,-2,-23,-12,7
KR,South Korea,,,Seoul Metropolitan Area,,,ChIJVSiAivKifDURLEc3lh_DYRE,2020-04-20,-15,5,19,-12,-3,7
KR,South Korea,,,Seoul Metropolitan Area,,,ChIJVSiAivKifDURLEc3lh_DYRE,2020-04-21,-11,0,11,-9,-2,5
KR,South Korea,,,Seoul Metropolitan Area,,,ChIJVSiAivKifDURLEc3lh_DYRE,2020-04-22,-19,-5,1,-16,-4,7
KR,South Korea,,,Seoul Metropolitan Area,,,ChIJVSiAivKifDURLEc3lh_DYRE,2020-04-23,-16,0,22,-13,-2,6
KR,South Korea,,,Seoul Metropolitan Area,,,ChIJVSiAivKifDURLEc3lh_DYRE,2020-04-24,-14,3,25,-10,-2,6
KR,South Korea,,,Seoul Metropolitan Area,,,ChIJVSiAivKifDURLEc3lh_DYRE,2020-04-25,-14,11,40,-8,-3,5
KR,South Korea,,,Seoul Metropolitan Area,,,ChIJVSiAivKifDURLEc3lh_DYRE,2020-04-26,-8,1,91,-6,-8,4
KR,South Korea,,,Seoul Metropolitan Area,,,ChIJVSiAivKifDURLEc3lh_DYRE,2020-04-27,-7,13,54,-7,-1,5
KR,South Korea,,,Seoul Metropolitan Area,,,ChIJVSiAivKifDURLEc3lh_DYRE,2020-04-28,-2,10,59,-1,-1,3
KR,South Korea,,,Seoul Metropolitan Area,,,ChIJVSiAivKifDURLEc3lh_DYRE,2020-04-29,-2,18,66,0,-3,2
KR,South Korea,,,Seoul Metropolitan Area,,,ChIJVSiAivKifDURLEc3lh_DYRE,2020-04-30,-1,24,140,-17,-58,13
KR,South Korea,,,Seoul Metropolitan Area,,,ChIJVSiAivKifDURLEc3lh_DYRE,2020-05-01,-11,13,89,-22,-50,15
KR,South Korea,,,Seoul Metropolitan Area,,,ChIJVSiAivKifDURLEc3lh_DYRE,2020-05-02,-18,2,53,-11,-15,2
KR,South Korea,,,Seoul Metropolitan Area,,,ChIJVSiAivKifDURLEc3lh_DYRE,2020-05-03,-7,20,74,-5,-8,0
KR,South Korea,,,Seoul Metropolitan Area,,,ChIJVSiAivKifDURLEc3lh_DYRE,2020-05-04,11,30,90,-5,-20,6
KR,South Korea,,,Seoul Metropolitan Area,,,ChIJVSiAivKifDURLEc3lh_DYRE,2020-05-05,15,27,120,-19,-61,17
KR,South Korea,,,Seoul Metropolitan Area,,,ChIJVSiAivKifDURLEc3lh_DYRE,2020-05-06,-10,10,59,-5,0,3
KR,South Korea,,,Seoul Metropolitan Area,,,ChIJVSiAivKifDURLEc3lh_DYRE,2020-05-07,-7,8,59,-3,-1,3
KR,South Korea,,,Seoul Metropolitan Area,,,ChIJVSiAivKifDURLEc3lh_DYRE,2020-05-08,-7,7,36,-1,-1,3
KR,South Korea,,,Seoul Metropolitan Area,,,ChIJVSiAivKifDURLEc3lh_DYRE,2020-05-09,-20,-2,-34,-18,-7,7
KR,South Korea,,,Seoul Metropolitan Area,,,ChIJVSiAivKifDURLEc3lh_DYRE,2020-05-10,-9,0,48,-6,-6,3
KR,South Korea,,,Seoul Metropolitan Area,,,ChIJVSiAivKifDURLEc3lh_DYRE,2020-05-11,-5,15,52,-4,-1,4
KR,South Korea,,,Seoul Metropolitan Area,,,ChIJVSiAivKifDURLEc3lh_DYRE,2020-05-12,-3,10,47,-1,-1,3
KR,South Korea,,,Seoul Metropolitan Area,,,ChIJVSiAivKifDURLEc3lh_DYRE,2020-05-13,-9,8,64,-6,-2,4
KR,South Korea,,,Seoul Metropolitan Area,,,ChIJVSiAivKifDURLEc3lh_DYRE,2020-05-14,-10,8,60,-7,-2,4
KR,South Korea,,,Seoul Metropolitan Area,,,ChIJVSiAivKifDURLEc3lh_DYRE,2020-05-15,-19,-3,-16,-14,-5,8
KR,South Korea,,,Seoul Metropolitan Area,,,ChIJVSiAivKifDURLEc3lh_DYRE,2020-05-16,-12,13,37,-8,-4,5
KR,South Korea,,,Seoul Metropolitan Area,,,ChIJVSiAivKifDURLEc3lh_DYRE,2020-05-17,-4,28,82,-4,-4,3
KR,South Korea,,,Seoul Metropolitan Area,,,ChIJVSiAivKifDURLEc3lh_DYRE,2020-05-18,-14,1,11,-11,-3,6
KR,South Korea,,,Seoul Metropolitan Area,,,ChIJVSiAivKifDURLEc3lh_DYRE,2020-05-19,-4,9,27,-5,-3,5
KR,South Korea,,,Seoul Metropolitan Area,,,ChIJVSiAivKifDURLEc3lh_DYRE,2020-05-20,-7,13,67,-4,-3,3
KR,South Korea,,,Seoul Metropolitan Area,,,ChIJVSiAivKifDURLEc3lh_DYRE,2020-05-21,-7,8,65,-5,-3,3
KR,South Korea,,,Seoul Metropolitan Area,,,ChIJVSiAivKifDURLEc3lh_DYRE,2020-05-22,-9,7,49,-5,-3,4
KR,South Korea,,,Seoul Metropolitan Area,,,ChIJVSiAivKifDURLEc3lh_DYRE,2020-05-23,-8,14,72,-2,-2,2
KR,South Korea,,,Seoul Metropolitan Area,,,ChIJVSiAivKifDURLEc3lh_DYRE,2020-05-24,-7,3,55,-8,-6,4
KR,South Korea,,,Seoul Metropolitan Area,,,ChIJVSiAivKifDURLEc3lh_DYRE,2020-05-25,-2,19,69,-3,-2,3
KR,South Korea,,,Seoul Metropolitan Area,,,ChIJVSiAivKifDURLEc3lh_DYRE,2020-05-26,-2,8,33,-3,-1,3
KR,South Korea,,,Seoul Metropolitan Area,,,ChIJVSiAivKifDURLEc3lh_DYRE,2020-05-27,-6,11,73,-3,-2,2
KR,South Korea,,,Seoul Metropolitan Area,,,ChIJVSiAivKifDURLEc3lh_DYRE,2020-05-28,-9,8,61,-6,-1,3
KR,South Korea,,,Seoul Metropolitan Area,,,ChIJVSiAivKifDURLEc3lh_DYRE,2020-05-29,-9,9,57,-4,-2,4
KR,South Korea,,,Seoul Metropolitan Area,,,ChIJVSiAivKifDURLEc3lh_DYRE,2020-05-30,-11,11,57,-5,-3,3
KR,South Korea,,,Seoul Metropolitan Area,,,ChIJVSiAivKifDURLEc3lh_DYRE,2020-05-31,-8,23,58,-7,-5,3
KR,South Korea,,,Seoul Metropolitan Area,,,ChIJVSiAivKifDURLEc3lh_DYRE,2020-06-01,-4,19,70,-3,-1,3
KR,South Korea,,,Seoul Metropolitan Area,,,ChIJVSiAivKifDURLEc3lh_DYRE,2020-06-02,-8,7,29,-4,-1,3
KR,South Korea,,,Seoul Metropolitan Area,,,ChIJVSiAivKifDURLEc3lh_DYRE,2020-06-03,-9,11,60,-5,-2,3
KR,South Korea,,,Seoul Metropolitan Area,,,ChIJVSiAivKifDURLEc3lh_DYRE,2020-06-04,-11,6,47,-7,-2,3
KR,South Korea,,,Seoul Metropolitan Area,,,ChIJVSiAivKifDURLEc3lh_DYRE,2020-06-05,-9,10,53,-3,-3,3
KR,South Korea,,,Seoul Metropolitan Area,,,ChIJVSiAivKifDURLEc3lh_DYRE,2020-06-06,-13,10,53,-10,-17,4
KR,South Korea,,,Seoul Metropolitan Area,,,ChIJVSiAivKifDURLEc3lh_DYRE,2020-06-07,-8,23,57,-8,-6,2
KR,South Korea,,,Seoul Metropolitan Area,,,ChIJVSiAivKifDURLEc3lh_DYRE,2020-06-08,-5,16,60,-4,-1,3
KR,South Korea,,,Seoul Metropolitan Area,,,ChIJVSiAivKifDURLEc3lh_DYRE,2020-06-09,-2,10,48,-1,-1,2
KR,South Korea,,,Seoul Metropolitan Area,,,ChIJVSiAivKifDURLEc3lh_DYRE,2020-06-10,-13,0,17,-8,-2,4
KR,South Korea,,,Seoul Metropolitan Area,,,ChIJVSiAivKifDURLEc3lh_DYRE,2020-06-11,-8,9,46,-7,-1,3
KR,South Korea,,,Seoul Metropolitan Area,,,ChIJVSiAivKifDURLEc3lh_DYRE,2020-06-12,-9,8,49,-5,-3,4
KR,South Korea,,,Seoul Metropolitan Area,,,ChIJVSiAivKifDURLEc3lh_DYRE,2020-06-13,-10,10,31,-9,-5,4
KR,South Korea,,,Seoul Metropolitan Area,,,ChIJVSiAivKifDURLEc3lh_DYRE,2020-06-14,-7,0,53,-9,-7,3
KR,South Korea,,,Seoul Metropolitan Area,,,ChIJVSiAivKifDURLEc3lh_DYRE,2020-06-15,-2,19,69,-3,0,2
KR,South Korea,,,Seoul Metropolitan Area,,,ChIJVSiAivKifDURLEc3lh_DYRE,2020-06-16,0,11,55,0,0,1
KR,South Korea,,,Seoul Metropolitan Area,,,ChIJVSiAivKifDURLEc3lh_DYRE,2020-06-17,-8,10,57,-5,-1,3
KR,South Korea,,,Seoul Metropolitan Area,,,ChIJVSiAivKifDURLEc3lh_DYRE,2020-06-18,-9,5,56,-7,-1,2
KR,South Korea,,,Seoul Metropolitan Area,,,ChIJVSiAivKifDURLEc3lh_DYRE,2020-06-19,-8,7,51,-5,-2,3
KR,South Korea,,,Seoul Metropolitan Area,,,ChIJVSiAivKifDURLEc3lh_DYRE,2020-06-20,-11,7,48,-7,-6,2
KR,South Korea,,,Seoul Metropolitan Area,,,ChIJVSiAivKifDURLEc3lh_DYRE,2020-06-21,-8,18,47,-9,-6,1
KR,South Korea,,,Seoul Metropolitan Area,,,ChIJVSiAivKifDURLEc3lh_DYRE,2020-06-22,-5,13,52,-5,-2,3
KR,South Korea,,,Seoul Metropolitan Area,,,ChIJVSiAivKifDURLEc3lh_DYRE,2020-06-23,-1,11,51,0,-1,1
KR,South Korea,,,Seoul Metropolitan Area,,,ChIJVSiAivKifDURLEc3lh_DYRE,2020-06-24,-20,-9,-13,-14,-3,5
KR,South Korea,,,Seoul Metropolitan Area,,,ChIJVSiAivKifDURLEc3lh_DYRE,2020-06-25,-11,3,14,-10,-1,4
KR,South Korea,,,Seoul Metropolitan Area,,,ChIJVSiAivKifDURLEc3lh_DYRE,2020-06-26,-7,8,48,-4,-2,3
KR,South Korea,,,Seoul Metropolitan Area,,,ChIJVSiAivKifDURLEc3lh_DYRE,2020-06-27,-8,9,49,-5,-6,2
KR,South Korea,,,Seoul Metropolitan Area,,,ChIJVSiAivKifDURLEc3lh_DYRE,2020-06-28,-5,-3,53,-7,-8,1
KR,South Korea,,,Seoul Metropolitan Area,,,ChIJVSiAivKifDURLEc3lh_DYRE,2020-06-29,-6,12,33,-5,-1,3
KR,South Korea,,,Seoul Metropolitan Area,,,ChIJVSiAivKifDURLEc3lh_DYRE,2020-06-30,-3,6,11,-5,-1,3
KR,South Korea,,,Seoul Metropolitan Area,,,ChIJVSiAivKifDURLEc3lh_DYRE,2020-07-01,-7,11,60,-5,-1,3
KR,South Korea,,,Seoul Metropolitan Area,,,ChIJVSiAivKifDURLEc3lh_DYRE,2020-07-02,-7,6,53,-7,-1,2
KR,South Korea,,,Seoul Metropolitan Area,,,ChIJVSiAivKifDURLEc3lh_DYRE,2020-07-03,-8,6,44,-5,-2,3
KR,South Korea,,,Seoul Metropolitan Area,,,ChIJVSiAivKifDURLEc3lh_DYRE,2020-07-04,-9,9,54,-7,-7,2
KR,South Korea,,,Seoul Metropolitan Area,,,ChIJVSiAivKifDURLEc3lh_DYRE,2020-07-05,-6,21,60,-8,-7,1
KR,South Korea,,,Seoul Metropolitan Area,,,ChIJVSiAivKifDURLEc3lh_DYRE,2020-07-06,-3,13,64,-4,-2,2
KR,South Korea,,,Seoul Metropolitan Area,,,ChIJVSiAivKifDURLEc3lh_DYRE,2020-07-07,1,10,59,0,-1,1
KR,South Korea,,,Seoul Metropolitan Area,,,ChIJVSiAivKifDURLEc3lh_DYRE,2020-07-08,-7,5,56,-6,-1,2
KR,South Korea,,,Seoul Metropolitan Area,,,ChIJVSiAivKifDURLEc3lh_DYRE,2020-07-09,-7,4,45,-7,-1,2
KR,South Korea,,,Seoul Metropolitan Area,,,ChIJVSiAivKifDURLEc3lh_DYRE,2020-07-10,-9,6,42,-6,-2,4
KR,South Korea,,,Seoul Metropolitan Area,,,ChIJVSiAivKifDURLEc3lh_DYRE,2020-07-11,-8,10,54,-7,-7,2
KR,South Korea,,,Seoul Metropolitan Area,,,ChIJVSiAivKifDURLEc3lh_DYRE,2020-07-12,-11,-8,29,-12,-10,3
KR,South Korea,,,Seoul Metropolitan Area,,,ChIJVSiAivKifDURLEc3lh_DYRE,2020-07-13,-16,0,-17,-14,-4,6
KR,South Korea,,,Seoul Metropolitan Area,,,ChIJVSiAivKifDURLEc3lh_DYRE,2020-07-14,1,12,53,-2,-1,2
KR,South Korea,,,Seoul Metropolitan Area,,,ChIJVSiAivKifDURLEc3lh_DYRE,2020-07-15,-3,14,67,-5,-1,2
KR,South Korea,,,Seoul Metropolitan Area,,,ChIJVSiAivKifDURLEc3lh_DYRE,2020-07-16,-5,8,54,-7,-1,1
KR,South Korea,,,Seoul Metropolitan Area,,,ChIJVSiAivKifDURLEc3lh_DYRE,2020-07-17,-7,5,46,-6,-3,3
KR,South Korea,,,Seoul Metropolitan Area,,,ChIJVSiAivKifDURLEc3lh_DYRE,2020-07-18,-8,8,50,-8,-7,2
KR,South Korea,,,Seoul Metropolitan Area,,,ChIJVSiAivKifDURLEc3lh_DYRE,2020-07-19,-12,12,14,-18,-10,4
KR,South Korea,,,Seoul Metropolitan Area,,,ChIJVSiAivKifDURLEc3lh_DYRE,2020-07-20,-5,11,49,-8,-2,4
KR,South Korea,,,Seoul Metropolitan Area,,,ChIJVSiAivKifDURLEc3lh_DYRE,2020-07-21,3,9,57,-1,0,1
KR,South Korea,,,Seoul Metropolitan Area,,,ChIJVSiAivKifDURLEc3lh_DYRE,2020-07-22,-13,-3,14,-10,-3,4
KR,South Korea,,,Seoul Metropolitan Area,,,ChIJVSiAivKifDURLEc3lh_DYRE,2020-07-23,-21,-16,-22,-17,-3,5
KR,South Korea,,,Seoul Metropolitan Area,,,ChIJVSiAivKifDURLEc3lh_DYRE,2020-07-24,-6,10,39,-8,-3,4
KR,South Korea,,,Seoul Metropolitan Area,,,ChIJVSiAivKifDURLEc3lh_DYRE,2020-07-25,-6,11,67,-7,-7,2
KR,South Korea,,,Seoul Metropolitan Area,,,ChIJVSiAivKifDURLEc3lh_DYRE,2020-07-26,-4,-2,68,-8,-8,1
KR,South Korea,,,Seoul Metropolitan Area,,,ChIJVSiAivKifDURLEc3lh_DYRE,2020-07-27,-6,11,30,-9,-5,4
KR,South Korea,,,Seoul Metropolitan Area,,,ChIJVSiAivKifDURLEc3lh_DYRE,2020-07-28,1,7,39,-4,-3,2
KR,South Korea,,,Seoul Metropolitan Area,,,ChIJVSiAivKifDURLEc3lh_DYRE,2020-07-29,-11,0,6,-13,-7,5
KR,South Korea,,,Seoul Metropolitan Area,,,ChIJVSiAivKifDURLEc3lh_DYRE,2020-07-30,-3,9,55,-9,-7,3
KR,South Korea,,,Seoul Metropolitan Area,,,ChIJVSiAivKifDURLEc3lh_DYRE,2020-07-31,-4,8,46,-6,-9,3
KR,South Korea,,,Seoul Metropolitan Area,,,ChIJVSiAivKifDURLEc3lh_DYRE,2020-08-01,-17,-2,-4,-19,-19,4
KR,South Korea,,,Seoul Metropolitan Area,,,ChIJVSiAivKifDURLEc3lh_DYRE,2020-08-02,-23,-1,-31,-27,-17,4
KR,South Korea,,,Seoul Metropolitan Area,,,ChIJVSiAivKifDURLEc3lh_DYRE,2020-08-03,-11,5,0,-17,-20,7
KR,South Korea,,,Seoul Metropolitan Area,,,ChIJVSiAivKifDURLEc3lh_DYRE,2020-08-04,3,12,26,-8,-17,4
KR,South Korea,,,Seoul Metropolitan Area,,,ChIJVSiAivKifDURLEc3lh_DYRE,2020-08-05,-8,6,11,-14,-16,6
KR,South Korea,,,Seoul Metropolitan Area,,,ChIJVSiAivKifDURLEc3lh_DYRE,2020-08-06,-7,5,38,-11,-12,5
KR,South Korea,,,Seoul Metropolitan Area,,,ChIJVSiAivKifDURLEc3lh_DYRE,2020-08-07,-4,8,44,-7,-11,4
KR,South Korea,,,Seoul Metropolitan Area,,,ChIJVSiAivKifDURLEc3lh_DYRE,2020-08-08,-12,2,3,-15,-12,5
KR,South Korea,,,Seoul Metropolitan Area,,,ChIJVSiAivKifDURLEc3lh_DYRE,2020-08-09,-23,-22,-33,-29,-18,7
KR,South Korea,,,Seoul Metropolitan Area,,,ChIJVSiAivKifDURLEc3lh_DYRE,2020-08-10,-6,11,9,-11,-9,5
KR,South Korea,,,Seoul Metropolitan Area,,,ChIJVSiAivKifDURLEc3lh_DYRE,2020-08-11,2,12,26,-5,-9,3
KR,South Korea,,,Seoul Metropolitan Area,,,ChIJVSiAivKifDURLEc3lh_DYRE,2020-08-12,-2,8,41,-7,-8,2
KR,South Korea,,,Seoul Metropolitan Area,,,ChIJVSiAivKifDURLEc3lh_DYRE,2020-08-13,-4,8,39,-8,-9,2
KR,South Korea,,,Seoul Metropolitan Area,,,ChIJVSiAivKifDURLEc3lh_DYRE,2020-08-14,-6,8,30,-8,-13,4
KR,South Korea,,,Seoul Metropolitan Area,,,ChIJVSiAivKifDURLEc3lh_DYRE,2020-08-15,-19,-2,-4,-21,-28,5
KR,South Korea,,,Seoul Metropolitan Area,,,ChIJVSiAivKifDURLEc3lh_DYRE,2020-08-16,-10,15,36,-13,-16,0
KR,South Korea,,,Seoul Metropolitan Area,,,ChIJVSiAivKifDURLEc3lh_DYRE,2020-08-17,-5,19,61,-24,-51,13
KR,South Korea,,,Seoul Metropolitan Area,,,ChIJVSiAivKifDURLEc3lh_DYRE,2020-08-18,-10,7,30,-7,-9,2
KR,South Korea,,,Seoul Metropolitan Area,,,ChIJVSiAivKifDURLEc3lh_DYRE,2020-08-19,-20,6,31,-14,-12,5
KR,South Korea,,,Seoul Metropolitan Area,,,ChIJVSiAivKifDURLEc3lh_DYRE,2020-08-20,-22,1,27,-17,-12,5
KR,South Korea,,,Seoul Metropolitan Area,,,ChIJVSiAivKifDURLEc3lh_DYRE,2020-08-21,-26,1,20,-17,-12,7
KR,South Korea,,,Seoul Metropolitan Area,,,ChIJVSiAivKifDURLEc3lh_DYRE,2020-08-22,-38,-5,-14,-28,-14,9
KR,South Korea,,,Seoul Metropolitan Area,,,ChIJVSiAivKifDURLEc3lh_DYRE,2020-08-23,-32,-9,30,-26,-20,7
KR,South Korea,,,Seoul Metropolitan Area,,,ChIJVSiAivKifDURLEc3lh_DYRE,2020-08-24,-21,14,39,-16,-11,6
KR,South Korea,,,Seoul Metropolitan Area,,,ChIJVSiAivKifDURLEc3lh_DYRE,2020-08-25,-18,10,27,-12,-11,5
KR,South Korea,,,Seoul Metropolitan Area,,,ChIJVSiAivKifDURLEc3lh_DYRE,2020-08-26,-28,1,4,-22,-12,9
KR,South Korea,,,Seoul Metropolitan Area,,,ChIJVSiAivKifDURLEc3lh_DYRE,2020-08-27,-31,-5,0,-27,-14,11
KR,South Korea,,,Seoul Metropolitan Area,,,ChIJVSiAivKifDURLEc3lh_DYRE,2020-08-28,-29,1,8,-22,-12,10
KR,South Korea,,,Seoul Metropolitan Area,,,ChIJVSiAivKifDURLEc3lh_DYRE,2020-08-29,-41,-4,-18,-32,-14,10
KR,South Korea,,,Seoul Metropolitan Area,,,ChIJVSiAivKifDURLEc3lh_DYRE,2020-08-30,-41,8,7,-33,-23,9
KR,South Korea,,,Seoul Metropolitan Area,,,ChIJVSiAivKifDURLEc3lh_DYRE,2020-08-31,-27,11,52,-19,-15,9
KR,South Korea,,,Seoul Metropolitan Area,,,ChIJVSiAivKifDURLEc3lh_DYRE,2020-09-01,-27,5,43,-17,-16,8
KR,South Korea,,,Seoul Metropolitan Area,,,ChIJVSiAivKifDURLEc3lh_DYRE,2020-09-02,-42,-10,-17,-30,-18,12
KR,South Korea,,,Seoul Metropolitan Area,,,ChIJVSiAivKifDURLEc3lh_DYRE,2020-09-03,-34,0,33,-27,-18,12
KR,South Korea,,,Seoul Metropolitan Area,,,ChIJVSiAivKifDURLEc3lh_DYRE,2020-09-04,-31,6,59,-19,-17,10
KR,South Korea,,,Seoul Metropolitan Area,,,ChIJVSiAivKifDURLEc3lh_DYRE,2020-09-05,-35,8,49,-24,-19,8
KR,South Korea,,,Seoul Metropolitan Area,,,ChIJVSiAivKifDURLEc3lh_DYRE,2020-09-06,-37,8,22,-30,-25,8
KR,South Korea,,,Seoul Metropolitan Area,,,ChIJVSiAivKifDURLEc3lh_DYRE,2020-09-07,-39,-12,-33,-31,-18,13
KR,South Korea,,,Seoul Metropolitan Area,,,ChIJVSiAivKifDURLEc3lh_DYRE,2020-09-08,-19,13,70,-13,-15,7
KR,South Korea,,,Seoul Metropolitan Area,,,ChIJVSiAivKifDURLEc3lh_DYRE,2020-09-09,-31,-1,31,-21,-16,9
KR,South Korea,,,Seoul Metropolitan Area,,,ChIJVSiAivKifDURLEc3lh_DYRE,2020-09-10,-27,4,57,-19,-15,7
KR,South Korea,,,Seoul Metropolitan Area,,,ChIJVSiAivKifDURLEc3lh_DYRE,2020-09-11,-31,1,22,-19,-16,9
KR,South Korea,,,Seoul Metropolitan Area,,,ChIJVSiAivKifDURLEc3lh_DYRE,2020-09-12,-34,6,3,-24,-19,9
KR,South Korea,,,Seoul Metropolitan Area,,,ChIJVSiAivKifDURLEc3lh_DYRE,2020-09-13,-25,-1,91,-17,-23,5
KR,South Korea,,,Seoul Metropolitan Area,,,ChIJVSiAivKifDURLEc3lh_DYRE,2020-09-14,-15,15,61,-12,-7,5
KR,South Korea,,,Seoul Metropolitan Area,,,ChIJVSiAivKifDURLEc3lh_DYRE,2020-09-15,-12,11,56,-8,-7,4
KR,South Korea,,,Seoul Metropolitan Area,,,ChIJVSiAivKifDURLEc3lh_DYRE,2020-09-16,-21,6,34,-15,-8,6
KR,South Korea,,,Seoul Metropolitan Area,,,ChIJVSiAivKifDURLEc3lh_DYRE,2020-09-17,-20,4,52,-14,-8,4
KR,South Korea,,,Seoul Metropolitan Area,,,ChIJVSiAivKifDURLEc3lh_DYRE,2020-09-18,-19,6,53,-10,-9,5
KR,South Korea,,,Seoul Metropolitan Area,,,ChIJVSiAivKifDURLEc3lh_DYRE,2020-09-19,-21,9,52,-11,-10,3
KR,South Korea,,,Seoul Metropolitan Area,,,ChIJVSiAivKifDURLEc3lh_DYRE,2020-09-20,-17,20,73,-12,-13,3
KR,South Korea,,,Seoul Metropolitan Area,,,ChIJVSiAivKifDURLEc3lh_DYRE,2020-09-21,-12,14,64,-7,-5,3
KR,South Korea,,,Seoul Metropolitan Area,,,ChIJVSiAivKifDURLEc3lh_DYRE,2020-09-22,-9,13,57,0,-5,2
KR,South Korea,,,Seoul Metropolitan Area,,,ChIJVSiAivKifDURLEc3lh_DYRE,2020-09-23,-17,12,51,-2,-5,3
KR,South Korea,,,Seoul Metropolitan Area,,,ChIJVSiAivKifDURLEc3lh_DYRE,2020-09-24,-17,12,49,-2,-5,3
KR,South Korea,,,Seoul Metropolitan Area,,,ChIJVSiAivKifDURLEc3lh_DYRE,2020-09-25,-16,14,45,1,-5,4
KR,South Korea,,,Seoul Metropolitan Area,,,ChIJVSiAivKifDURLEc3lh_DYRE,2020-09-26,-17,20,51,0,-6,3
KR,South Korea,,,Seoul Metropolitan Area,,,ChIJVSiAivKifDURLEc3lh_DYRE,2020-09-27,-14,12,74,1,-9,4
KR,South Korea,,,Seoul Metropolitan Area,,,ChIJVSiAivKifDURLEc3lh_DYRE,2020-09-28,-3,42,61,6,-5,2
KR,South Korea,,,Seoul Metropolitan Area,,,ChIJVSiAivKifDURLEc3lh_DYRE,2020-09-29,7,65,57,12,-11,1
KR,South Korea,,,Seoul Metropolitan Area,,,ChIJVSiAivKifDURLEc3lh_DYRE,2020-09-30,-26,67,52,-27,-75,15
KR,South Korea,,,Seoul Metropolitan Area,,,ChIJVSiAivKifDURLEc3lh_DYRE,2020-10-01,-54,-26,84,-42,-84,14
KR,South Korea,,,Seoul Metropolitan Area,,,ChIJVSiAivKifDURLEc3lh_DYRE,2020-10-02,-34,-9,63,-39,-78,20
KR,South Korea,,,Seoul Metropolitan Area,,,ChIJVSiAivKifDURLEc3lh_DYRE,2020-10-03,-30,-8,61,-18,-43,7
KR,South Korea,,,Seoul Metropolitan Area,,,ChIJVSiAivKifDURLEc3lh_DYRE,2020-10-04,-20,9,58,-9,-13,6
KR,South Korea,,,Seoul Metropolitan Area,,,ChIJVSiAivKifDURLEc3lh_DYRE,2020-10-05,-11,16,55,0,-3,3
KR,South Korea,,,Seoul Metropolitan Area,,,ChIJVSiAivKifDURLEc3lh_DYRE,2020-10-06,-9,12,54,5,-3,1
KR,South Korea,,,Seoul Metropolitan Area,,,ChIJVSiAivKifDURLEc3lh_DYRE,2020-10-07,-16,11,56,-1,-3,3
KR,South Korea,,,Seoul Metropolitan Area,,,ChIJVSiAivKifDURLEc3lh_DYRE,2020-10-08,-11,14,58,2,-3,0
KR,South Korea,,,Seoul Metropolitan Area,,,ChIJVSiAivKifDURLEc3lh_DYRE,2020-10-09,-14,14,100,-19,-56,16
KR,South Korea,,,Seoul Metropolitan Area,,,ChIJVSiAivKifDURLEc3lh_DYRE,2020-10-10,-20,7,59,-3,-10,3
KR,South Korea,,,Seoul Metropolitan Area,,,ChIJVSiAivKifDURLEc3lh_DYRE,2020-10-11,-16,-2,78,0,-9,3
KR,South Korea,,,Seoul Metropolitan Area,,,ChIJVSiAivKifDURLEc3lh_DYRE,2020-10-12,-10,19,62,3,-2,2
KR,South Korea,,,Seoul Metropolitan Area,,,ChIJVSiAivKifDURLEc3lh_DYRE,2020-10-13,-6,13,55,7,-2,1
KR,South Korea,,,Seoul Metropolitan Area,,,ChIJVSiAivKifDURLEc3lh_DYRE,2020-10-14,-13,10,47,0,-2,2
KR,South Korea,,,Seoul Metropolitan Area,,,ChIJVSiAivKifDURLEc3lh_DYRE,2020-10-15,-12,9,47,-1,-2,2
KR,South Korea,,,Seoul Metropolitan Area,,,ChIJVSiAivKifDURLEc3lh_DYRE,2020-10-16,-13,10,39,2,-3,3
KR,South Korea,,,Seoul Metropolitan Area,,,ChIJVSiAivKifDURLEc3lh_DYRE,2020-10-17,-13,12,53,5,-6,1
KR,South Korea,,,Seoul Metropolitan Area,,,ChIJVSiAivKifDURLEc3lh_DYRE,2020-10-18,-9,22,72,4,-8,1
KR,South Korea,,,Seoul Metropolitan Area,,,ChIJVSiAivKifDURLEc3lh_DYRE,2020-10-19,-7,19,64,4,-1,2
KR,South Korea,,,Seoul Metropolitan Area,,,ChIJVSiAivKifDURLEc3lh_DYRE,2020-10-20,-3,15,59,9,-1,0
KR,South Korea,,,Seoul Metropolitan Area,,,ChIJVSiAivKifDURLEc3lh_DYRE,2020-10-21,-11,12,52,2,-1,2
KR,South Korea,,,Seoul Metropolitan Area,,,ChIJVSiAivKifDURLEc3lh_DYRE,2020-10-22,-12,6,42,0,0,1
KR,South Korea,,,Seoul Metropolitan Area,,,ChIJVSiAivKifDURLEc3lh_DYRE,2020-10-23,-11,9,37,1,-1,2
KR,South Korea,,,Seoul Metropolitan Area,,,ChIJVSiAivKifDURLEc3lh_DYRE,2020-10-24,-12,11,42,3,-6,1
KR,South Korea,,,Seoul Metropolitan Area,,,ChIJVSiAivKifDURLEc3lh_DYRE,2020-10-25,-6,3,78,5,-10,1
KR,South Korea,,,Seoul Metropolitan Area,,,ChIJVSiAivKifDURLEc3lh_DYRE,2020-10-26,-6,19,62,5,0,1
KR,South Korea,,,Seoul Metropolitan Area,,,ChIJVSiAivKifDURLEc3lh_DYRE,2020-10-27,-3,14,54,9,0,0
KR,South Korea,,,Seoul Metropolitan Area,,,ChIJVSiAivKifDURLEc3lh_DYRE,2020-10-28,-10,8,50,1,0,1
KR,South Korea,,,Seoul Metropolitan Area,,,ChIJVSiAivKifDURLEc3lh_DYRE,2020-10-29,-11,6,42,-1,0,1
KR,South Korea,,,Seoul Metropolitan Area,,,ChIJVSiAivKifDURLEc3lh_DYRE,2020-10-30,-11,8,43,2,0,1
KR,South Korea,,,Seoul Metropolitan Area,,,ChIJVSiAivKifDURLEc3lh_DYRE,2020-10-31,-11,12,53,5,-6,0
KR,South Korea,,,Seoul Metropolitan Area,,,ChIJVSiAivKifDURLEc3lh_DYRE,2020-11-01,-17,14,-14,-8,-12,3
KR,South Korea,,,Seoul Metropolitan Area,,,ChIJVSiAivKifDURLEc3lh_DYRE,2020-11-02,-7,11,49,1,1,1
KR,South Korea,,,Seoul Metropolitan Area,,,ChIJVSiAivKifDURLEc3lh_DYRE,2020-11-03,-6,4,16,3,0,1
KR,South Korea,,,Seoul Metropolitan Area,,,ChIJVSiAivKifDURLEc3lh_DYRE,2020-11-04,-12,5,22,-2,0,2
KR,South Korea,,,Seoul Metropolitan Area,,,ChIJVSiAivKifDURLEc3lh_DYRE,2020-11-05,-12,4,30,0,0,1
KR,South Korea,,,Seoul Metropolitan Area,,,ChIJVSiAivKifDURLEc3lh_DYRE,2020-11-06,-13,5,27,1,-1,2
KR,South Korea,,,Seoul Metropolitan Area,,,ChIJVSiAivKifDURLEc3lh_DYRE,2020-11-07,-12,9,34,3,-8,1
KR,South Korea,,,Seoul Metropolitan Area,,,ChIJVSiAivKifDURLEc3lh_DYRE,2020-11-08,-7,-3,39,3,-11,1
KR,South Korea,,,Seoul Metropolitan Area,,,ChIJVSiAivKifDURLEc3lh_DYRE,2020-11-09,-10,13,22,0,0,2
KR,South Korea,,,Seoul Metropolitan Area,,,ChIJVSiAivKifDURLEc3lh_DYRE,2020-11-10,-3,13,26,7,1,0
KR,South Korea,,,Seoul Metropolitan Area,,,ChIJVSiAivKifDURLEc3lh_DYRE,2020-11-11,-10,9,34,2,0,1
KR,South Korea,,,Seoul Metropolitan Area,,,ChIJVSiAivKifDURLEc3lh_DYRE,2020-11-12,-12,5,30,0,0,1
KR,South Korea,,,Seoul Metropolitan Area,,,ChIJVSiAivKifDURLEc3lh_DYRE,2020-11-13,-13,6,25,2,-1,2
KR,South Korea,,,Seoul Metropolitan Area,,,ChIJVSiAivKifDURLEc3lh_DYRE,2020-11-14,-14,7,29,2,-8,1
KR,South Korea,,,Seoul Metropolitan Area,,,ChIJVSiAivKifDURLEc3lh_DYRE,2020-11-15,-11,16,34,2,-10,1
KR,South Korea,,,Seoul Metropolitan Area,,,ChIJVSiAivKifDURLEc3lh_DYRE,2020-11-16,-10,11,35,2,0,2
KR,South Korea,,,Seoul Metropolitan Area,,,ChIJVSiAivKifDURLEc3lh_DYRE,2020-11-17,-8,7,23,6,0,1
KR,South Korea,,,Seoul Metropolitan Area,,,ChIJVSiAivKifDURLEc3lh_DYRE,2020-11-18,-19,2,0,-3,-1,3
KR,South Korea,,,Seoul Metropolitan Area,,,ChIJVSiAivKifDURLEc3lh_DYRE,2020-11-19,-23,-4,-18,-8,-2,5
KR,South Korea,,,Seoul Metropolitan Area,,,ChIJVSiAivKifDURLEc3lh_DYRE,2020-11-20,-19,5,-2,-3,-2,3
KR,South Korea,,,Seoul Metropolitan Area,,,ChIJVSiAivKifDURLEc3lh_DYRE,2020-11-21,-21,7,9,-6,-9,3
KR,South Korea,,,Seoul Metropolitan Area,,,ChIJVSiAivKifDURLEc3lh_DYRE,2020-11-22,-22,-9,-7,-12,-14,4
KR,South Korea,,,Seoul Metropolitan Area,,,ChIJVSiAivKifDURLEc3lh_DYRE,2020-11-23,-16,11,12,-4,-1,4
KR,South Korea,,,Seoul Metropolitan Area,,,ChIJVSiAivKifDURLEc3lh_DYRE,2020-11-24,-19,7,11,-3,-3,4
KR,South Korea,,,Seoul Metropolitan Area,,,ChIJVSiAivKifDURLEc3lh_DYRE,2020-11-25,-26,5,17,-7,-3,6
KR,South Korea,,,Seoul Metropolitan Area,,,ChIJVSiAivKifDURLEc3lh_DYRE,2020-11-26,-28,3,13,-11,-6,6
KR,South Korea,,,Seoul Metropolitan Area,,,ChIJVSiAivKifDURLEc3lh_DYRE,2020-11-27,-30,4,-1,-12,-8,8
KR,South Korea,,,Seoul Metropolitan Area,,,ChIJVSiAivKifDURLEc3lh_DYRE,2020-11-28,-34,4,-14,-20,-13,8
KR,South Korea,,,Seoul Metropolitan Area,,,ChIJVSiAivKifDURLEc3lh_DYRE,2020-11-29,-32,8,-10,-21,-16,7
KR,South Korea,,,Seoul Metropolitan Area,,,ChIJVSiAivKifDURLEc3lh_DYRE,2020-11-30,-24,8,8,-11,-7,7
KR,South Korea,,,Seoul Metropolitan Area,,,ChIJVSiAivKifDURLEc3lh_DYRE,2020-12-01,-22,5,8,-8,-7,7
KR,South Korea,,,Seoul Metropolitan Area,,,ChIJVSiAivKifDURLEc3lh_DYRE,2020-12-02,-28,6,9,-12,-7,8
KR,South Korea,,,Seoul Metropolitan Area,,,ChIJVSiAivKifDURLEc3lh_DYRE,2020-12-03,-29,-1,4,-14,-9,8
KR,South Korea,,,Seoul Metropolitan Area,,,ChIJVSiAivKifDURLEc3lh_DYRE,2020-12-04,-31,2,1,-13,-9,9
KR,South Korea,,,Seoul Metropolitan Area,,,ChIJVSiAivKifDURLEc3lh_DYRE,2020-12-05,-33,5,-3,-17,-12,8
KR,South Korea,,,Seoul Metropolitan Area,,,ChIJVSiAivKifDURLEc3lh_DYRE,2020-12-06,-31,9,12,-19,-16,7
KR,South Korea,,,Seoul Metropolitan Area,,,ChIJVSiAivKifDURLEc3lh_DYRE,2020-12-07,-28,4,10,-12,-7,8
KR,South Korea,,,Seoul Metropolitan Area,,,ChIJVSiAivKifDURLEc3lh_DYRE,2020-12-08,-28,-2,8,-11,-9,8
KR,South Korea,,,Seoul Metropolitan Area,,,ChIJVSiAivKifDURLEc3lh_DYRE,2020-12-09,-33,-5,14,-16,-11,9
KR,South Korea,,,Seoul Metropolitan Area,,,ChIJVSiAivKifDURLEc3lh_DYRE,2020-12-10,-32,-3,16,-16,-10,9
KR,South Korea,,,Seoul Metropolitan Area,,,ChIJVSiAivKifDURLEc3lh_DYRE,2020-12-11,-26,3,12,-15,-12,10
KR,South Korea,,,Seoul Metropolitan Area,,,ChIJVSiAivKifDURLEc3lh_DYRE,2020-12-12,-32,8,1,-21,-16,10
KR,South Korea,,,Seoul Metropolitan Area,,,ChIJVSiAivKifDURLEc3lh_DYRE,2020-12-13,-41,-14,-18,-31,-26,12
KR,South Korea,,,Seoul Metropolitan Area,,,ChIJVSiAivKifDURLEc3lh_DYRE,2020-12-14,-27,6,-9,-19,-13,11
KR,South Korea,,,Seoul Metropolitan Area,,,ChIJVSiAivKifDURLEc3lh_DYRE,2020-12-15,-25,0,-12,-17,-14,10
KR,South Korea,,,Seoul Metropolitan Area,,,ChIJVSiAivKifDURLEc3lh_DYRE,2020-12-16,-31,0,-12,-23,-15,12
KR,South Korea,,,Seoul Metropolitan Area,,,ChIJVSiAivKifDURLEc3lh_DYRE,2020-12-17,-30,-1,-1,-22,-14,11
KR,South Korea,,,Seoul Metropolitan Area,,,ChIJVSiAivKifDURLEc3lh_DYRE,2020-12-18,-31,2,-5,-19,-16,13
KR,South Korea,,,Seoul Metropolitan Area,,,ChIJVSiAivKifDURLEc3lh_DYRE,2020-12-19,-35,6,-19,-27,-18,13
KR,South Korea,,,Seoul Metropolitan Area,,,ChIJVSiAivKifDURLEc3lh_DYRE,2020-12-20,-37,10,-4,-30,-24,11
KR,South Korea,,,Seoul Metropolitan Area,,,ChIJVSiAivKifDURLEc3lh_DYRE,2020-12-21,-23,8,16,-15,-14,11
KR,South Korea,,,Seoul Metropolitan Area,,,ChIJVSiAivKifDURLEc3lh_DYRE,2020-12-22,-20,4,14,-13,-14,9
KR,South Korea,,,Seoul Metropolitan Area,,,ChIJVSiAivKifDURLEc3lh_DYRE,2020-12-23,-26,3,10,-17,-15,11
KR,South Korea,,,Seoul Metropolitan Area,,,ChIJVSiAivKifDURLEc3lh_DYRE,2020-12-24,-17,26,12,-14,-18,10
KR,South Korea,,,Seoul Metropolitan Area,,,ChIJVSiAivKifDURLEc3lh_DYRE,2020-12-25,-35,10,16,-46,-70,31
KR,South Korea,,,Seoul Metropolitan Area,,,ChIJVSiAivKifDURLEc3lh_DYRE,2020-12-26,-39,1,6,-30,-25,14
KR,South Korea,,,Seoul Metropolitan Area,,,ChIJVSiAivKifDURLEc3lh_DYRE,2020-12-27,-39,-12,22,-30,-26,12
KR,South Korea,,,Seoul Metropolitan Area,,,ChIJVSiAivKifDURLEc3lh_DYRE,2020-12-28,-21,12,31,-15,-17,11
KR,South Korea,,,Seoul Metropolitan Area,,,ChIJVSiAivKifDURLEc3lh_DYRE,2020-12-29,-22,4,-3,-16,-18,11
KR,South Korea,,,Seoul Metropolitan Area,,,ChIJVSiAivKifDURLEc3lh_DYRE,2020-12-30,-30,1,-20,-24,-20,13
KR,South Korea,,,Seoul Metropolitan Area,,,ChIJVSiAivKifDURLEc3lh_DYRE,2020-12-31,-20,32,-7,-21,-26,14
KR,South Korea,,,Seoul Metropolitan Area,,,ChIJVSiAivKifDURLEc3lh_DYRE,2021-01-01,-50,-6,10,-55,-79,34
KR,South Korea,,,Seoul Metropolitan Area,,,ChIJVSiAivKifDURLEc3lh_DYRE,2021-01-02,-40,-1,-11,-36,-35,16
KR,South Korea,,,Seoul Metropolitan Area,,,ChIJVSiAivKifDURLEc3lh_DYRE,2021-01-03,-40,3,-5,-34,-26,12
KR,South Korea,,,Seoul Metropolitan Area,,,ChIJVSiAivKifDURLEc3lh_DYRE,2021-01-04,-26,5,9,-17,-13,11
KR,South Korea,,,Seoul Metropolitan Area,,,ChIJVSiAivKifDURLEc3lh_DYRE,2021-01-05,-24,1,-5,-16,-14,10
KR,South Korea,,,Seoul Metropolitan Area,,,ChIJVSiAivKifDURLEc3lh_DYRE,2021-01-06,-32,0,1,-16,-15,11
KR,South Korea,,,Seoul Metropolitan Area,,,ChIJVSiAivKifDURLEc3lh_DYRE,2021-01-07,-41,-17,-32,-18,-20,15
KR,South Korea,,,Seoul Metropolitan Area,,,ChIJVSiAivKifDURLEc3lh_DYRE,2021-01-08,-37,-7,-34,-24,-18,16
KR,South Korea,,,Seoul Metropolitan Area,,,ChIJVSiAivKifDURLEc3lh_DYRE,2021-01-09,-36,7,-35,-31,-20,15
KR,South Korea,,,Seoul Metropolitan Area,,,ChIJVSiAivKifDURLEc3lh_DYRE,2021-01-10,-36,-9,-18,-34,-26,13
KR,South Korea,,,Seoul Metropolitan Area,,,ChIJVSiAivKifDURLEc3lh_DYRE,2021-01-11,-25,9,-3,-18,-14,11
KR,South Korea,,,Seoul Metropolitan Area,,,ChIJVSiAivKifDURLEc3lh_DYRE,2021-01-12,-26,0,-2,-12,-15,10
KR,South Korea,,,Seoul Metropolitan Area,,,ChIJVSiAivKifDURLEc3lh_DYRE,2021-01-13,-28,4,6,-17,-15,11
KR,South Korea,,,Seoul Metropolitan Area,,,ChIJVSiAivKifDURLEc3lh_DYRE,2021-01-14,-25,4,12,-19,-14,9
KR,South Korea,,,Seoul Metropolitan Area,,,ChIJVSiAivKifDURLEc3lh_DYRE,2021-01-15,-29,3,-3,-19,-15,11
KR,South Korea,,,Seoul Metropolitan Area,,,ChIJVSiAivKifDURLEc3lh_DYRE,2021-01-16,-30,9,-13,-24,-17,11
KR,South Korea,,,Seoul Metropolitan Area,,,ChIJVSiAivKifDURLEc3lh_DYRE,2021-01-17,-33,12,-9,-29,-22,10
KR,South Korea,,,Seoul Metropolitan Area,,,ChIJVSiAivKifDURLEc3lh_DYRE,2021-01-18,-26,-1,-11,-17,-14,11
KR,South Korea,,,Seoul Metropolitan Area,,,ChIJVSiAivKifDURLEc3lh_DYRE,2021-01-19,-19,1,-1,-15,-13,8
KR,South Korea,,,Seoul Metropolitan Area,,,ChIJVSiAivKifDURLEc3lh_DYRE,2021-01-20,-21,6,15,-15,-12,8
KR,South Korea,,,Seoul Metropolitan Area,,,ChIJVSiAivKifDURLEc3lh_DYRE,2021-01-21,-27,-9,-15,-20,-12,9
KR,South Korea,,,Seoul Metropolitan Area,,,ChIJVSiAivKifDURLEc3lh_DYRE,2021-01-22,-24,3,1,-17,-12,10
KR,South Korea,,,Seoul Metropolitan Area,,,ChIJVSiAivKifDURLEc3lh_DYRE,2021-01-23,-22,12,15,-18,-13,9
KR,South Korea,,,Seoul Metropolitan Area,,,ChIJVSiAivKifDURLEc3lh_DYRE,2021-01-24,-20,-1,49,-19,-19,7
KR,South Korea,,,Seoul Metropolitan Area,,,ChIJVSiAivKifDURLEc3lh_DYRE,2021-01-25,-14,15,42,-11,-10,7
KR,South Korea,,,Seoul Metropolitan Area,,,ChIJVSiAivKifDURLEc3lh_DYRE,2021-01-26,-18,0,-9,-12,-11,8
KR,South Korea,,,Seoul Metropolitan Area,,,ChIJVSiAivKifDURLEc3lh_DYRE,2021-01-27,-18,6,19,-14,-10,8
KR,South Korea,,,Seoul Metropolitan Area,,,ChIJVSiAivKifDURLEc3lh_DYRE,2021-01-28,-28,-7,-22,-21,-12,10
KR,South Korea,,,Seoul Metropolitan Area,,,ChIJVSiAivKifDURLEc3lh_DYRE,2021-01-29,-24,1,-17,-20,-11,11
KR,South Korea,,,Seoul Metropolitan Area,,,ChIJVSiAivKifDURLEc3lh_DYRE,2021-01-30,-20,14,0,-20,-12,9
KR,South Korea,,,Seoul Metropolitan Area,,,ChIJVSiAivKifDURLEc3lh_DYRE,2021-01-31,-17,23,27,-22,-16,7
KR,South Korea,,,Seoul Metropolitan Area,,,ChIJVSiAivKifDURLEc3lh_DYRE,2021-02-01,-11,15,16,-11,-9,8
KR,South Korea,,,Seoul Metropolitan Area,,,ChIJVSiAivKifDURLEc3lh_DYRE,2021-02-02,-11,9,-3,-11,-9,7
KR,South Korea,,,Seoul Metropolitan Area,,,ChIJVSiAivKifDURLEc3lh_DYRE,2021-02-03,-18,11,2,-13,-9,8
KR,South Korea,,,Seoul Metropolitan Area,,,ChIJVSiAivKifDURLEc3lh_DYRE,2021-02-04,-20,2,-7,-14,-10,9
KR,South Korea,,,Seoul Metropolitan Area,,,ChIJVSiAivKifDURLEc3lh_DYRE,2021-02-05,-18,10,4,-12,-9,8
KR,South Korea,,,Seoul Metropolitan Area,,,ChIJVSiAivKifDURLEc3lh_DYRE,2021-02-06,-19,16,5,-16,-9,8
KR,South Korea,,,Seoul Metropolitan Area,,,ChIJVSiAivKifDURLEc3lh_DYRE,2021-02-07,-16,27,12,-20,-13,7
KR,South Korea,,,Seoul Metropolitan Area,,,ChIJVSiAivKifDURLEc3lh_DYRE,2021-02-08,-9,21,5,-10,-9,7
KR,South Korea,,,Seoul Metropolitan Area,,,ChIJVSiAivKifDURLEc3lh_DYRE,2021-02-09,-1,30,13,-4,-9,5
KR,South Korea,,,Seoul Metropolitan Area,,,ChIJVSiAivKifDURLEc3lh_DYRE,2021-02-10,-4,58,14,-8,-17,8
KR,South Korea,,,Seoul Metropolitan Area,,,ChIJVSiAivKifDURLEc3lh_DYRE,2021-02-11,-26,60,23,-39,-76,21
KR,South Korea,,,Seoul Metropolitan Area,,,ChIJVSiAivKifDURLEc3lh_DYRE,2021-02-12,-56,-28,39,-53,-84,23
KR,South Korea,,,Seoul Metropolitan Area,,,ChIJVSiAivKifDURLEc3lh_DYRE,2021-02-13,-33,-11,28,-32,-52,10
KR,South Korea,,,Seoul Metropolitan Area,,,ChIJVSiAivKifDURLEc3lh_DYRE,2021-02-14,-21,-10,21,-21,-19,7
KR,South Korea,,,Seoul Metropolitan Area,,,ChIJVSiAivKifDURLEc3lh_DYRE,2021-02-15,-10,12,-1,-14,-11,8
KR,South Korea,,,Seoul Metropolitan Area,,,ChIJVSiAivKifDURLEc3lh_DYRE,2021-02-16,-12,2,-14,-11,-9,6
KR,South Korea,,,Seoul Metropolitan Area,,,ChIJVSiAivKifDURLEc3lh_DYRE,2021-02-17,-20,0,-22,-18,-9,8
KR,South Korea,,,Seoul Metropolitan Area,,,ChIJVSiAivKifDURLEc3lh_DYRE,2021-02-18,-16,3,-8,-16,-8,7
KR,South Korea,,,Seoul Metropolitan Area,,,ChIJVSiAivKifDURLEc3lh_DYRE,2021-02-19,-14,8,8,-12,-8,7
KR,South Korea,,,Seoul Metropolitan Area,,,ChIJVSiAivKifDURLEc3lh_DYRE,2021-02-20,-13,15,28,-11,-7,6
KR,South Korea,,,Seoul Metropolitan Area,,,ChIJVSiAivKifDURLEc3lh_DYRE,2021-02-21,-9,22,59,-11,-11,5
KR,South Korea,,,Seoul Metropolitan Area,,,ChIJVSiAivKifDURLEc3lh_DYRE,2021-02-22,-6,16,30,-8,-7,5
KR,South Korea,,,Seoul Metropolitan Area,,,ChIJVSiAivKifDURLEc3lh_DYRE,2021-02-23,-4,11,12,-6,-7,4
KR,South Korea,,,Seoul Metropolitan Area,,,ChIJVSiAivKifDURLEc3lh_DYRE,2021-02-24,-10,12,24,-9,-8,5
KR,South Korea,,,Seoul Metropolitan Area,,,ChIJVSiAivKifDURLEc3lh_DYRE,2021-02-25,-11,13,12,-11,-7,5
KR,South Korea,,,Seoul Metropolitan Area,,,ChIJVSiAivKifDURLEc3lh_DYRE,2021-02-26,-10,13,30,-8,-8,6
KR,South Korea,,,Seoul Metropolitan Area,,,ChIJVSiAivKifDURLEc3lh_DYRE,2021-02-27,-11,16,39,-6,-8,3
KR,South Korea,,,Seoul Metropolitan Area,,,ChIJVSiAivKifDURLEc3lh_DYRE,2021-02-28,-5,7,51,-5,-14,2
KR,South Korea,,,Seoul Metropolitan Area,,,ChIJVSiAivKifDURLEc3lh_DYRE,2021-03-01,-20,9,-43,-45,-66,25
KR,South Korea,,,Seoul Metropolitan Area,,,ChIJVSiAivKifDURLEc3lh_DYRE,2021-03-02,-2,22,18,-2,-6,3
