country_region_code,country_region,sub_region_1,sub_region_2,metro_area,iso_3166_2_code,census_fips_code,place_id,date,retail_and_recreation_percent_change_from_baseline,grocery_and_pharmacy_percent_change_from_baseline,parks_percent_change_from_baseline,transit_stations_percent_change_from_baseline,workplaces_percent_change_from_baseline,residential_percent_change_from_baseline
BD,Bangladesh,,,,,,ChIJp4vhgO2qrTARa_zhxOAoLQ8,2020-02-15,4,6,10,7,8,1
BD,Bangladesh,,,,,,ChIJp4vhgO2qrTARa_zhxOAoLQ8,2020-02-16,3,3,5,4,8,0
BD,Bangladesh,,,,,,ChIJp4vhgO2qrTARa_zhxOAoLQ8,2020-02-17,1,4,3,2,5,1
BD,Bangladesh,,,,,,ChIJp4vhgO2qrTARa_zhxOAoLQ8,2020-02-18,2,3,2,3,5,1
BD,Bangladesh,,,,,,ChIJp4vhgO2qrTARa_zhxOAoLQ8,2020-02-19,1,1,3,2,5,1
BD,Bangladesh,,,,,,ChIJp4vhgO2qrTARa_zhxOAoLQ8,2020-02-20,2,4,4,4,7,1
BD,Bangladesh,,,,,,ChIJp4vhgO2qrTARa_zhxOAoLQ8,2020-02-21,2,6,18,5,0,2
BD,Bangladesh,,,,,,ChIJp4vhgO2qrTARa_zhxOAoLQ8,2020-02-22,2,4,10,6,8,1
BD,Bangladesh,,,,,,ChIJp4vhgO2qrTARa_zhxOAoLQ8,2020-02-23,4,4,8,4,11,0
BD,Bangladesh,,,,,,ChIJp4vhgO2qrTARa_zhxOAoLQ8,2020-02-24,1,3,5,1,7,1
BD,Bangladesh,,,,,,ChIJp4vhgO2qrTARa_zhxOAoLQ8,2020-02-25,-1,0,1,2,6,1
BD,Bangladesh,,,,,,ChIJp4vhgO2qrTARa_zhxOAoLQ8,2020-02-26,0,1,5,1,7,1
BD,Bangladesh,,,,,,ChIJp4vhgO2qrTARa_zhxOAoLQ8,2020-02-27,4,6,8,5,8,1
BD,Bangladesh,,,,,,ChIJp4vhgO2qrTARa_zhxOAoLQ8,2020-02-28,7,6,16,9,6,0
BD,Bangladesh,,,,,,ChIJp4vhgO2qrTARa_zhxOAoLQ8,2020-02-29,6,6,14,8,11,0
BD,Bangladesh,,,,,,ChIJp4vhgO2qrTARa_zhxOAoLQ8,2020-03-01,5,6,5,5,12,0
BD,Bangladesh,,,,,,ChIJp4vhgO2qrTARa_zhxOAoLQ8,2020-03-02,3,6,3,3,8,1
BD,Bangladesh,,,,,,ChIJp4vhgO2qrTARa_zhxOAoLQ8,2020-03-03,2,3,2,3,7,1
BD,Bangladesh,,,,,,ChIJp4vhgO2qrTARa_zhxOAoLQ8,2020-03-04,4,5,5,5,8,1
BD,Bangladesh,,,,,,ChIJp4vhgO2qrTARa_zhxOAoLQ8,2020-03-05,7,9,6,9,11,0
BD,Bangladesh,,,,,,ChIJp4vhgO2qrTARa_zhxOAoLQ8,2020-03-06,-10,-8,-9,-7,-4,2
BD,Bangladesh,,,,,,ChIJp4vhgO2qrTARa_zhxOAoLQ8,2020-03-07,8,8,11,10,13,-1
BD,Bangladesh,,,,,,ChIJp4vhgO2qrTARa_zhxOAoLQ8,2020-03-08,9,9,10,9,13,-1
BD,Bangladesh,,,,,,ChIJp4vhgO2qrTARa_zhxOAoLQ8,2020-03-09,5,8,6,4,6,1
BD,Bangladesh,,,,,,ChIJp4vhgO2qrTARa_zhxOAoLQ8,2020-03-10,5,7,5,6,8,1
BD,Bangladesh,,,,,,ChIJp4vhgO2qrTARa_zhxOAoLQ8,2020-03-11,4,6,5,5,9,1
BD,Bangladesh,,,,,,ChIJp4vhgO2qrTARa_zhxOAoLQ8,2020-03-12,4,7,4,5,11,1
BD,Bangladesh,,,,,,ChIJp4vhgO2qrTARa_zhxOAoLQ8,2020-03-13,5,7,6,5,7,2
BD,Bangladesh,,,,,,ChIJp4vhgO2qrTARa_zhxOAoLQ8,2020-03-14,0,3,3,2,11,1
BD,Bangladesh,,,,,,ChIJp4vhgO2qrTARa_zhxOAoLQ8,2020-03-15,5,6,5,4,13,0
BD,Bangladesh,,,,,,ChIJp4vhgO2qrTARa_zhxOAoLQ8,2020-03-16,4,9,4,5,9,1
BD,Bangladesh,,,,,,ChIJp4vhgO2qrTARa_zhxOAoLQ8,2020-03-17,-6,3,7,-5,-33,10
BD,Bangladesh,,,,,,ChIJp4vhgO2qrTARa_zhxOAoLQ8,2020-03-18,-6,5,-2,-2,0,3
BD,Bangladesh,,,,,,ChIJp4vhgO2qrTARa_zhxOAoLQ8,2020-03-19,-12,3,-9,-9,1,5
BD,Bangladesh,,,,,,ChIJp4vhgO2qrTARa_zhxOAoLQ8,2020-03-20,-24,-2,-18,-17,4,7
BD,Bangladesh,,,,,,ChIJp4vhgO2qrTARa_zhxOAoLQ8,2020-03-21,-25,-5,-14,-19,0,8
BD,Bangladesh,,,,,,ChIJp4vhgO2qrTARa_zhxOAoLQ8,2020-03-22,-25,-8,-13,-22,-5,7
BD,Bangladesh,,,,,,ChIJp4vhgO2qrTARa_zhxOAoLQ8,2020-03-23,-31,-7,-16,-26,-14,10
BD,Bangladesh,,,,,,ChIJp4vhgO2qrTARa_zhxOAoLQ8,2020-03-24,-35,-9,-15,-22,-20,10
BD,Bangladesh,,,,,,ChIJp4vhgO2qrTARa_zhxOAoLQ8,2020-03-25,-53,-26,-17,-37,-36,13
BD,Bangladesh,,,,,,ChIJp4vhgO2qrTARa_zhxOAoLQ8,2020-03-26,-73,-51,-31,-70,-66,27
BD,Bangladesh,,,,,,ChIJp4vhgO2qrTARa_zhxOAoLQ8,2020-03-27,-71,-47,-35,-67,-38,19
BD,Bangladesh,,,,,,ChIJp4vhgO2qrTARa_zhxOAoLQ8,2020-03-28,-71,-48,-28,-66,-54,24
BD,Bangladesh,,,,,,ChIJp4vhgO2qrTARa_zhxOAoLQ8,2020-03-29,-68,-46,-26,-66,-60,24
BD,Bangladesh,,,,,,ChIJp4vhgO2qrTARa_zhxOAoLQ8,2020-03-30,-69,-45,-26,-66,-61,24
BD,Bangladesh,,,,,,ChIJp4vhgO2qrTARa_zhxOAoLQ8,2020-03-31,-67,-43,-25,-65,-60,23
BD,Bangladesh,,,,,,ChIJp4vhgO2qrTARa_zhxOAoLQ8,2020-04-01,-67,-44,-25,-64,-59,23
BD,Bangladesh,,,,,,ChIJp4vhgO2qrTARa_zhxOAoLQ8,2020-04-02,-70,-49,-31,-68,-59,25
BD,Bangladesh,,,,,,ChIJp4vhgO2qrTARa_zhxOAoLQ8,2020-04-03,-70,-46,-34,-66,-35,17
BD,Bangladesh,,,,,,ChIJp4vhgO2qrTARa_zhxOAoLQ8,2020-04-04,-69,-46,-29,-64,-51,22
BD,Bangladesh,,,,,,ChIJp4vhgO2qrTARa_zhxOAoLQ8,2020-04-05,-67,-44,-29,-64,-54,22
BD,Bangladesh,,,,,,ChIJp4vhgO2qrTARa_zhxOAoLQ8,2020-04-06,-71,-49,-31,-68,-60,24
BD,Bangladesh,,,,,,ChIJp4vhgO2qrTARa_zhxOAoLQ8,2020-04-07,-72,-50,-31,-70,-63,25
BD,Bangladesh,,,,,,ChIJp4vhgO2qrTARa_zhxOAoLQ8,2020-04-08,-73,-51,-31,-70,-63,26
BD,Bangladesh,,,,,,ChIJp4vhgO2qrTARa_zhxOAoLQ8,2020-04-09,-75,-54,-36,-73,-63,28
BD,Bangladesh,,,,,,ChIJp4vhgO2qrTARa_zhxOAoLQ8,2020-04-10,-77,-56,-40,-73,-43,21
BD,Bangladesh,,,,,,ChIJp4vhgO2qrTARa_zhxOAoLQ8,2020-04-11,-76,-55,-34,-72,-58,25
BD,Bangladesh,,,,,,ChIJp4vhgO2qrTARa_zhxOAoLQ8,2020-04-12,-73,-54,-32,-71,-61,24
BD,Bangladesh,,,,,,ChIJp4vhgO2qrTARa_zhxOAoLQ8,2020-04-13,-74,-53,-31,-71,-63,26
BD,Bangladesh,,,,,,ChIJp4vhgO2qrTARa_zhxOAoLQ8,2020-04-14,-75,-55,-32,-73,-66,27
BD,Bangladesh,,,,,,ChIJp4vhgO2qrTARa_zhxOAoLQ8,2020-04-15,-75,-56,-32,-72,-62,26
BD,Bangladesh,,,,,,ChIJp4vhgO2qrTARa_zhxOAoLQ8,2020-04-16,-74,-54,-32,-72,-59,27
BD,Bangladesh,,,,,,ChIJp4vhgO2qrTARa_zhxOAoLQ8,2020-04-17,-75,-54,-36,-72,-38,20
BD,Bangladesh,,,,,,ChIJp4vhgO2qrTARa_zhxOAoLQ8,2020-04-18,-75,-55,-35,-71,-55,25
BD,Bangladesh,,,,,,ChIJp4vhgO2qrTARa_zhxOAoLQ8,2020-04-19,-72,-53,-34,-70,-59,24
BD,Bangladesh,,,,,,ChIJp4vhgO2qrTARa_zhxOAoLQ8,2020-04-20,-74,-54,-33,-71,-61,25
BD,Bangladesh,,,,,,ChIJp4vhgO2qrTARa_zhxOAoLQ8,2020-04-21,-73,-53,-32,-70,-61,25
BD,Bangladesh,,,,,,ChIJp4vhgO2qrTARa_zhxOAoLQ8,2020-04-22,-73,-53,-33,-70,-60,25
BD,Bangladesh,,,,,,ChIJp4vhgO2qrTARa_zhxOAoLQ8,2020-04-23,-73,-53,-36,-71,-58,26
BD,Bangladesh,,,,,,ChIJp4vhgO2qrTARa_zhxOAoLQ8,2020-04-24,-73,-50,-41,-69,-35,18
BD,Bangladesh,,,,,,ChIJp4vhgO2qrTARa_zhxOAoLQ8,2020-04-25,-75,-54,-38,-70,-54,26
BD,Bangladesh,,,,,,ChIJp4vhgO2qrTARa_zhxOAoLQ8,2020-04-26,-73,-56,-39,-71,-56,25
BD,Bangladesh,,,,,,ChIJp4vhgO2qrTARa_zhxOAoLQ8,2020-04-27,-73,-53,-36,-70,-56,25
BD,Bangladesh,,,,,,ChIJp4vhgO2qrTARa_zhxOAoLQ8,2020-04-28,-72,-54,-36,-69,-55,24
BD,Bangladesh,,,,,,ChIJp4vhgO2qrTARa_zhxOAoLQ8,2020-04-29,-71,-51,-33,-67,-53,24
BD,Bangladesh,,,,,,ChIJp4vhgO2qrTARa_zhxOAoLQ8,2020-04-30,-71,-51,-36,-69,-50,26
BD,Bangladesh,,,,,,ChIJp4vhgO2qrTARa_zhxOAoLQ8,2020-05-01,-74,-53,-42,-69,-33,19
BD,Bangladesh,,,,,,ChIJp4vhgO2qrTARa_zhxOAoLQ8,2020-05-02,-72,-52,-36,-67,-42,23
BD,Bangladesh,,,,,,ChIJp4vhgO2qrTARa_zhxOAoLQ8,2020-05-03,-67,-48,-35,-65,-47,22
BD,Bangladesh,,,,,,ChIJp4vhgO2qrTARa_zhxOAoLQ8,2020-05-04,-68,-48,-34,-65,-49,22
BD,Bangladesh,,,,,,ChIJp4vhgO2qrTARa_zhxOAoLQ8,2020-05-05,-68,-48,-35,-64,-48,22
BD,Bangladesh,,,,,,ChIJp4vhgO2qrTARa_zhxOAoLQ8,2020-05-06,-68,-48,-33,-64,-52,22
BD,Bangladesh,,,,,,ChIJp4vhgO2qrTARa_zhxOAoLQ8,2020-05-07,-66,-44,-36,-63,-43,22
BD,Bangladesh,,,,,,ChIJp4vhgO2qrTARa_zhxOAoLQ8,2020-05-08,-67,-43,-38,-62,-21,16
BD,Bangladesh,,,,,,ChIJp4vhgO2qrTARa_zhxOAoLQ8,2020-05-09,-64,-42,-33,-59,-34,20
BD,Bangladesh,,,,,,ChIJp4vhgO2qrTARa_zhxOAoLQ8,2020-05-10,-57,-37,-32,-55,-37,19
BD,Bangladesh,,,,,,ChIJp4vhgO2qrTARa_zhxOAoLQ8,2020-05-11,-58,-36,-30,-55,-40,19
BD,Bangladesh,,,,,,ChIJp4vhgO2qrTARa_zhxOAoLQ8,2020-05-12,-56,-35,-30,-54,-40,19
BD,Bangladesh,,,,,,ChIJp4vhgO2qrTARa_zhxOAoLQ8,2020-05-13,-59,-39,-31,-56,-40,20
BD,Bangladesh,,,,,,ChIJp4vhgO2qrTARa_zhxOAoLQ8,2020-05-14,-57,-35,-32,-56,-36,20
BD,Bangladesh,,,,,,ChIJp4vhgO2qrTARa_zhxOAoLQ8,2020-05-15,-59,-34,-35,-54,-11,15
BD,Bangladesh,,,,,,ChIJp4vhgO2qrTARa_zhxOAoLQ8,2020-05-16,-55,-32,-28,-51,-27,18
BD,Bangladesh,,,,,,ChIJp4vhgO2qrTARa_zhxOAoLQ8,2020-05-17,-53,-32,-29,-51,-34,18
BD,Bangladesh,,,,,,ChIJp4vhgO2qrTARa_zhxOAoLQ8,2020-05-18,-54,-31,-28,-50,-38,19
BD,Bangladesh,,,,,,ChIJp4vhgO2qrTARa_zhxOAoLQ8,2020-05-19,-53,-31,-29,-49,-39,18
BD,Bangladesh,,,,,,ChIJp4vhgO2qrTARa_zhxOAoLQ8,2020-05-20,-57,-37,-34,-54,-42,18
BD,Bangladesh,,,,,,ChIJp4vhgO2qrTARa_zhxOAoLQ8,2020-05-21,-63,-45,-40,-62,-51,19
BD,Bangladesh,,,,,,ChIJp4vhgO2qrTARa_zhxOAoLQ8,2020-05-22,-52,-24,-35,-48,-10,12
BD,Bangladesh,,,,,,ChIJp4vhgO2qrTARa_zhxOAoLQ8,2020-05-23,-51,-23,-26,-48,-39,19
BD,Bangladesh,,,,,,ChIJp4vhgO2qrTARa_zhxOAoLQ8,2020-05-24,-46,-15,-20,-45,-52,20
BD,Bangladesh,,,,,,ChIJp4vhgO2qrTARa_zhxOAoLQ8,2020-05-25,-62,-41,-3,-57,-62,18
BD,Bangladesh,,,,,,ChIJp4vhgO2qrTARa_zhxOAoLQ8,2020-05-26,-65,-43,-14,-58,-62,19
BD,Bangladesh,,,,,,ChIJp4vhgO2qrTARa_zhxOAoLQ8,2020-05-27,-68,-50,-26,-62,-55,18
BD,Bangladesh,,,,,,ChIJp4vhgO2qrTARa_zhxOAoLQ8,2020-05-28,-59,-36,-22,-55,-44,18
BD,Bangladesh,,,,,,ChIJp4vhgO2qrTARa_zhxOAoLQ8,2020-05-29,-60,-33,-27,-51,-18,13
BD,Bangladesh,,,,,,ChIJp4vhgO2qrTARa_zhxOAoLQ8,2020-05-30,-56,-33,-24,-49,-28,15
BD,Bangladesh,,,,,,ChIJp4vhgO2qrTARa_zhxOAoLQ8,2020-05-31,-47,-25,-21,-42,-25,13
BD,Bangladesh,,,,,,ChIJp4vhgO2qrTARa_zhxOAoLQ8,2020-06-01,-47,-26,-23,-41,-27,14
BD,Bangladesh,,,,,,ChIJp4vhgO2qrTARa_zhxOAoLQ8,2020-06-02,-47,-27,-22,-41,-28,14
BD,Bangladesh,,,,,,ChIJp4vhgO2qrTARa_zhxOAoLQ8,2020-06-03,-47,-27,-22,-41,-27,14
BD,Bangladesh,,,,,,ChIJp4vhgO2qrTARa_zhxOAoLQ8,2020-06-04,-50,-32,-29,-46,-26,16
BD,Bangladesh,,,,,,ChIJp4vhgO2qrTARa_zhxOAoLQ8,2020-06-05,-50,-26,-28,-42,-8,12
BD,Bangladesh,,,,,,ChIJp4vhgO2qrTARa_zhxOAoLQ8,2020-06-06,-46,-24,-23,-39,-17,14
BD,Bangladesh,,,,,,ChIJp4vhgO2qrTARa_zhxOAoLQ8,2020-06-07,-40,-20,-20,-36,-22,13
BD,Bangladesh,,,,,,ChIJp4vhgO2qrTARa_zhxOAoLQ8,2020-06-08,-43,-22,-22,-37,-25,14
BD,Bangladesh,,,,,,ChIJp4vhgO2qrTARa_zhxOAoLQ8,2020-06-09,-44,-24,-23,-39,-26,14
BD,Bangladesh,,,,,,ChIJp4vhgO2qrTARa_zhxOAoLQ8,2020-06-10,-44,-24,-22,-39,-26,14
BD,Bangladesh,,,,,,ChIJp4vhgO2qrTARa_zhxOAoLQ8,2020-06-11,-45,-25,-25,-42,-23,16
BD,Bangladesh,,,,,,ChIJp4vhgO2qrTARa_zhxOAoLQ8,2020-06-12,-52,-29,-32,-45,-8,13
BD,Bangladesh,,,,,,ChIJp4vhgO2qrTARa_zhxOAoLQ8,2020-06-13,-50,-30,-27,-44,-18,15
BD,Bangladesh,,,,,,ChIJp4vhgO2qrTARa_zhxOAoLQ8,2020-06-14,-40,-21,-22,-37,-21,13
BD,Bangladesh,,,,,,ChIJp4vhgO2qrTARa_zhxOAoLQ8,2020-06-15,-43,-23,-23,-40,-24,14
BD,Bangladesh,,,,,,ChIJp4vhgO2qrTARa_zhxOAoLQ8,2020-06-16,-44,-25,-23,-40,-26,14
BD,Bangladesh,,,,,,ChIJp4vhgO2qrTARa_zhxOAoLQ8,2020-06-17,-53,-36,-31,-49,-29,17
BD,Bangladesh,,,,,,ChIJp4vhgO2qrTARa_zhxOAoLQ8,2020-06-18,-49,-31,-30,-47,-25,16
BD,Bangladesh,,,,,,ChIJp4vhgO2qrTARa_zhxOAoLQ8,2020-06-19,-51,-29,-30,-45,-6,13
BD,Bangladesh,,,,,,ChIJp4vhgO2qrTARa_zhxOAoLQ8,2020-06-20,-45,-25,-24,-40,-15,14
BD,Bangladesh,,,,,,ChIJp4vhgO2qrTARa_zhxOAoLQ8,2020-06-21,-43,-25,-24,-40,-21,14
BD,Bangladesh,,,,,,ChIJp4vhgO2qrTARa_zhxOAoLQ8,2020-06-22,-43,-23,-22,-40,-25,15
BD,Bangladesh,,,,,,ChIJp4vhgO2qrTARa_zhxOAoLQ8,2020-06-23,-43,-24,-23,-39,-26,14
BD,Bangladesh,,,,,,ChIJp4vhgO2qrTARa_zhxOAoLQ8,2020-06-24,-43,-25,-24,-40,-25,14
BD,Bangladesh,,,,,,ChIJp4vhgO2qrTARa_zhxOAoLQ8,2020-06-25,-44,-25,-26,-41,-22,15
BD,Bangladesh,,,,,,ChIJp4vhgO2qrTARa_zhxOAoLQ8,2020-06-26,-47,-25,-27,-42,-6,12
BD,Bangladesh,,,,,,ChIJp4vhgO2qrTARa_zhxOAoLQ8,2020-06-27,-45,-26,-24,-40,-16,14
BD,Bangladesh,,,,,,ChIJp4vhgO2qrTARa_zhxOAoLQ8,2020-06-28,-42,-26,-26,-39,-20,13
BD,Bangladesh,,,,,,ChIJp4vhgO2qrTARa_zhxOAoLQ8,2020-06-29,-40,-21,-22,-38,-23,13
BD,Bangladesh,,,,,,ChIJp4vhgO2qrTARa_zhxOAoLQ8,2020-06-30,-40,-21,-22,-37,-23,13
BD,Bangladesh,,,,,,ChIJp4vhgO2qrTARa_zhxOAoLQ8,2020-07-01,-41,-23,-22,-40,-24,14
BD,Bangladesh,,,,,,ChIJp4vhgO2qrTARa_zhxOAoLQ8,2020-07-02,-39,-20,-24,-39,-19,14
BD,Bangladesh,,,,,,ChIJp4vhgO2qrTARa_zhxOAoLQ8,2020-07-03,-41,-19,-23,-38,-3,11
BD,Bangladesh,,,,,,ChIJp4vhgO2qrTARa_zhxOAoLQ8,2020-07-04,-38,-19,-21,-36,-12,13
BD,Bangladesh,,,,,,ChIJp4vhgO2qrTARa_zhxOAoLQ8,2020-07-05,-33,-16,-18,-33,-18,12
BD,Bangladesh,,,,,,ChIJp4vhgO2qrTARa_zhxOAoLQ8,2020-07-06,-34,-15,-18,-34,-21,13
BD,Bangladesh,,,,,,ChIJp4vhgO2qrTARa_zhxOAoLQ8,2020-07-07,-33,-14,-18,-32,-22,12
BD,Bangladesh,,,,,,ChIJp4vhgO2qrTARa_zhxOAoLQ8,2020-07-08,-35,-18,-20,-35,-20,12
BD,Bangladesh,,,,,,ChIJp4vhgO2qrTARa_zhxOAoLQ8,2020-07-09,-36,-19,-24,-36,-18,14
BD,Bangladesh,,,,,,ChIJp4vhgO2qrTARa_zhxOAoLQ8,2020-07-10,-36,-15,-21,-33,-1,10
BD,Bangladesh,,,,,,ChIJp4vhgO2qrTARa_zhxOAoLQ8,2020-07-11,-38,-21,-24,-36,-12,13
BD,Bangladesh,,,,,,ChIJp4vhgO2qrTARa_zhxOAoLQ8,2020-07-12,-34,-20,-22,-33,-17,12
BD,Bangladesh,,,,,,ChIJp4vhgO2qrTARa_zhxOAoLQ8,2020-07-13,-31,-13,-18,-31,-19,12
BD,Bangladesh,,,,,,ChIJp4vhgO2qrTARa_zhxOAoLQ8,2020-07-14,-31,-14,-17,-31,-20,12
BD,Bangladesh,,,,,,ChIJp4vhgO2qrTARa_zhxOAoLQ8,2020-07-15,-31,-14,-18,-31,-18,12
BD,Bangladesh,,,,,,ChIJp4vhgO2qrTARa_zhxOAoLQ8,2020-07-16,-29,-12,-19,-31,-14,12
BD,Bangladesh,,,,,,ChIJp4vhgO2qrTARa_zhxOAoLQ8,2020-07-17,-32,-11,-19,-30,3,10
BD,Bangladesh,,,,,,ChIJp4vhgO2qrTARa_zhxOAoLQ8,2020-07-18,-29,-12,-17,-29,-7,12
BD,Bangladesh,,,,,,ChIJp4vhgO2qrTARa_zhxOAoLQ8,2020-07-19,-27,-12,-17,-29,-13,11
BD,Bangladesh,,,,,,ChIJp4vhgO2qrTARa_zhxOAoLQ8,2020-07-20,-33,-17,-21,-32,-20,13
BD,Bangladesh,,,,,,ChIJp4vhgO2qrTARa_zhxOAoLQ8,2020-07-21,-37,-22,-23,-36,-21,13
BD,Bangladesh,,,,,,ChIJp4vhgO2qrTARa_zhxOAoLQ8,2020-07-22,-28,-13,-18,-29,-17,12
BD,Bangladesh,,,,,,ChIJp4vhgO2qrTARa_zhxOAoLQ8,2020-07-23,-26,-10,-18,-28,-12,12
BD,Bangladesh,,,,,,ChIJp4vhgO2qrTARa_zhxOAoLQ8,2020-07-24,-24,-5,-16,-24,11,9
BD,Bangladesh,,,,,,ChIJp4vhgO2qrTARa_zhxOAoLQ8,2020-07-25,-22,-3,-12,-22,-4,11
BD,Bangladesh,,,,,,ChIJp4vhgO2qrTARa_zhxOAoLQ8,2020-07-26,-19,-3,-10,-22,-11,10
BD,Bangladesh,,,,,,ChIJp4vhgO2qrTARa_zhxOAoLQ8,2020-07-27,-22,-4,-13,-23,-16,11
BD,Bangladesh,,,,,,ChIJp4vhgO2qrTARa_zhxOAoLQ8,2020-07-28,-19,-1,-11,-19,-16,10
BD,Bangladesh,,,,,,ChIJp4vhgO2qrTARa_zhxOAoLQ8,2020-07-29,-15,5,-5,-13,-18,9
BD,Bangladesh,,,,,,ChIJp4vhgO2qrTARa_zhxOAoLQ8,2020-07-30,-12,14,-1,-7,-21,8
BD,Bangladesh,,,,,,ChIJp4vhgO2qrTARa_zhxOAoLQ8,2020-07-31,-5,34,6,2,-2,4
BD,Bangladesh,,,,,,ChIJp4vhgO2qrTARa_zhxOAoLQ8,2020-08-01,-52,-30,8,-44,-55,14
BD,Bangladesh,,,,,,ChIJp4vhgO2qrTARa_zhxOAoLQ8,2020-08-02,-42,-16,18,-33,-60,13
BD,Bangladesh,,,,,,ChIJp4vhgO2qrTARa_zhxOAoLQ8,2020-08-03,-39,-11,17,-28,-50,10
BD,Bangladesh,,,,,,ChIJp4vhgO2qrTARa_zhxOAoLQ8,2020-08-04,-35,-10,10,-25,-43,10
BD,Bangladesh,,,,,,ChIJp4vhgO2qrTARa_zhxOAoLQ8,2020-08-05,-30,-7,6,-24,-34,9
BD,Bangladesh,,,,,,ChIJp4vhgO2qrTARa_zhxOAoLQ8,2020-08-06,-28,-5,-1,-25,-29,10
BD,Bangladesh,,,,,,ChIJp4vhgO2qrTARa_zhxOAoLQ8,2020-08-07,-28,-2,0,-17,-6,5
BD,Bangladesh,,,,,,ChIJp4vhgO2qrTARa_zhxOAoLQ8,2020-08-08,-22,-1,1,-17,-10,7
BD,Bangladesh,,,,,,ChIJp4vhgO2qrTARa_zhxOAoLQ8,2020-08-09,-18,0,-1,-17,-13,7
BD,Bangladesh,,,,,,ChIJp4vhgO2qrTARa_zhxOAoLQ8,2020-08-10,-18,2,-1,-17,-16,8
BD,Bangladesh,,,,,,ChIJp4vhgO2qrTARa_zhxOAoLQ8,2020-08-11,-23,-4,-4,-24,-30,11
BD,Bangladesh,,,,,,ChIJp4vhgO2qrTARa_zhxOAoLQ8,2020-08-12,-19,-1,-3,-18,-15,8
BD,Bangladesh,,,,,,ChIJp4vhgO2qrTARa_zhxOAoLQ8,2020-08-13,-18,1,-5,-18,-12,9
BD,Bangladesh,,,,,,ChIJp4vhgO2qrTARa_zhxOAoLQ8,2020-08-14,-20,2,-2,-16,3,6
BD,Bangladesh,,,,,,ChIJp4vhgO2qrTARa_zhxOAoLQ8,2020-08-15,-24,-2,2,-18,-26,11
BD,Bangladesh,,,,,,ChIJp4vhgO2qrTARa_zhxOAoLQ8,2020-08-16,-18,-1,-4,-15,-11,7
BD,Bangladesh,,,,,,ChIJp4vhgO2qrTARa_zhxOAoLQ8,2020-08-17,-20,-1,-6,-18,-15,8
BD,Bangladesh,,,,,,ChIJp4vhgO2qrTARa_zhxOAoLQ8,2020-08-18,-20,-2,-5,-17,-13,8
BD,Bangladesh,,,,,,ChIJp4vhgO2qrTARa_zhxOAoLQ8,2020-08-19,-19,-2,-5,-18,-12,8
BD,Bangladesh,,,,,,ChIJp4vhgO2qrTARa_zhxOAoLQ8,2020-08-20,-23,-6,-12,-22,-10,10
BD,Bangladesh,,,,,,ChIJp4vhgO2qrTARa_zhxOAoLQ8,2020-08-21,-27,-8,-14,-24,0,9
BD,Bangladesh,,,,,,ChIJp4vhgO2qrTARa_zhxOAoLQ8,2020-08-22,-24,-6,-10,-21,-5,10
BD,Bangladesh,,,,,,ChIJp4vhgO2qrTARa_zhxOAoLQ8,2020-08-23,-16,-1,-3,-15,-8,8
BD,Bangladesh,,,,,,ChIJp4vhgO2qrTARa_zhxOAoLQ8,2020-08-24,-19,-1,-5,-18,-11,9
BD,Bangladesh,,,,,,ChIJp4vhgO2qrTARa_zhxOAoLQ8,2020-08-25,-19,-2,-6,-17,-12,9
BD,Bangladesh,,,,,,ChIJp4vhgO2qrTARa_zhxOAoLQ8,2020-08-26,-19,-2,-5,-18,-10,9
BD,Bangladesh,,,,,,ChIJp4vhgO2qrTARa_zhxOAoLQ8,2020-08-27,-19,-2,-9,-17,-7,9
BD,Bangladesh,,,,,,ChIJp4vhgO2qrTARa_zhxOAoLQ8,2020-08-28,-20,1,-4,-16,3,8
BD,Bangladesh,,,,,,ChIJp4vhgO2qrTARa_zhxOAoLQ8,2020-08-29,-20,-1,-2,-17,-5,9
BD,Bangladesh,,,,,,ChIJp4vhgO2qrTARa_zhxOAoLQ8,2020-08-30,-24,-6,-3,-23,-30,12
BD,Bangladesh,,,,,,ChIJp4vhgO2qrTARa_zhxOAoLQ8,2020-08-31,-18,-1,-5,-16,-11,8
BD,Bangladesh,,,,,,ChIJp4vhgO2qrTARa_zhxOAoLQ8,2020-09-01,-20,-5,-8,-18,-13,10
BD,Bangladesh,,,,,,ChIJp4vhgO2qrTARa_zhxOAoLQ8,2020-09-02,-17,0,-4,-16,-10,9
BD,Bangladesh,,,,,,ChIJp4vhgO2qrTARa_zhxOAoLQ8,2020-09-03,-17,0,-7,-17,-9,9
BD,Bangladesh,,,,,,ChIJp4vhgO2qrTARa_zhxOAoLQ8,2020-09-04,-17,3,-3,-15,1,8
BD,Bangladesh,,,,,,ChIJp4vhgO2qrTARa_zhxOAoLQ8,2020-09-05,-16,2,-2,-14,-3,9
BD,Bangladesh,,,,,,ChIJp4vhgO2qrTARa_zhxOAoLQ8,2020-09-06,-14,2,-1,-13,-7,8
BD,Bangladesh,,,,,,ChIJp4vhgO2qrTARa_zhxOAoLQ8,2020-09-07,-15,2,-3,-14,-12,9
BD,Bangladesh,,,,,,ChIJp4vhgO2qrTARa_zhxOAoLQ8,2020-09-08,-15,3,-3,-12,-12,8
BD,Bangladesh,,,,,,ChIJp4vhgO2qrTARa_zhxOAoLQ8,2020-09-09,-17,-1,-3,-14,-10,9
BD,Bangladesh,,,,,,ChIJp4vhgO2qrTARa_zhxOAoLQ8,2020-09-10,-16,2,-4,-13,-8,9
BD,Bangladesh,,,,,,ChIJp4vhgO2qrTARa_zhxOAoLQ8,2020-09-11,-13,8,3,-8,1,8
BD,Bangladesh,,,,,,ChIJp4vhgO2qrTARa_zhxOAoLQ8,2020-09-12,-13,6,3,-8,-2,9
BD,Bangladesh,,,,,,ChIJp4vhgO2qrTARa_zhxOAoLQ8,2020-09-13,-12,5,4,-8,-6,8
BD,Bangladesh,,,,,,ChIJp4vhgO2qrTARa_zhxOAoLQ8,2020-09-14,-13,4,1,-10,-7,9
BD,Bangladesh,,,,,,ChIJp4vhgO2qrTARa_zhxOAoLQ8,2020-09-15,-12,5,0,-9,-8,9
BD,Bangladesh,,,,,,ChIJp4vhgO2qrTARa_zhxOAoLQ8,2020-09-16,-13,3,1,-10,-8,10
BD,Bangladesh,,,,,,ChIJp4vhgO2qrTARa_zhxOAoLQ8,2020-09-17,-16,1,-3,-13,-6,10
BD,Bangladesh,,,,,,ChIJp4vhgO2qrTARa_zhxOAoLQ8,2020-09-18,-15,5,2,-10,3,9
BD,Bangladesh,,,,,,ChIJp4vhgO2qrTARa_zhxOAoLQ8,2020-09-19,-15,4,3,-9,-1,9
BD,Bangladesh,,,,,,ChIJp4vhgO2qrTARa_zhxOAoLQ8,2020-09-20,-15,1,1,-11,-4,9
BD,Bangladesh,,,,,,ChIJp4vhgO2qrTARa_zhxOAoLQ8,2020-09-21,-15,2,-1,-11,-8,10
BD,Bangladesh,,,,,,ChIJp4vhgO2qrTARa_zhxOAoLQ8,2020-09-22,-20,-2,-4,-12,-11,11
BD,Bangladesh,,,,,,ChIJp4vhgO2qrTARa_zhxOAoLQ8,2020-09-23,-20,-1,-1,-8,-8,11
BD,Bangladesh,,,,,,ChIJp4vhgO2qrTARa_zhxOAoLQ8,2020-09-24,-21,0,-5,-9,-6,11
BD,Bangladesh,,,,,,ChIJp4vhgO2qrTARa_zhxOAoLQ8,2020-09-25,-21,0,-5,-9,0,10
BD,Bangladesh,,,,,,ChIJp4vhgO2qrTARa_zhxOAoLQ8,2020-09-26,-23,-2,-4,-7,-2,11
BD,Bangladesh,,,,,,ChIJp4vhgO2qrTARa_zhxOAoLQ8,2020-09-27,-15,5,7,-1,-4,9
BD,Bangladesh,,,,,,ChIJp4vhgO2qrTARa_zhxOAoLQ8,2020-09-28,-16,6,3,-2,-7,10
BD,Bangladesh,,,,,,ChIJp4vhgO2qrTARa_zhxOAoLQ8,2020-09-29,-17,5,0,-4,-8,10
BD,Bangladesh,,,,,,ChIJp4vhgO2qrTARa_zhxOAoLQ8,2020-09-30,-18,3,-3,-4,-8,9
BD,Bangladesh,,,,,,ChIJp4vhgO2qrTARa_zhxOAoLQ8,2020-10-01,-19,2,-10,-6,-5,8
BD,Bangladesh,,,,,,ChIJp4vhgO2qrTARa_zhxOAoLQ8,2020-10-02,-15,8,-6,-4,-1,7
BD,Bangladesh,,,,,,ChIJp4vhgO2qrTARa_zhxOAoLQ8,2020-10-03,-14,8,-3,-2,-1,7
BD,Bangladesh,,,,,,ChIJp4vhgO2qrTARa_zhxOAoLQ8,2020-10-04,-11,11,3,0,-4,7
BD,Bangladesh,,,,,,ChIJp4vhgO2qrTARa_zhxOAoLQ8,2020-10-05,-13,8,-3,-1,-8,7
BD,Bangladesh,,,,,,ChIJp4vhgO2qrTARa_zhxOAoLQ8,2020-10-06,-14,7,-4,-1,-9,7
BD,Bangladesh,,,,,,ChIJp4vhgO2qrTARa_zhxOAoLQ8,2020-10-07,-12,8,-2,-1,-6,7
BD,Bangladesh,,,,,,ChIJp4vhgO2qrTARa_zhxOAoLQ8,2020-10-08,-10,13,-3,1,-2,8
BD,Bangladesh,,,,,,ChIJp4vhgO2qrTARa_zhxOAoLQ8,2020-10-09,-9,15,0,1,3,7
BD,Bangladesh,,,,,,ChIJp4vhgO2qrTARa_zhxOAoLQ8,2020-10-10,-12,10,-1,-1,3,8
BD,Bangladesh,,,,,,ChIJp4vhgO2qrTARa_zhxOAoLQ8,2020-10-11,-9,12,4,1,0,8
BD,Bangladesh,,,,,,ChIJp4vhgO2qrTARa_zhxOAoLQ8,2020-10-12,-10,12,-2,1,-5,9
BD,Bangladesh,,,,,,ChIJp4vhgO2qrTARa_zhxOAoLQ8,2020-10-13,-10,13,-2,1,-5,9
BD,Bangladesh,,,,,,ChIJp4vhgO2qrTARa_zhxOAoLQ8,2020-10-14,-10,11,-1,0,-4,9
BD,Bangladesh,,,,,,ChIJp4vhgO2qrTARa_zhxOAoLQ8,2020-10-15,-8,15,-3,2,-1,9
BD,Bangladesh,,,,,,ChIJp4vhgO2qrTARa_zhxOAoLQ8,2020-10-16,-6,19,2,5,6,7
BD,Bangladesh,,,,,,ChIJp4vhgO2qrTARa_zhxOAoLQ8,2020-10-17,-10,13,1,3,4,8
BD,Bangladesh,,,,,,ChIJp4vhgO2qrTARa_zhxOAoLQ8,2020-10-18,-8,13,5,4,1,8
BD,Bangladesh,,,,,,ChIJp4vhgO2qrTARa_zhxOAoLQ8,2020-10-19,-10,13,-1,3,-3,9
BD,Bangladesh,,,,,,ChIJp4vhgO2qrTARa_zhxOAoLQ8,2020-10-20,-10,12,-2,2,-5,8
BD,Bangladesh,,,,,,ChIJp4vhgO2qrTARa_zhxOAoLQ8,2020-10-21,-8,12,0,2,-2,8
BD,Bangladesh,,,,,,ChIJp4vhgO2qrTARa_zhxOAoLQ8,2020-10-22,-18,2,-10,-7,-3,10
BD,Bangladesh,,,,,,ChIJp4vhgO2qrTARa_zhxOAoLQ8,2020-10-23,-27,-8,-19,-20,-6,12
BD,Bangladesh,,,,,,ChIJp4vhgO2qrTARa_zhxOAoLQ8,2020-10-24,-9,17,10,2,2,9
BD,Bangladesh,,,,,,ChIJp4vhgO2qrTARa_zhxOAoLQ8,2020-10-25,0,26,23,10,-3,6
BD,Bangladesh,,,,,,ChIJp4vhgO2qrTARa_zhxOAoLQ8,2020-10-26,-9,17,15,-3,-30,12
BD,Bangladesh,,,,,,ChIJp4vhgO2qrTARa_zhxOAoLQ8,2020-10-27,-6,18,7,6,-4,7
BD,Bangladesh,,,,,,ChIJp4vhgO2qrTARa_zhxOAoLQ8,2020-10-28,-8,13,4,3,-2,8
BD,Bangladesh,,,,,,ChIJp4vhgO2qrTARa_zhxOAoLQ8,2020-10-29,-8,13,-1,1,1,8
BD,Bangladesh,,,,,,ChIJp4vhgO2qrTARa_zhxOAoLQ8,2020-10-30,-8,16,1,6,5,8
BD,Bangladesh,,,,,,ChIJp4vhgO2qrTARa_zhxOAoLQ8,2020-10-31,-12,9,0,1,5,8
BD,Bangladesh,,,,,,ChIJp4vhgO2qrTARa_zhxOAoLQ8,2020-11-01,-9,11,4,3,3,8
BD,Bangladesh,,,,,,ChIJp4vhgO2qrTARa_zhxOAoLQ8,2020-11-02,-6,15,2,5,-1,8
BD,Bangladesh,,,,,,ChIJp4vhgO2qrTARa_zhxOAoLQ8,2020-11-03,-5,15,1,5,-2,8
BD,Bangladesh,,,,,,ChIJp4vhgO2qrTARa_zhxOAoLQ8,2020-11-04,-6,13,2,4,0,9
BD,Bangladesh,,,,,,ChIJp4vhgO2qrTARa_zhxOAoLQ8,2020-11-05,-6,15,1,5,3,9
BD,Bangladesh,,,,,,ChIJp4vhgO2qrTARa_zhxOAoLQ8,2020-11-06,-5,17,5,7,8,7
BD,Bangladesh,,,,,,ChIJp4vhgO2qrTARa_zhxOAoLQ8,2020-11-07,-6,15,5,7,8,8
BD,Bangladesh,,,,,,ChIJp4vhgO2qrTARa_zhxOAoLQ8,2020-11-08,-4,17,9,8,5,8
BD,Bangladesh,,,,,,ChIJp4vhgO2qrTARa_zhxOAoLQ8,2020-11-09,-8,14,4,5,0,9
BD,Bangladesh,,,,,,ChIJp4vhgO2qrTARa_zhxOAoLQ8,2020-11-10,-5,16,5,8,0,8
BD,Bangladesh,,,,,,ChIJp4vhgO2qrTARa_zhxOAoLQ8,2020-11-11,-4,15,6,6,1,8
BD,Bangladesh,,,,,,ChIJp4vhgO2qrTARa_zhxOAoLQ8,2020-11-12,-5,17,4,7,2,9
BD,Bangladesh,,,,,,ChIJp4vhgO2qrTARa_zhxOAoLQ8,2020-11-13,-2,21,9,11,9,7
BD,Bangladesh,,,,,,ChIJp4vhgO2qrTARa_zhxOAoLQ8,2020-11-14,-5,17,10,9,9,7
BD,Bangladesh,,,,,,ChIJp4vhgO2qrTARa_zhxOAoLQ8,2020-11-15,-2,18,13,10,6,7
BD,Bangladesh,,,,,,ChIJp4vhgO2qrTARa_zhxOAoLQ8,2020-11-16,-6,15,7,6,1,8
BD,Bangladesh,,,,,,ChIJp4vhgO2qrTARa_zhxOAoLQ8,2020-11-17,-7,14,6,6,0,8
BD,Bangladesh,,,,,,ChIJp4vhgO2qrTARa_zhxOAoLQ8,2020-11-18,-7,12,6,4,2,8
BD,Bangladesh,,,,,,ChIJp4vhgO2qrTARa_zhxOAoLQ8,2020-11-19,-5,16,4,6,5,8
BD,Bangladesh,,,,,,ChIJp4vhgO2qrTARa_zhxOAoLQ8,2020-11-20,-6,16,6,8,8,8
BD,Bangladesh,,,,,,ChIJp4vhgO2qrTARa_zhxOAoLQ8,2020-11-21,-8,14,7,6,9,8
BD,Bangladesh,,,,,,ChIJp4vhgO2qrTARa_zhxOAoLQ8,2020-11-22,-3,18,11,8,7,7
BD,Bangladesh,,,,,,ChIJp4vhgO2qrTARa_zhxOAoLQ8,2020-11-23,-6,16,7,5,2,9
BD,Bangladesh,,,,,,ChIJp4vhgO2qrTARa_zhxOAoLQ8,2020-11-24,-6,15,6,6,1,9
BD,Bangladesh,,,,,,ChIJp4vhgO2qrTARa_zhxOAoLQ8,2020-11-25,-6,14,7,5,3,9
BD,Bangladesh,,,,,,ChIJp4vhgO2qrTARa_zhxOAoLQ8,2020-11-26,-6,16,4,5,6,9
BD,Bangladesh,,,,,,ChIJp4vhgO2qrTARa_zhxOAoLQ8,2020-11-27,-6,18,7,7,11,8
BD,Bangladesh,,,,,,ChIJp4vhgO2qrTARa_zhxOAoLQ8,2020-11-28,-7,16,7,7,11,8
BD,Bangladesh,,,,,,ChIJp4vhgO2qrTARa_zhxOAoLQ8,2020-11-29,-3,18,12,8,8,8
BD,Bangladesh,,,,,,ChIJp4vhgO2qrTARa_zhxOAoLQ8,2020-11-30,-6,15,7,5,4,9
BD,Bangladesh,,,,,,ChIJp4vhgO2qrTARa_zhxOAoLQ8,2020-12-01,-5,17,7,8,3,8
BD,Bangladesh,,,,,,ChIJp4vhgO2qrTARa_zhxOAoLQ8,2020-12-02,-5,17,8,6,6,8
BD,Bangladesh,,,,,,ChIJp4vhgO2qrTARa_zhxOAoLQ8,2020-12-03,-3,20,7,8,8,8
BD,Bangladesh,,,,,,ChIJp4vhgO2qrTARa_zhxOAoLQ8,2020-12-04,-3,21,8,10,14,7
BD,Bangladesh,,,,,,ChIJp4vhgO2qrTARa_zhxOAoLQ8,2020-12-05,-4,19,10,10,13,7
BD,Bangladesh,,,,,,ChIJp4vhgO2qrTARa_zhxOAoLQ8,2020-12-06,-1,21,14,11,10,7
BD,Bangladesh,,,,,,ChIJp4vhgO2qrTARa_zhxOAoLQ8,2020-12-07,-3,20,10,9,5,8
BD,Bangladesh,,,,,,ChIJp4vhgO2qrTARa_zhxOAoLQ8,2020-12-08,-3,20,10,10,6,8
BD,Bangladesh,,,,,,ChIJp4vhgO2qrTARa_zhxOAoLQ8,2020-12-09,-5,18,13,10,5,8
BD,Bangladesh,,,,,,ChIJp4vhgO2qrTARa_zhxOAoLQ8,2020-12-10,-1,24,14,13,7,9
BD,Bangladesh,,,,,,ChIJp4vhgO2qrTARa_zhxOAoLQ8,2020-12-11,-1,28,15,18,15,8
BD,Bangladesh,,,,,,ChIJp4vhgO2qrTARa_zhxOAoLQ8,2020-12-12,0,26,18,18,14,9
BD,Bangladesh,,,,,,ChIJp4vhgO2qrTARa_zhxOAoLQ8,2020-12-13,1,27,24,17,10,8
BD,Bangladesh,,,,,,ChIJp4vhgO2qrTARa_zhxOAoLQ8,2020-12-14,-1,25,17,16,5,9
BD,Bangladesh,,,,,,ChIJp4vhgO2qrTARa_zhxOAoLQ8,2020-12-15,3,31,22,30,3,7
BD,Bangladesh,,,,,,ChIJp4vhgO2qrTARa_zhxOAoLQ8,2020-12-16,-2,24,42,16,-37,13
BD,Bangladesh,,,,,,ChIJp4vhgO2qrTARa_zhxOAoLQ8,2020-12-17,-2,27,21,14,-2,10
BD,Bangladesh,,,,,,ChIJp4vhgO2qrTARa_zhxOAoLQ8,2020-12-18,-4,25,19,20,11,7
BD,Bangladesh,,,,,,ChIJp4vhgO2qrTARa_zhxOAoLQ8,2020-12-19,-5,23,18,18,11,7
BD,Bangladesh,,,,,,ChIJp4vhgO2qrTARa_zhxOAoLQ8,2020-12-20,0,26,24,18,9,8
BD,Bangladesh,,,,,,ChIJp4vhgO2qrTARa_zhxOAoLQ8,2020-12-21,-2,24,17,15,5,9
BD,Bangladesh,,,,,,ChIJp4vhgO2qrTARa_zhxOAoLQ8,2020-12-22,-4,21,15,13,3,9
BD,Bangladesh,,,,,,ChIJp4vhgO2qrTARa_zhxOAoLQ8,2020-12-23,-4,21,16,12,6,9
BD,Bangladesh,,,,,,ChIJp4vhgO2qrTARa_zhxOAoLQ8,2020-12-24,-3,24,15,12,9,9
BD,Bangladesh,,,,,,ChIJp4vhgO2qrTARa_zhxOAoLQ8,2020-12-25,-2,27,18,16,15,8
BD,Bangladesh,,,,,,ChIJp4vhgO2qrTARa_zhxOAoLQ8,2020-12-26,-5,23,19,15,14,8
BD,Bangladesh,,,,,,ChIJp4vhgO2qrTARa_zhxOAoLQ8,2020-12-27,-2,24,24,15,10,8
BD,Bangladesh,,,,,,ChIJp4vhgO2qrTARa_zhxOAoLQ8,2020-12-28,-4,23,17,13,5,9
BD,Bangladesh,,,,,,ChIJp4vhgO2qrTARa_zhxOAoLQ8,2020-12-29,-5,21,15,13,4,9
BD,Bangladesh,,,,,,ChIJp4vhgO2qrTARa_zhxOAoLQ8,2020-12-30,-3,22,17,13,7,9
BD,Bangladesh,,,,,,ChIJp4vhgO2qrTARa_zhxOAoLQ8,2020-12-31,1,30,21,15,8,9
BD,Bangladesh,,,,,,ChIJp4vhgO2qrTARa_zhxOAoLQ8,2021-01-01,0,29,26,18,17,6
BD,Bangladesh,,,,,,ChIJp4vhgO2qrTARa_zhxOAoLQ8,2021-01-02,-6,22,17,14,16,8
BD,Bangladesh,,,,,,ChIJp4vhgO2qrTARa_zhxOAoLQ8,2021-01-03,-2,25,22,15,14,8
BD,Bangladesh,,,,,,ChIJp4vhgO2qrTARa_zhxOAoLQ8,2021-01-04,-4,24,15,14,8,9
BD,Bangladesh,,,,,,ChIJp4vhgO2qrTARa_zhxOAoLQ8,2021-01-05,-4,22,14,13,7,8
BD,Bangladesh,,,,,,ChIJp4vhgO2qrTARa_zhxOAoLQ8,2021-01-06,0,25,16,13,9,8
BD,Bangladesh,,,,,,ChIJp4vhgO2qrTARa_zhxOAoLQ8,2021-01-07,2,29,15,17,11,8
BD,Bangladesh,,,,,,ChIJp4vhgO2qrTARa_zhxOAoLQ8,2021-01-08,3,32,20,20,16,7
BD,Bangladesh,,,,,,ChIJp4vhgO2qrTARa_zhxOAoLQ8,2021-01-09,0,26,19,18,16,7
BD,Bangladesh,,,,,,ChIJp4vhgO2qrTARa_zhxOAoLQ8,2021-01-10,5,28,23,21,14,6
BD,Bangladesh,,,,,,ChIJp4vhgO2qrTARa_zhxOAoLQ8,2021-01-11,2,27,19,16,8,7
BD,Bangladesh,,,,,,ChIJp4vhgO2qrTARa_zhxOAoLQ8,2021-01-12,1,25,17,15,6,7
BD,Bangladesh,,,,,,ChIJp4vhgO2qrTARa_zhxOAoLQ8,2021-01-13,-3,20,13,11,5,6
BD,Bangladesh,,,,,,ChIJp4vhgO2qrTARa_zhxOAoLQ8,2021-01-14,-2,20,8,9,2,5
BD,Bangladesh,,,,,,ChIJp4vhgO2qrTARa_zhxOAoLQ8,2021-01-15,-4,18,8,8,2,4
BD,Bangladesh,,,,,,ChIJp4vhgO2qrTARa_zhxOAoLQ8,2021-01-16,-8,12,5,4,1,5
BD,Bangladesh,,,,,,ChIJp4vhgO2qrTARa_zhxOAoLQ8,2021-01-17,-3,16,9,9,2,5
BD,Bangladesh,,,,,,ChIJp4vhgO2qrTARa_zhxOAoLQ8,2021-01-18,-4,17,8,6,-1,7
BD,Bangladesh,,,,,,ChIJp4vhgO2qrTARa_zhxOAoLQ8,2021-01-19,-4,16,7,6,-1,7
BD,Bangladesh,,,,,,ChIJp4vhgO2qrTARa_zhxOAoLQ8,2021-01-20,-5,15,7,4,1,7
BD,Bangladesh,,,,,,ChIJp4vhgO2qrTARa_zhxOAoLQ8,2021-01-21,-2,20,8,7,5,7
BD,Bangladesh,,,,,,ChIJp4vhgO2qrTARa_zhxOAoLQ8,2021-01-22,-1,22,14,10,8,6
BD,Bangladesh,,,,,,ChIJp4vhgO2qrTARa_zhxOAoLQ8,2021-01-23,-3,20,13,11,10,7
BD,Bangladesh,,,,,,ChIJp4vhgO2qrTARa_zhxOAoLQ8,2021-01-24,0,20,17,12,8,6
BD,Bangladesh,,,,,,ChIJp4vhgO2qrTARa_zhxOAoLQ8,2021-01-25,0,22,15,11,4,7
BD,Bangladesh,,,,,,ChIJp4vhgO2qrTARa_zhxOAoLQ8,2021-01-26,-2,20,14,10,2,7
BD,Bangladesh,,,,,,ChIJp4vhgO2qrTARa_zhxOAoLQ8,2021-01-27,-4,18,14,7,1,9
BD,Bangladesh,,,,,,ChIJp4vhgO2qrTARa_zhxOAoLQ8,2021-01-28,1,23,14,12,7,8
BD,Bangladesh,,,,,,ChIJp4vhgO2qrTARa_zhxOAoLQ8,2021-01-29,4,29,17,17,12,6
BD,Bangladesh,,,,,,ChIJp4vhgO2qrTARa_zhxOAoLQ8,2021-01-30,2,27,16,16,12,6
BD,Bangladesh,,,,,,ChIJp4vhgO2qrTARa_zhxOAoLQ8,2021-01-31,5,29,17,17,11,5
BD,Bangladesh,,,,,,ChIJp4vhgO2qrTARa_zhxOAoLQ8,2021-02-01,4,29,14,14,5,6
BD,Bangladesh,,,,,,ChIJp4vhgO2qrTARa_zhxOAoLQ8,2021-02-02,5,30,14,16,5,6
BD,Bangladesh,,,,,,ChIJp4vhgO2qrTARa_zhxOAoLQ8,2021-02-03,2,24,11,10,5,6
BD,Bangladesh,,,,,,ChIJp4vhgO2qrTARa_zhxOAoLQ8,2021-02-04,3,26,11,13,7,6
BD,Bangladesh,,,,,,ChIJp4vhgO2qrTARa_zhxOAoLQ8,2021-02-05,5,31,16,16,9,5
BD,Bangladesh,,,,,,ChIJp4vhgO2qrTARa_zhxOAoLQ8,2021-02-06,2,26,16,17,12,5
BD,Bangladesh,,,,,,ChIJp4vhgO2qrTARa_zhxOAoLQ8,2021-02-07,4,25,20,17,10,4
BD,Bangladesh,,,,,,ChIJp4vhgO2qrTARa_zhxOAoLQ8,2021-02-08,4,30,15,17,5,5
BD,Bangladesh,,,,,,ChIJp4vhgO2qrTARa_zhxOAoLQ8,2021-02-09,7,32,15,20,5,5
BD,Bangladesh,,,,,,ChIJp4vhgO2qrTARa_zhxOAoLQ8,2021-02-10,7,31,16,19,7,5
BD,Bangladesh,,,,,,ChIJp4vhgO2qrTARa_zhxOAoLQ8,2021-02-11,8,34,13,19,10,5
BD,Bangladesh,,,,,,ChIJp4vhgO2qrTARa_zhxOAoLQ8,2021-02-12,10,39,16,23,14,4
BD,Bangladesh,,,,,,ChIJp4vhgO2qrTARa_zhxOAoLQ8,2021-02-13,9,36,19,21,14,4
BD,Bangladesh,,,,,,ChIJp4vhgO2qrTARa_zhxOAoLQ8,2021-02-14,18,38,34,23,13,3
BD,Bangladesh,,,,,,ChIJp4vhgO2qrTARa_zhxOAoLQ8,2021-02-15,9,37,14,20,8,5
BD,Bangladesh,,,,,,ChIJp4vhgO2qrTARa_zhxOAoLQ8,2021-02-16,9,36,13,20,4,5
BD,Bangladesh,,,,,,ChIJp4vhgO2qrTARa_zhxOAoLQ8,2021-02-17,10,37,15,23,9,5
BD,Bangladesh,,,,,,ChIJp4vhgO2qrTARa_zhxOAoLQ8,2021-02-18,12,40,14,30,11,4
BD,Bangladesh,,,,,,ChIJp4vhgO2qrTARa_zhxOAoLQ8,2021-02-19,12,43,22,34,14,3
BD,Bangladesh,,,,,,ChIJp4vhgO2qrTARa_zhxOAoLQ8,2021-02-20,12,43,30,29,6,4
BD,Bangladesh,,,,,,ChIJp4vhgO2qrTARa_zhxOAoLQ8,2021-02-21,9,36,45,24,-32,8
BD,Bangladesh,,,,,,ChIJp4vhgO2qrTARa_zhxOAoLQ8,2021-02-22,9,39,16,28,9,3
BD,Bangladesh,,,,,,ChIJp4vhgO2qrTARa_zhxOAoLQ8,2021-02-23,9,38,14,24,8,5
BD,Bangladesh,,,,,,ChIJp4vhgO2qrTARa_zhxOAoLQ8,2021-02-24,10,37,15,24,11,5
BD,Bangladesh,,,,,,ChIJp4vhgO2qrTARa_zhxOAoLQ8,2021-02-25,12,40,12,23,14,5
BD,Bangladesh,,,,,,ChIJp4vhgO2qrTARa_zhxOAoLQ8,2021-02-26,13,43,18,27,17,4
BD,Bangladesh,,,,,,ChIJp4vhgO2qrTARa_zhxOAoLQ8,2021-02-27,11,39,18,25,18,4
BD,Bangladesh,,,,,,ChIJp4vhgO2qrTARa_zhxOAoLQ8,2021-02-28,12,40,22,24,15,4
BD,Bangladesh,,,,,,ChIJp4vhgO2qrTARa_zhxOAoLQ8,2021-03-01,12,41,14,23,11,5
BD,Bangladesh,,,,,,ChIJp4vhgO2qrTARa_zhxOAoLQ8,2021-03-02,13,41,12,24,10,5
