country_region_code,country_region,sub_region_1,sub_region_2,metro_area,iso_3166_2_code,census_fips_code,place_id,date,retail_and_recreation_percent_change_from_baseline,grocery_and_pharmacy_percent_change_from_baseline,parks_percent_change_from_baseline,transit_stations_percent_change_from_baseline,workplaces_percent_change_from_baseline,residential_percent_change_from_baseline
BA,Bosnia and Herzegovina,,,,,,ChIJ16k3xxWiSxMRDOm3QwPi920,2020-02-15,8,6,16,3,1,-1
BA,Bosnia and Herzegovina,,,,,,ChIJ16k3xxWiSxMRDOm3QwPi920,2020-02-16,7,10,28,8,-1,-1
BA,Bosnia and Herzegovina,,,,,,ChIJ16k3xxWiSxMRDOm3QwPi920,2020-02-17,3,2,11,10,12,-1
BA,Bosnia and Herzegovina,,,,,,ChIJ16k3xxWiSxMRDOm3QwPi920,2020-02-18,4,7,0,7,11,-1
BA,Bosnia and Herzegovina,,,,,,ChIJ16k3xxWiSxMRDOm3QwPi920,2020-02-19,3,2,9,5,9,-1
BA,Bosnia and Herzegovina,,,,,,ChIJ16k3xxWiSxMRDOm3QwPi920,2020-02-20,1,2,4,6,7,-1
BA,Bosnia and Herzegovina,,,,,,ChIJ16k3xxWiSxMRDOm3QwPi920,2020-02-21,2,4,8,7,13,-2
BA,Bosnia and Herzegovina,,,,,,ChIJ16k3xxWiSxMRDOm3QwPi920,2020-02-22,5,4,28,5,0,-1
BA,Bosnia and Herzegovina,,,,,,ChIJ16k3xxWiSxMRDOm3QwPi920,2020-02-23,3,7,21,9,-1,-1
BA,Bosnia and Herzegovina,,,,,,ChIJ16k3xxWiSxMRDOm3QwPi920,2020-02-24,-1,1,3,5,14,-1
BA,Bosnia and Herzegovina,,,,,,ChIJ16k3xxWiSxMRDOm3QwPi920,2020-02-25,5,12,8,8,12,-1
BA,Bosnia and Herzegovina,,,,,,ChIJ16k3xxWiSxMRDOm3QwPi920,2020-02-26,-4,1,0,2,8,0
BA,Bosnia and Herzegovina,,,,,,ChIJ16k3xxWiSxMRDOm3QwPi920,2020-02-27,-3,0,-4,2,7,-1
BA,Bosnia and Herzegovina,,,,,,ChIJ16k3xxWiSxMRDOm3QwPi920,2020-02-28,-3,0,-4,1,12,0
BA,Bosnia and Herzegovina,,,,,,ChIJ16k3xxWiSxMRDOm3QwPi920,2020-02-29,4,4,14,-2,2,-1
BA,Bosnia and Herzegovina,,,,,,ChIJ16k3xxWiSxMRDOm3QwPi920,2020-03-01,-6,0,-2,-6,-3,1
BA,Bosnia and Herzegovina,,,,,,ChIJ16k3xxWiSxMRDOm3QwPi920,2020-03-02,-8,-6,7,-14,-28,6
BA,Bosnia and Herzegovina,,,,,,ChIJ16k3xxWiSxMRDOm3QwPi920,2020-03-03,1,7,-8,5,12,-1
BA,Bosnia and Herzegovina,,,,,,ChIJ16k3xxWiSxMRDOm3QwPi920,2020-03-04,1,3,-3,4,9,0
BA,Bosnia and Herzegovina,,,,,,ChIJ16k3xxWiSxMRDOm3QwPi920,2020-03-05,7,12,12,13,9,-2
BA,Bosnia and Herzegovina,,,,,,ChIJ16k3xxWiSxMRDOm3QwPi920,2020-03-06,3,6,-3,4,14,-1
BA,Bosnia and Herzegovina,,,,,,ChIJ16k3xxWiSxMRDOm3QwPi920,2020-03-07,8,11,-2,-3,3,0
BA,Bosnia and Herzegovina,,,,,,ChIJ16k3xxWiSxMRDOm3QwPi920,2020-03-08,17,17,0,5,7,-1
BA,Bosnia and Herzegovina,,,,,,ChIJ16k3xxWiSxMRDOm3QwPi920,2020-03-09,-1,1,-2,3,13,-1
BA,Bosnia and Herzegovina,,,,,,ChIJ16k3xxWiSxMRDOm3QwPi920,2020-03-10,4,14,1,6,12,-1
BA,Bosnia and Herzegovina,,,,,,ChIJ16k3xxWiSxMRDOm3QwPi920,2020-03-11,1,12,12,5,5,-1
BA,Bosnia and Herzegovina,,,,,,ChIJ16k3xxWiSxMRDOm3QwPi920,2020-03-12,-2,16,22,3,-4,0
BA,Bosnia and Herzegovina,,,,,,ChIJ16k3xxWiSxMRDOm3QwPi920,2020-03-13,-12,11,6,-11,-5,3
BA,Bosnia and Herzegovina,,,,,,ChIJ16k3xxWiSxMRDOm3QwPi920,2020-03-14,-22,5,-3,-15,-8,4
BA,Bosnia and Herzegovina,,,,,,ChIJ16k3xxWiSxMRDOm3QwPi920,2020-03-15,-24,3,3,-18,-10,3
BA,Bosnia and Herzegovina,,,,,,ChIJ16k3xxWiSxMRDOm3QwPi920,2020-03-16,-23,10,4,-20,-13,6
BA,Bosnia and Herzegovina,,,,,,ChIJ16k3xxWiSxMRDOm3QwPi920,2020-03-17,-36,1,9,-26,-24,8
BA,Bosnia and Herzegovina,,,,,,ChIJ16k3xxWiSxMRDOm3QwPi920,2020-03-18,-52,-5,7,-34,-34,11
BA,Bosnia and Herzegovina,,,,,,ChIJ16k3xxWiSxMRDOm3QwPi920,2020-03-19,-58,-15,8,-36,-39,12
BA,Bosnia and Herzegovina,,,,,,ChIJ16k3xxWiSxMRDOm3QwPi920,2020-03-20,-62,-20,-1,-45,-39,14
BA,Bosnia and Herzegovina,,,,,,ChIJ16k3xxWiSxMRDOm3QwPi920,2020-03-21,-69,-33,-14,-54,-45,12
BA,Bosnia and Herzegovina,,,,,,ChIJ16k3xxWiSxMRDOm3QwPi920,2020-03-22,-78,-41,-48,-68,-52,15
BA,Bosnia and Herzegovina,,,,,,ChIJ16k3xxWiSxMRDOm3QwPi920,2020-03-23,-70,-35,-41,-64,-48,20
BA,Bosnia and Herzegovina,,,,,,ChIJ16k3xxWiSxMRDOm3QwPi920,2020-03-24,-73,-40,-46,-68,-53,22
BA,Bosnia and Herzegovina,,,,,,ChIJ16k3xxWiSxMRDOm3QwPi920,2020-03-25,-73,-41,-42,-67,-55,23
BA,Bosnia and Herzegovina,,,,,,ChIJ16k3xxWiSxMRDOm3QwPi920,2020-03-26,-73,-41,-40,-67,-55,22
BA,Bosnia and Herzegovina,,,,,,ChIJ16k3xxWiSxMRDOm3QwPi920,2020-03-27,-72,-42,-38,-66,-52,23
BA,Bosnia and Herzegovina,,,,,,ChIJ16k3xxWiSxMRDOm3QwPi920,2020-03-28,-74,-47,-28,-63,-51,17
BA,Bosnia and Herzegovina,,,,,,ChIJ16k3xxWiSxMRDOm3QwPi920,2020-03-29,-76,-50,-22,-59,-50,13
BA,Bosnia and Herzegovina,,,,,,ChIJ16k3xxWiSxMRDOm3QwPi920,2020-03-30,-69,-42,-29,-61,-50,20
BA,Bosnia and Herzegovina,,,,,,ChIJ16k3xxWiSxMRDOm3QwPi920,2020-03-31,-70,-39,-38,-65,-52,21
BA,Bosnia and Herzegovina,,,,,,ChIJ16k3xxWiSxMRDOm3QwPi920,2020-04-01,-70,-40,-30,-63,-53,20
BA,Bosnia and Herzegovina,,,,,,ChIJ16k3xxWiSxMRDOm3QwPi920,2020-04-02,-67,-36,-14,-56,-52,19
BA,Bosnia and Herzegovina,,,,,,ChIJ16k3xxWiSxMRDOm3QwPi920,2020-04-03,-67,-33,-16,-58,-49,19
BA,Bosnia and Herzegovina,,,,,,ChIJ16k3xxWiSxMRDOm3QwPi920,2020-04-04,-71,-41,-15,-55,-48,14
BA,Bosnia and Herzegovina,,,,,,ChIJ16k3xxWiSxMRDOm3QwPi920,2020-04-05,-74,-45,-17,-56,-49,12
BA,Bosnia and Herzegovina,,,,,,ChIJ16k3xxWiSxMRDOm3QwPi920,2020-04-06,-62,-30,-8,-53,-47,17
BA,Bosnia and Herzegovina,,,,,,ChIJ16k3xxWiSxMRDOm3QwPi920,2020-04-07,-59,-21,-1,-51,-48,16
BA,Bosnia and Herzegovina,,,,,,ChIJ16k3xxWiSxMRDOm3QwPi920,2020-04-08,-62,-28,1,-51,-49,16
BA,Bosnia and Herzegovina,,,,,,ChIJ16k3xxWiSxMRDOm3QwPi920,2020-04-09,-62,-27,3,-50,-50,15
BA,Bosnia and Herzegovina,,,,,,ChIJ16k3xxWiSxMRDOm3QwPi920,2020-04-10,-62,-24,-2,-52,-48,17
BA,Bosnia and Herzegovina,,,,,,ChIJ16k3xxWiSxMRDOm3QwPi920,2020-04-11,-67,-34,-5,-52,-47,12
BA,Bosnia and Herzegovina,,,,,,ChIJ16k3xxWiSxMRDOm3QwPi920,2020-04-12,-70,-38,-2,-48,-45,9
BA,Bosnia and Herzegovina,,,,,,ChIJ16k3xxWiSxMRDOm3QwPi920,2020-04-13,-63,-33,-1,-52,-50,16
BA,Bosnia and Herzegovina,,,,,,ChIJ16k3xxWiSxMRDOm3QwPi920,2020-04-14,-65,-30,-32,-61,-48,18
BA,Bosnia and Herzegovina,,,,,,ChIJ16k3xxWiSxMRDOm3QwPi920,2020-04-15,-59,-23,-4,-52,-47,17
BA,Bosnia and Herzegovina,,,,,,ChIJ16k3xxWiSxMRDOm3QwPi920,2020-04-16,-56,-15,12,-46,-46,14
BA,Bosnia and Herzegovina,,,,,,ChIJ16k3xxWiSxMRDOm3QwPi920,2020-04-17,-65,-29,-3,-56,-54,19
BA,Bosnia and Herzegovina,,,,,,ChIJ16k3xxWiSxMRDOm3QwPi920,2020-04-18,-66,-36,-1,-48,-46,11
BA,Bosnia and Herzegovina,,,,,,ChIJ16k3xxWiSxMRDOm3QwPi920,2020-04-19,-76,-55,-18,-54,-52,11
BA,Bosnia and Herzegovina,,,,,,ChIJ16k3xxWiSxMRDOm3QwPi920,2020-04-20,-62,-35,-3,-54,-51,15
BA,Bosnia and Herzegovina,,,,,,ChIJ16k3xxWiSxMRDOm3QwPi920,2020-04-21,-60,-27,-19,-55,-44,15
BA,Bosnia and Herzegovina,,,,,,ChIJ16k3xxWiSxMRDOm3QwPi920,2020-04-22,-58,-28,4,-48,-44,14
BA,Bosnia and Herzegovina,,,,,,ChIJ16k3xxWiSxMRDOm3QwPi920,2020-04-23,-56,-24,11,-43,-44,13
BA,Bosnia and Herzegovina,,,,,,ChIJ16k3xxWiSxMRDOm3QwPi920,2020-04-24,-58,-26,-1,-49,-41,15
BA,Bosnia and Herzegovina,,,,,,ChIJ16k3xxWiSxMRDOm3QwPi920,2020-04-25,-60,-31,4,-43,-38,10
BA,Bosnia and Herzegovina,,,,,,ChIJ16k3xxWiSxMRDOm3QwPi920,2020-04-26,-66,-34,-10,-49,-40,9
BA,Bosnia and Herzegovina,,,,,,ChIJ16k3xxWiSxMRDOm3QwPi920,2020-04-27,-53,-24,3,-44,-38,13
BA,Bosnia and Herzegovina,,,,,,ChIJ16k3xxWiSxMRDOm3QwPi920,2020-04-28,-50,-17,11,-41,-38,11
BA,Bosnia and Herzegovina,,,,,,ChIJ16k3xxWiSxMRDOm3QwPi920,2020-04-29,-52,-18,-2,-43,-40,13
BA,Bosnia and Herzegovina,,,,,,ChIJ16k3xxWiSxMRDOm3QwPi920,2020-04-30,-44,0,22,-32,-39,10
BA,Bosnia and Herzegovina,,,,,,ChIJ16k3xxWiSxMRDOm3QwPi920,2020-05-01,-81,-64,-13,-67,-79,22
BA,Bosnia and Herzegovina,,,,,,ChIJ16k3xxWiSxMRDOm3QwPi920,2020-05-02,-69,-43,-21,-58,-53,15
BA,Bosnia and Herzegovina,,,,,,ChIJ16k3xxWiSxMRDOm3QwPi920,2020-05-03,-69,-41,-25,-54,-42,11
BA,Bosnia and Herzegovina,,,,,,ChIJ16k3xxWiSxMRDOm3QwPi920,2020-05-04,-44,-11,11,-38,-31,10
BA,Bosnia and Herzegovina,,,,,,ChIJ16k3xxWiSxMRDOm3QwPi920,2020-05-05,-44,-8,13,-36,-33,10
BA,Bosnia and Herzegovina,,,,,,ChIJ16k3xxWiSxMRDOm3QwPi920,2020-05-06,-52,-17,-3,-44,-39,14
BA,Bosnia and Herzegovina,,,,,,ChIJ16k3xxWiSxMRDOm3QwPi920,2020-05-07,-42,-8,24,-33,-34,9
BA,Bosnia and Herzegovina,,,,,,ChIJ16k3xxWiSxMRDOm3QwPi920,2020-05-08,-43,-7,19,-34,-29,9
BA,Bosnia and Herzegovina,,,,,,ChIJ16k3xxWiSxMRDOm3QwPi920,2020-05-09,-50,-19,28,-31,-28,5
BA,Bosnia and Herzegovina,,,,,,ChIJ16k3xxWiSxMRDOm3QwPi920,2020-05-10,-49,-10,22,-30,-24,3
BA,Bosnia and Herzegovina,,,,,,ChIJ16k3xxWiSxMRDOm3QwPi920,2020-05-11,-33,-5,12,-32,-24,8
BA,Bosnia and Herzegovina,,,,,,ChIJ16k3xxWiSxMRDOm3QwPi920,2020-05-12,-32,1,1,-32,-26,9
BA,Bosnia and Herzegovina,,,,,,ChIJ16k3xxWiSxMRDOm3QwPi920,2020-05-13,-26,-6,22,-30,-24,7
BA,Bosnia and Herzegovina,,,,,,ChIJ16k3xxWiSxMRDOm3QwPi920,2020-05-14,-25,-5,15,-28,-25,7
BA,Bosnia and Herzegovina,,,,,,ChIJ16k3xxWiSxMRDOm3QwPi920,2020-05-15,-24,-2,19,-27,-19,7
BA,Bosnia and Herzegovina,,,,,,ChIJ16k3xxWiSxMRDOm3QwPi920,2020-05-16,-26,-5,23,-22,-12,3
BA,Bosnia and Herzegovina,,,,,,ChIJ16k3xxWiSxMRDOm3QwPi920,2020-05-17,-28,-5,14,-25,-10,2
BA,Bosnia and Herzegovina,,,,,,ChIJ16k3xxWiSxMRDOm3QwPi920,2020-05-18,-19,0,18,-22,-16,6
BA,Bosnia and Herzegovina,,,,,,ChIJ16k3xxWiSxMRDOm3QwPi920,2020-05-19,-21,2,0,-26,-19,6
BA,Bosnia and Herzegovina,,,,,,ChIJ16k3xxWiSxMRDOm3QwPi920,2020-05-20,-27,-6,-13,-34,-23,9
BA,Bosnia and Herzegovina,,,,,,ChIJ16k3xxWiSxMRDOm3QwPi920,2020-05-21,-13,10,23,-16,-21,5
BA,Bosnia and Herzegovina,,,,,,ChIJ16k3xxWiSxMRDOm3QwPi920,2020-05-22,-13,11,28,-18,-15,5
BA,Bosnia and Herzegovina,,,,,,ChIJ16k3xxWiSxMRDOm3QwPi920,2020-05-23,-16,13,28,-19,-11,3
BA,Bosnia and Herzegovina,,,,,,ChIJ16k3xxWiSxMRDOm3QwPi920,2020-05-24,-25,-21,44,6,0,-2
BA,Bosnia and Herzegovina,,,,,,ChIJ16k3xxWiSxMRDOm3QwPi920,2020-05-25,-17,-3,36,-19,-38,6
BA,Bosnia and Herzegovina,,,,,,ChIJ16k3xxWiSxMRDOm3QwPi920,2020-05-26,-16,-2,3,-24,-17,5
BA,Bosnia and Herzegovina,,,,,,ChIJ16k3xxWiSxMRDOm3QwPi920,2020-05-27,-16,-3,8,-23,-17,6
BA,Bosnia and Herzegovina,,,,,,ChIJ16k3xxWiSxMRDOm3QwPi920,2020-05-28,-7,5,21,-18,-16,4
BA,Bosnia and Herzegovina,,,,,,ChIJ16k3xxWiSxMRDOm3QwPi920,2020-05-29,-12,0,11,-24,-11,4
BA,Bosnia and Herzegovina,,,,,,ChIJ16k3xxWiSxMRDOm3QwPi920,2020-05-30,-10,2,20,-17,-3,1
BA,Bosnia and Herzegovina,,,,,,ChIJ16k3xxWiSxMRDOm3QwPi920,2020-05-31,-10,3,22,-16,0,0
BA,Bosnia and Herzegovina,,,,,,ChIJ16k3xxWiSxMRDOm3QwPi920,2020-06-01,-4,7,11,-17,-9,3
BA,Bosnia and Herzegovina,,,,,,ChIJ16k3xxWiSxMRDOm3QwPi920,2020-06-02,1,12,27,-11,-10,2
BA,Bosnia and Herzegovina,,,,,,ChIJ16k3xxWiSxMRDOm3QwPi920,2020-06-03,-1,10,24,-11,-13,2
BA,Bosnia and Herzegovina,,,,,,ChIJ16k3xxWiSxMRDOm3QwPi920,2020-06-04,-2,9,32,-9,-12,1
BA,Bosnia and Herzegovina,,,,,,ChIJ16k3xxWiSxMRDOm3QwPi920,2020-06-05,-6,10,11,-16,-9,3
BA,Bosnia and Herzegovina,,,,,,ChIJ16k3xxWiSxMRDOm3QwPi920,2020-06-06,-1,12,45,-5,0,-2
BA,Bosnia and Herzegovina,,,,,,ChIJ16k3xxWiSxMRDOm3QwPi920,2020-06-07,0,13,49,-3,2,-4
BA,Bosnia and Herzegovina,,,,,,ChIJ16k3xxWiSxMRDOm3QwPi920,2020-06-08,-2,10,18,-11,-9,2
BA,Bosnia and Herzegovina,,,,,,ChIJ16k3xxWiSxMRDOm3QwPi920,2020-06-09,0,12,12,-12,-10,2
BA,Bosnia and Herzegovina,,,,,,ChIJ16k3xxWiSxMRDOm3QwPi920,2020-06-10,2,13,30,-8,-12,1
BA,Bosnia and Herzegovina,,,,,,ChIJ16k3xxWiSxMRDOm3QwPi920,2020-06-11,4,16,40,-3,-17,1
BA,Bosnia and Herzegovina,,,,,,ChIJ16k3xxWiSxMRDOm3QwPi920,2020-06-12,5,17,47,-5,-9,-1
BA,Bosnia and Herzegovina,,,,,,ChIJ16k3xxWiSxMRDOm3QwPi920,2020-06-13,0,9,59,1,-2,-4
BA,Bosnia and Herzegovina,,,,,,ChIJ16k3xxWiSxMRDOm3QwPi920,2020-06-14,-4,7,44,-6,3,-4
BA,Bosnia and Herzegovina,,,,,,ChIJ16k3xxWiSxMRDOm3QwPi920,2020-06-15,-4,8,14,-11,-9,1
BA,Bosnia and Herzegovina,,,,,,ChIJ16k3xxWiSxMRDOm3QwPi920,2020-06-16,0,15,14,-12,-10,2
BA,Bosnia and Herzegovina,,,,,,ChIJ16k3xxWiSxMRDOm3QwPi920,2020-06-17,0,11,25,-7,-13,1
BA,Bosnia and Herzegovina,,,,,,ChIJ16k3xxWiSxMRDOm3QwPi920,2020-06-18,-2,7,28,-8,-14,0
BA,Bosnia and Herzegovina,,,,,,ChIJ16k3xxWiSxMRDOm3QwPi920,2020-06-19,-2,7,31,-9,-10,0
BA,Bosnia and Herzegovina,,,,,,ChIJ16k3xxWiSxMRDOm3QwPi920,2020-06-20,-11,-1,18,-14,-3,-1
BA,Bosnia and Herzegovina,,,,,,ChIJ16k3xxWiSxMRDOm3QwPi920,2020-06-21,-13,-1,8,-13,-2,0
BA,Bosnia and Herzegovina,,,,,,ChIJ16k3xxWiSxMRDOm3QwPi920,2020-06-22,-10,1,-2,-20,-13,4
BA,Bosnia and Herzegovina,,,,,,ChIJ16k3xxWiSxMRDOm3QwPi920,2020-06-23,-3,9,17,-12,-13,2
BA,Bosnia and Herzegovina,,,,,,ChIJ16k3xxWiSxMRDOm3QwPi920,2020-06-24,2,10,41,-2,-13,0
BA,Bosnia and Herzegovina,,,,,,ChIJ16k3xxWiSxMRDOm3QwPi920,2020-06-25,-4,5,35,-8,-15,0
BA,Bosnia and Herzegovina,,,,,,ChIJ16k3xxWiSxMRDOm3QwPi920,2020-06-26,-8,1,29,-14,-11,0
BA,Bosnia and Herzegovina,,,,,,ChIJ16k3xxWiSxMRDOm3QwPi920,2020-06-27,-14,-5,39,-12,-5,-3
BA,Bosnia and Herzegovina,,,,,,ChIJ16k3xxWiSxMRDOm3QwPi920,2020-06-28,-13,-3,37,-8,-1,-4
BA,Bosnia and Herzegovina,,,,,,ChIJ16k3xxWiSxMRDOm3QwPi920,2020-06-29,-8,0,29,-10,-11,0
BA,Bosnia and Herzegovina,,,,,,ChIJ16k3xxWiSxMRDOm3QwPi920,2020-06-30,0,10,38,-7,-11,-1
BA,Bosnia and Herzegovina,,,,,,ChIJ16k3xxWiSxMRDOm3QwPi920,2020-07-01,-3,6,41,-7,-13,-1
BA,Bosnia and Herzegovina,,,,,,ChIJ16k3xxWiSxMRDOm3QwPi920,2020-07-02,-4,7,32,-7,-15,0
BA,Bosnia and Herzegovina,,,,,,ChIJ16k3xxWiSxMRDOm3QwPi920,2020-07-03,-5,7,22,-12,-11,1
BA,Bosnia and Herzegovina,,,,,,ChIJ16k3xxWiSxMRDOm3QwPi920,2020-07-04,-7,4,38,-9,-2,-2
BA,Bosnia and Herzegovina,,,,,,ChIJ16k3xxWiSxMRDOm3QwPi920,2020-07-05,-7,4,39,-5,-1,-4
BA,Bosnia and Herzegovina,,,,,,ChIJ16k3xxWiSxMRDOm3QwPi920,2020-07-06,-3,8,38,-8,-11,0
BA,Bosnia and Herzegovina,,,,,,ChIJ16k3xxWiSxMRDOm3QwPi920,2020-07-07,2,20,28,-7,-14,1
BA,Bosnia and Herzegovina,,,,,,ChIJ16k3xxWiSxMRDOm3QwPi920,2020-07-08,-3,7,42,-6,-15,0
BA,Bosnia and Herzegovina,,,,,,ChIJ16k3xxWiSxMRDOm3QwPi920,2020-07-09,-4,7,43,-6,-17,0
BA,Bosnia and Herzegovina,,,,,,ChIJ16k3xxWiSxMRDOm3QwPi920,2020-07-10,-6,7,38,-10,-13,0
BA,Bosnia and Herzegovina,,,,,,ChIJ16k3xxWiSxMRDOm3QwPi920,2020-07-11,-16,-1,41,-13,-7,-2
BA,Bosnia and Herzegovina,,,,,,ChIJ16k3xxWiSxMRDOm3QwPi920,2020-07-12,-8,6,35,-12,-3,-3
BA,Bosnia and Herzegovina,,,,,,ChIJ16k3xxWiSxMRDOm3QwPi920,2020-07-13,-3,8,36,-7,-14,1
BA,Bosnia and Herzegovina,,,,,,ChIJ16k3xxWiSxMRDOm3QwPi920,2020-07-14,0,12,40,-8,-16,0
BA,Bosnia and Herzegovina,,,,,,ChIJ16k3xxWiSxMRDOm3QwPi920,2020-07-15,-1,10,46,-4,-17,0
BA,Bosnia and Herzegovina,,,,,,ChIJ16k3xxWiSxMRDOm3QwPi920,2020-07-16,-2,11,44,-3,-18,0
BA,Bosnia and Herzegovina,,,,,,ChIJ16k3xxWiSxMRDOm3QwPi920,2020-07-17,-10,3,9,-16,-16,3
BA,Bosnia and Herzegovina,,,,,,ChIJ16k3xxWiSxMRDOm3QwPi920,2020-07-18,-13,1,15,-17,-6,1
BA,Bosnia and Herzegovina,,,,,,ChIJ16k3xxWiSxMRDOm3QwPi920,2020-07-19,-7,5,30,-7,-4,-1
BA,Bosnia and Herzegovina,,,,,,ChIJ16k3xxWiSxMRDOm3QwPi920,2020-07-20,0,10,45,-4,-16,1
BA,Bosnia and Herzegovina,,,,,,ChIJ16k3xxWiSxMRDOm3QwPi920,2020-07-21,3,15,53,-4,-18,0
BA,Bosnia and Herzegovina,,,,,,ChIJ16k3xxWiSxMRDOm3QwPi920,2020-07-22,-4,5,54,-5,-20,1
BA,Bosnia and Herzegovina,,,,,,ChIJ16k3xxWiSxMRDOm3QwPi920,2020-07-23,-6,6,36,-10,-21,2
BA,Bosnia and Herzegovina,,,,,,ChIJ16k3xxWiSxMRDOm3QwPi920,2020-07-24,-9,4,31,-13,-16,2
BA,Bosnia and Herzegovina,,,,,,ChIJ16k3xxWiSxMRDOm3QwPi920,2020-07-25,-10,2,31,-12,-8,0
BA,Bosnia and Herzegovina,,,,,,ChIJ16k3xxWiSxMRDOm3QwPi920,2020-07-26,-4,6,53,-6,-4,-3
BA,Bosnia and Herzegovina,,,,,,ChIJ16k3xxWiSxMRDOm3QwPi920,2020-07-27,0,10,52,-7,-18,1
BA,Bosnia and Herzegovina,,,,,,ChIJ16k3xxWiSxMRDOm3QwPi920,2020-07-28,3,18,56,-6,-20,0
BA,Bosnia and Herzegovina,,,,,,ChIJ16k3xxWiSxMRDOm3QwPi920,2020-07-29,2,18,61,-4,-22,0
BA,Bosnia and Herzegovina,,,,,,ChIJ16k3xxWiSxMRDOm3QwPi920,2020-07-30,5,32,59,-2,-25,1
BA,Bosnia and Herzegovina,,,,,,ChIJ16k3xxWiSxMRDOm3QwPi920,2020-07-31,-27,-22,67,-14,-44,4
BA,Bosnia and Herzegovina,,,,,,ChIJ16k3xxWiSxMRDOm3QwPi920,2020-08-01,-11,3,70,-5,-19,-2
BA,Bosnia and Herzegovina,,,,,,ChIJ16k3xxWiSxMRDOm3QwPi920,2020-08-02,-3,9,72,2,-7,-6
BA,Bosnia and Herzegovina,,,,,,ChIJ16k3xxWiSxMRDOm3QwPi920,2020-08-03,2,11,69,-6,-23,0
BA,Bosnia and Herzegovina,,,,,,ChIJ16k3xxWiSxMRDOm3QwPi920,2020-08-04,2,18,45,-9,-25,2
BA,Bosnia and Herzegovina,,,,,,ChIJ16k3xxWiSxMRDOm3QwPi920,2020-08-05,3,18,43,-7,-26,2
BA,Bosnia and Herzegovina,,,,,,ChIJ16k3xxWiSxMRDOm3QwPi920,2020-08-06,1,17,42,-12,-26,2
BA,Bosnia and Herzegovina,,,,,,ChIJ16k3xxWiSxMRDOm3QwPi920,2020-08-07,-3,9,46,-13,-22,1
BA,Bosnia and Herzegovina,,,,,,ChIJ16k3xxWiSxMRDOm3QwPi920,2020-08-08,-2,7,65,-6,-9,-3
BA,Bosnia and Herzegovina,,,,,,ChIJ16k3xxWiSxMRDOm3QwPi920,2020-08-09,-4,5,63,-7,-6,-4
BA,Bosnia and Herzegovina,,,,,,ChIJ16k3xxWiSxMRDOm3QwPi920,2020-08-10,2,12,64,-7,-23,1
BA,Bosnia and Herzegovina,,,,,,ChIJ16k3xxWiSxMRDOm3QwPi920,2020-08-11,3,15,66,-8,-25,0
BA,Bosnia and Herzegovina,,,,,,ChIJ16k3xxWiSxMRDOm3QwPi920,2020-08-12,2,14,65,-7,-27,1
BA,Bosnia and Herzegovina,,,,,,ChIJ16k3xxWiSxMRDOm3QwPi920,2020-08-13,2,12,74,-5,-27,0
BA,Bosnia and Herzegovina,,,,,,ChIJ16k3xxWiSxMRDOm3QwPi920,2020-08-14,-5,9,46,-15,-24,1
BA,Bosnia and Herzegovina,,,,,,ChIJ16k3xxWiSxMRDOm3QwPi920,2020-08-15,-5,3,54,-7,-14,-2
BA,Bosnia and Herzegovina,,,,,,ChIJ16k3xxWiSxMRDOm3QwPi920,2020-08-16,-1,7,65,-4,-6,-5
BA,Bosnia and Herzegovina,,,,,,ChIJ16k3xxWiSxMRDOm3QwPi920,2020-08-17,-1,9,52,-9,-21,0
BA,Bosnia and Herzegovina,,,,,,ChIJ16k3xxWiSxMRDOm3QwPi920,2020-08-18,-3,11,27,-12,-23,2
BA,Bosnia and Herzegovina,,,,,,ChIJ16k3xxWiSxMRDOm3QwPi920,2020-08-19,5,18,55,-3,-23,0
BA,Bosnia and Herzegovina,,,,,,ChIJ16k3xxWiSxMRDOm3QwPi920,2020-08-20,-2,7,59,-7,-24,-1
BA,Bosnia and Herzegovina,,,,,,ChIJ16k3xxWiSxMRDOm3QwPi920,2020-08-21,-6,3,51,-11,-21,0
BA,Bosnia and Herzegovina,,,,,,ChIJ16k3xxWiSxMRDOm3QwPi920,2020-08-22,-11,-3,62,-9,-10,-5
BA,Bosnia and Herzegovina,,,,,,ChIJ16k3xxWiSxMRDOm3QwPi920,2020-08-23,-8,1,49,-9,-5,-5
BA,Bosnia and Herzegovina,,,,,,ChIJ16k3xxWiSxMRDOm3QwPi920,2020-08-24,-6,3,37,-11,-18,0
BA,Bosnia and Herzegovina,,,,,,ChIJ16k3xxWiSxMRDOm3QwPi920,2020-08-25,0,12,36,-9,-19,0
BA,Bosnia and Herzegovina,,,,,,ChIJ16k3xxWiSxMRDOm3QwPi920,2020-08-26,-2,8,47,-5,-20,-1
BA,Bosnia and Herzegovina,,,,,,ChIJ16k3xxWiSxMRDOm3QwPi920,2020-08-27,-4,6,47,-6,-20,-1
BA,Bosnia and Herzegovina,,,,,,ChIJ16k3xxWiSxMRDOm3QwPi920,2020-08-28,-5,4,42,-11,-17,-2
BA,Bosnia and Herzegovina,,,,,,ChIJ16k3xxWiSxMRDOm3QwPi920,2020-08-29,-14,-7,48,-12,-10,-5
BA,Bosnia and Herzegovina,,,,,,ChIJ16k3xxWiSxMRDOm3QwPi920,2020-08-30,-11,-4,47,-7,-6,-6
BA,Bosnia and Herzegovina,,,,,,ChIJ16k3xxWiSxMRDOm3QwPi920,2020-08-31,-7,1,22,-8,-15,0
BA,Bosnia and Herzegovina,,,,,,ChIJ16k3xxWiSxMRDOm3QwPi920,2020-09-01,1,14,25,-3,-16,-1
BA,Bosnia and Herzegovina,,,,,,ChIJ16k3xxWiSxMRDOm3QwPi920,2020-09-02,-3,10,33,-4,-18,-1
BA,Bosnia and Herzegovina,,,,,,ChIJ16k3xxWiSxMRDOm3QwPi920,2020-09-03,-5,7,31,-5,-19,-1
BA,Bosnia and Herzegovina,,,,,,ChIJ16k3xxWiSxMRDOm3QwPi920,2020-09-04,-6,4,30,-9,-14,-1
BA,Bosnia and Herzegovina,,,,,,ChIJ16k3xxWiSxMRDOm3QwPi920,2020-09-05,-8,2,43,-7,-8,-5
BA,Bosnia and Herzegovina,,,,,,ChIJ16k3xxWiSxMRDOm3QwPi920,2020-09-06,-6,5,44,-2,-6,-6
BA,Bosnia and Herzegovina,,,,,,ChIJ16k3xxWiSxMRDOm3QwPi920,2020-09-07,-4,6,26,-3,-14,-1
BA,Bosnia and Herzegovina,,,,,,ChIJ16k3xxWiSxMRDOm3QwPi920,2020-09-08,0,11,28,0,-15,-2
BA,Bosnia and Herzegovina,,,,,,ChIJ16k3xxWiSxMRDOm3QwPi920,2020-09-09,-4,8,34,0,-16,-3
BA,Bosnia and Herzegovina,,,,,,ChIJ16k3xxWiSxMRDOm3QwPi920,2020-09-10,-3,9,38,1,-17,-4
BA,Bosnia and Herzegovina,,,,,,ChIJ16k3xxWiSxMRDOm3QwPi920,2020-09-11,-3,6,36,-4,-13,-5
BA,Bosnia and Herzegovina,,,,,,ChIJ16k3xxWiSxMRDOm3QwPi920,2020-09-12,-9,-1,48,-7,-9,-8
BA,Bosnia and Herzegovina,,,,,,ChIJ16k3xxWiSxMRDOm3QwPi920,2020-09-13,-6,3,47,-1,-6,-10
BA,Bosnia and Herzegovina,,,,,,ChIJ16k3xxWiSxMRDOm3QwPi920,2020-09-14,-5,1,30,-2,-9,-5
BA,Bosnia and Herzegovina,,,,,,ChIJ16k3xxWiSxMRDOm3QwPi920,2020-09-15,0,8,31,2,-11,-5
BA,Bosnia and Herzegovina,,,,,,ChIJ16k3xxWiSxMRDOm3QwPi920,2020-09-16,-4,9,33,0,-14,-4
BA,Bosnia and Herzegovina,,,,,,ChIJ16k3xxWiSxMRDOm3QwPi920,2020-09-17,-7,4,30,-1,-15,-4
BA,Bosnia and Herzegovina,,,,,,ChIJ16k3xxWiSxMRDOm3QwPi920,2020-09-18,-9,1,21,-10,-10,-4
BA,Bosnia and Herzegovina,,,,,,ChIJ16k3xxWiSxMRDOm3QwPi920,2020-09-19,-11,-2,35,-10,-8,-5
BA,Bosnia and Herzegovina,,,,,,ChIJ16k3xxWiSxMRDOm3QwPi920,2020-09-20,-8,1,37,-5,-5,-6
BA,Bosnia and Herzegovina,,,,,,ChIJ16k3xxWiSxMRDOm3QwPi920,2020-09-21,-7,1,22,-2,-9,-3
BA,Bosnia and Herzegovina,,,,,,ChIJ16k3xxWiSxMRDOm3QwPi920,2020-09-22,-6,4,9,-1,-11,-4
BA,Bosnia and Herzegovina,,,,,,ChIJ16k3xxWiSxMRDOm3QwPi920,2020-09-23,-10,7,4,-4,-13,-3
BA,Bosnia and Herzegovina,,,,,,ChIJ16k3xxWiSxMRDOm3QwPi920,2020-09-24,-10,5,12,-1,-12,-4
BA,Bosnia and Herzegovina,,,,,,ChIJ16k3xxWiSxMRDOm3QwPi920,2020-09-25,-16,-4,-5,-15,-9,-2
BA,Bosnia and Herzegovina,,,,,,ChIJ16k3xxWiSxMRDOm3QwPi920,2020-09-26,-16,-5,-2,-18,-9,-2
BA,Bosnia and Herzegovina,,,,,,ChIJ16k3xxWiSxMRDOm3QwPi920,2020-09-27,-14,-1,0,-15,-7,-2
BA,Bosnia and Herzegovina,,,,,,ChIJ16k3xxWiSxMRDOm3QwPi920,2020-09-28,-13,-3,-7,-11,-6,-1
BA,Bosnia and Herzegovina,,,,,,ChIJ16k3xxWiSxMRDOm3QwPi920,2020-09-29,-8,4,-7,-6,-8,-3
BA,Bosnia and Herzegovina,,,,,,ChIJ16k3xxWiSxMRDOm3QwPi920,2020-09-30,-8,9,5,-2,-11,-4
BA,Bosnia and Herzegovina,,,,,,ChIJ16k3xxWiSxMRDOm3QwPi920,2020-10-01,-9,10,6,1,-10,-6
BA,Bosnia and Herzegovina,,,,,,ChIJ16k3xxWiSxMRDOm3QwPi920,2020-10-02,-10,4,8,-1,-5,-6
BA,Bosnia and Herzegovina,,,,,,ChIJ16k3xxWiSxMRDOm3QwPi920,2020-10-03,-13,0,14,-9,-11,-7
BA,Bosnia and Herzegovina,,,,,,ChIJ16k3xxWiSxMRDOm3QwPi920,2020-10-04,-8,2,21,-2,-9,-7
BA,Bosnia and Herzegovina,,,,,,ChIJ16k3xxWiSxMRDOm3QwPi920,2020-10-05,-10,1,1,-3,-10,-5
BA,Bosnia and Herzegovina,,,,,,ChIJ16k3xxWiSxMRDOm3QwPi920,2020-10-06,-4,10,5,5,-8,-6
BA,Bosnia and Herzegovina,,,,,,ChIJ16k3xxWiSxMRDOm3QwPi920,2020-10-07,-13,7,-11,-4,-11,-3
BA,Bosnia and Herzegovina,,,,,,ChIJ16k3xxWiSxMRDOm3QwPi920,2020-10-08,-8,12,7,0,-9,-4
BA,Bosnia and Herzegovina,,,,,,ChIJ16k3xxWiSxMRDOm3QwPi920,2020-10-09,-9,3,11,-5,-4,-4
BA,Bosnia and Herzegovina,,,,,,ChIJ16k3xxWiSxMRDOm3QwPi920,2020-10-10,-10,1,28,-9,-8,-6
BA,Bosnia and Herzegovina,,,,,,ChIJ16k3xxWiSxMRDOm3QwPi920,2020-10-11,-13,0,16,-10,-9,-4
BA,Bosnia and Herzegovina,,,,,,ChIJ16k3xxWiSxMRDOm3QwPi920,2020-10-12,-19,-8,-19,-12,-7,0
BA,Bosnia and Herzegovina,,,,,,ChIJ16k3xxWiSxMRDOm3QwPi920,2020-10-13,-8,6,-11,-5,-7,-1
BA,Bosnia and Herzegovina,,,,,,ChIJ16k3xxWiSxMRDOm3QwPi920,2020-10-14,-8,13,-3,-1,-8,-2
BA,Bosnia and Herzegovina,,,,,,ChIJ16k3xxWiSxMRDOm3QwPi920,2020-10-15,-14,6,-17,-5,-9,-1
BA,Bosnia and Herzegovina,,,,,,ChIJ16k3xxWiSxMRDOm3QwPi920,2020-10-16,-10,5,-10,-9,-4,-2
BA,Bosnia and Herzegovina,,,,,,ChIJ16k3xxWiSxMRDOm3QwPi920,2020-10-17,-13,2,-4,-16,-9,-2
BA,Bosnia and Herzegovina,,,,,,ChIJ16k3xxWiSxMRDOm3QwPi920,2020-10-18,-12,2,7,-10,-9,-3
BA,Bosnia and Herzegovina,,,,,,ChIJ16k3xxWiSxMRDOm3QwPi920,2020-10-19,-15,-1,-8,-8,-5,-1
BA,Bosnia and Herzegovina,,,,,,ChIJ16k3xxWiSxMRDOm3QwPi920,2020-10-20,-11,4,-8,-7,-7,-2
BA,Bosnia and Herzegovina,,,,,,ChIJ16k3xxWiSxMRDOm3QwPi920,2020-10-21,-14,7,1,-6,-9,-1
BA,Bosnia and Herzegovina,,,,,,ChIJ16k3xxWiSxMRDOm3QwPi920,2020-10-22,-14,8,8,-4,-9,-2
BA,Bosnia and Herzegovina,,,,,,ChIJ16k3xxWiSxMRDOm3QwPi920,2020-10-23,-15,0,8,-13,-5,-2
BA,Bosnia and Herzegovina,,,,,,ChIJ16k3xxWiSxMRDOm3QwPi920,2020-10-24,-22,-5,-5,-25,-11,0
BA,Bosnia and Herzegovina,,,,,,ChIJ16k3xxWiSxMRDOm3QwPi920,2020-10-25,-18,0,-1,-18,-10,0
BA,Bosnia and Herzegovina,,,,,,ChIJ16k3xxWiSxMRDOm3QwPi920,2020-10-26,-16,-2,0,-13,-9,0
BA,Bosnia and Herzegovina,,,,,,ChIJ16k3xxWiSxMRDOm3QwPi920,2020-10-27,-13,5,-5,-13,-12,0
BA,Bosnia and Herzegovina,,,,,,ChIJ16k3xxWiSxMRDOm3QwPi920,2020-10-28,-18,3,-8,-15,-15,0
BA,Bosnia and Herzegovina,,,,,,ChIJ16k3xxWiSxMRDOm3QwPi920,2020-10-29,-20,1,-11,-13,-17,1
BA,Bosnia and Herzegovina,,,,,,ChIJ16k3xxWiSxMRDOm3QwPi920,2020-10-30,-19,-5,-8,-19,-12,0
BA,Bosnia and Herzegovina,,,,,,ChIJ16k3xxWiSxMRDOm3QwPi920,2020-10-31,-19,-3,9,-19,-12,-2
BA,Bosnia and Herzegovina,,,,,,ChIJ16k3xxWiSxMRDOm3QwPi920,2020-11-01,-21,-7,11,-17,-15,-3
BA,Bosnia and Herzegovina,,,,,,ChIJ16k3xxWiSxMRDOm3QwPi920,2020-11-02,-21,-7,-10,-18,-13,0
BA,Bosnia and Herzegovina,,,,,,ChIJ16k3xxWiSxMRDOm3QwPi920,2020-11-03,-16,1,-13,-13,-12,0
BA,Bosnia and Herzegovina,,,,,,ChIJ16k3xxWiSxMRDOm3QwPi920,2020-11-04,-20,2,-15,-15,-14,1
BA,Bosnia and Herzegovina,,,,,,ChIJ16k3xxWiSxMRDOm3QwPi920,2020-11-05,-20,3,-21,-17,-14,1
BA,Bosnia and Herzegovina,,,,,,ChIJ16k3xxWiSxMRDOm3QwPi920,2020-11-06,-20,-3,-16,-21,-10,0
BA,Bosnia and Herzegovina,,,,,,ChIJ16k3xxWiSxMRDOm3QwPi920,2020-11-07,-20,-5,-3,-24,-12,-1
BA,Bosnia and Herzegovina,,,,,,ChIJ16k3xxWiSxMRDOm3QwPi920,2020-11-08,-21,-6,-5,-23,-15,-2
BA,Bosnia and Herzegovina,,,,,,ChIJ16k3xxWiSxMRDOm3QwPi920,2020-11-09,-23,-8,-21,-24,-10,1
BA,Bosnia and Herzegovina,,,,,,ChIJ16k3xxWiSxMRDOm3QwPi920,2020-11-10,-18,-1,-25,-22,-12,1
BA,Bosnia and Herzegovina,,,,,,ChIJ16k3xxWiSxMRDOm3QwPi920,2020-11-11,-19,4,-21,-21,-15,2
BA,Bosnia and Herzegovina,,,,,,ChIJ16k3xxWiSxMRDOm3QwPi920,2020-11-12,-20,3,-18,-19,-15,1
BA,Bosnia and Herzegovina,,,,,,ChIJ16k3xxWiSxMRDOm3QwPi920,2020-11-13,-20,-2,-18,-23,-11,1
BA,Bosnia and Herzegovina,,,,,,ChIJ16k3xxWiSxMRDOm3QwPi920,2020-11-14,-20,-4,-10,-27,-13,-1
BA,Bosnia and Herzegovina,,,,,,ChIJ16k3xxWiSxMRDOm3QwPi920,2020-11-15,-16,2,-5,-21,-9,-3
BA,Bosnia and Herzegovina,,,,,,ChIJ16k3xxWiSxMRDOm3QwPi920,2020-11-16,-23,-11,-23,-26,-18,2
BA,Bosnia and Herzegovina,,,,,,ChIJ16k3xxWiSxMRDOm3QwPi920,2020-11-17,-21,-5,-31,-29,-19,3
BA,Bosnia and Herzegovina,,,,,,ChIJ16k3xxWiSxMRDOm3QwPi920,2020-11-18,-19,2,-20,-23,-20,3
BA,Bosnia and Herzegovina,,,,,,ChIJ16k3xxWiSxMRDOm3QwPi920,2020-11-19,-22,0,-19,-25,-19,2
BA,Bosnia and Herzegovina,,,,,,ChIJ16k3xxWiSxMRDOm3QwPi920,2020-11-20,-25,-9,-29,-30,-16,3
BA,Bosnia and Herzegovina,,,,,,ChIJ16k3xxWiSxMRDOm3QwPi920,2020-11-21,-31,-19,-20,-36,-21,2
BA,Bosnia and Herzegovina,,,,,,ChIJ16k3xxWiSxMRDOm3QwPi920,2020-11-22,-25,-11,-16,-29,-18,0
BA,Bosnia and Herzegovina,,,,,,ChIJ16k3xxWiSxMRDOm3QwPi920,2020-11-23,-23,-9,-24,-26,-9,2
BA,Bosnia and Herzegovina,,,,,,ChIJ16k3xxWiSxMRDOm3QwPi920,2020-11-24,-17,0,-24,-22,-12,1
BA,Bosnia and Herzegovina,,,,,,ChIJ16k3xxWiSxMRDOm3QwPi920,2020-11-25,-28,-12,-15,-37,-45,7
BA,Bosnia and Herzegovina,,,,,,ChIJ16k3xxWiSxMRDOm3QwPi920,2020-11-26,-21,1,-22,-22,-14,1
BA,Bosnia and Herzegovina,,,,,,ChIJ16k3xxWiSxMRDOm3QwPi920,2020-11-27,-17,-4,-21,-27,-9,1
BA,Bosnia and Herzegovina,,,,,,ChIJ16k3xxWiSxMRDOm3QwPi920,2020-11-28,-25,-11,-16,-32,-14,1
BA,Bosnia and Herzegovina,,,,,,ChIJ16k3xxWiSxMRDOm3QwPi920,2020-11-29,-28,-16,-26,-36,-18,2
BA,Bosnia and Herzegovina,,,,,,ChIJ16k3xxWiSxMRDOm3QwPi920,2020-11-30,-24,-10,-27,-26,-8,2
BA,Bosnia and Herzegovina,,,,,,ChIJ16k3xxWiSxMRDOm3QwPi920,2020-12-01,-19,-2,-27,-23,-9,1
BA,Bosnia and Herzegovina,,,,,,ChIJ16k3xxWiSxMRDOm3QwPi920,2020-12-02,-23,-1,-29,-25,-11,3
BA,Bosnia and Herzegovina,,,,,,ChIJ16k3xxWiSxMRDOm3QwPi920,2020-12-03,-24,-3,-31,-24,-12,3
BA,Bosnia and Herzegovina,,,,,,ChIJ16k3xxWiSxMRDOm3QwPi920,2020-12-04,-20,-3,-26,-24,-7,2
BA,Bosnia and Herzegovina,,,,,,ChIJ16k3xxWiSxMRDOm3QwPi920,2020-12-05,-20,-4,-14,-28,-11,0
BA,Bosnia and Herzegovina,,,,,,ChIJ16k3xxWiSxMRDOm3QwPi920,2020-12-06,-21,-6,-11,-25,-15,0
BA,Bosnia and Herzegovina,,,,,,ChIJ16k3xxWiSxMRDOm3QwPi920,2020-12-07,-20,-5,-22,-22,-7,1
BA,Bosnia and Herzegovina,,,,,,ChIJ16k3xxWiSxMRDOm3QwPi920,2020-12-08,-17,0,-24,-23,-8,1
BA,Bosnia and Herzegovina,,,,,,ChIJ16k3xxWiSxMRDOm3QwPi920,2020-12-09,-25,-6,-25,-28,-11,2
BA,Bosnia and Herzegovina,,,,,,ChIJ16k3xxWiSxMRDOm3QwPi920,2020-12-10,-18,5,-11,-18,-11,1
BA,Bosnia and Herzegovina,,,,,,ChIJ16k3xxWiSxMRDOm3QwPi920,2020-12-11,-19,-2,-12,-20,-6,1
BA,Bosnia and Herzegovina,,,,,,ChIJ16k3xxWiSxMRDOm3QwPi920,2020-12-12,-21,-5,-10,-26,-12,0
BA,Bosnia and Herzegovina,,,,,,ChIJ16k3xxWiSxMRDOm3QwPi920,2020-12-13,-23,-8,-11,-26,-17,1
BA,Bosnia and Herzegovina,,,,,,ChIJ16k3xxWiSxMRDOm3QwPi920,2020-12-14,-21,-6,-15,-19,-7,1
BA,Bosnia and Herzegovina,,,,,,ChIJ16k3xxWiSxMRDOm3QwPi920,2020-12-15,-13,4,-11,-16,-9,0
BA,Bosnia and Herzegovina,,,,,,ChIJ16k3xxWiSxMRDOm3QwPi920,2020-12-16,-15,8,-9,-16,-10,1
BA,Bosnia and Herzegovina,,,,,,ChIJ16k3xxWiSxMRDOm3QwPi920,2020-12-17,-16,6,-6,-13,-12,0
BA,Bosnia and Herzegovina,,,,,,ChIJ16k3xxWiSxMRDOm3QwPi920,2020-12-18,-17,2,-6,-18,-9,0
BA,Bosnia and Herzegovina,,,,,,ChIJ16k3xxWiSxMRDOm3QwPi920,2020-12-19,-21,-5,1,-24,-17,-1
BA,Bosnia and Herzegovina,,,,,,ChIJ16k3xxWiSxMRDOm3QwPi920,2020-12-20,-18,-4,4,-19,-17,-1
BA,Bosnia and Herzegovina,,,,,,ChIJ16k3xxWiSxMRDOm3QwPi920,2020-12-21,-11,3,0,-14,-8,0
BA,Bosnia and Herzegovina,,,,,,ChIJ16k3xxWiSxMRDOm3QwPi920,2020-12-22,-5,11,4,-13,-10,-1
BA,Bosnia and Herzegovina,,,,,,ChIJ16k3xxWiSxMRDOm3QwPi920,2020-12-23,-1,23,19,-8,-11,-1
BA,Bosnia and Herzegovina,,,,,,ChIJ16k3xxWiSxMRDOm3QwPi920,2020-12-24,-4,23,24,-5,-16,-1
BA,Bosnia and Herzegovina,,,,,,ChIJ16k3xxWiSxMRDOm3QwPi920,2020-12-25,-19,-5,9,-21,-20,2
BA,Bosnia and Herzegovina,,,,,,ChIJ16k3xxWiSxMRDOm3QwPi920,2020-12-26,-17,-4,6,-28,-17,1
BA,Bosnia and Herzegovina,,,,,,ChIJ16k3xxWiSxMRDOm3QwPi920,2020-12-27,-12,2,12,-21,-14,0
BA,Bosnia and Herzegovina,,,,,,ChIJ16k3xxWiSxMRDOm3QwPi920,2020-12-28,-5,9,11,-14,-11,0
BA,Bosnia and Herzegovina,,,,,,ChIJ16k3xxWiSxMRDOm3QwPi920,2020-12-29,8,24,25,-7,-13,-2
BA,Bosnia and Herzegovina,,,,,,ChIJ16k3xxWiSxMRDOm3QwPi920,2020-12-30,6,40,17,-8,-18,0
BA,Bosnia and Herzegovina,,,,,,ChIJ16k3xxWiSxMRDOm3QwPi920,2020-12-31,-3,48,29,-5,-28,0
BA,Bosnia and Herzegovina,,,,,,ChIJ16k3xxWiSxMRDOm3QwPi920,2021-01-01,-56,-67,15,-55,-77,10
BA,Bosnia and Herzegovina,,,,,,ChIJ16k3xxWiSxMRDOm3QwPi920,2021-01-02,-21,-12,14,-29,-36,2
BA,Bosnia and Herzegovina,,,,,,ChIJ16k3xxWiSxMRDOm3QwPi920,2021-01-03,-12,1,12,-20,-14,-1
BA,Bosnia and Herzegovina,,,,,,ChIJ16k3xxWiSxMRDOm3QwPi920,2021-01-04,-7,11,7,-19,-20,1
BA,Bosnia and Herzegovina,,,,,,ChIJ16k3xxWiSxMRDOm3QwPi920,2021-01-05,-2,24,11,-13,-23,0
BA,Bosnia and Herzegovina,,,,,,ChIJ16k3xxWiSxMRDOm3QwPi920,2021-01-06,-18,8,12,-22,-39,3
BA,Bosnia and Herzegovina,,,,,,ChIJ16k3xxWiSxMRDOm3QwPi920,2021-01-07,-28,-13,12,-25,-40,3
BA,Bosnia and Herzegovina,,,,,,ChIJ16k3xxWiSxMRDOm3QwPi920,2021-01-08,-18,-2,-11,-28,-24,2
BA,Bosnia and Herzegovina,,,,,,ChIJ16k3xxWiSxMRDOm3QwPi920,2021-01-09,-25,-16,-11,-29,-22,-1
BA,Bosnia and Herzegovina,,,,,,ChIJ16k3xxWiSxMRDOm3QwPi920,2021-01-10,-21,-9,-19,-23,-15,-1
BA,Bosnia and Herzegovina,,,,,,ChIJ16k3xxWiSxMRDOm3QwPi920,2021-01-11,-17,-3,-22,-23,-15,0
BA,Bosnia and Herzegovina,,,,,,ChIJ16k3xxWiSxMRDOm3QwPi920,2021-01-12,-13,1,-21,-23,-17,-1
BA,Bosnia and Herzegovina,,,,,,ChIJ16k3xxWiSxMRDOm3QwPi920,2021-01-13,-15,4,-20,-23,-19,-2
BA,Bosnia and Herzegovina,,,,,,ChIJ16k3xxWiSxMRDOm3QwPi920,2021-01-14,-27,-12,-23,-29,-30,0
BA,Bosnia and Herzegovina,,,,,,ChIJ16k3xxWiSxMRDOm3QwPi920,2021-01-15,-22,-9,-25,-32,-20,-1
BA,Bosnia and Herzegovina,,,,,,ChIJ16k3xxWiSxMRDOm3QwPi920,2021-01-16,-24,-12,-24,-33,-18,-2
BA,Bosnia and Herzegovina,,,,,,ChIJ16k3xxWiSxMRDOm3QwPi920,2021-01-17,-28,-17,-25,-31,-21,-2
BA,Bosnia and Herzegovina,,,,,,ChIJ16k3xxWiSxMRDOm3QwPi920,2021-01-18,-21,-8,-26,-26,-17,-1
BA,Bosnia and Herzegovina,,,,,,ChIJ16k3xxWiSxMRDOm3QwPi920,2021-01-19,-16,-4,-22,-26,-20,-2
BA,Bosnia and Herzegovina,,,,,,ChIJ16k3xxWiSxMRDOm3QwPi920,2021-01-20,-21,-2,-17,-23,-24,-2
BA,Bosnia and Herzegovina,,,,,,ChIJ16k3xxWiSxMRDOm3QwPi920,2021-01-21,-19,-1,-17,-20,-19,-3
BA,Bosnia and Herzegovina,,,,,,ChIJ16k3xxWiSxMRDOm3QwPi920,2021-01-22,-20,-10,-21,-26,-12,-2
BA,Bosnia and Herzegovina,,,,,,ChIJ16k3xxWiSxMRDOm3QwPi920,2021-01-23,-21,-10,-19,-31,-15,-3
BA,Bosnia and Herzegovina,,,,,,ChIJ16k3xxWiSxMRDOm3QwPi920,2021-01-24,-24,-15,-25,-30,-16,-2
BA,Bosnia and Herzegovina,,,,,,ChIJ16k3xxWiSxMRDOm3QwPi920,2021-01-25,-24,-14,-30,-25,-9,-2
BA,Bosnia and Herzegovina,,,,,,ChIJ16k3xxWiSxMRDOm3QwPi920,2021-01-26,-19,-8,-29,-25,-12,-2
BA,Bosnia and Herzegovina,,,,,,ChIJ16k3xxWiSxMRDOm3QwPi920,2021-01-27,-19,-1,-25,-23,-14,-2
BA,Bosnia and Herzegovina,,,,,,ChIJ16k3xxWiSxMRDOm3QwPi920,2021-01-28,-19,0,-22,-20,-13,-3
BA,Bosnia and Herzegovina,,,,,,ChIJ16k3xxWiSxMRDOm3QwPi920,2021-01-29,-21,-9,-28,-23,-9,-4
BA,Bosnia and Herzegovina,,,,,,ChIJ16k3xxWiSxMRDOm3QwPi920,2021-01-30,-18,-5,-11,-27,-13,-6
BA,Bosnia and Herzegovina,,,,,,ChIJ16k3xxWiSxMRDOm3QwPi920,2021-01-31,-28,-17,-36,-35,-18,-2
BA,Bosnia and Herzegovina,,,,,,ChIJ16k3xxWiSxMRDOm3QwPi920,2021-02-01,-20,-6,-31,-24,-7,-4
BA,Bosnia and Herzegovina,,,,,,ChIJ16k3xxWiSxMRDOm3QwPi920,2021-02-02,-13,1,-23,-21,-9,-5
BA,Bosnia and Herzegovina,,,,,,ChIJ16k3xxWiSxMRDOm3QwPi920,2021-02-03,-15,5,-13,-20,-11,-5
BA,Bosnia and Herzegovina,,,,,,ChIJ16k3xxWiSxMRDOm3QwPi920,2021-02-04,-16,3,-9,-20,-11,-5
BA,Bosnia and Herzegovina,,,,,,ChIJ16k3xxWiSxMRDOm3QwPi920,2021-02-05,-15,0,-9,-22,-6,-5
BA,Bosnia and Herzegovina,,,,,,ChIJ16k3xxWiSxMRDOm3QwPi920,2021-02-06,-15,-2,4,-23,-13,-6
BA,Bosnia and Herzegovina,,,,,,ChIJ16k3xxWiSxMRDOm3QwPi920,2021-02-07,-16,-5,1,-25,-16,-6
BA,Bosnia and Herzegovina,,,,,,ChIJ16k3xxWiSxMRDOm3QwPi920,2021-02-08,-18,-5,-18,-21,-7,-4
BA,Bosnia and Herzegovina,,,,,,ChIJ16k3xxWiSxMRDOm3QwPi920,2021-02-09,-12,3,-18,-19,-8,-4
BA,Bosnia and Herzegovina,,,,,,ChIJ16k3xxWiSxMRDOm3QwPi920,2021-02-10,-14,8,-16,-19,-10,-4
BA,Bosnia and Herzegovina,,,,,,ChIJ16k3xxWiSxMRDOm3QwPi920,2021-02-11,-17,5,-25,-23,-11,-5
BA,Bosnia and Herzegovina,,,,,,ChIJ16k3xxWiSxMRDOm3QwPi920,2021-02-12,-16,-1,-27,-25,-6,-6
BA,Bosnia and Herzegovina,,,,,,ChIJ16k3xxWiSxMRDOm3QwPi920,2021-02-13,-18,-5,-26,-35,-16,-5
BA,Bosnia and Herzegovina,,,,,,ChIJ16k3xxWiSxMRDOm3QwPi920,2021-02-14,-17,-7,-25,-34,-16,-4
BA,Bosnia and Herzegovina,,,,,,ChIJ16k3xxWiSxMRDOm3QwPi920,2021-02-15,-13,3,-24,-22,-7,-6
BA,Bosnia and Herzegovina,,,,,,ChIJ16k3xxWiSxMRDOm3QwPi920,2021-02-16,-10,7,-25,-18,-9,-7
BA,Bosnia and Herzegovina,,,,,,ChIJ16k3xxWiSxMRDOm3QwPi920,2021-02-17,-14,10,-27,-18,-10,-6
BA,Bosnia and Herzegovina,,,,,,ChIJ16k3xxWiSxMRDOm3QwPi920,2021-02-18,-12,12,-16,-15,-10,-7
BA,Bosnia and Herzegovina,,,,,,ChIJ16k3xxWiSxMRDOm3QwPi920,2021-02-19,-13,4,-20,-21,-5,-7
BA,Bosnia and Herzegovina,,,,,,ChIJ16k3xxWiSxMRDOm3QwPi920,2021-02-20,-12,4,-6,-24,-13,-8
BA,Bosnia and Herzegovina,,,,,,ChIJ16k3xxWiSxMRDOm3QwPi920,2021-02-21,-10,4,11,-19,-13,-9
BA,Bosnia and Herzegovina,,,,,,ChIJ16k3xxWiSxMRDOm3QwPi920,2021-02-22,-13,3,-13,-16,-5,-8
BA,Bosnia and Herzegovina,,,,,,ChIJ16k3xxWiSxMRDOm3QwPi920,2021-02-23,-7,8,-13,-15,-7,-8
BA,Bosnia and Herzegovina,,,,,,ChIJ16k3xxWiSxMRDOm3QwPi920,2021-02-24,-10,16,-10,-12,-10,-8
BA,Bosnia and Herzegovina,,,,,,ChIJ16k3xxWiSxMRDOm3QwPi920,2021-02-25,-9,17,-5,-9,-10,-8
BA,Bosnia and Herzegovina,,,,,,ChIJ16k3xxWiSxMRDOm3QwPi920,2021-02-26,-10,9,-5,-14,-5,-9
BA,Bosnia and Herzegovina,,,,,,ChIJ16k3xxWiSxMRDOm3QwPi920,2021-02-27,-13,7,-3,-24,-14,-9
BA,Bosnia and Herzegovina,,,,,,ChIJ16k3xxWiSxMRDOm3QwPi920,2021-02-28,-10,10,7,-20,-14,-9
BA,Bosnia and Herzegovina,,,,,,ChIJ16k3xxWiSxMRDOm3QwPi920,2021-03-01,-23,-10,-2,-35,-41,-4
BA,Bosnia and Herzegovina,,,,,,ChIJ16k3xxWiSxMRDOm3QwPi920,2021-03-02,-7,15,-16,-12,-7,-9
