country_region_code,country_region,sub_region_1,sub_region_2,metro_area,iso_3166_2_code,census_fips_code,place_id,date,retail_and_recreation_percent_change_from_baseline,grocery_and_pharmacy_percent_change_from_baseline,parks_percent_change_from_baseline,transit_stations_percent_change_from_baseline,workplaces_percent_change_from_baseline,residential_percent_change_from_baseline
MU,Mauritius,,,,,,ChIJyXRE-U1QfCERMdBrEcLZA0I,2021-01-01,-50,-41,1,-55,-76,16
MU,Mauritius,,,,,,ChIJyXRE-U1QfCERMdBrEcLZA0I,2021-01-02,-40,-28,-6,-44,-35,1
MU,Mauritius,,,,,,ChIJyXRE-U1QfCERMdBrEcLZA0I,2021-01-03,-9,-1,8,-29,-23,-7
MU,Mauritius,,,,,,ChIJyXRE-U1QfCERMdBrEcLZA0I,2021-01-04,-3,4,6,-33,-50,4
MU,Mauritius,,,,,,ChIJyXRE-U1QfCERMdBrEcLZA0I,2021-01-05,0,3,16,-28,-45,4
MU,Mauritius,,,,,,ChIJyXRE-U1QfCERMdBrEcLZA0I,2021-01-06,-3,4,-7,-26,-35,5
MU,Mauritius,,,,,,ChIJyXRE-U1QfCERMdBrEcLZA0I,2021-01-07,-14,-7,-24,-19,-19,3
MU,Mauritius,,,,,,ChIJyXRE-U1QfCERMdBrEcLZA0I,2021-01-08,-15,-3,-31,-16,-4,2
MU,Mauritius,,,,,,ChIJyXRE-U1QfCERMdBrEcLZA0I,2021-01-09,-12,-2,-34,-24,15,-2
MU,Mauritius,,,,,,ChIJyXRE-U1QfCERMdBrEcLZA0I,2021-01-10,-17,-10,-38,-37,-21,0
MU,Mauritius,,,,,,ChIJyXRE-U1QfCERMdBrEcLZA0I,2021-01-11,-13,-11,-37,-17,-8,-1
MU,Mauritius,,,,,,ChIJyXRE-U1QfCERMdBrEcLZA0I,2021-01-12,-18,-17,-38,-22,-11,0
MU,Mauritius,,,,,,ChIJyXRE-U1QfCERMdBrEcLZA0I,2021-01-13,-12,-10,-33,-16,-4,-3
MU,Mauritius,,,,,,ChIJyXRE-U1QfCERMdBrEcLZA0I,2021-01-14,-15,-11,-28,-17,-12,-4
MU,Mauritius,,,,,,ChIJyXRE-U1QfCERMdBrEcLZA0I,2021-01-15,-18,-14,-35,-15,1,-4
MU,Mauritius,,,,,,ChIJyXRE-U1QfCERMdBrEcLZA0I,2021-01-16,-15,-8,-34,-25,13,-5
MU,Mauritius,,,,,,ChIJyXRE-U1QfCERMdBrEcLZA0I,2021-01-17,-13,-11,-28,-35,-25,-4
MU,Mauritius,,,,,,ChIJyXRE-U1QfCERMdBrEcLZA0I,2021-01-18,-17,-16,-38,-21,-13,-3
MU,Mauritius,,,,,,ChIJyXRE-U1QfCERMdBrEcLZA0I,2021-01-19,-16,-16,-30,-20,-13,-3
MU,Mauritius,,,,,,ChIJyXRE-U1QfCERMdBrEcLZA0I,2021-01-20,-18,-18,-34,-19,-7,-3
MU,Mauritius,,,,,,ChIJyXRE-U1QfCERMdBrEcLZA0I,2021-01-21,-18,-14,-32,-17,-11,-4
MU,Mauritius,,,,,,ChIJyXRE-U1QfCERMdBrEcLZA0I,2021-01-22,-19,-15,-34,-17,3,-3
MU,Mauritius,,,,,,ChIJyXRE-U1QfCERMdBrEcLZA0I,2021-01-23,-15,-8,-36,-26,16,-4
MU,Mauritius,,,,,,ChIJyXRE-U1QfCERMdBrEcLZA0I,2021-01-24,-18,-12,-37,-39,-25,-2
MU,Mauritius,,,,,,ChIJyXRE-U1QfCERMdBrEcLZA0I,2021-01-25,-18,-15,-38,-22,-10,-3
MU,Mauritius,,,,,,ChIJyXRE-U1QfCERMdBrEcLZA0I,2021-01-26,-9,-9,-28,-17,-10,-4
MU,Mauritius,,,,,,ChIJyXRE-U1QfCERMdBrEcLZA0I,2021-01-27,-4,0,-27,-11,-5,-6
MU,Mauritius,,,,,,ChIJyXRE-U1QfCERMdBrEcLZA0I,2021-01-28,-28,-24,-8,-54,-75,9
MU,Mauritius,,,,,,ChIJyXRE-U1QfCERMdBrEcLZA0I,2021-01-29,-6,5,-29,-17,-10,-4
MU,Mauritius,,,,,,ChIJyXRE-U1QfCERMdBrEcLZA0I,2021-01-30,-2,11,-24,-18,15,-11
MU,Mauritius,,,,,,ChIJyXRE-U1QfCERMdBrEcLZA0I,2021-01-31,3,10,11,-27,-21,-12
MU,Mauritius,,,,,,ChIJyXRE-U1QfCERMdBrEcLZA0I,2021-02-01,-24,-18,-2,-54,-76,4
MU,Mauritius,,,,,,ChIJyXRE-U1QfCERMdBrEcLZA0I,2021-02-02,-6,0,-25,-15,-11,-8
MU,Mauritius,,,,,,ChIJyXRE-U1QfCERMdBrEcLZA0I,2021-02-03,-12,-7,-31,-22,-7,-8
MU,Mauritius,,,,,,ChIJyXRE-U1QfCERMdBrEcLZA0I,2021-02-04,-14,-9,-30,-24,-11,-7
MU,Mauritius,,,,,,ChIJyXRE-U1QfCERMdBrEcLZA0I,2021-02-05,-16,-10,-30,-23,1,-6
MU,Mauritius,,,,,,ChIJyXRE-U1QfCERMdBrEcLZA0I,2021-02-06,-12,-5,-32,-31,13,-7
MU,Mauritius,,,,,,ChIJyXRE-U1QfCERMdBrEcLZA0I,2021-02-07,-14,-10,-18,-42,-24,-6
MU,Mauritius,,,,,,ChIJyXRE-U1QfCERMdBrEcLZA0I,2021-02-08,-15,-14,-31,-29,-13,-6
MU,Mauritius,,,,,,ChIJyXRE-U1QfCERMdBrEcLZA0I,2021-02-09,-9,-10,-22,-22,-12,-6
MU,Mauritius,,,,,,ChIJyXRE-U1QfCERMdBrEcLZA0I,2021-02-10,-10,-9,-27,-21,-7,-7
MU,Mauritius,,,,,,ChIJyXRE-U1QfCERMdBrEcLZA0I,2021-02-11,-3,0,-17,-19,-12,-10
MU,Mauritius,,,,,,ChIJyXRE-U1QfCERMdBrEcLZA0I,2021-02-12,-30,-25,2,-53,-70,3
MU,Mauritius,,,,,,ChIJyXRE-U1QfCERMdBrEcLZA0I,2021-02-13,-10,1,-24,-32,6,-12
MU,Mauritius,,,,,,ChIJyXRE-U1QfCERMdBrEcLZA0I,2021-02-14,2,4,-16,-37,-22,-11
MU,Mauritius,,,,,,ChIJyXRE-U1QfCERMdBrEcLZA0I,2021-02-15,-13,-12,-28,-29,-15,-9
MU,Mauritius,,,,,,ChIJyXRE-U1QfCERMdBrEcLZA0I,2021-02-16,-13,-13,-30,-27,-14,-9
MU,Mauritius,,,,,,ChIJyXRE-U1QfCERMdBrEcLZA0I,2021-02-17,-14,-12,-32,-22,-9,-10
MU,Mauritius,,,,,,ChIJyXRE-U1QfCERMdBrEcLZA0I,2021-02-18,-14,-11,-28,-24,-12,-10
MU,Mauritius,,,,,,ChIJyXRE-U1QfCERMdBrEcLZA0I,2021-02-19,-17,-10,-35,-26,0,-8
MU,Mauritius,,,,,,ChIJyXRE-U1QfCERMdBrEcLZA0I,2021-02-20,-10,0,-29,-31,15,-10
MU,Mauritius,,,,,,ChIJyXRE-U1QfCERMdBrEcLZA0I,2021-02-21,-9,-2,-20,-38,-25,-8
MU,Mauritius,,,,,,ChIJyXRE-U1QfCERMdBrEcLZA0I,2021-02-22,-13,-10,-31,-28,-13,-8
MU,Mauritius,,,,,,ChIJyXRE-U1QfCERMdBrEcLZA0I,2021-02-23,-9,-7,-21,-24,-13,-9
MU,Mauritius,,,,,,ChIJyXRE-U1QfCERMdBrEcLZA0I,2021-02-24,-7,-3,-24,-24,-9,-10
MU,Mauritius,,,,,,ChIJyXRE-U1QfCERMdBrEcLZA0I,2021-02-25,-6,0,-26,-22,-14,-10
MU,Mauritius,,,,,,ChIJyXRE-U1QfCERMdBrEcLZA0I,2021-02-26,-5,5,-25,-20,-1,-10
MU,Mauritius,,,,,,ChIJyXRE-U1QfCERMdBrEcLZA0I,2021-02-27,4,16,-23,-22,16,-14
MU,Mauritius,,,,,,ChIJyXRE-U1QfCERMdBrEcLZA0I,2021-02-28,5,13,-7,-30,-23,-11
MU,Mauritius,,,,,,ChIJyXRE-U1QfCERMdBrEcLZA0I,2021-03-01,-1,5,-23,-25,-15,-10
MU,Mauritius,,,,,,ChIJyXRE-U1QfCERMdBrEcLZA0I,2021-03-02,0,4,-15,-22,-17,-9
MU,Mauritius,,,,,,ChIJyXRE-U1QfCERMdBrEcLZA0I,2021-03-03,-4,1,-20,-22,-10,-10
MU,Mauritius,,,,,,ChIJyXRE-U1QfCERMdBrEcLZA0I,2021-03-04,-4,1,-17,-18,-15,-10
MU,Mauritius,,,,,,ChIJyXRE-U1QfCERMdBrEcLZA0I,2021-03-05,-9,-1,-17,-18,-3,-9
MU,Mauritius,,,,,,ChIJyXRE-U1QfCERMdBrEcLZA0I,2021-03-06,-7,8,-14,-25,13,-11
MU,Mauritius,,,,,,ChIJyXRE-U1QfCERMdBrEcLZA0I,2021-03-07,-22,9,-39,-42,-29,-4
MU,Mauritius,,,,,,ChIJyXRE-U1QfCERMdBrEcLZA0I,2021-03-08,-17,-8,-14,-42,-32,-1
MU,Mauritius,,,,,,ChIJyXRE-U1QfCERMdBrEcLZA0I,2021-03-09,-12,-6,8,-35,-35,-3
MU,Mauritius,,,,,,ChIJyXRE-U1QfCERMdBrEcLZA0I,2021-03-10,-88,-88,-75,-88,-86,27
MU,Mauritius,,,,,,ChIJyXRE-U1QfCERMdBrEcLZA0I,2021-03-11,-79,-57,-76,-89,-87,27
MU,Mauritius,,,,,,ChIJyXRE-U1QfCERMdBrEcLZA0I,2021-03-12,-76,-41,-77,-87,-85,28
MU,Mauritius,,,,,,ChIJyXRE-U1QfCERMdBrEcLZA0I,2021-03-13,-80,-56,-80,-87,-60,19
MU,Mauritius,,,,,,ChIJyXRE-U1QfCERMdBrEcLZA0I,2021-03-14,-93,-93,-87,-91,-73,21
MU,Mauritius,,,,,,ChIJyXRE-U1QfCERMdBrEcLZA0I,2021-03-15,-77,-56,-74,-86,-81,26
MU,Mauritius,,,,,,ChIJyXRE-U1QfCERMdBrEcLZA0I,2021-03-16,-75,-56,-68,-84,-80,25
MU,Mauritius,,,,,,ChIJyXRE-U1QfCERMdBrEcLZA0I,2021-03-17,-76,-59,-70,-84,-77,25
MU,Mauritius,,,,,,ChIJyXRE-U1QfCERMdBrEcLZA0I,2021-03-18,-74,-55,-69,-82,-77,24
MU,Mauritius,,,,,,ChIJyXRE-U1QfCERMdBrEcLZA0I,2021-03-19,-76,-55,-70,-81,-73,25
MU,Mauritius,,,,,,ChIJyXRE-U1QfCERMdBrEcLZA0I,2021-03-20,-77,-55,-75,-82,-53,17
MU,Mauritius,,,,,,ChIJyXRE-U1QfCERMdBrEcLZA0I,2021-03-21,-91,-93,-86,-90,-72,20
MU,Mauritius,,,,,,ChIJyXRE-U1QfCERMdBrEcLZA0I,2021-03-22,-71,-48,-69,-81,-75,23
MU,Mauritius,,,,,,ChIJyXRE-U1QfCERMdBrEcLZA0I,2021-03-23,-70,-48,-65,-80,-75,22
MU,Mauritius,,,,,,ChIJyXRE-U1QfCERMdBrEcLZA0I,2021-03-24,-73,-53,-67,-80,-73,22
MU,Mauritius,,,,,,ChIJyXRE-U1QfCERMdBrEcLZA0I,2021-03-25,-72,-49,-66,-79,-74,21
MU,Mauritius,,,,,,ChIJyXRE-U1QfCERMdBrEcLZA0I,2021-03-26,-72,-45,-68,-78,-70,23
MU,Mauritius,,,,,,ChIJyXRE-U1QfCERMdBrEcLZA0I,2021-03-27,-71,-44,-73,-78,-47,14
MU,Mauritius,Flacq District,,,MU-FL,,ChIJC5jTde75fCERv5DDjvRAC94,2021-01-01,-37,-30,2,,-67,15
MU,Mauritius,Flacq District,,,MU-FL,,ChIJC5jTde75fCERv5DDjvRAC94,2021-01-02,-33,-20,13,-26,-32,0
MU,Mauritius,Flacq District,,,MU-FL,,ChIJC5jTde75fCERv5DDjvRAC94,2021-01-03,-12,-9,49,,-25,-9
MU,Mauritius,Flacq District,,,MU-FL,,ChIJC5jTde75fCERv5DDjvRAC94,2021-01-04,2,10,,6,-46,1
MU,Mauritius,Flacq District,,,MU-FL,,ChIJC5jTde75fCERv5DDjvRAC94,2021-01-05,3,5,,,-44,2
MU,Mauritius,Flacq District,,,MU-FL,,ChIJC5jTde75fCERv5DDjvRAC94,2021-01-06,-2,5,,,-32,2
MU,Mauritius,Flacq District,,,MU-FL,,ChIJC5jTde75fCERv5DDjvRAC94,2021-01-07,-11,0,,,-12,0
MU,Mauritius,Flacq District,,,MU-FL,,ChIJC5jTde75fCERv5DDjvRAC94,2021-01-08,-18,34,-29,,7,0
MU,Mauritius,Flacq District,,,MU-FL,,ChIJC5jTde75fCERv5DDjvRAC94,2021-01-09,-11,33,-27,,6,-5
MU,Mauritius,Flacq District,,,MU-FL,,ChIJC5jTde75fCERv5DDjvRAC94,2021-01-10,-24,-1,-27,,-25,-4
MU,Mauritius,Flacq District,,,MU-FL,,ChIJC5jTde75fCERv5DDjvRAC94,2021-01-11,-17,25,,,-6,-3
MU,Mauritius,Flacq District,,,MU-FL,,ChIJC5jTde75fCERv5DDjvRAC94,2021-01-12,-21,12,-40,,-11,-2
MU,Mauritius,Flacq District,,,MU-FL,,ChIJC5jTde75fCERv5DDjvRAC94,2021-01-13,-17,12,-41,,0,-7
MU,Mauritius,Flacq District,,,MU-FL,,ChIJC5jTde75fCERv5DDjvRAC94,2021-01-14,-33,26,,,-15,-6
MU,Mauritius,Flacq District,,,MU-FL,,ChIJC5jTde75fCERv5DDjvRAC94,2021-01-15,-36,15,-38,,4,-6
MU,Mauritius,Flacq District,,,MU-FL,,ChIJC5jTde75fCERv5DDjvRAC94,2021-01-16,-30,20,-32,,2,-8
MU,Mauritius,Flacq District,,,MU-FL,,ChIJC5jTde75fCERv5DDjvRAC94,2021-01-17,-33,-4,-22,,-30,-6
MU,Mauritius,Flacq District,,,MU-FL,,ChIJC5jTde75fCERv5DDjvRAC94,2021-01-18,-34,22,,,-11,-5
MU,Mauritius,Flacq District,,,MU-FL,,ChIJC5jTde75fCERv5DDjvRAC94,2021-01-19,-36,14,,,-13,-5
MU,Mauritius,Flacq District,,,MU-FL,,ChIJC5jTde75fCERv5DDjvRAC94,2021-01-20,-35,1,-32,,-4,-6
MU,Mauritius,Flacq District,,,MU-FL,,ChIJC5jTde75fCERv5DDjvRAC94,2021-01-21,-33,19,-27,,-9,-6
MU,Mauritius,Flacq District,,,MU-FL,,ChIJC5jTde75fCERv5DDjvRAC94,2021-01-22,-39,13,-36,,8,-5
MU,Mauritius,Flacq District,,,MU-FL,,ChIJC5jTde75fCERv5DDjvRAC94,2021-01-23,-29,18,-43,,5,-7
MU,Mauritius,Flacq District,,,MU-FL,,ChIJC5jTde75fCERv5DDjvRAC94,2021-01-24,-30,0,-22,,-27,-4
MU,Mauritius,Flacq District,,,MU-FL,,ChIJC5jTde75fCERv5DDjvRAC94,2021-01-25,-33,18,,,-8,-5
MU,Mauritius,Flacq District,,,MU-FL,,ChIJC5jTde75fCERv5DDjvRAC94,2021-01-26,-31,19,,,-10,-6
MU,Mauritius,Flacq District,,,MU-FL,,ChIJC5jTde75fCERv5DDjvRAC94,2021-01-27,-23,28,-34,,-2,-9
MU,Mauritius,Flacq District,,,MU-FL,,ChIJC5jTde75fCERv5DDjvRAC94,2021-01-28,-32,18,,,-70,3
MU,Mauritius,Flacq District,,,MU-FL,,ChIJC5jTde75fCERv5DDjvRAC94,2021-01-29,-31,45,-25,,-6,-6
MU,Mauritius,Flacq District,,,MU-FL,,ChIJC5jTde75fCERv5DDjvRAC94,2021-01-30,-23,47,-23,,7,-14
MU,Mauritius,Flacq District,,,MU-FL,,ChIJC5jTde75fCERv5DDjvRAC94,2021-01-31,-18,23,52,,-20,-14
MU,Mauritius,Flacq District,,,MU-FL,,ChIJC5jTde75fCERv5DDjvRAC94,2021-02-01,-30,32,,-31,-70,0
MU,Mauritius,Flacq District,,,MU-FL,,ChIJC5jTde75fCERv5DDjvRAC94,2021-02-02,-27,36,,,-11,-11
MU,Mauritius,Flacq District,,,MU-FL,,ChIJC5jTde75fCERv5DDjvRAC94,2021-02-03,-30,14,-33,,-3,-13
MU,Mauritius,Flacq District,,,MU-FL,,ChIJC5jTde75fCERv5DDjvRAC94,2021-02-04,-35,26,-23,,-10,-10
MU,Mauritius,Flacq District,,,MU-FL,,ChIJC5jTde75fCERv5DDjvRAC94,2021-02-05,-38,19,-26,,5,-9
MU,Mauritius,Flacq District,,,MU-FL,,ChIJC5jTde75fCERv5DDjvRAC94,2021-02-06,-31,23,-24,,2,-10
MU,Mauritius,Flacq District,,,MU-FL,,ChIJC5jTde75fCERv5DDjvRAC94,2021-02-07,-34,1,-6,,-29,-9
MU,Mauritius,Flacq District,,,MU-FL,,ChIJC5jTde75fCERv5DDjvRAC94,2021-02-08,-32,20,,5,-13,-9
MU,Mauritius,Flacq District,,,MU-FL,,ChIJC5jTde75fCERv5DDjvRAC94,2021-02-09,-28,19,,,-12,-8
MU,Mauritius,Flacq District,,,MU-FL,,ChIJC5jTde75fCERv5DDjvRAC94,2021-02-10,-32,11,-27,,-4,-10
MU,Mauritius,Flacq District,,,MU-FL,,ChIJC5jTde75fCERv5DDjvRAC94,2021-02-11,-30,34,,,-11,-12
MU,Mauritius,Flacq District,,,MU-FL,,ChIJC5jTde75fCERv5DDjvRAC94,2021-02-12,-38,7,,,-61,-2
MU,Mauritius,Flacq District,,,MU-FL,,ChIJC5jTde75fCERv5DDjvRAC94,2021-02-13,-26,34,-18,,4,-15
MU,Mauritius,Flacq District,,,MU-FL,,ChIJC5jTde75fCERv5DDjvRAC94,2021-02-14,-26,16,-5,,-24,-13
MU,Mauritius,Flacq District,,,MU-FL,,ChIJC5jTde75fCERv5DDjvRAC94,2021-02-15,-31,21,,-3,-10,-12
MU,Mauritius,Flacq District,,,MU-FL,,ChIJC5jTde75fCERv5DDjvRAC94,2021-02-16,-33,19,,,-17,-11
MU,Mauritius,Flacq District,,,MU-FL,,ChIJC5jTde75fCERv5DDjvRAC94,2021-02-17,-36,6,-34,,-8,-13
MU,Mauritius,Flacq District,,,MU-FL,,ChIJC5jTde75fCERv5DDjvRAC94,2021-02-18,-31,26,,,-15,-11
MU,Mauritius,Flacq District,,,MU-FL,,ChIJC5jTde75fCERv5DDjvRAC94,2021-02-19,-41,10,-44,,0,-9
MU,Mauritius,Flacq District,,,MU-FL,,ChIJC5jTde75fCERv5DDjvRAC94,2021-02-20,-28,30,-32,,6,-14
MU,Mauritius,Flacq District,,,MU-FL,,ChIJC5jTde75fCERv5DDjvRAC94,2021-02-21,-28,5,-14,,-28,-11
MU,Mauritius,Flacq District,,,MU-FL,,ChIJC5jTde75fCERv5DDjvRAC94,2021-02-22,-32,27,,5,-14,-11
MU,Mauritius,Flacq District,,,MU-FL,,ChIJC5jTde75fCERv5DDjvRAC94,2021-02-23,-31,25,,,-16,-11
MU,Mauritius,Flacq District,,,MU-FL,,ChIJC5jTde75fCERv5DDjvRAC94,2021-02-24,-28,19,-31,,-5,-13
MU,Mauritius,Flacq District,,,MU-FL,,ChIJC5jTde75fCERv5DDjvRAC94,2021-02-25,-26,44,-22,,-16,-12
MU,Mauritius,Flacq District,,,MU-FL,,ChIJC5jTde75fCERv5DDjvRAC94,2021-02-26,-26,40,-29,,1,-12
MU,Mauritius,Flacq District,,,MU-FL,,ChIJC5jTde75fCERv5DDjvRAC94,2021-02-27,-19,49,-19,,4,-16
MU,Mauritius,Flacq District,,,MU-FL,,ChIJC5jTde75fCERv5DDjvRAC94,2021-02-28,-18,24,-6,,-23,-14
MU,Mauritius,Flacq District,,,MU-FL,,ChIJC5jTde75fCERv5DDjvRAC94,2021-03-01,-21,47,,,-16,-13
MU,Mauritius,Flacq District,,,MU-FL,,ChIJC5jTde75fCERv5DDjvRAC94,2021-03-02,-18,46,,,-20,-12
MU,Mauritius,Flacq District,,,MU-FL,,ChIJC5jTde75fCERv5DDjvRAC94,2021-03-03,-22,28,-28,,-11,-14
MU,Mauritius,Flacq District,,,MU-FL,,ChIJC5jTde75fCERv5DDjvRAC94,2021-03-04,-27,51,,,-18,-14
MU,Mauritius,Flacq District,,,MU-FL,,ChIJC5jTde75fCERv5DDjvRAC94,2021-03-05,-32,34,-33,,-3,-12
MU,Mauritius,Flacq District,,,MU-FL,,ChIJC5jTde75fCERv5DDjvRAC94,2021-03-06,-23,52,-19,,-2,-15
MU,Mauritius,Flacq District,,,MU-FL,,ChIJC5jTde75fCERv5DDjvRAC94,2021-03-07,-41,19,-48,,-33,-8
MU,Mauritius,Flacq District,,,MU-FL,,ChIJC5jTde75fCERv5DDjvRAC94,2021-03-08,-44,22,,-40,-39,-2
MU,Mauritius,Flacq District,,,MU-FL,,ChIJC5jTde75fCERv5DDjvRAC94,2021-03-09,-40,15,,-28,-42,-4
MU,Mauritius,Flacq District,,,MU-FL,,ChIJC5jTde75fCERv5DDjvRAC94,2021-03-10,-88,-87,-77,,-84,21
MU,Mauritius,Flacq District,,,MU-FL,,ChIJC5jTde75fCERv5DDjvRAC94,2021-03-11,-80,,-75,,-87,23
MU,Mauritius,Flacq District,,,MU-FL,,ChIJC5jTde75fCERv5DDjvRAC94,2021-03-12,-76,-10,-73,,-84,24
MU,Mauritius,Flacq District,,,MU-FL,,ChIJC5jTde75fCERv5DDjvRAC94,2021-03-13,-82,-45,-79,,-66,14
MU,Mauritius,Flacq District,,,MU-FL,,ChIJC5jTde75fCERv5DDjvRAC94,2021-03-14,-92,-94,-88,,-74,
MU,Mauritius,Flacq District,,,MU-FL,,ChIJC5jTde75fCERv5DDjvRAC94,2021-03-15,-79,-34,-65,,-81,23
MU,Mauritius,Flacq District,,,MU-FL,,ChIJC5jTde75fCERv5DDjvRAC94,2021-03-16,-75,-34,-64,,-79,22
MU,Mauritius,Flacq District,,,MU-FL,,ChIJC5jTde75fCERv5DDjvRAC94,2021-03-17,-75,-56,-69,,-76,20
MU,Mauritius,Flacq District,,,MU-FL,,ChIJC5jTde75fCERv5DDjvRAC94,2021-03-18,-73,,-61,,-79,19
MU,Mauritius,Flacq District,,,MU-FL,,ChIJC5jTde75fCERv5DDjvRAC94,2021-03-19,-76,-37,-67,,-75,20
MU,Mauritius,Flacq District,,,MU-FL,,ChIJC5jTde75fCERv5DDjvRAC94,2021-03-20,-77,-40,-70,,-55,12
MU,Mauritius,Flacq District,,,MU-FL,,ChIJC5jTde75fCERv5DDjvRAC94,2021-03-21,-90,-93,-85,,-73,
MU,Mauritius,Flacq District,,,MU-FL,,ChIJC5jTde75fCERv5DDjvRAC94,2021-03-22,-72,-24,-60,-84,-74,19
MU,Mauritius,Flacq District,,,MU-FL,,ChIJC5jTde75fCERv5DDjvRAC94,2021-03-23,-71,-20,-61,,-76,18
MU,Mauritius,Flacq District,,,MU-FL,,ChIJC5jTde75fCERv5DDjvRAC94,2021-03-24,-73,-40,-66,,-73,18
MU,Mauritius,Flacq District,,,MU-FL,,ChIJC5jTde75fCERv5DDjvRAC94,2021-03-25,-73,,-59,-82,-74,17
MU,Mauritius,Flacq District,,,MU-FL,,ChIJC5jTde75fCERv5DDjvRAC94,2021-03-26,-73,-21,-65,-71,-69,19
MU,Mauritius,Flacq District,,,MU-FL,,ChIJC5jTde75fCERv5DDjvRAC94,2021-03-27,-72,-23,-68,-85,-55,9
MU,Mauritius,Grand Port District,,,MU-GP,,ChIJv9VQljX1fCERoU08UWdklws,2021-01-01,-48,-31,-16,-69,-74,16
MU,Mauritius,Grand Port District,,,MU-GP,,ChIJv9VQljX1fCERoU08UWdklws,2021-01-02,-34,-7,-12,-60,-35,
MU,Mauritius,Grand Port District,,,MU-GP,,ChIJv9VQljX1fCERoU08UWdklws,2021-01-03,-15,11,4,-58,-28,
MU,Mauritius,Grand Port District,,,MU-GP,,ChIJv9VQljX1fCERoU08UWdklws,2021-01-04,11,25,,-54,-48,1
MU,Mauritius,Grand Port District,,,MU-GP,,ChIJv9VQljX1fCERoU08UWdklws,2021-01-05,13,19,,-56,-44,1
MU,Mauritius,Grand Port District,,,MU-GP,,ChIJv9VQljX1fCERoU08UWdklws,2021-01-06,16,23,,-59,-36,3
MU,Mauritius,Grand Port District,,,MU-GP,,ChIJv9VQljX1fCERoU08UWdklws,2021-01-07,-13,12,-37,-54,-17,1
MU,Mauritius,Grand Port District,,,MU-GP,,ChIJv9VQljX1fCERoU08UWdklws,2021-01-08,-13,8,-48,-61,-4,0
MU,Mauritius,Grand Port District,,,MU-GP,,ChIJv9VQljX1fCERoU08UWdklws,2021-01-09,-12,15,-50,-65,6,
MU,Mauritius,Grand Port District,,,MU-GP,,ChIJv9VQljX1fCERoU08UWdklws,2021-01-10,-26,-3,-52,-66,-25,
MU,Mauritius,Grand Port District,,,MU-GP,,ChIJv9VQljX1fCERoU08UWdklws,2021-01-11,-18,-4,-56,-59,-10,-4
MU,Mauritius,Grand Port District,,,MU-GP,,ChIJv9VQljX1fCERoU08UWdklws,2021-01-12,-19,-11,-56,-60,-12,-3
MU,Mauritius,Grand Port District,,,MU-GP,,ChIJv9VQljX1fCERoU08UWdklws,2021-01-13,-10,-11,-47,-60,-4,-5
MU,Mauritius,Grand Port District,,,MU-GP,,ChIJv9VQljX1fCERoU08UWdklws,2021-01-14,-19,-4,-41,-57,-14,-6
MU,Mauritius,Grand Port District,,,MU-GP,,ChIJv9VQljX1fCERoU08UWdklws,2021-01-15,-23,-13,-45,-64,-3,-5
MU,Mauritius,Grand Port District,,,MU-GP,,ChIJv9VQljX1fCERoU08UWdklws,2021-01-16,-18,1,-54,-67,3,
MU,Mauritius,Grand Port District,,,MU-GP,,ChIJv9VQljX1fCERoU08UWdklws,2021-01-17,-20,1,-33,-69,-29,
MU,Mauritius,Grand Port District,,,MU-GP,,ChIJv9VQljX1fCERoU08UWdklws,2021-01-18,-18,-9,-55,-64,-14,-5
MU,Mauritius,Grand Port District,,,MU-GP,,ChIJv9VQljX1fCERoU08UWdklws,2021-01-19,-19,-15,-54,-61,-14,-4
MU,Mauritius,Grand Port District,,,MU-GP,,ChIJv9VQljX1fCERoU08UWdklws,2021-01-20,-14,-15,-46,-61,-8,-5
MU,Mauritius,Grand Port District,,,MU-GP,,ChIJv9VQljX1fCERoU08UWdklws,2021-01-21,-24,-11,-46,-62,-12,-5
MU,Mauritius,Grand Port District,,,MU-GP,,ChIJv9VQljX1fCERoU08UWdklws,2021-01-22,-17,-10,-47,-64,1,-4
MU,Mauritius,Grand Port District,,,MU-GP,,ChIJv9VQljX1fCERoU08UWdklws,2021-01-23,-13,3,-50,-67,9,
MU,Mauritius,Grand Port District,,,MU-GP,,ChIJv9VQljX1fCERoU08UWdklws,2021-01-24,-17,-2,-30,-65,-30,
MU,Mauritius,Grand Port District,,,MU-GP,,ChIJv9VQljX1fCERoU08UWdklws,2021-01-25,-17,-7,-53,-63,-12,-5
MU,Mauritius,Grand Port District,,,MU-GP,,ChIJv9VQljX1fCERoU08UWdklws,2021-01-26,-7,-8,-48,-62,-12,-7
MU,Mauritius,Grand Port District,,,MU-GP,,ChIJv9VQljX1fCERoU08UWdklws,2021-01-27,3,-1,-44,-58,-6,-8
MU,Mauritius,Grand Port District,,,MU-GP,,ChIJv9VQljX1fCERoU08UWdklws,2021-01-28,-18,-2,,-68,-75,6
MU,Mauritius,Grand Port District,,,MU-GP,,ChIJv9VQljX1fCERoU08UWdklws,2021-01-29,1,14,-49,-62,-13,-6
MU,Mauritius,Grand Port District,,,MU-GP,,ChIJv9VQljX1fCERoU08UWdklws,2021-01-30,0,32,-45,-64,5,
MU,Mauritius,Grand Port District,,,MU-GP,,ChIJv9VQljX1fCERoU08UWdklws,2021-01-31,-4,23,-3,-60,-26,
MU,Mauritius,Grand Port District,,,MU-GP,,ChIJv9VQljX1fCERoU08UWdklws,2021-02-01,0,2,,-63,-73,2
MU,Mauritius,Grand Port District,,,MU-GP,,ChIJv9VQljX1fCERoU08UWdklws,2021-02-02,0,4,-50,-59,-13,-11
MU,Mauritius,Grand Port District,,,MU-GP,,ChIJv9VQljX1fCERoU08UWdklws,2021-02-03,-6,-9,-45,-63,-7,-10
MU,Mauritius,Grand Port District,,,MU-GP,,ChIJv9VQljX1fCERoU08UWdklws,2021-02-04,-18,-4,-44,-58,-14,-8
MU,Mauritius,Grand Port District,,,MU-GP,,ChIJv9VQljX1fCERoU08UWdklws,2021-02-05,-18,-5,-42,-64,-2,-6
MU,Mauritius,Grand Port District,,,MU-GP,,ChIJv9VQljX1fCERoU08UWdklws,2021-02-06,-13,4,-52,-67,1,
MU,Mauritius,Grand Port District,,,MU-GP,,ChIJv9VQljX1fCERoU08UWdklws,2021-02-07,-20,-6,-25,-71,-30,
MU,Mauritius,Grand Port District,,,MU-GP,,ChIJv9VQljX1fCERoU08UWdklws,2021-02-08,-17,-13,-44,-65,-18,-7
MU,Mauritius,Grand Port District,,,MU-GP,,ChIJv9VQljX1fCERoU08UWdklws,2021-02-09,-12,-12,-42,-63,-15,-6
MU,Mauritius,Grand Port District,,,MU-GP,,ChIJv9VQljX1fCERoU08UWdklws,2021-02-10,-8,-11,-44,-63,-8,-7
MU,Mauritius,Grand Port District,,,MU-GP,,ChIJv9VQljX1fCERoU08UWdklws,2021-02-11,-8,4,-29,-59,-16,-10
MU,Mauritius,Grand Port District,,,MU-GP,,ChIJv9VQljX1fCERoU08UWdklws,2021-02-12,-20,-11,,-71,-68,1
MU,Mauritius,Grand Port District,,,MU-GP,,ChIJv9VQljX1fCERoU08UWdklws,2021-02-13,-11,12,-40,-68,-3,
MU,Mauritius,Grand Port District,,,MU-GP,,ChIJv9VQljX1fCERoU08UWdklws,2021-02-14,1,11,-24,-67,-27,
MU,Mauritius,Grand Port District,,,MU-GP,,ChIJv9VQljX1fCERoU08UWdklws,2021-02-15,-14,-10,-45,-60,-19,-10
MU,Mauritius,Grand Port District,,,MU-GP,,ChIJv9VQljX1fCERoU08UWdklws,2021-02-16,-15,-13,-51,-61,-19,-10
MU,Mauritius,Grand Port District,,,MU-GP,,ChIJv9VQljX1fCERoU08UWdklws,2021-02-17,-8,-8,-42,-55,-10,-11
MU,Mauritius,Grand Port District,,,MU-GP,,ChIJv9VQljX1fCERoU08UWdklws,2021-02-18,-20,-6,-45,-59,-16,-10
MU,Mauritius,Grand Port District,,,MU-GP,,ChIJv9VQljX1fCERoU08UWdklws,2021-02-19,-24,-10,-55,-65,-7,-8
MU,Mauritius,Grand Port District,,,MU-GP,,ChIJv9VQljX1fCERoU08UWdklws,2021-02-20,-9,10,-51,-68,4,
MU,Mauritius,Grand Port District,,,MU-GP,,ChIJv9VQljX1fCERoU08UWdklws,2021-02-21,-11,11,-32,-68,-33,
MU,Mauritius,Grand Port District,,,MU-GP,,ChIJv9VQljX1fCERoU08UWdklws,2021-02-22,-15,-6,-48,-64,-17,-10
MU,Mauritius,Grand Port District,,,MU-GP,,ChIJv9VQljX1fCERoU08UWdklws,2021-02-23,-11,-7,-46,-61,-17,-11
MU,Mauritius,Grand Port District,,,MU-GP,,ChIJv9VQljX1fCERoU08UWdklws,2021-02-24,2,0,-43,-62,-13,-11
MU,Mauritius,Grand Port District,,,MU-GP,,ChIJv9VQljX1fCERoU08UWdklws,2021-02-25,-4,11,-43,-59,-17,-11
MU,Mauritius,Grand Port District,,,MU-GP,,ChIJv9VQljX1fCERoU08UWdklws,2021-02-26,-3,12,-43,-65,-6,-11
MU,Mauritius,Grand Port District,,,MU-GP,,ChIJv9VQljX1fCERoU08UWdklws,2021-02-27,5,32,-43,-62,6,
MU,Mauritius,Grand Port District,,,MU-GP,,ChIJv9VQljX1fCERoU08UWdklws,2021-02-28,3,21,-9,-65,-32,
MU,Mauritius,Grand Port District,,,MU-GP,,ChIJv9VQljX1fCERoU08UWdklws,2021-03-01,3,16,-44,-62,-22,-11
MU,Mauritius,Grand Port District,,,MU-GP,,ChIJv9VQljX1fCERoU08UWdklws,2021-03-02,3,10,-43,-56,-21,-11
MU,Mauritius,Grand Port District,,,MU-GP,,ChIJv9VQljX1fCERoU08UWdklws,2021-03-03,6,4,-43,-62,-12,-11
MU,Mauritius,Grand Port District,,,MU-GP,,ChIJv9VQljX1fCERoU08UWdklws,2021-03-04,-9,6,-36,-59,-19,-11
MU,Mauritius,Grand Port District,,,MU-GP,,ChIJv9VQljX1fCERoU08UWdklws,2021-03-05,-13,3,-45,-62,-8,-10
MU,Mauritius,Grand Port District,,,MU-GP,,ChIJv9VQljX1fCERoU08UWdklws,2021-03-06,-4,21,-48,-69,3,
MU,Mauritius,Grand Port District,,,MU-GP,,ChIJv9VQljX1fCERoU08UWdklws,2021-03-07,-24,13,-68,-75,-34,
MU,Mauritius,Grand Port District,,,MU-GP,,ChIJv9VQljX1fCERoU08UWdklws,2021-03-08,-15,0,-48,-69,-37,-2
MU,Mauritius,Grand Port District,,,MU-GP,,ChIJv9VQljX1fCERoU08UWdklws,2021-03-09,-15,-4,-44,-61,-39,-3
MU,Mauritius,Grand Port District,,,MU-GP,,ChIJv9VQljX1fCERoU08UWdklws,2021-03-10,-89,-91,-81,-84,-85,25
MU,Mauritius,Grand Port District,,,MU-GP,,ChIJv9VQljX1fCERoU08UWdklws,2021-03-11,-74,-50,-83,-90,-87,25
MU,Mauritius,Grand Port District,,,MU-GP,,ChIJv9VQljX1fCERoU08UWdklws,2021-03-12,-67,-30,-75,-90,-84,26
MU,Mauritius,Grand Port District,,,MU-GP,,ChIJv9VQljX1fCERoU08UWdklws,2021-03-13,-75,-50,-86,-90,-63,
MU,Mauritius,Grand Port District,,,MU-GP,,ChIJv9VQljX1fCERoU08UWdklws,2021-03-14,-95,-94,-91,-90,-74,
MU,Mauritius,Grand Port District,,,MU-GP,,ChIJv9VQljX1fCERoU08UWdklws,2021-03-15,-70,-50,-80,-86,-82,25
MU,Mauritius,Grand Port District,,,MU-GP,,ChIJv9VQljX1fCERoU08UWdklws,2021-03-16,-70,-52,-76,-82,-81,23
MU,Mauritius,Grand Port District,,,MU-GP,,ChIJv9VQljX1fCERoU08UWdklws,2021-03-17,-71,-60,-72,-82,-79,23
MU,Mauritius,Grand Port District,,,MU-GP,,ChIJv9VQljX1fCERoU08UWdklws,2021-03-18,-69,-43,-74,-82,-79,21
MU,Mauritius,Grand Port District,,,MU-GP,,ChIJv9VQljX1fCERoU08UWdklws,2021-03-19,-69,-47,-74,-81,-74,24
MU,Mauritius,Grand Port District,,,MU-GP,,ChIJv9VQljX1fCERoU08UWdklws,2021-03-20,-73,-49,-82,-84,-55,
MU,Mauritius,Grand Port District,,,MU-GP,,ChIJv9VQljX1fCERoU08UWdklws,2021-03-21,-97,-93,-91,-91,-74,
MU,Mauritius,Grand Port District,,,MU-GP,,ChIJv9VQljX1fCERoU08UWdklws,2021-03-22,-65,-35,-72,-84,-75,20
MU,Mauritius,Grand Port District,,,MU-GP,,ChIJv9VQljX1fCERoU08UWdklws,2021-03-23,-58,-41,-72,-81,-76,19
MU,Mauritius,Grand Port District,,,MU-GP,,ChIJv9VQljX1fCERoU08UWdklws,2021-03-24,-66,-55,-74,-79,-74,20
MU,Mauritius,Grand Port District,,,MU-GP,,ChIJv9VQljX1fCERoU08UWdklws,2021-03-25,-64,-38,-75,-79,-75,19
MU,Mauritius,Grand Port District,,,MU-GP,,ChIJv9VQljX1fCERoU08UWdklws,2021-03-26,-63,-34,-71,-82,-71,20
MU,Mauritius,Grand Port District,,,MU-GP,,ChIJv9VQljX1fCERoU08UWdklws,2021-03-27,-65,-28,-80,-80,-49,
MU,Mauritius,Moka District,,,MU-MO,,ChIJ_Qmj8rtZfCERU1WPHJtp_vI,2021-01-01,-72,,,-43,-77,15
MU,Mauritius,Moka District,,,MU-MO,,ChIJ_Qmj8rtZfCERU1WPHJtp_vI,2021-01-02,-57,,,,-34,
MU,Mauritius,Moka District,,,MU-MO,,ChIJ_Qmj8rtZfCERU1WPHJtp_vI,2021-01-03,-33,,,-8,-20,
MU,Mauritius,Moka District,,,MU-MO,,ChIJ_Qmj8rtZfCERU1WPHJtp_vI,2021-01-04,-30,,,-22,-51,3
MU,Mauritius,Moka District,,,MU-MO,,ChIJ_Qmj8rtZfCERU1WPHJtp_vI,2021-01-05,-26,,,-6,-46,3
MU,Mauritius,Moka District,,,MU-MO,,ChIJ_Qmj8rtZfCERU1WPHJtp_vI,2021-01-06,-28,,,-1,-35,3
MU,Mauritius,Moka District,,,MU-MO,,ChIJ_Qmj8rtZfCERU1WPHJtp_vI,2021-01-07,-40,,,4,-17,1
MU,Mauritius,Moka District,,,MU-MO,,ChIJ_Qmj8rtZfCERU1WPHJtp_vI,2021-01-08,-36,,,,0,-1
MU,Mauritius,Moka District,,,MU-MO,,ChIJ_Qmj8rtZfCERU1WPHJtp_vI,2021-01-09,-26,,,,21,
MU,Mauritius,Moka District,,,MU-MO,,ChIJ_Qmj8rtZfCERU1WPHJtp_vI,2021-01-10,-36,,,-13,-17,
MU,Mauritius,Moka District,,,MU-MO,,ChIJ_Qmj8rtZfCERU1WPHJtp_vI,2021-01-11,-40,,,34,-6,-4
MU,Mauritius,Moka District,,,MU-MO,,ChIJ_Qmj8rtZfCERU1WPHJtp_vI,2021-01-12,-43,,,23,-10,-3
MU,Mauritius,Moka District,,,MU-MO,,ChIJ_Qmj8rtZfCERU1WPHJtp_vI,2021-01-13,-37,,,40,0,-7
MU,Mauritius,Moka District,,,MU-MO,,ChIJ_Qmj8rtZfCERU1WPHJtp_vI,2021-01-14,-37,,,,-10,-5
MU,Mauritius,Moka District,,,MU-MO,,ChIJ_Qmj8rtZfCERU1WPHJtp_vI,2021-01-15,-29,,,,4,-6
MU,Mauritius,Moka District,,,MU-MO,,ChIJ_Qmj8rtZfCERU1WPHJtp_vI,2021-01-16,-22,,,,29,
MU,Mauritius,Moka District,,,MU-MO,,ChIJ_Qmj8rtZfCERU1WPHJtp_vI,2021-01-17,-26,,,0,-22,
MU,Mauritius,Moka District,,,MU-MO,,ChIJ_Qmj8rtZfCERU1WPHJtp_vI,2021-01-18,-39,,,28,-12,-6
MU,Mauritius,Moka District,,,MU-MO,,ChIJ_Qmj8rtZfCERU1WPHJtp_vI,2021-01-19,-35,,,34,-11,-7
MU,Mauritius,Moka District,,,MU-MO,,ChIJ_Qmj8rtZfCERU1WPHJtp_vI,2021-01-20,-37,,,33,-6,-6
MU,Mauritius,Moka District,,,MU-MO,,ChIJ_Qmj8rtZfCERU1WPHJtp_vI,2021-01-21,-35,,,,-11,-6
MU,Mauritius,Moka District,,,MU-MO,,ChIJ_Qmj8rtZfCERU1WPHJtp_vI,2021-01-22,-33,,,,7,-6
MU,Mauritius,Moka District,,,MU-MO,,ChIJ_Qmj8rtZfCERU1WPHJtp_vI,2021-01-23,-19,,,,28,
MU,Mauritius,Moka District,,,MU-MO,,ChIJ_Qmj8rtZfCERU1WPHJtp_vI,2021-01-24,-32,,,-10,-18,
MU,Mauritius,Moka District,,,MU-MO,,ChIJ_Qmj8rtZfCERU1WPHJtp_vI,2021-01-25,-39,,,15,-6,-6
MU,Mauritius,Moka District,,,MU-MO,,ChIJ_Qmj8rtZfCERU1WPHJtp_vI,2021-01-26,-29,,,37,-10,-7
MU,Mauritius,Moka District,,,MU-MO,,ChIJ_Qmj8rtZfCERU1WPHJtp_vI,2021-01-27,-20,,,54,-3,-10
MU,Mauritius,Moka District,,,MU-MO,,ChIJ_Qmj8rtZfCERU1WPHJtp_vI,2021-01-28,-50,,,-43,-76,7
MU,Mauritius,Moka District,,,MU-MO,,ChIJ_Qmj8rtZfCERU1WPHJtp_vI,2021-01-29,-19,,,,-8,-7
MU,Mauritius,Moka District,,,MU-MO,,ChIJ_Qmj8rtZfCERU1WPHJtp_vI,2021-01-30,-11,,,,25,
MU,Mauritius,Moka District,,,MU-MO,,ChIJ_Qmj8rtZfCERU1WPHJtp_vI,2021-01-31,-22,,,-3,-19,
MU,Mauritius,Moka District,,,MU-MO,,ChIJ_Qmj8rtZfCERU1WPHJtp_vI,2021-02-01,-44,,,-45,-77,2
MU,Mauritius,Moka District,,,MU-MO,,ChIJ_Qmj8rtZfCERU1WPHJtp_vI,2021-02-02,-28,,,30,-9,-12
MU,Mauritius,Moka District,,,MU-MO,,ChIJ_Qmj8rtZfCERU1WPHJtp_vI,2021-02-03,-30,,,22,-3,-12
MU,Mauritius,Moka District,,,MU-MO,,ChIJ_Qmj8rtZfCERU1WPHJtp_vI,2021-02-04,-33,,,11,-10,-11
MU,Mauritius,Moka District,,,MU-MO,,ChIJ_Qmj8rtZfCERU1WPHJtp_vI,2021-02-05,-25,,,,4,-10
MU,Mauritius,Moka District,,,MU-MO,,ChIJ_Qmj8rtZfCERU1WPHJtp_vI,2021-02-06,-19,,,,22,
MU,Mauritius,Moka District,,,MU-MO,,ChIJ_Qmj8rtZfCERU1WPHJtp_vI,2021-02-07,-27,,,-23,-23,
MU,Mauritius,Moka District,,,MU-MO,,ChIJ_Qmj8rtZfCERU1WPHJtp_vI,2021-02-08,-35,,,8,-8,-10
MU,Mauritius,Moka District,,,MU-MO,,ChIJ_Qmj8rtZfCERU1WPHJtp_vI,2021-02-09,-28,,,22,-9,-10
MU,Mauritius,Moka District,,,MU-MO,,ChIJ_Qmj8rtZfCERU1WPHJtp_vI,2021-02-10,-25,,,32,-5,-11
MU,Mauritius,Moka District,,,MU-MO,,ChIJ_Qmj8rtZfCERU1WPHJtp_vI,2021-02-11,-16,,,32,-11,-13
MU,Mauritius,Moka District,,,MU-MO,,ChIJ_Qmj8rtZfCERU1WPHJtp_vI,2021-02-12,-43,,,-23,-72,-1
MU,Mauritius,Moka District,,,MU-MO,,ChIJ_Qmj8rtZfCERU1WPHJtp_vI,2021-02-13,-15,,,,11,
MU,Mauritius,Moka District,,,MU-MO,,ChIJ_Qmj8rtZfCERU1WPHJtp_vI,2021-02-14,-1,,,-10,-18,
MU,Mauritius,Moka District,,,MU-MO,,ChIJ_Qmj8rtZfCERU1WPHJtp_vI,2021-02-15,-30,,,10,-11,-14
MU,Mauritius,Moka District,,,MU-MO,,ChIJ_Qmj8rtZfCERU1WPHJtp_vI,2021-02-16,-31,,,12,-13,-13
MU,Mauritius,Moka District,,,MU-MO,,ChIJ_Qmj8rtZfCERU1WPHJtp_vI,2021-02-17,-30,,,28,-6,-15
MU,Mauritius,Moka District,,,MU-MO,,ChIJ_Qmj8rtZfCERU1WPHJtp_vI,2021-02-18,-31,,,20,-12,-14
MU,Mauritius,Moka District,,,MU-MO,,ChIJ_Qmj8rtZfCERU1WPHJtp_vI,2021-02-19,-26,,,,3,-12
MU,Mauritius,Moka District,,,MU-MO,,ChIJ_Qmj8rtZfCERU1WPHJtp_vI,2021-02-20,-15,,,,28,
MU,Mauritius,Moka District,,,MU-MO,,ChIJ_Qmj8rtZfCERU1WPHJtp_vI,2021-02-21,-14,,,-2,-22,
MU,Mauritius,Moka District,,,MU-MO,,ChIJ_Qmj8rtZfCERU1WPHJtp_vI,2021-02-22,-34,,,21,-10,-13
MU,Mauritius,Moka District,,,MU-MO,,ChIJ_Qmj8rtZfCERU1WPHJtp_vI,2021-02-23,-26,,,27,-13,-14
MU,Mauritius,Moka District,,,MU-MO,,ChIJ_Qmj8rtZfCERU1WPHJtp_vI,2021-02-24,-27,,,27,-6,-15
MU,Mauritius,Moka District,,,MU-MO,,ChIJ_Qmj8rtZfCERU1WPHJtp_vI,2021-02-25,-24,,,23,-14,-14
MU,Mauritius,Moka District,,,MU-MO,,ChIJ_Qmj8rtZfCERU1WPHJtp_vI,2021-02-26,-16,,,,1,-14
MU,Mauritius,Moka District,,,MU-MO,,ChIJ_Qmj8rtZfCERU1WPHJtp_vI,2021-02-27,-2,,,,26,
MU,Mauritius,Moka District,,,MU-MO,,ChIJ_Qmj8rtZfCERU1WPHJtp_vI,2021-02-28,-7,,,6,-18,
MU,Mauritius,Moka District,,,MU-MO,,ChIJ_Qmj8rtZfCERU1WPHJtp_vI,2021-03-01,-24,,,19,-12,-13
MU,Mauritius,Moka District,,,MU-MO,,ChIJ_Qmj8rtZfCERU1WPHJtp_vI,2021-03-02,-22,,,25,-15,-13
MU,Mauritius,Moka District,,,MU-MO,,ChIJ_Qmj8rtZfCERU1WPHJtp_vI,2021-03-03,-21,,,43,-7,-16
MU,Mauritius,Moka District,,,MU-MO,,ChIJ_Qmj8rtZfCERU1WPHJtp_vI,2021-03-04,-22,,,31,-16,-14
MU,Mauritius,Moka District,,,MU-MO,,ChIJ_Qmj8rtZfCERU1WPHJtp_vI,2021-03-05,-19,,,,0,-14
MU,Mauritius,Moka District,,,MU-MO,,ChIJ_Qmj8rtZfCERU1WPHJtp_vI,2021-03-06,-20,,,,29,
MU,Mauritius,Moka District,,,MU-MO,,ChIJ_Qmj8rtZfCERU1WPHJtp_vI,2021-03-07,-39,,,1,-28,
MU,Mauritius,Moka District,,,MU-MO,,ChIJ_Qmj8rtZfCERU1WPHJtp_vI,2021-03-08,-41,,,-3,-32,-4
MU,Mauritius,Moka District,,,MU-MO,,ChIJ_Qmj8rtZfCERU1WPHJtp_vI,2021-03-09,-36,,,6,-36,-6
MU,Mauritius,Moka District,,,MU-MO,,ChIJ_Qmj8rtZfCERU1WPHJtp_vI,2021-03-10,-93,,,-88,-85,22
MU,Mauritius,Moka District,,,MU-MO,,ChIJ_Qmj8rtZfCERU1WPHJtp_vI,2021-03-11,-86,,,-88,-88,27
MU,Mauritius,Moka District,,,MU-MO,,ChIJ_Qmj8rtZfCERU1WPHJtp_vI,2021-03-12,-81,,,-71,-85,26
MU,Mauritius,Moka District,,,MU-MO,,ChIJ_Qmj8rtZfCERU1WPHJtp_vI,2021-03-13,-83,,,,-52,
MU,Mauritius,Moka District,,,MU-MO,,ChIJ_Qmj8rtZfCERU1WPHJtp_vI,2021-03-14,-98,,,,-65,
MU,Mauritius,Moka District,,,MU-MO,,ChIJ_Qmj8rtZfCERU1WPHJtp_vI,2021-03-15,-84,,,,-82,23
MU,Mauritius,Moka District,,,MU-MO,,ChIJ_Qmj8rtZfCERU1WPHJtp_vI,2021-03-16,-84,,,-82,-81,23
MU,Mauritius,Moka District,,,MU-MO,,ChIJ_Qmj8rtZfCERU1WPHJtp_vI,2021-03-17,-84,,,-81,-78,23
MU,Mauritius,Moka District,,,MU-MO,,ChIJ_Qmj8rtZfCERU1WPHJtp_vI,2021-03-18,-83,,,-80,-79,23
MU,Mauritius,Moka District,,,MU-MO,,ChIJ_Qmj8rtZfCERU1WPHJtp_vI,2021-03-19,-83,,,-76,-74,24
MU,Mauritius,Moka District,,,MU-MO,,ChIJ_Qmj8rtZfCERU1WPHJtp_vI,2021-03-20,-82,,,,-47,
MU,Mauritius,Moka District,,,MU-MO,,ChIJ_Qmj8rtZfCERU1WPHJtp_vI,2021-03-21,-93,,,,-65,
MU,Mauritius,Moka District,,,MU-MO,,ChIJ_Qmj8rtZfCERU1WPHJtp_vI,2021-03-22,-80,,,-81,-75,22
MU,Mauritius,Moka District,,,MU-MO,,ChIJ_Qmj8rtZfCERU1WPHJtp_vI,2021-03-23,-80,,,-77,-76,20
MU,Mauritius,Moka District,,,MU-MO,,ChIJ_Qmj8rtZfCERU1WPHJtp_vI,2021-03-24,-82,,,-81,-75,21
MU,Mauritius,Moka District,,,MU-MO,,ChIJ_Qmj8rtZfCERU1WPHJtp_vI,2021-03-25,-82,,,-79,-76,21
MU,Mauritius,Moka District,,,MU-MO,,ChIJ_Qmj8rtZfCERU1WPHJtp_vI,2021-03-26,-80,,,-77,-72,21
MU,Mauritius,Moka District,,,MU-MO,,ChIJ_Qmj8rtZfCERU1WPHJtp_vI,2021-03-27,-78,,,,-41,
MU,Mauritius,Pamplemousses District,,,MU-PA,,ChIJs1L5hfhUfCERYCB68NLKU6c,2021-01-01,-5,-35,-13,,-77,17
MU,Mauritius,Pamplemousses District,,,MU-PA,,ChIJs1L5hfhUfCERYCB68NLKU6c,2021-01-02,11,-17,-6,,-39,1
MU,Mauritius,Pamplemousses District,,,MU-PA,,ChIJs1L5hfhUfCERYCB68NLKU6c,2021-01-03,42,-1,10,,-26,-7
MU,Mauritius,Pamplemousses District,,,MU-PA,,ChIJs1L5hfhUfCERYCB68NLKU6c,2021-01-04,49,11,,,-50,3
MU,Mauritius,Pamplemousses District,,,MU-PA,,ChIJs1L5hfhUfCERYCB68NLKU6c,2021-01-05,44,4,-3,,-45,4
MU,Mauritius,Pamplemousses District,,,MU-PA,,ChIJs1L5hfhUfCERYCB68NLKU6c,2021-01-06,40,2,-19,,-35,4
MU,Mauritius,Pamplemousses District,,,MU-PA,,ChIJs1L5hfhUfCERYCB68NLKU6c,2021-01-07,28,-7,-42,,-18,1
MU,Mauritius,Pamplemousses District,,,MU-PA,,ChIJs1L5hfhUfCERYCB68NLKU6c,2021-01-08,35,-8,-43,,-5,1
MU,Mauritius,Pamplemousses District,,,MU-PA,,ChIJs1L5hfhUfCERYCB68NLKU6c,2021-01-09,43,-5,-49,-25,13,-3
MU,Mauritius,Pamplemousses District,,,MU-PA,,ChIJs1L5hfhUfCERYCB68NLKU6c,2021-01-10,39,-11,-48,,-25,-2
MU,Mauritius,Pamplemousses District,,,MU-PA,,ChIJs1L5hfhUfCERYCB68NLKU6c,2021-01-11,36,-14,-49,,-8,-3
MU,Mauritius,Pamplemousses District,,,MU-PA,,ChIJs1L5hfhUfCERYCB68NLKU6c,2021-01-12,31,-13,-54,,-11,-2
MU,Mauritius,Pamplemousses District,,,MU-PA,,ChIJs1L5hfhUfCERYCB68NLKU6c,2021-01-13,30,-12,-44,,-5,-5
MU,Mauritius,Pamplemousses District,,,MU-PA,,ChIJs1L5hfhUfCERYCB68NLKU6c,2021-01-14,30,-12,-39,,-14,-5
MU,Mauritius,Pamplemousses District,,,MU-PA,,ChIJs1L5hfhUfCERYCB68NLKU6c,2021-01-15,26,-18,-46,,1,-6
MU,Mauritius,Pamplemousses District,,,MU-PA,,ChIJs1L5hfhUfCERYCB68NLKU6c,2021-01-16,44,-9,-49,-24,10,-7
MU,Mauritius,Pamplemousses District,,,MU-PA,,ChIJs1L5hfhUfCERYCB68NLKU6c,2021-01-17,42,-14,-33,,-26,-5
MU,Mauritius,Pamplemousses District,,,MU-PA,,ChIJs1L5hfhUfCERYCB68NLKU6c,2021-01-18,33,-19,-41,,-12,-4
MU,Mauritius,Pamplemousses District,,,MU-PA,,ChIJs1L5hfhUfCERYCB68NLKU6c,2021-01-19,33,-15,-47,,-13,-5
MU,Mauritius,Pamplemousses District,,,MU-PA,,ChIJs1L5hfhUfCERYCB68NLKU6c,2021-01-20,25,-21,-47,,-8,-5
MU,Mauritius,Pamplemousses District,,,MU-PA,,ChIJs1L5hfhUfCERYCB68NLKU6c,2021-01-21,28,-14,-47,,-11,-6
MU,Mauritius,Pamplemousses District,,,MU-PA,,ChIJs1L5hfhUfCERYCB68NLKU6c,2021-01-22,30,-19,-44,,2,-5
MU,Mauritius,Pamplemousses District,,,MU-PA,,ChIJs1L5hfhUfCERYCB68NLKU6c,2021-01-23,36,-12,-53,-30,15,-6
MU,Mauritius,Pamplemousses District,,,MU-PA,,ChIJs1L5hfhUfCERYCB68NLKU6c,2021-01-24,27,-17,-58,,-29,-2
MU,Mauritius,Pamplemousses District,,,MU-PA,,ChIJs1L5hfhUfCERYCB68NLKU6c,2021-01-25,24,-17,-48,,-11,-4
MU,Mauritius,Pamplemousses District,,,MU-PA,,ChIJs1L5hfhUfCERYCB68NLKU6c,2021-01-26,38,-4,-48,,-11,-6
MU,Mauritius,Pamplemousses District,,,MU-PA,,ChIJs1L5hfhUfCERYCB68NLKU6c,2021-01-27,38,-2,-39,,-6,-8
MU,Mauritius,Pamplemousses District,,,MU-PA,,ChIJs1L5hfhUfCERYCB68NLKU6c,2021-01-28,17,-15,-38,,-76,8
MU,Mauritius,Pamplemousses District,,,MU-PA,,ChIJs1L5hfhUfCERYCB68NLKU6c,2021-01-29,46,4,-39,,-12,-6
MU,Mauritius,Pamplemousses District,,,MU-PA,,ChIJs1L5hfhUfCERYCB68NLKU6c,2021-01-30,54,9,-38,-29,12,-13
MU,Mauritius,Pamplemousses District,,,MU-PA,,ChIJs1L5hfhUfCERYCB68NLKU6c,2021-01-31,55,5,17,,-26,-12
MU,Mauritius,Pamplemousses District,,,MU-PA,,ChIJs1L5hfhUfCERYCB68NLKU6c,2021-02-01,25,-17,,,-77,4
MU,Mauritius,Pamplemousses District,,,MU-PA,,ChIJs1L5hfhUfCERYCB68NLKU6c,2021-02-02,45,4,-46,,-12,-10
MU,Mauritius,Pamplemousses District,,,MU-PA,,ChIJs1L5hfhUfCERYCB68NLKU6c,2021-02-03,33,-7,-35,,-8,-11
MU,Mauritius,Pamplemousses District,,,MU-PA,,ChIJs1L5hfhUfCERYCB68NLKU6c,2021-02-04,26,-12,-36,,-12,-10
MU,Mauritius,Pamplemousses District,,,MU-PA,,ChIJs1L5hfhUfCERYCB68NLKU6c,2021-02-05,31,-15,-39,,0,-8
MU,Mauritius,Pamplemousses District,,,MU-PA,,ChIJs1L5hfhUfCERYCB68NLKU6c,2021-02-06,39,-9,-45,-32,8,-9
MU,Mauritius,Pamplemousses District,,,MU-PA,,ChIJs1L5hfhUfCERYCB68NLKU6c,2021-02-07,39,-13,-29,-32,-28,-8
MU,Mauritius,Pamplemousses District,,,MU-PA,,ChIJs1L5hfhUfCERYCB68NLKU6c,2021-02-08,31,-12,-36,,-14,-8
MU,Mauritius,Pamplemousses District,,,MU-PA,,ChIJs1L5hfhUfCERYCB68NLKU6c,2021-02-09,41,-8,-40,,-12,-8
MU,Mauritius,Pamplemousses District,,,MU-PA,,ChIJs1L5hfhUfCERYCB68NLKU6c,2021-02-10,28,-15,-33,,-10,-9
MU,Mauritius,Pamplemousses District,,,MU-PA,,ChIJs1L5hfhUfCERYCB68NLKU6c,2021-02-11,42,-1,-11,,-13,-12
MU,Mauritius,Pamplemousses District,,,MU-PA,,ChIJs1L5hfhUfCERYCB68NLKU6c,2021-02-12,21,-21,2,,-72,1
MU,Mauritius,Pamplemousses District,,,MU-PA,,ChIJs1L5hfhUfCERYCB68NLKU6c,2021-02-13,39,-4,-39,-23,0,-13
MU,Mauritius,Pamplemousses District,,,MU-PA,,ChIJs1L5hfhUfCERYCB68NLKU6c,2021-02-14,52,-1,-29,,-28,-13
MU,Mauritius,Pamplemousses District,,,MU-PA,,ChIJs1L5hfhUfCERYCB68NLKU6c,2021-02-15,30,-13,-29,,-17,-12
MU,Mauritius,Pamplemousses District,,,MU-PA,,ChIJs1L5hfhUfCERYCB68NLKU6c,2021-02-16,32,-10,-42,,-14,-12
MU,Mauritius,Pamplemousses District,,,MU-PA,,ChIJs1L5hfhUfCERYCB68NLKU6c,2021-02-17,28,-14,-40,,-10,-12
MU,Mauritius,Pamplemousses District,,,MU-PA,,ChIJs1L5hfhUfCERYCB68NLKU6c,2021-02-18,30,-13,-37,,-12,-13
MU,Mauritius,Pamplemousses District,,,MU-PA,,ChIJs1L5hfhUfCERYCB68NLKU6c,2021-02-19,30,-12,-43,,-3,-11
MU,Mauritius,Pamplemousses District,,,MU-PA,,ChIJs1L5hfhUfCERYCB68NLKU6c,2021-02-20,40,-5,-48,-25,11,-14
MU,Mauritius,Pamplemousses District,,,MU-PA,,ChIJs1L5hfhUfCERYCB68NLKU6c,2021-02-21,48,-7,-35,,-30,-10
MU,Mauritius,Pamplemousses District,,,MU-PA,,ChIJs1L5hfhUfCERYCB68NLKU6c,2021-02-22,36,-11,-34,,-14,-11
MU,Mauritius,Pamplemousses District,,,MU-PA,,ChIJs1L5hfhUfCERYCB68NLKU6c,2021-02-23,37,-8,-39,,-14,-12
MU,Mauritius,Pamplemousses District,,,MU-PA,,ChIJs1L5hfhUfCERYCB68NLKU6c,2021-02-24,38,-9,-37,,-11,-13
MU,Mauritius,Pamplemousses District,,,MU-PA,,ChIJs1L5hfhUfCERYCB68NLKU6c,2021-02-25,42,0,-34,,-15,-13
MU,Mauritius,Pamplemousses District,,,MU-PA,,ChIJs1L5hfhUfCERYCB68NLKU6c,2021-02-26,47,0,-34,,-4,-12
MU,Mauritius,Pamplemousses District,,,MU-PA,,ChIJs1L5hfhUfCERYCB68NLKU6c,2021-02-27,58,10,-46,-16,14,-16
MU,Mauritius,Pamplemousses District,,,MU-PA,,ChIJs1L5hfhUfCERYCB68NLKU6c,2021-02-28,70,6,-30,,-26,-14
MU,Mauritius,Pamplemousses District,,,MU-PA,,ChIJs1L5hfhUfCERYCB68NLKU6c,2021-03-01,49,5,-36,,-15,-12
MU,Mauritius,Pamplemousses District,,,MU-PA,,ChIJs1L5hfhUfCERYCB68NLKU6c,2021-03-02,57,10,-39,,-18,-12
MU,Mauritius,Pamplemousses District,,,MU-PA,,ChIJs1L5hfhUfCERYCB68NLKU6c,2021-03-03,39,0,-34,,-11,-12
MU,Mauritius,Pamplemousses District,,,MU-PA,,ChIJs1L5hfhUfCERYCB68NLKU6c,2021-03-04,43,1,-40,,-16,-12
MU,Mauritius,Pamplemousses District,,,MU-PA,,ChIJs1L5hfhUfCERYCB68NLKU6c,2021-03-05,45,-4,-40,,-4,-12
MU,Mauritius,Pamplemousses District,,,MU-PA,,ChIJs1L5hfhUfCERYCB68NLKU6c,2021-03-06,48,6,-51,-17,13,-14
MU,Mauritius,Pamplemousses District,,,MU-PA,,ChIJs1L5hfhUfCERYCB68NLKU6c,2021-03-07,22,6,-61,-29,-34,-8
MU,Mauritius,Pamplemousses District,,,MU-PA,,ChIJs1L5hfhUfCERYCB68NLKU6c,2021-03-08,21,-14,-41,,-33,-4
MU,Mauritius,Pamplemousses District,,,MU-PA,,ChIJs1L5hfhUfCERYCB68NLKU6c,2021-03-09,40,-1,-41,,-36,-6
MU,Mauritius,Pamplemousses District,,,MU-PA,,ChIJs1L5hfhUfCERYCB68NLKU6c,2021-03-10,-78,-85,-78,-72,-85,24
MU,Mauritius,Pamplemousses District,,,MU-PA,,ChIJs1L5hfhUfCERYCB68NLKU6c,2021-03-11,-62,-48,-80,-58,-86,25
MU,Mauritius,Pamplemousses District,,,MU-PA,,ChIJs1L5hfhUfCERYCB68NLKU6c,2021-03-12,-53,-25,-83,,-83,24
MU,Mauritius,Pamplemousses District,,,MU-PA,,ChIJs1L5hfhUfCERYCB68NLKU6c,2021-03-13,-60,-49,-86,-63,-54,15
MU,Mauritius,Pamplemousses District,,,MU-PA,,ChIJs1L5hfhUfCERYCB68NLKU6c,2021-03-14,-89,-93,-92,,-72,19
MU,Mauritius,Pamplemousses District,,,MU-PA,,ChIJs1L5hfhUfCERYCB68NLKU6c,2021-03-15,-56,-52,-79,-66,-77,24
MU,Mauritius,Pamplemousses District,,,MU-PA,,ChIJs1L5hfhUfCERYCB68NLKU6c,2021-03-16,-48,-48,-78,,-77,22
MU,Mauritius,Pamplemousses District,,,MU-PA,,ChIJs1L5hfhUfCERYCB68NLKU6c,2021-03-17,-54,-55,-76,,-74,21
MU,Mauritius,Pamplemousses District,,,MU-PA,,ChIJs1L5hfhUfCERYCB68NLKU6c,2021-03-18,-48,-49,-72,,-73,21
MU,Mauritius,Pamplemousses District,,,MU-PA,,ChIJs1L5hfhUfCERYCB68NLKU6c,2021-03-19,-48,-51,-76,,-69,21
MU,Mauritius,Pamplemousses District,,,MU-PA,,ChIJs1L5hfhUfCERYCB68NLKU6c,2021-03-20,-47,-47,-83,-59,-50,13
MU,Mauritius,Pamplemousses District,,,MU-PA,,ChIJs1L5hfhUfCERYCB68NLKU6c,2021-03-21,-81,-92,-90,-78,-70,18
MU,Mauritius,Pamplemousses District,,,MU-PA,,ChIJs1L5hfhUfCERYCB68NLKU6c,2021-03-22,-40,-40,-71,,-71,20
MU,Mauritius,Pamplemousses District,,,MU-PA,,ChIJs1L5hfhUfCERYCB68NLKU6c,2021-03-23,-37,-37,-75,,-71,18
MU,Mauritius,Pamplemousses District,,,MU-PA,,ChIJs1L5hfhUfCERYCB68NLKU6c,2021-03-24,-44,-45,-74,,-69,18
MU,Mauritius,Pamplemousses District,,,MU-PA,,ChIJs1L5hfhUfCERYCB68NLKU6c,2021-03-25,-43,-41,-70,-55,-70,18
MU,Mauritius,Pamplemousses District,,,MU-PA,,ChIJs1L5hfhUfCERYCB68NLKU6c,2021-03-26,-40,-37,-72,,-66,19
MU,Mauritius,Pamplemousses District,,,MU-PA,,ChIJs1L5hfhUfCERYCB68NLKU6c,2021-03-27,-38,-33,-81,-50,-42,10
MU,Mauritius,Plaines Wilhems District,,,MU-PW,,ChIJu1K82X1cfCERkucxHDozvFw,2021-01-01,-52,-44,,-56,-80,17
MU,Mauritius,Plaines Wilhems District,,,MU-PW,,ChIJu1K82X1cfCERkucxHDozvFw,2021-01-02,-46,-34,,-48,-35,1
MU,Mauritius,Plaines Wilhems District,,,MU-PW,,ChIJu1K82X1cfCERkucxHDozvFw,2021-01-03,-18,-10,,-27,-18,-6
MU,Mauritius,Plaines Wilhems District,,,MU-PW,,ChIJu1K82X1cfCERkucxHDozvFw,2021-01-04,-7,-2,,-39,-50,7
MU,Mauritius,Plaines Wilhems District,,,MU-PW,,ChIJu1K82X1cfCERkucxHDozvFw,2021-01-05,0,2,,-29,-43,6
MU,Mauritius,Plaines Wilhems District,,,MU-PW,,ChIJu1K82X1cfCERkucxHDozvFw,2021-01-06,-1,5,,-27,-33,7
MU,Mauritius,Plaines Wilhems District,,,MU-PW,,ChIJu1K82X1cfCERkucxHDozvFw,2021-01-07,-7,-4,,-19,-17,4
MU,Mauritius,Plaines Wilhems District,,,MU-PW,,ChIJu1K82X1cfCERkucxHDozvFw,2021-01-08,-7,-5,,-8,-3,4
MU,Mauritius,Plaines Wilhems District,,,MU-PW,,ChIJu1K82X1cfCERkucxHDozvFw,2021-01-09,-2,-4,,-22,20,1
MU,Mauritius,Plaines Wilhems District,,,MU-PW,,ChIJu1K82X1cfCERkucxHDozvFw,2021-01-10,-13,-15,,-36,-14,2
MU,Mauritius,Plaines Wilhems District,,,MU-PW,,ChIJu1K82X1cfCERkucxHDozvFw,2021-01-11,-9,-10,,-21,-5,1
MU,Mauritius,Plaines Wilhems District,,,MU-PW,,ChIJu1K82X1cfCERkucxHDozvFw,2021-01-12,-13,-12,,-22,-7,2
MU,Mauritius,Plaines Wilhems District,,,MU-PW,,ChIJu1K82X1cfCERkucxHDozvFw,2021-01-13,-8,-4,,-16,-1,-1
MU,Mauritius,Plaines Wilhems District,,,MU-PW,,ChIJu1K82X1cfCERkucxHDozvFw,2021-01-14,-9,-10,,-20,-9,-2
MU,Mauritius,Plaines Wilhems District,,,MU-PW,,ChIJu1K82X1cfCERkucxHDozvFw,2021-01-15,-10,-12,,-13,4,-2
MU,Mauritius,Plaines Wilhems District,,,MU-PW,,ChIJu1K82X1cfCERkucxHDozvFw,2021-01-16,-3,-9,,-24,18,-3
MU,Mauritius,Plaines Wilhems District,,,MU-PW,,ChIJu1K82X1cfCERkucxHDozvFw,2021-01-17,-11,-17,,-29,-18,-2
MU,Mauritius,Plaines Wilhems District,,,MU-PW,,ChIJu1K82X1cfCERkucxHDozvFw,2021-01-18,-12,-14,,-24,-9,-1
MU,Mauritius,Plaines Wilhems District,,,MU-PW,,ChIJu1K82X1cfCERkucxHDozvFw,2021-01-19,-11,-12,,-20,-9,-2
MU,Mauritius,Plaines Wilhems District,,,MU-PW,,ChIJu1K82X1cfCERkucxHDozvFw,2021-01-20,-15,-15,,-21,-4,-2
MU,Mauritius,Plaines Wilhems District,,,MU-PW,,ChIJu1K82X1cfCERkucxHDozvFw,2021-01-21,-13,-12,,-16,-8,-2
MU,Mauritius,Plaines Wilhems District,,,MU-PW,,ChIJu1K82X1cfCERkucxHDozvFw,2021-01-22,-12,-13,,-14,5,-1
MU,Mauritius,Plaines Wilhems District,,,MU-PW,,ChIJu1K82X1cfCERkucxHDozvFw,2021-01-23,-2,-6,,-24,21,-2
MU,Mauritius,Plaines Wilhems District,,,MU-PW,,ChIJu1K82X1cfCERkucxHDozvFw,2021-01-24,-15,-16,,-38,-22,0
MU,Mauritius,Plaines Wilhems District,,,MU-PW,,ChIJu1K82X1cfCERkucxHDozvFw,2021-01-25,-12,-12,,-27,-6,-1
MU,Mauritius,Plaines Wilhems District,,,MU-PW,,ChIJu1K82X1cfCERkucxHDozvFw,2021-01-26,-2,-4,,-17,-6,-2
MU,Mauritius,Plaines Wilhems District,,,MU-PW,,ChIJu1K82X1cfCERkucxHDozvFw,2021-01-27,2,5,,-14,-2,-5
MU,Mauritius,Plaines Wilhems District,,,MU-PW,,ChIJu1K82X1cfCERkucxHDozvFw,2021-01-28,-25,-24,,-55,-77,12
MU,Mauritius,Plaines Wilhems District,,,MU-PW,,ChIJu1K82X1cfCERkucxHDozvFw,2021-01-29,5,6,,-15,-9,-2
MU,Mauritius,Plaines Wilhems District,,,MU-PW,,ChIJu1K82X1cfCERkucxHDozvFw,2021-01-30,13,9,,-14,19,-9
MU,Mauritius,Plaines Wilhems District,,,MU-PW,,ChIJu1K82X1cfCERkucxHDozvFw,2021-01-31,0,-1,,-16,-15,-10
MU,Mauritius,Plaines Wilhems District,,,MU-PW,,ChIJu1K82X1cfCERkucxHDozvFw,2021-02-01,-26,-23,,-58,-78,7
MU,Mauritius,Plaines Wilhems District,,,MU-PW,,ChIJu1K82X1cfCERkucxHDozvFw,2021-02-02,0,2,,-9,-8,-6
MU,Mauritius,Plaines Wilhems District,,,MU-PW,,ChIJu1K82X1cfCERkucxHDozvFw,2021-02-03,-6,-3,,-19,-4,-6
MU,Mauritius,Plaines Wilhems District,,,MU-PW,,ChIJu1K82X1cfCERkucxHDozvFw,2021-02-04,-5,-5,,-24,-8,-5
MU,Mauritius,Plaines Wilhems District,,,MU-PW,,ChIJu1K82X1cfCERkucxHDozvFw,2021-02-05,-6,-8,,-20,3,-5
MU,Mauritius,Plaines Wilhems District,,,MU-PW,,ChIJu1K82X1cfCERkucxHDozvFw,2021-02-06,6,-4,,-26,19,-6
MU,Mauritius,Plaines Wilhems District,,,MU-PW,,ChIJu1K82X1cfCERkucxHDozvFw,2021-02-07,-8,-13,,-37,-18,-5
MU,Mauritius,Plaines Wilhems District,,,MU-PW,,ChIJu1K82X1cfCERkucxHDozvFw,2021-02-08,-10,-12,,-32,-8,-4
MU,Mauritius,Plaines Wilhems District,,,MU-PW,,ChIJu1K82X1cfCERkucxHDozvFw,2021-02-09,-4,-6,,-25,-8,-4
MU,Mauritius,Plaines Wilhems District,,,MU-PW,,ChIJu1K82X1cfCERkucxHDozvFw,2021-02-10,-3,-3,,-24,-4,-5
MU,Mauritius,Plaines Wilhems District,,,MU-PW,,ChIJu1K82X1cfCERkucxHDozvFw,2021-02-11,5,1,,-20,-10,-8
MU,Mauritius,Plaines Wilhems District,,,MU-PW,,ChIJu1K82X1cfCERkucxHDozvFw,2021-02-12,-32,-30,,-54,-73,6
MU,Mauritius,Plaines Wilhems District,,,MU-PW,,ChIJu1K82X1cfCERkucxHDozvFw,2021-02-13,1,-5,,-33,11,-9
MU,Mauritius,Plaines Wilhems District,,,MU-PW,,ChIJu1K82X1cfCERkucxHDozvFw,2021-02-14,3,-4,,-32,-16,-9
MU,Mauritius,Plaines Wilhems District,,,MU-PW,,ChIJu1K82X1cfCERkucxHDozvFw,2021-02-15,-8,-10,,-30,-10,-7
MU,Mauritius,Plaines Wilhems District,,,MU-PW,,ChIJu1K82X1cfCERkucxHDozvFw,2021-02-16,-7,-9,,-26,-10,-6
MU,Mauritius,Plaines Wilhems District,,,MU-PW,,ChIJu1K82X1cfCERkucxHDozvFw,2021-02-17,-10,-7,,-21,-5,-7
MU,Mauritius,Plaines Wilhems District,,,MU-PW,,ChIJu1K82X1cfCERkucxHDozvFw,2021-02-18,-8,-9,,-22,-7,-7
MU,Mauritius,Plaines Wilhems District,,,MU-PW,,ChIJu1K82X1cfCERkucxHDozvFw,2021-02-19,-8,-7,,-21,4,-6
MU,Mauritius,Plaines Wilhems District,,,MU-PW,,ChIJu1K82X1cfCERkucxHDozvFw,2021-02-20,6,2,,-28,22,-8
MU,Mauritius,Plaines Wilhems District,,,MU-PW,,ChIJu1K82X1cfCERkucxHDozvFw,2021-02-21,-4,-7,,-33,-18,-6
MU,Mauritius,Plaines Wilhems District,,,MU-PW,,ChIJu1K82X1cfCERkucxHDozvFw,2021-02-22,-8,-8,,-28,-8,-5
MU,Mauritius,Plaines Wilhems District,,,MU-PW,,ChIJu1K82X1cfCERkucxHDozvFw,2021-02-23,-3,-4,,-21,-8,-6
MU,Mauritius,Plaines Wilhems District,,,MU-PW,,ChIJu1K82X1cfCERkucxHDozvFw,2021-02-24,-1,2,,-25,-5,-7
MU,Mauritius,Plaines Wilhems District,,,MU-PW,,ChIJu1K82X1cfCERkucxHDozvFw,2021-02-25,2,2,,-23,-9,-7
MU,Mauritius,Plaines Wilhems District,,,MU-PW,,ChIJu1K82X1cfCERkucxHDozvFw,2021-02-26,7,4,,-16,3,-7
MU,Mauritius,Plaines Wilhems District,,,MU-PW,,ChIJu1K82X1cfCERkucxHDozvFw,2021-02-27,23,16,,-22,23,-11
MU,Mauritius,Plaines Wilhems District,,,MU-PW,,ChIJu1K82X1cfCERkucxHDozvFw,2021-02-28,14,8,,-26,-16,-8
MU,Mauritius,Plaines Wilhems District,,,MU-PW,,ChIJu1K82X1cfCERkucxHDozvFw,2021-03-01,4,4,,-27,-9,-7
MU,Mauritius,Plaines Wilhems District,,,MU-PW,,ChIJu1K82X1cfCERkucxHDozvFw,2021-03-02,8,4,,-22,-11,-7
MU,Mauritius,Plaines Wilhems District,,,MU-PW,,ChIJu1K82X1cfCERkucxHDozvFw,2021-03-03,2,4,,-18,-5,-7
MU,Mauritius,Plaines Wilhems District,,,MU-PW,,ChIJu1K82X1cfCERkucxHDozvFw,2021-03-04,4,2,,-15,-10,-8
MU,Mauritius,Plaines Wilhems District,,,MU-PW,,ChIJu1K82X1cfCERkucxHDozvFw,2021-03-05,-1,-3,,-13,2,-7
MU,Mauritius,Plaines Wilhems District,,,MU-PW,,ChIJu1K82X1cfCERkucxHDozvFw,2021-03-06,9,8,,-20,21,-8
MU,Mauritius,Plaines Wilhems District,,,MU-PW,,ChIJu1K82X1cfCERkucxHDozvFw,2021-03-07,-11,2,-23,-37,-21,-1
MU,Mauritius,Plaines Wilhems District,,,MU-PW,,ChIJu1K82X1cfCERkucxHDozvFw,2021-03-08,-10,-6,,-40,-26,1
MU,Mauritius,Plaines Wilhems District,,,MU-PW,,ChIJu1K82X1cfCERkucxHDozvFw,2021-03-09,-8,-3,,-35,-31,0
MU,Mauritius,Plaines Wilhems District,,,MU-PW,,ChIJu1K82X1cfCERkucxHDozvFw,2021-03-10,-91,-91,-79,-93,-88,31
MU,Mauritius,Plaines Wilhems District,,,MU-PW,,ChIJu1K82X1cfCERkucxHDozvFw,2021-03-11,-80,-60,-73,-93,-89,31
MU,Mauritius,Plaines Wilhems District,,,MU-PW,,ChIJu1K82X1cfCERkucxHDozvFw,2021-03-12,-80,-52,-71,-91,-89,34
MU,Mauritius,Plaines Wilhems District,,,MU-PW,,ChIJu1K82X1cfCERkucxHDozvFw,2021-03-13,-82,-61,-78,-92,-66,23
MU,Mauritius,Plaines Wilhems District,,,MU-PW,,ChIJu1K82X1cfCERkucxHDozvFw,2021-03-14,-95,-96,-87,-95,-76,23
MU,Mauritius,Plaines Wilhems District,,,MU-PW,,ChIJu1K82X1cfCERkucxHDozvFw,2021-03-15,-81,-60,,-92,-84,31
MU,Mauritius,Plaines Wilhems District,,,MU-PW,,ChIJu1K82X1cfCERkucxHDozvFw,2021-03-16,-80,-62,,-91,-84,30
MU,Mauritius,Plaines Wilhems District,,,MU-PW,,ChIJu1K82X1cfCERkucxHDozvFw,2021-03-17,-81,-62,,-90,-82,30
MU,Mauritius,Plaines Wilhems District,,,MU-PW,,ChIJu1K82X1cfCERkucxHDozvFw,2021-03-18,-79,-59,-66,-89,-82,29
MU,Mauritius,Plaines Wilhems District,,,MU-PW,,ChIJu1K82X1cfCERkucxHDozvFw,2021-03-19,-80,-60,-58,-88,-79,31
MU,Mauritius,Plaines Wilhems District,,,MU-PW,,ChIJu1K82X1cfCERkucxHDozvFw,2021-03-20,-79,-59,-63,-89,-58,21
MU,Mauritius,Plaines Wilhems District,,,MU-PW,,ChIJu1K82X1cfCERkucxHDozvFw,2021-03-21,-94,-95,-84,-94,-75,22
MU,Mauritius,Plaines Wilhems District,,,MU-PW,,ChIJu1K82X1cfCERkucxHDozvFw,2021-03-22,-77,-54,,-86,-79,28
MU,Mauritius,Plaines Wilhems District,,,MU-PW,,ChIJu1K82X1cfCERkucxHDozvFw,2021-03-23,-76,-55,,-86,-79,27
MU,Mauritius,Plaines Wilhems District,,,MU-PW,,ChIJu1K82X1cfCERkucxHDozvFw,2021-03-24,-78,-56,,-86,-78,27
MU,Mauritius,Plaines Wilhems District,,,MU-PW,,ChIJu1K82X1cfCERkucxHDozvFw,2021-03-25,-76,-55,,-85,-78,26
MU,Mauritius,Plaines Wilhems District,,,MU-PW,,ChIJu1K82X1cfCERkucxHDozvFw,2021-03-26,-77,-53,-50,-83,-75,29
MU,Mauritius,Plaines Wilhems District,,,MU-PW,,ChIJu1K82X1cfCERkucxHDozvFw,2021-03-27,-74,-51,-66,-85,-52,19
MU,Mauritius,Port Louis District,,,MU-PL,,ChIJm_SWpANRfCER6ho4OZ6D_WU,2021-01-01,-65,-43,-60,-61,-77,15
MU,Mauritius,Port Louis District,,,MU-PL,,ChIJm_SWpANRfCER6ho4OZ6D_WU,2021-01-02,-59,-30,-45,-45,-45,3
MU,Mauritius,Port Louis District,,,MU-PL,,ChIJm_SWpANRfCER6ho4OZ6D_WU,2021-01-03,-29,19,-29,-18,-28,
MU,Mauritius,Port Louis District,,,MU-PL,,ChIJm_SWpANRfCER6ho4OZ6D_WU,2021-01-04,-27,13,-41,-31,-50,7
MU,Mauritius,Port Louis District,,,MU-PL,,ChIJm_SWpANRfCER6ho4OZ6D_WU,2021-01-05,-17,17,-27,-26,-44,6
MU,Mauritius,Port Louis District,,,MU-PL,,ChIJm_SWpANRfCER6ho4OZ6D_WU,2021-01-06,-19,21,-33,-19,-35,8
MU,Mauritius,Port Louis District,,,MU-PL,,ChIJm_SWpANRfCER6ho4OZ6D_WU,2021-01-07,-26,4,-42,-17,-19,5
MU,Mauritius,Port Louis District,,,MU-PL,,ChIJm_SWpANRfCER6ho4OZ6D_WU,2021-01-08,-19,10,-38,-13,-3,4
MU,Mauritius,Port Louis District,,,MU-PL,,ChIJm_SWpANRfCER6ho4OZ6D_WU,2021-01-09,-18,8,-23,-20,18,2
MU,Mauritius,Port Louis District,,,MU-PL,,ChIJm_SWpANRfCER6ho4OZ6D_WU,2021-01-10,-34,3,-43,-27,-20,
MU,Mauritius,Port Louis District,,,MU-PL,,ChIJm_SWpANRfCER6ho4OZ6D_WU,2021-01-11,-19,3,-42,-8,-6,2
MU,Mauritius,Port Louis District,,,MU-PL,,ChIJm_SWpANRfCER6ho4OZ6D_WU,2021-01-12,-27,-15,-44,-14,-11,4
MU,Mauritius,Port Louis District,,,MU-PL,,ChIJm_SWpANRfCER6ho4OZ6D_WU,2021-01-13,-15,3,-35,-5,-7,1
MU,Mauritius,Port Louis District,,,MU-PL,,ChIJm_SWpANRfCER6ho4OZ6D_WU,2021-01-14,-18,-6,-41,-10,-11,0
MU,Mauritius,Port Louis District,,,MU-PL,,ChIJm_SWpANRfCER6ho4OZ6D_WU,2021-01-15,-17,-8,-40,-4,-1,0
MU,Mauritius,Port Louis District,,,MU-PL,,ChIJm_SWpANRfCER6ho4OZ6D_WU,2021-01-16,-16,-3,-26,-19,21,-1
MU,Mauritius,Port Louis District,,,MU-PL,,ChIJm_SWpANRfCER6ho4OZ6D_WU,2021-01-17,-22,0,-39,-24,-26,
MU,Mauritius,Port Louis District,,,MU-PL,,ChIJm_SWpANRfCER6ho4OZ6D_WU,2021-01-18,-20,-7,-42,-12,-12,0
MU,Mauritius,Port Louis District,,,MU-PL,,ChIJm_SWpANRfCER6ho4OZ6D_WU,2021-01-19,-17,-5,-32,-9,-15,1
MU,Mauritius,Port Louis District,,,MU-PL,,ChIJm_SWpANRfCER6ho4OZ6D_WU,2021-01-20,-19,-9,-42,-8,-9,1
MU,Mauritius,Port Louis District,,,MU-PL,,ChIJm_SWpANRfCER6ho4OZ6D_WU,2021-01-21,-21,-9,-42,-10,-12,1
MU,Mauritius,Port Louis District,,,MU-PL,,ChIJm_SWpANRfCER6ho4OZ6D_WU,2021-01-22,-21,-12,-39,-9,1,0
MU,Mauritius,Port Louis District,,,MU-PL,,ChIJm_SWpANRfCER6ho4OZ6D_WU,2021-01-23,-20,-4,-31,-21,18,0
MU,Mauritius,Port Louis District,,,MU-PL,,ChIJm_SWpANRfCER6ho4OZ6D_WU,2021-01-24,-40,-5,-51,-33,-29,
MU,Mauritius,Port Louis District,,,MU-PL,,ChIJm_SWpANRfCER6ho4OZ6D_WU,2021-01-25,-22,-11,-44,-8,-9,2
MU,Mauritius,Port Louis District,,,MU-PL,,ChIJm_SWpANRfCER6ho4OZ6D_WU,2021-01-26,-12,1,-32,-7,-12,0
MU,Mauritius,Port Louis District,,,MU-PL,,ChIJm_SWpANRfCER6ho4OZ6D_WU,2021-01-27,-9,7,-33,4,-6,-1
MU,Mauritius,Port Louis District,,,MU-PL,,ChIJm_SWpANRfCER6ho4OZ6D_WU,2021-01-28,-61,-53,-73,-66,-76,14
MU,Mauritius,Port Louis District,,,MU-PL,,ChIJm_SWpANRfCER6ho4OZ6D_WU,2021-01-29,-10,3,-36,-10,-8,0
MU,Mauritius,Port Louis District,,,MU-PL,,ChIJm_SWpANRfCER6ho4OZ6D_WU,2021-01-30,-3,21,-18,-15,15,-5
MU,Mauritius,Port Louis District,,,MU-PL,,ChIJm_SWpANRfCER6ho4OZ6D_WU,2021-01-31,-19,24,-28,-22,-27,
MU,Mauritius,Port Louis District,,,MU-PL,,ChIJm_SWpANRfCER6ho4OZ6D_WU,2021-02-01,-58,-48,-72,-64,-77,7
MU,Mauritius,Port Louis District,,,MU-PL,,ChIJm_SWpANRfCER6ho4OZ6D_WU,2021-02-02,-10,7,-30,-9,-11,-3
MU,Mauritius,Port Louis District,,,MU-PL,,ChIJm_SWpANRfCER6ho4OZ6D_WU,2021-02-03,-13,-1,-43,-15,-7,-2
MU,Mauritius,Port Louis District,,,MU-PL,,ChIJm_SWpANRfCER6ho4OZ6D_WU,2021-02-04,-16,-6,-50,-17,-11,-3
MU,Mauritius,Port Louis District,,,MU-PL,,ChIJm_SWpANRfCER6ho4OZ6D_WU,2021-02-05,-14,-5,-47,-17,2,-3
MU,Mauritius,Port Louis District,,,MU-PL,,ChIJm_SWpANRfCER6ho4OZ6D_WU,2021-02-06,-12,0,-35,-28,16,-2
MU,Mauritius,Port Louis District,,,MU-PL,,ChIJm_SWpANRfCER6ho4OZ6D_WU,2021-02-07,-27,2,-41,-35,-24,
MU,Mauritius,Port Louis District,,,MU-PL,,ChIJm_SWpANRfCER6ho4OZ6D_WU,2021-02-08,-15,-5,-50,-19,-9,-2
MU,Mauritius,Port Louis District,,,MU-PL,,ChIJm_SWpANRfCER6ho4OZ6D_WU,2021-02-09,-6,4,-38,-12,-10,-2
MU,Mauritius,Port Louis District,,,MU-PL,,ChIJm_SWpANRfCER6ho4OZ6D_WU,2021-02-10,-9,1,-43,-9,-7,-2
MU,Mauritius,Port Louis District,,,MU-PL,,ChIJm_SWpANRfCER6ho4OZ6D_WU,2021-02-11,-2,5,-44,-11,-13,-5
MU,Mauritius,Port Louis District,,,MU-PL,,ChIJm_SWpANRfCER6ho4OZ6D_WU,2021-02-12,-58,-53,-69,-63,-73,7
MU,Mauritius,Port Louis District,,,MU-PL,,ChIJm_SWpANRfCER6ho4OZ6D_WU,2021-02-13,-16,26,-9,-30,5,-4
MU,Mauritius,Port Louis District,,,MU-PL,,ChIJm_SWpANRfCER6ho4OZ6D_WU,2021-02-14,-15,15,-29,-29,-25,
MU,Mauritius,Port Louis District,,,MU-PL,,ChIJm_SWpANRfCER6ho4OZ6D_WU,2021-02-15,-18,-1,-47,-27,-15,-4
MU,Mauritius,Port Louis District,,,MU-PL,,ChIJm_SWpANRfCER6ho4OZ6D_WU,2021-02-16,-14,-7,-46,-22,-13,-3
MU,Mauritius,Port Louis District,,,MU-PL,,ChIJm_SWpANRfCER6ho4OZ6D_WU,2021-02-17,-14,-2,-49,-20,-8,-3
MU,Mauritius,Port Louis District,,,MU-PL,,ChIJm_SWpANRfCER6ho4OZ6D_WU,2021-02-18,-14,-5,-44,-26,-12,-4
MU,Mauritius,Port Louis District,,,MU-PL,,ChIJm_SWpANRfCER6ho4OZ6D_WU,2021-02-19,-17,-8,-48,-25,-1,-2
MU,Mauritius,Port Louis District,,,MU-PL,,ChIJm_SWpANRfCER6ho4OZ6D_WU,2021-02-20,-11,9,-31,-31,17,-3
MU,Mauritius,Port Louis District,,,MU-PL,,ChIJm_SWpANRfCER6ho4OZ6D_WU,2021-02-21,-25,10,-35,-34,-25,
MU,Mauritius,Port Louis District,,,MU-PL,,ChIJm_SWpANRfCER6ho4OZ6D_WU,2021-02-22,-15,-1,-49,-25,-9,-3
MU,Mauritius,Port Louis District,,,MU-PL,,ChIJm_SWpANRfCER6ho4OZ6D_WU,2021-02-23,-10,-2,-40,-23,-11,-2
MU,Mauritius,Port Louis District,,,MU-PL,,ChIJm_SWpANRfCER6ho4OZ6D_WU,2021-02-24,-11,-3,-42,-18,-8,-3
MU,Mauritius,Port Louis District,,,MU-PL,,ChIJm_SWpANRfCER6ho4OZ6D_WU,2021-02-25,-9,0,-43,-21,-11,-3
MU,Mauritius,Port Louis District,,,MU-PL,,ChIJm_SWpANRfCER6ho4OZ6D_WU,2021-02-26,-4,7,-37,-17,-1,-4
MU,Mauritius,Port Louis District,,,MU-PL,,ChIJm_SWpANRfCER6ho4OZ6D_WU,2021-02-27,8,28,-6,-18,17,-6
MU,Mauritius,Port Louis District,,,MU-PL,,ChIJm_SWpANRfCER6ho4OZ6D_WU,2021-02-28,-10,39,-26,-20,-25,
MU,Mauritius,Port Louis District,,,MU-PL,,ChIJm_SWpANRfCER6ho4OZ6D_WU,2021-03-01,-4,17,-38,-19,-11,-5
MU,Mauritius,Port Louis District,,,MU-PL,,ChIJm_SWpANRfCER6ho4OZ6D_WU,2021-03-02,-1,14,-28,-16,-16,-3
MU,Mauritius,Port Louis District,,,MU-PL,,ChIJm_SWpANRfCER6ho4OZ6D_WU,2021-03-03,-5,8,-39,-18,-12,-3
MU,Mauritius,Port Louis District,,,MU-PL,,ChIJm_SWpANRfCER6ho4OZ6D_WU,2021-03-04,-4,10,-38,-16,-15,-3
MU,Mauritius,Port Louis District,,,MU-PL,,ChIJm_SWpANRfCER6ho4OZ6D_WU,2021-03-05,-8,6,-38,-17,-5,-3
MU,Mauritius,Port Louis District,,,MU-PL,,ChIJm_SWpANRfCER6ho4OZ6D_WU,2021-03-06,-7,16,-23,-26,15,-5
MU,Mauritius,Port Louis District,,,MU-PL,,ChIJm_SWpANRfCER6ho4OZ6D_WU,2021-03-07,-33,25,-55,-30,-31,
MU,Mauritius,Port Louis District,,,MU-PL,,ChIJm_SWpANRfCER6ho4OZ6D_WU,2021-03-08,-21,2,-52,-43,-28,3
MU,Mauritius,Port Louis District,,,MU-PL,,ChIJm_SWpANRfCER6ho4OZ6D_WU,2021-03-09,-5,7,-36,-32,-30,1
MU,Mauritius,Port Louis District,,,MU-PL,,ChIJm_SWpANRfCER6ho4OZ6D_WU,2021-03-10,-93,-90,-92,-93,-88,30
MU,Mauritius,Port Louis District,,,MU-PL,,ChIJm_SWpANRfCER6ho4OZ6D_WU,2021-03-11,-89,-71,-92,-92,-87,29
MU,Mauritius,Port Louis District,,,MU-PL,,ChIJm_SWpANRfCER6ho4OZ6D_WU,2021-03-12,-85,-54,-94,-91,-85,27
MU,Mauritius,Port Louis District,,,MU-PL,,ChIJm_SWpANRfCER6ho4OZ6D_WU,2021-03-13,-86,-65,-86,-90,-63,
MU,Mauritius,Port Louis District,,,MU-PL,,ChIJm_SWpANRfCER6ho4OZ6D_WU,2021-03-14,-94,-94,,-91,-71,
MU,Mauritius,Port Louis District,,,MU-PL,,ChIJm_SWpANRfCER6ho4OZ6D_WU,2021-03-15,-87,-66,-90,-89,-80,26
MU,Mauritius,Port Louis District,,,MU-PL,,ChIJm_SWpANRfCER6ho4OZ6D_WU,2021-03-16,-85,-65,-84,-87,-78,25
MU,Mauritius,Port Louis District,,,MU-PL,,ChIJm_SWpANRfCER6ho4OZ6D_WU,2021-03-17,-85,-67,-85,-86,-76,26
MU,Mauritius,Port Louis District,,,MU-PL,,ChIJm_SWpANRfCER6ho4OZ6D_WU,2021-03-18,-84,-68,-86,-86,-75,24
MU,Mauritius,Port Louis District,,,MU-PL,,ChIJm_SWpANRfCER6ho4OZ6D_WU,2021-03-19,-83,-63,-87,-85,-70,25
MU,Mauritius,Port Louis District,,,MU-PL,,ChIJm_SWpANRfCER6ho4OZ6D_WU,2021-03-20,-82,-63,-81,-84,-50,
MU,Mauritius,Port Louis District,,,MU-PL,,ChIJm_SWpANRfCER6ho4OZ6D_WU,2021-03-21,-91,-93,-87,-90,-68,
MU,Mauritius,Port Louis District,,,MU-PL,,ChIJm_SWpANRfCER6ho4OZ6D_WU,2021-03-22,-81,-60,-86,-86,-71,22
MU,Mauritius,Port Louis District,,,MU-PL,,ChIJm_SWpANRfCER6ho4OZ6D_WU,2021-03-23,-80,-60,-81,-85,-73,22
MU,Mauritius,Port Louis District,,,MU-PL,,ChIJm_SWpANRfCER6ho4OZ6D_WU,2021-03-24,-82,-61,-86,-84,-71,23
MU,Mauritius,Port Louis District,,,MU-PL,,ChIJm_SWpANRfCER6ho4OZ6D_WU,2021-03-25,-81,-61,-84,-85,-72,23
MU,Mauritius,Port Louis District,,,MU-PL,,ChIJm_SWpANRfCER6ho4OZ6D_WU,2021-03-26,-79,-58,-85,-83,-68,22
MU,Mauritius,Port Louis District,,,MU-PL,,ChIJm_SWpANRfCER6ho4OZ6D_WU,2021-03-27,-78,-55,-82,-80,-45,
MU,Mauritius,Rivière du Rempart District,,,MU-RR,,ChIJA4R0fyAAfSERbsqBUmY8br0,2021-01-01,-37,-49,-10,,-73,15
MU,Mauritius,Rivière du Rempart District,,,MU-RR,,ChIJA4R0fyAAfSERbsqBUmY8br0,2021-01-02,-18,-30,-4,,-34,-1
MU,Mauritius,Rivière du Rempart District,,,MU-RR,,ChIJA4R0fyAAfSERbsqBUmY8br0,2021-01-03,19,8,8,,-16,
MU,Mauritius,Rivière du Rempart District,,,MU-RR,,ChIJA4R0fyAAfSERbsqBUmY8br0,2021-01-04,40,18,25,,-47,0
MU,Mauritius,Rivière du Rempart District,,,MU-RR,,ChIJA4R0fyAAfSERbsqBUmY8br0,2021-01-05,29,8,,,-45,1
MU,Mauritius,Rivière du Rempart District,,,MU-RR,,ChIJA4R0fyAAfSERbsqBUmY8br0,2021-01-06,24,0,-4,,-32,2
MU,Mauritius,Rivière du Rempart District,,,MU-RR,,ChIJA4R0fyAAfSERbsqBUmY8br0,2021-01-07,6,-13,-34,,-19,0
MU,Mauritius,Rivière du Rempart District,,,MU-RR,,ChIJA4R0fyAAfSERbsqBUmY8br0,2021-01-08,-2,-16,-42,,-4,-2
MU,Mauritius,Rivière du Rempart District,,,MU-RR,,ChIJA4R0fyAAfSERbsqBUmY8br0,2021-01-09,4,-11,-39,,8,-5
MU,Mauritius,Rivière du Rempart District,,,MU-RR,,ChIJA4R0fyAAfSERbsqBUmY8br0,2021-01-10,-5,-15,-37,,-22,
MU,Mauritius,Rivière du Rempart District,,,MU-RR,,ChIJA4R0fyAAfSERbsqBUmY8br0,2021-01-11,-1,-21,-52,,-7,-4
MU,Mauritius,Rivière du Rempart District,,,MU-RR,,ChIJA4R0fyAAfSERbsqBUmY8br0,2021-01-12,-8,-29,-56,,-9,-3
MU,Mauritius,Rivière du Rempart District,,,MU-RR,,ChIJA4R0fyAAfSERbsqBUmY8br0,2021-01-13,-2,-25,-46,,-1,-7
MU,Mauritius,Rivière du Rempart District,,,MU-RR,,ChIJA4R0fyAAfSERbsqBUmY8br0,2021-01-14,-3,-19,-39,,-14,-5
MU,Mauritius,Rivière du Rempart District,,,MU-RR,,ChIJA4R0fyAAfSERbsqBUmY8br0,2021-01-15,-11,-28,-52,,3,-6
MU,Mauritius,Rivière du Rempart District,,,MU-RR,,ChIJA4R0fyAAfSERbsqBUmY8br0,2021-01-16,-2,-14,-36,,8,-8
MU,Mauritius,Rivière du Rempart District,,,MU-RR,,ChIJA4R0fyAAfSERbsqBUmY8br0,2021-01-17,-13,-22,-37,,-25,
MU,Mauritius,Rivière du Rempart District,,,MU-RR,,ChIJA4R0fyAAfSERbsqBUmY8br0,2021-01-18,-7,-27,-56,,-11,-6
MU,Mauritius,Rivière du Rempart District,,,MU-RR,,ChIJA4R0fyAAfSERbsqBUmY8br0,2021-01-19,-11,-28,-45,,-11,-6
MU,Mauritius,Rivière du Rempart District,,,MU-RR,,ChIJA4R0fyAAfSERbsqBUmY8br0,2021-01-20,-7,-27,-47,,-3,-8
MU,Mauritius,Rivière du Rempart District,,,MU-RR,,ChIJA4R0fyAAfSERbsqBUmY8br0,2021-01-21,-8,-25,-49,,-10,-7
MU,Mauritius,Rivière du Rempart District,,,MU-RR,,ChIJA4R0fyAAfSERbsqBUmY8br0,2021-01-22,-14,-27,-49,,6,-7
MU,Mauritius,Rivière du Rempart District,,,MU-RR,,ChIJA4R0fyAAfSERbsqBUmY8br0,2021-01-23,-6,-15,-40,,8,-8
MU,Mauritius,Rivière du Rempart District,,,MU-RR,,ChIJA4R0fyAAfSERbsqBUmY8br0,2021-01-24,-16,-21,-47,,-23,
MU,Mauritius,Rivière du Rempart District,,,MU-RR,,ChIJA4R0fyAAfSERbsqBUmY8br0,2021-01-25,-9,-24,-53,,-8,-5
MU,Mauritius,Rivière du Rempart District,,,MU-RR,,ChIJA4R0fyAAfSERbsqBUmY8br0,2021-01-26,-6,-23,-45,,-9,-7
MU,Mauritius,Rivière du Rempart District,,,MU-RR,,ChIJA4R0fyAAfSERbsqBUmY8br0,2021-01-27,12,-9,-46,,-1,-10
MU,Mauritius,Rivière du Rempart District,,,MU-RR,,ChIJA4R0fyAAfSERbsqBUmY8br0,2021-01-28,-3,-23,-11,,-74,5
MU,Mauritius,Rivière du Rempart District,,,MU-RR,,ChIJA4R0fyAAfSERbsqBUmY8br0,2021-01-29,3,-6,-45,,-10,-8
MU,Mauritius,Rivière du Rempart District,,,MU-RR,,ChIJA4R0fyAAfSERbsqBUmY8br0,2021-01-30,10,7,-29,,10,-15
MU,Mauritius,Rivière du Rempart District,,,MU-RR,,ChIJA4R0fyAAfSERbsqBUmY8br0,2021-01-31,20,12,9,,-21,
MU,Mauritius,Rivière du Rempart District,,,MU-RR,,ChIJA4R0fyAAfSERbsqBUmY8br0,2021-02-01,8,-8,12,,-75,-1
MU,Mauritius,Rivière du Rempart District,,,MU-RR,,ChIJA4R0fyAAfSERbsqBUmY8br0,2021-02-02,3,-13,-32,,-11,-12
MU,Mauritius,Rivière du Rempart District,,,MU-RR,,ChIJA4R0fyAAfSERbsqBUmY8br0,2021-02-03,-1,-18,-50,,-4,-13
MU,Mauritius,Rivière du Rempart District,,,MU-RR,,ChIJA4R0fyAAfSERbsqBUmY8br0,2021-02-04,-3,-19,-46,,-11,-11
MU,Mauritius,Rivière du Rempart District,,,MU-RR,,ChIJA4R0fyAAfSERbsqBUmY8br0,2021-02-05,-9,-22,-51,,2,-10
MU,Mauritius,Rivière du Rempart District,,,MU-RR,,ChIJA4R0fyAAfSERbsqBUmY8br0,2021-02-06,-3,-13,-44,,8,-11
MU,Mauritius,Rivière du Rempart District,,,MU-RR,,ChIJA4R0fyAAfSERbsqBUmY8br0,2021-02-07,-11,-18,-25,,-22,
MU,Mauritius,Rivière du Rempart District,,,MU-RR,,ChIJA4R0fyAAfSERbsqBUmY8br0,2021-02-08,-5,-25,-50,,-13,-9
MU,Mauritius,Rivière du Rempart District,,,MU-RR,,ChIJA4R0fyAAfSERbsqBUmY8br0,2021-02-09,-5,-22,-45,,-13,-9
MU,Mauritius,Rivière du Rempart District,,,MU-RR,,ChIJA4R0fyAAfSERbsqBUmY8br0,2021-02-10,-2,-19,-47,,-3,-11
MU,Mauritius,Rivière du Rempart District,,,MU-RR,,ChIJA4R0fyAAfSERbsqBUmY8br0,2021-02-11,11,-8,-33,,-12,-13
MU,Mauritius,Rivière du Rempart District,,,MU-RR,,ChIJA4R0fyAAfSERbsqBUmY8br0,2021-02-12,-6,-22,4,,-67,-2
MU,Mauritius,Rivière du Rempart District,,,MU-RR,,ChIJA4R0fyAAfSERbsqBUmY8br0,2021-02-13,12,3,-33,,-4,-16
MU,Mauritius,Rivière du Rempart District,,,MU-RR,,ChIJA4R0fyAAfSERbsqBUmY8br0,2021-02-14,21,7,-28,,-23,
MU,Mauritius,Rivière du Rempart District,,,MU-RR,,ChIJA4R0fyAAfSERbsqBUmY8br0,2021-02-15,-3,-21,-38,,-16,-14
MU,Mauritius,Rivière du Rempart District,,,MU-RR,,ChIJA4R0fyAAfSERbsqBUmY8br0,2021-02-16,-7,-29,-47,,-14,-13
MU,Mauritius,Rivière du Rempart District,,,MU-RR,,ChIJA4R0fyAAfSERbsqBUmY8br0,2021-02-17,-2,-20,-38,,-7,-15
MU,Mauritius,Rivière du Rempart District,,,MU-RR,,ChIJA4R0fyAAfSERbsqBUmY8br0,2021-02-18,-4,-22,-39,,-12,-14
MU,Mauritius,Rivière du Rempart District,,,MU-RR,,ChIJA4R0fyAAfSERbsqBUmY8br0,2021-02-19,-9,-22,-48,,0,-13
MU,Mauritius,Rivière du Rempart District,,,MU-RR,,ChIJA4R0fyAAfSERbsqBUmY8br0,2021-02-20,1,-10,-39,,7,-16
MU,Mauritius,Rivière du Rempart District,,,MU-RR,,ChIJA4R0fyAAfSERbsqBUmY8br0,2021-02-21,-5,-12,-30,,-22,
MU,Mauritius,Rivière du Rempart District,,,MU-RR,,ChIJA4R0fyAAfSERbsqBUmY8br0,2021-02-22,2,-23,-43,,-14,-13
MU,Mauritius,Rivière du Rempart District,,,MU-RR,,ChIJA4R0fyAAfSERbsqBUmY8br0,2021-02-23,-7,-20,-39,,-14,-13
MU,Mauritius,Rivière du Rempart District,,,MU-RR,,ChIJA4R0fyAAfSERbsqBUmY8br0,2021-02-24,4,-12,-37,,-7,-14
MU,Mauritius,Rivière du Rempart District,,,MU-RR,,ChIJA4R0fyAAfSERbsqBUmY8br0,2021-02-25,4,-11,-41,,-14,-13
MU,Mauritius,Rivière du Rempart District,,,MU-RR,,ChIJA4R0fyAAfSERbsqBUmY8br0,2021-02-26,0,-9,-39,,-2,-15
MU,Mauritius,Rivière du Rempart District,,,MU-RR,,ChIJA4R0fyAAfSERbsqBUmY8br0,2021-02-27,14,8,-36,,8,-18
MU,Mauritius,Rivière du Rempart District,,,MU-RR,,ChIJA4R0fyAAfSERbsqBUmY8br0,2021-02-28,6,3,-30,,-24,
MU,Mauritius,Rivière du Rempart District,,,MU-RR,,ChIJA4R0fyAAfSERbsqBUmY8br0,2021-03-01,13,-5,-36,,-17,-14
MU,Mauritius,Rivière du Rempart District,,,MU-RR,,ChIJA4R0fyAAfSERbsqBUmY8br0,2021-03-02,6,-8,-33,,-18,-14
MU,Mauritius,Rivière du Rempart District,,,MU-RR,,ChIJA4R0fyAAfSERbsqBUmY8br0,2021-03-03,6,-9,-34,,-8,-15
MU,Mauritius,Rivière du Rempart District,,,MU-RR,,ChIJA4R0fyAAfSERbsqBUmY8br0,2021-03-04,9,-8,-39,,-17,-14
MU,Mauritius,Rivière du Rempart District,,,MU-RR,,ChIJA4R0fyAAfSERbsqBUmY8br0,2021-03-05,-3,-14,-42,,-4,-14
MU,Mauritius,Rivière du Rempart District,,,MU-RR,,ChIJA4R0fyAAfSERbsqBUmY8br0,2021-03-06,-2,-2,-39,,1,-17
MU,Mauritius,Rivière du Rempart District,,,MU-RR,,ChIJA4R0fyAAfSERbsqBUmY8br0,2021-03-07,-20,1,-60,,-32,
MU,Mauritius,Rivière du Rempart District,,,MU-RR,,ChIJA4R0fyAAfSERbsqBUmY8br0,2021-03-08,-9,-17,-53,,-34,-6
MU,Mauritius,Rivière du Rempart District,,,MU-RR,,ChIJA4R0fyAAfSERbsqBUmY8br0,2021-03-09,-9,-19,-42,,-36,-7
MU,Mauritius,Rivière du Rempart District,,,MU-RR,,ChIJA4R0fyAAfSERbsqBUmY8br0,2021-03-10,-88,-92,-88,,-85,21
MU,Mauritius,Rivière du Rempart District,,,MU-RR,,ChIJA4R0fyAAfSERbsqBUmY8br0,2021-03-11,-74,-57,-85,,-85,23
MU,Mauritius,Rivière du Rempart District,,,MU-RR,,ChIJA4R0fyAAfSERbsqBUmY8br0,2021-03-12,-69,-40,-81,,-83,22
MU,Mauritius,Rivière du Rempart District,,,MU-RR,,ChIJA4R0fyAAfSERbsqBUmY8br0,2021-03-13,-80,-60,-85,,-59,
MU,Mauritius,Rivière du Rempart District,,,MU-RR,,ChIJA4R0fyAAfSERbsqBUmY8br0,2021-03-14,-94,-96,-93,,-71,
MU,Mauritius,Rivière du Rempart District,,,MU-RR,,ChIJA4R0fyAAfSERbsqBUmY8br0,2021-03-15,-70,-61,-83,,-78,19
MU,Mauritius,Rivière du Rempart District,,,MU-RR,,ChIJA4R0fyAAfSERbsqBUmY8br0,2021-03-16,-70,-61,-80,,-78,20
MU,Mauritius,Rivière du Rempart District,,,MU-RR,,ChIJA4R0fyAAfSERbsqBUmY8br0,2021-03-17,-70,-63,-81,,-75,19
MU,Mauritius,Rivière du Rempart District,,,MU-RR,,ChIJA4R0fyAAfSERbsqBUmY8br0,2021-03-18,-66,-57,-80,,-75,18
MU,Mauritius,Rivière du Rempart District,,,MU-RR,,ChIJA4R0fyAAfSERbsqBUmY8br0,2021-03-19,-71,-61,-80,,-69,19
MU,Mauritius,Rivière du Rempart District,,,MU-RR,,ChIJA4R0fyAAfSERbsqBUmY8br0,2021-03-20,-73,-63,-83,,-49,
MU,Mauritius,Rivière du Rempart District,,,MU-RR,,ChIJA4R0fyAAfSERbsqBUmY8br0,2021-03-21,-92,-94,-93,,-73,
MU,Mauritius,Rivière du Rempart District,,,MU-RR,,ChIJA4R0fyAAfSERbsqBUmY8br0,2021-03-22,-62,-53,-78,,-72,17
MU,Mauritius,Rivière du Rempart District,,,MU-RR,,ChIJA4R0fyAAfSERbsqBUmY8br0,2021-03-23,-62,-52,-75,,-71,16
MU,Mauritius,Rivière du Rempart District,,,MU-RR,,ChIJA4R0fyAAfSERbsqBUmY8br0,2021-03-24,-63,-58,-74,,-70,16
MU,Mauritius,Rivière du Rempart District,,,MU-RR,,ChIJA4R0fyAAfSERbsqBUmY8br0,2021-03-25,-62,-51,-76,,-71,16
MU,Mauritius,Rivière du Rempart District,,,MU-RR,,ChIJA4R0fyAAfSERbsqBUmY8br0,2021-03-26,-66,-52,-77,,-67,17
MU,Mauritius,Rivière du Rempart District,,,MU-RR,,ChIJA4R0fyAAfSERbsqBUmY8br0,2021-03-27,-68,-54,-80,,-48,
MU,Mauritius,Rivière Noire District,,,MU-BL,,ChIJldY9RD5CfCERRIiSLvtrHgw,2021-01-01,-47,-33,-24,-38,-77,15
MU,Mauritius,Rivière Noire District,,,MU-BL,,ChIJldY9RD5CfCERRIiSLvtrHgw,2021-01-02,-20,-4,-29,-23,-36,1
MU,Mauritius,Rivière Noire District,,,MU-BL,,ChIJldY9RD5CfCERRIiSLvtrHgw,2021-01-03,1,39,-23,,-21,-6
MU,Mauritius,Rivière Noire District,,,MU-BL,,ChIJldY9RD5CfCERRIiSLvtrHgw,2021-01-04,9,25,-15,,-55,7
MU,Mauritius,Rivière Noire District,,,MU-BL,,ChIJldY9RD5CfCERRIiSLvtrHgw,2021-01-05,3,20,0,,-51,6
MU,Mauritius,Rivière Noire District,,,MU-BL,,ChIJldY9RD5CfCERRIiSLvtrHgw,2021-01-06,-6,18,-32,,-40,7
MU,Mauritius,Rivière Noire District,,,MU-BL,,ChIJldY9RD5CfCERRIiSLvtrHgw,2021-01-07,-21,4,-46,,-27,4
MU,Mauritius,Rivière Noire District,,,MU-BL,,ChIJldY9RD5CfCERRIiSLvtrHgw,2021-01-08,-22,5,-48,-11,-9,3
MU,Mauritius,Rivière Noire District,,,MU-BL,,ChIJldY9RD5CfCERRIiSLvtrHgw,2021-01-09,-14,9,-53,-13,15,-1
MU,Mauritius,Rivière Noire District,,,MU-BL,,ChIJldY9RD5CfCERRIiSLvtrHgw,2021-01-10,-23,8,-58,,-19,0
MU,Mauritius,Rivière Noire District,,,MU-BL,,ChIJldY9RD5CfCERRIiSLvtrHgw,2021-01-11,-26,-11,-56,,-9,0
MU,Mauritius,Rivière Noire District,,,MU-BL,,ChIJldY9RD5CfCERRIiSLvtrHgw,2021-01-12,-32,-13,-53,,-13,0
MU,Mauritius,Rivière Noire District,,,MU-BL,,ChIJldY9RD5CfCERRIiSLvtrHgw,2021-01-13,-26,-5,-55,,-6,-3
MU,Mauritius,Rivière Noire District,,,MU-BL,,ChIJldY9RD5CfCERRIiSLvtrHgw,2021-01-14,-22,2,-48,,-12,-3
MU,Mauritius,Rivière Noire District,,,MU-BL,,ChIJldY9RD5CfCERRIiSLvtrHgw,2021-01-15,-27,-5,-46,,0,-3
MU,Mauritius,Rivière Noire District,,,MU-BL,,ChIJldY9RD5CfCERRIiSLvtrHgw,2021-01-16,-13,7,-50,-9,15,-4
MU,Mauritius,Rivière Noire District,,,MU-BL,,ChIJldY9RD5CfCERRIiSLvtrHgw,2021-01-17,-13,12,-45,,-22,-4
MU,Mauritius,Rivière Noire District,,,MU-BL,,ChIJldY9RD5CfCERRIiSLvtrHgw,2021-01-18,-29,-11,-54,,-13,-1
MU,Mauritius,Rivière Noire District,,,MU-BL,,ChIJldY9RD5CfCERRIiSLvtrHgw,2021-01-19,-31,-15,-46,,-15,-2
MU,Mauritius,Rivière Noire District,,,MU-BL,,ChIJldY9RD5CfCERRIiSLvtrHgw,2021-01-20,-31,-7,-54,,-9,-2
MU,Mauritius,Rivière Noire District,,,MU-BL,,ChIJldY9RD5CfCERRIiSLvtrHgw,2021-01-21,-27,-3,-50,,-11,-2
MU,Mauritius,Rivière Noire District,,,MU-BL,,ChIJldY9RD5CfCERRIiSLvtrHgw,2021-01-22,-27,-6,-48,,3,-2
MU,Mauritius,Rivière Noire District,,,MU-BL,,ChIJldY9RD5CfCERRIiSLvtrHgw,2021-01-23,-16,1,-54,-18,18,-3
MU,Mauritius,Rivière Noire District,,,MU-BL,,ChIJldY9RD5CfCERRIiSLvtrHgw,2021-01-24,-21,-1,-55,,-21,-1
MU,Mauritius,Rivière Noire District,,,MU-BL,,ChIJldY9RD5CfCERRIiSLvtrHgw,2021-01-25,-29,-9,-57,,-11,-2
MU,Mauritius,Rivière Noire District,,,MU-BL,,ChIJldY9RD5CfCERRIiSLvtrHgw,2021-01-26,-24,-10,-40,,-13,-3
MU,Mauritius,Rivière Noire District,,,MU-BL,,ChIJldY9RD5CfCERRIiSLvtrHgw,2021-01-27,-14,7,-50,,-7,-6
MU,Mauritius,Rivière Noire District,,,MU-BL,,ChIJldY9RD5CfCERRIiSLvtrHgw,2021-01-28,-25,-5,-32,,-76,11
MU,Mauritius,Rivière Noire District,,,MU-BL,,ChIJldY9RD5CfCERRIiSLvtrHgw,2021-01-29,-14,15,-44,,-9,-5
MU,Mauritius,Rivière Noire District,,,MU-BL,,ChIJldY9RD5CfCERRIiSLvtrHgw,2021-01-30,0,27,-40,-10,16,-11
MU,Mauritius,Rivière Noire District,,,MU-BL,,ChIJldY9RD5CfCERRIiSLvtrHgw,2021-01-31,27,,-9,,-17,-12
MU,Mauritius,Rivière Noire District,,,MU-BL,,ChIJldY9RD5CfCERRIiSLvtrHgw,2021-02-01,-13,11,-3,,-77,5
MU,Mauritius,Rivière Noire District,,,MU-BL,,ChIJldY9RD5CfCERRIiSLvtrHgw,2021-02-02,-22,5,-43,,-13,-8
MU,Mauritius,Rivière Noire District,,,MU-BL,,ChIJldY9RD5CfCERRIiSLvtrHgw,2021-02-03,-26,4,-48,,-9,-8
MU,Mauritius,Rivière Noire District,,,MU-BL,,ChIJldY9RD5CfCERRIiSLvtrHgw,2021-02-04,-27,2,-47,,-12,-7
MU,Mauritius,Rivière Noire District,,,MU-BL,,ChIJldY9RD5CfCERRIiSLvtrHgw,2021-02-05,-28,-3,-42,,2,-7
MU,Mauritius,Rivière Noire District,,,MU-BL,,ChIJldY9RD5CfCERRIiSLvtrHgw,2021-02-06,-11,6,-49,-20,16,-8
MU,Mauritius,Rivière Noire District,,,MU-BL,,ChIJldY9RD5CfCERRIiSLvtrHgw,2021-02-07,-17,6,-40,,-19,-7
MU,Mauritius,Rivière Noire District,,,MU-BL,,ChIJldY9RD5CfCERRIiSLvtrHgw,2021-02-08,-28,-8,-49,,-14,-6
MU,Mauritius,Rivière Noire District,,,MU-BL,,ChIJldY9RD5CfCERRIiSLvtrHgw,2021-02-09,-24,-7,-40,,-13,-7
MU,Mauritius,Rivière Noire District,,,MU-BL,,ChIJldY9RD5CfCERRIiSLvtrHgw,2021-02-10,-26,0,-44,,-7,-7
MU,Mauritius,Rivière Noire District,,,MU-BL,,ChIJldY9RD5CfCERRIiSLvtrHgw,2021-02-11,-7,16,-34,,-13,-11
MU,Mauritius,Rivière Noire District,,,MU-BL,,ChIJldY9RD5CfCERRIiSLvtrHgw,2021-02-12,-5,11,12,-29,-70,2
MU,Mauritius,Rivière Noire District,,,MU-BL,,ChIJldY9RD5CfCERRIiSLvtrHgw,2021-02-13,-3,15,-40,-21,7,-13
MU,Mauritius,Rivière Noire District,,,MU-BL,,ChIJldY9RD5CfCERRIiSLvtrHgw,2021-02-14,-6,25,-37,,-16,-12
MU,Mauritius,Rivière Noire District,,,MU-BL,,ChIJldY9RD5CfCERRIiSLvtrHgw,2021-02-15,-24,-8,-46,,-16,-10
MU,Mauritius,Rivière Noire District,,,MU-BL,,ChIJldY9RD5CfCERRIiSLvtrHgw,2021-02-16,-28,-9,-47,,-14,-10
MU,Mauritius,Rivière Noire District,,,MU-BL,,ChIJldY9RD5CfCERRIiSLvtrHgw,2021-02-17,-27,-1,-50,,-10,-11
MU,Mauritius,Rivière Noire District,,,MU-BL,,ChIJldY9RD5CfCERRIiSLvtrHgw,2021-02-18,-23,3,-46,,-12,-10
MU,Mauritius,Rivière Noire District,,,MU-BL,,ChIJldY9RD5CfCERRIiSLvtrHgw,2021-02-19,-27,-3,-45,-12,3,-9
MU,Mauritius,Rivière Noire District,,,MU-BL,,ChIJldY9RD5CfCERRIiSLvtrHgw,2021-02-20,-15,15,-48,-23,18,-11
MU,Mauritius,Rivière Noire District,,,MU-BL,,ChIJldY9RD5CfCERRIiSLvtrHgw,2021-02-21,-20,20,-44,,-21,-9
MU,Mauritius,Rivière Noire District,,,MU-BL,,ChIJldY9RD5CfCERRIiSLvtrHgw,2021-02-22,-25,-5,-49,,-12,-9
MU,Mauritius,Rivière Noire District,,,MU-BL,,ChIJldY9RD5CfCERRIiSLvtrHgw,2021-02-23,-24,-2,-34,,-13,-10
MU,Mauritius,Rivière Noire District,,,MU-BL,,ChIJldY9RD5CfCERRIiSLvtrHgw,2021-02-24,-21,11,-40,,-10,-10
MU,Mauritius,Rivière Noire District,,,MU-BL,,ChIJldY9RD5CfCERRIiSLvtrHgw,2021-02-25,-19,15,-45,,-14,-10
MU,Mauritius,Rivière Noire District,,,MU-BL,,ChIJldY9RD5CfCERRIiSLvtrHgw,2021-02-26,-19,11,-41,-21,1,-11
MU,Mauritius,Rivière Noire District,,,MU-BL,,ChIJldY9RD5CfCERRIiSLvtrHgw,2021-02-27,-2,25,-45,-29,23,-14
MU,Mauritius,Rivière Noire District,,,MU-BL,,ChIJldY9RD5CfCERRIiSLvtrHgw,2021-02-28,-13,25,-38,,-16,-12
MU,Mauritius,Rivière Noire District,,,MU-BL,,ChIJldY9RD5CfCERRIiSLvtrHgw,2021-03-01,-18,12,-46,,-14,-10
MU,Mauritius,Rivière Noire District,,,MU-BL,,ChIJldY9RD5CfCERRIiSLvtrHgw,2021-03-02,-19,8,-40,,-17,-10
MU,Mauritius,Rivière Noire District,,,MU-BL,,ChIJldY9RD5CfCERRIiSLvtrHgw,2021-03-03,-20,11,-43,,-11,-10
MU,Mauritius,Rivière Noire District,,,MU-BL,,ChIJldY9RD5CfCERRIiSLvtrHgw,2021-03-04,-16,15,-43,,-15,-10
MU,Mauritius,Rivière Noire District,,,MU-BL,,ChIJldY9RD5CfCERRIiSLvtrHgw,2021-03-05,-22,6,-46,-16,-3,-10
MU,Mauritius,Rivière Noire District,,,MU-BL,,ChIJldY9RD5CfCERRIiSLvtrHgw,2021-03-06,-15,17,-52,-29,16,-12
MU,Mauritius,Rivière Noire District,,,MU-BL,,ChIJldY9RD5CfCERRIiSLvtrHgw,2021-03-07,-38,28,-70,,-24,-5
MU,Mauritius,Rivière Noire District,,,MU-BL,,ChIJldY9RD5CfCERRIiSLvtrHgw,2021-03-08,-27,-1,-50,,-28,-2
MU,Mauritius,Rivière Noire District,,,MU-BL,,ChIJldY9RD5CfCERRIiSLvtrHgw,2021-03-09,-20,-2,-33,,-32,-4
MU,Mauritius,Rivière Noire District,,,MU-BL,,ChIJldY9RD5CfCERRIiSLvtrHgw,2021-03-10,-90,-87,-87,,-88,29
MU,Mauritius,Rivière Noire District,,,MU-BL,,ChIJldY9RD5CfCERRIiSLvtrHgw,2021-03-11,-77,-35,-84,-76,-88,30
MU,Mauritius,Rivière Noire District,,,MU-BL,,ChIJldY9RD5CfCERRIiSLvtrHgw,2021-03-12,-77,-24,-86,-81,-85,30
MU,Mauritius,Rivière Noire District,,,MU-BL,,ChIJldY9RD5CfCERRIiSLvtrHgw,2021-03-13,-80,-48,-91,-82,-63,20
MU,Mauritius,Rivière Noire District,,,MU-BL,,ChIJldY9RD5CfCERRIiSLvtrHgw,2021-03-14,-95,-94,-96,,-76,
MU,Mauritius,Rivière Noire District,,,MU-BL,,ChIJldY9RD5CfCERRIiSLvtrHgw,2021-03-15,-76,-46,-86,,-81,28
MU,Mauritius,Rivière Noire District,,,MU-BL,,ChIJldY9RD5CfCERRIiSLvtrHgw,2021-03-16,-76,-49,-82,-75,-80,27
MU,Mauritius,Rivière Noire District,,,MU-BL,,ChIJldY9RD5CfCERRIiSLvtrHgw,2021-03-17,-77,-45,-83,-72,-78,27
MU,Mauritius,Rivière Noire District,,,MU-BL,,ChIJldY9RD5CfCERRIiSLvtrHgw,2021-03-18,-74,-41,-82,-70,-78,27
MU,Mauritius,Rivière Noire District,,,MU-BL,,ChIJldY9RD5CfCERRIiSLvtrHgw,2021-03-19,-78,-47,-82,-71,-73,28
MU,Mauritius,Rivière Noire District,,,MU-BL,,ChIJldY9RD5CfCERRIiSLvtrHgw,2021-03-20,-79,-44,-88,-74,-56,19
MU,Mauritius,Rivière Noire District,,,MU-BL,,ChIJldY9RD5CfCERRIiSLvtrHgw,2021-03-21,-94,-92,-95,,-77,
MU,Mauritius,Rivière Noire District,,,MU-BL,,ChIJldY9RD5CfCERRIiSLvtrHgw,2021-03-22,-71,-35,-83,,-75,25
MU,Mauritius,Rivière Noire District,,,MU-BL,,ChIJldY9RD5CfCERRIiSLvtrHgw,2021-03-23,-71,-35,-80,-63,-76,24
MU,Mauritius,Rivière Noire District,,,MU-BL,,ChIJldY9RD5CfCERRIiSLvtrHgw,2021-03-24,-74,-39,-81,-72,-74,24
MU,Mauritius,Rivière Noire District,,,MU-BL,,ChIJldY9RD5CfCERRIiSLvtrHgw,2021-03-25,-72,-34,-82,-72,-74,23
MU,Mauritius,Rivière Noire District,,,MU-BL,,ChIJldY9RD5CfCERRIiSLvtrHgw,2021-03-26,-74,-29,-78,-70,-69,25
MU,Mauritius,Rivière Noire District,,,MU-BL,,ChIJldY9RD5CfCERRIiSLvtrHgw,2021-03-27,-72,-32,-86,-70,-47,16
MU,Mauritius,Rodrigues District,,,MU-RO,,ChIJxVQn5VOt4yMRqb_OSOy71Xg,2021-01-01,,,11,,-64,
MU,Mauritius,Rodrigues District,,,MU-RO,,ChIJxVQn5VOt4yMRqb_OSOy71Xg,2021-01-04,,,,,-32,
MU,Mauritius,Rodrigues District,,,MU-RO,,ChIJxVQn5VOt4yMRqb_OSOy71Xg,2021-01-05,,,,,-20,
MU,Mauritius,Rodrigues District,,,MU-RO,,ChIJxVQn5VOt4yMRqb_OSOy71Xg,2021-01-06,,,,,-20,
MU,Mauritius,Rodrigues District,,,MU-RO,,ChIJxVQn5VOt4yMRqb_OSOy71Xg,2021-01-07,,,,,-11,
MU,Mauritius,Rodrigues District,,,MU-RO,,ChIJxVQn5VOt4yMRqb_OSOy71Xg,2021-01-08,,,-1,,-10,
MU,Mauritius,Rodrigues District,,,MU-RO,,ChIJxVQn5VOt4yMRqb_OSOy71Xg,2021-01-09,,,-7,,,
MU,Mauritius,Rodrigues District,,,MU-RO,,ChIJxVQn5VOt4yMRqb_OSOy71Xg,2021-01-11,,,,,-1,
MU,Mauritius,Rodrigues District,,,MU-RO,,ChIJxVQn5VOt4yMRqb_OSOy71Xg,2021-01-12,,,,,-1,
MU,Mauritius,Rodrigues District,,,MU-RO,,ChIJxVQn5VOt4yMRqb_OSOy71Xg,2021-01-13,,,,,-8,
MU,Mauritius,Rodrigues District,,,MU-RO,,ChIJxVQn5VOt4yMRqb_OSOy71Xg,2021-01-14,,,,,-5,
MU,Mauritius,Rodrigues District,,,MU-RO,,ChIJxVQn5VOt4yMRqb_OSOy71Xg,2021-01-15,,,-16,,4,
MU,Mauritius,Rodrigues District,,,MU-RO,,ChIJxVQn5VOt4yMRqb_OSOy71Xg,2021-01-16,,,-10,,,
MU,Mauritius,Rodrigues District,,,MU-RO,,ChIJxVQn5VOt4yMRqb_OSOy71Xg,2021-01-18,,,,,-7,
MU,Mauritius,Rodrigues District,,,MU-RO,,ChIJxVQn5VOt4yMRqb_OSOy71Xg,2021-01-19,,,,,-4,
MU,Mauritius,Rodrigues District,,,MU-RO,,ChIJxVQn5VOt4yMRqb_OSOy71Xg,2021-01-20,,,,,-9,
MU,Mauritius,Rodrigues District,,,MU-RO,,ChIJxVQn5VOt4yMRqb_OSOy71Xg,2021-01-21,,,,,-14,
MU,Mauritius,Rodrigues District,,,MU-RO,,ChIJxVQn5VOt4yMRqb_OSOy71Xg,2021-01-22,,,-16,,,
MU,Mauritius,Rodrigues District,,,MU-RO,,ChIJxVQn5VOt4yMRqb_OSOy71Xg,2021-01-23,,,-9,,,
MU,Mauritius,Rodrigues District,,,MU-RO,,ChIJxVQn5VOt4yMRqb_OSOy71Xg,2021-01-25,,,,,-6,
MU,Mauritius,Rodrigues District,,,MU-RO,,ChIJxVQn5VOt4yMRqb_OSOy71Xg,2021-01-26,,,,,-6,
MU,Mauritius,Rodrigues District,,,MU-RO,,ChIJxVQn5VOt4yMRqb_OSOy71Xg,2021-01-27,,,,,-7,
MU,Mauritius,Rodrigues District,,,MU-RO,,ChIJxVQn5VOt4yMRqb_OSOy71Xg,2021-01-28,,,,,-61,
MU,Mauritius,Rodrigues District,,,MU-RO,,ChIJxVQn5VOt4yMRqb_OSOy71Xg,2021-01-29,,,-8,,-2,
MU,Mauritius,Rodrigues District,,,MU-RO,,ChIJxVQn5VOt4yMRqb_OSOy71Xg,2021-01-30,,,2,,,
MU,Mauritius,Rodrigues District,,,MU-RO,,ChIJxVQn5VOt4yMRqb_OSOy71Xg,2021-02-01,,,,,-63,
MU,Mauritius,Rodrigues District,,,MU-RO,,ChIJxVQn5VOt4yMRqb_OSOy71Xg,2021-02-02,,,,,-2,
MU,Mauritius,Rodrigues District,,,MU-RO,,ChIJxVQn5VOt4yMRqb_OSOy71Xg,2021-02-03,,,,,-8,
MU,Mauritius,Rodrigues District,,,MU-RO,,ChIJxVQn5VOt4yMRqb_OSOy71Xg,2021-02-04,,,,,-6,
MU,Mauritius,Rodrigues District,,,MU-RO,,ChIJxVQn5VOt4yMRqb_OSOy71Xg,2021-02-05,,,-13,,1,
MU,Mauritius,Rodrigues District,,,MU-RO,,ChIJxVQn5VOt4yMRqb_OSOy71Xg,2021-02-06,,,-3,,,
MU,Mauritius,Rodrigues District,,,MU-RO,,ChIJxVQn5VOt4yMRqb_OSOy71Xg,2021-02-08,,,,,-5,
MU,Mauritius,Rodrigues District,,,MU-RO,,ChIJxVQn5VOt4yMRqb_OSOy71Xg,2021-02-09,,,,,-3,
MU,Mauritius,Rodrigues District,,,MU-RO,,ChIJxVQn5VOt4yMRqb_OSOy71Xg,2021-02-10,,,,,-5,
MU,Mauritius,Rodrigues District,,,MU-RO,,ChIJxVQn5VOt4yMRqb_OSOy71Xg,2021-02-11,,,,,-9,
MU,Mauritius,Rodrigues District,,,MU-RO,,ChIJxVQn5VOt4yMRqb_OSOy71Xg,2021-02-12,,,-29,,-62,
MU,Mauritius,Rodrigues District,,,MU-RO,,ChIJxVQn5VOt4yMRqb_OSOy71Xg,2021-02-13,,,-7,,,
MU,Mauritius,Rodrigues District,,,MU-RO,,ChIJxVQn5VOt4yMRqb_OSOy71Xg,2021-02-15,,,,,-13,
MU,Mauritius,Rodrigues District,,,MU-RO,,ChIJxVQn5VOt4yMRqb_OSOy71Xg,2021-02-16,,,,,-7,
MU,Mauritius,Rodrigues District,,,MU-RO,,ChIJxVQn5VOt4yMRqb_OSOy71Xg,2021-02-17,,,,,-10,
MU,Mauritius,Rodrigues District,,,MU-RO,,ChIJxVQn5VOt4yMRqb_OSOy71Xg,2021-02-18,,,,,-5,
MU,Mauritius,Rodrigues District,,,MU-RO,,ChIJxVQn5VOt4yMRqb_OSOy71Xg,2021-02-19,,,-14,,1,
MU,Mauritius,Rodrigues District,,,MU-RO,,ChIJxVQn5VOt4yMRqb_OSOy71Xg,2021-02-20,,,-7,,,
MU,Mauritius,Rodrigues District,,,MU-RO,,ChIJxVQn5VOt4yMRqb_OSOy71Xg,2021-02-22,,,,,-6,
MU,Mauritius,Rodrigues District,,,MU-RO,,ChIJxVQn5VOt4yMRqb_OSOy71Xg,2021-02-23,,,,,2,
MU,Mauritius,Rodrigues District,,,MU-RO,,ChIJxVQn5VOt4yMRqb_OSOy71Xg,2021-02-24,,,,,-13,
MU,Mauritius,Rodrigues District,,,MU-RO,,ChIJxVQn5VOt4yMRqb_OSOy71Xg,2021-02-25,,,,,-4,
MU,Mauritius,Rodrigues District,,,MU-RO,,ChIJxVQn5VOt4yMRqb_OSOy71Xg,2021-02-26,,,-5,,,
MU,Mauritius,Rodrigues District,,,MU-RO,,ChIJxVQn5VOt4yMRqb_OSOy71Xg,2021-03-01,,,,,0,
MU,Mauritius,Rodrigues District,,,MU-RO,,ChIJxVQn5VOt4yMRqb_OSOy71Xg,2021-03-02,,,,,-2,
MU,Mauritius,Rodrigues District,,,MU-RO,,ChIJxVQn5VOt4yMRqb_OSOy71Xg,2021-03-03,,,,,-1,
MU,Mauritius,Rodrigues District,,,MU-RO,,ChIJxVQn5VOt4yMRqb_OSOy71Xg,2021-03-04,,,,,-2,
MU,Mauritius,Rodrigues District,,,MU-RO,,ChIJxVQn5VOt4yMRqb_OSOy71Xg,2021-03-05,,,-10,,,
MU,Mauritius,Rodrigues District,,,MU-RO,,ChIJxVQn5VOt4yMRqb_OSOy71Xg,2021-03-06,,,-8,,,
MU,Mauritius,Rodrigues District,,,MU-RO,,ChIJxVQn5VOt4yMRqb_OSOy71Xg,2021-03-08,,,,,-9,
MU,Mauritius,Rodrigues District,,,MU-RO,,ChIJxVQn5VOt4yMRqb_OSOy71Xg,2021-03-09,,,,,-8,
MU,Mauritius,Rodrigues District,,,MU-RO,,ChIJxVQn5VOt4yMRqb_OSOy71Xg,2021-03-10,,,,,-24,
MU,Mauritius,Rodrigues District,,,MU-RO,,ChIJxVQn5VOt4yMRqb_OSOy71Xg,2021-03-11,,,-31,,-63,
MU,Mauritius,Rodrigues District,,,MU-RO,,ChIJxVQn5VOt4yMRqb_OSOy71Xg,2021-03-12,,,-42,,-63,
MU,Mauritius,Rodrigues District,,,MU-RO,,ChIJxVQn5VOt4yMRqb_OSOy71Xg,2021-03-13,,,-26,,,
MU,Mauritius,Rodrigues District,,,MU-RO,,ChIJxVQn5VOt4yMRqb_OSOy71Xg,2021-03-15,,,,,-10,
MU,Mauritius,Rodrigues District,,,MU-RO,,ChIJxVQn5VOt4yMRqb_OSOy71Xg,2021-03-16,,,,,-4,
MU,Mauritius,Rodrigues District,,,MU-RO,,ChIJxVQn5VOt4yMRqb_OSOy71Xg,2021-03-17,,,,,-12,
MU,Mauritius,Rodrigues District,,,MU-RO,,ChIJxVQn5VOt4yMRqb_OSOy71Xg,2021-03-18,,,,,-16,
MU,Mauritius,Rodrigues District,,,MU-RO,,ChIJxVQn5VOt4yMRqb_OSOy71Xg,2021-03-19,,,-24,,2,
MU,Mauritius,Rodrigues District,,,MU-RO,,ChIJxVQn5VOt4yMRqb_OSOy71Xg,2021-03-20,,,-19,,,
MU,Mauritius,Rodrigues District,,,MU-RO,,ChIJxVQn5VOt4yMRqb_OSOy71Xg,2021-03-22,,,,,-7,
MU,Mauritius,Rodrigues District,,,MU-RO,,ChIJxVQn5VOt4yMRqb_OSOy71Xg,2021-03-23,,,,,-8,
MU,Mauritius,Rodrigues District,,,MU-RO,,ChIJxVQn5VOt4yMRqb_OSOy71Xg,2021-03-24,,,,,-13,
MU,Mauritius,Rodrigues District,,,MU-RO,,ChIJxVQn5VOt4yMRqb_OSOy71Xg,2021-03-25,,,,,-14,
MU,Mauritius,Rodrigues District,,,MU-RO,,ChIJxVQn5VOt4yMRqb_OSOy71Xg,2021-03-26,,,-27,,2,
MU,Mauritius,Rodrigues District,,,MU-RO,,ChIJxVQn5VOt4yMRqb_OSOy71Xg,2021-03-27,,,-13,,,
MU,Mauritius,Savanne District,,,MU-SA,,ChIJWYYletdlfCERd3ZhqgQHJck,2021-01-01,,,,,-64,
MU,Mauritius,Savanne District,,,MU-SA,,ChIJWYYletdlfCERd3ZhqgQHJck,2021-01-02,,,,,-27,
MU,Mauritius,Savanne District,,,MU-SA,,ChIJWYYletdlfCERd3ZhqgQHJck,2021-01-03,,,,,-17,
MU,Mauritius,Savanne District,,,MU-SA,,ChIJWYYletdlfCERd3ZhqgQHJck,2021-01-04,,,,,-43,0
MU,Mauritius,Savanne District,,,MU-SA,,ChIJWYYletdlfCERd3ZhqgQHJck,2021-01-05,,,,,-42,2
MU,Mauritius,Savanne District,,,MU-SA,,ChIJWYYletdlfCERd3ZhqgQHJck,2021-01-06,,,,,-31,3
MU,Mauritius,Savanne District,,,MU-SA,,ChIJWYYletdlfCERd3ZhqgQHJck,2021-01-07,,,,,-11,1
MU,Mauritius,Savanne District,,,MU-SA,,ChIJWYYletdlfCERd3ZhqgQHJck,2021-01-08,,,,,3,-1
MU,Mauritius,Savanne District,,,MU-SA,,ChIJWYYletdlfCERd3ZhqgQHJck,2021-01-09,,,,,11,
MU,Mauritius,Savanne District,,,MU-SA,,ChIJWYYletdlfCERd3ZhqgQHJck,2021-01-10,,,,,-30,
MU,Mauritius,Savanne District,,,MU-SA,,ChIJWYYletdlfCERd3ZhqgQHJck,2021-01-11,,,,,-9,-2
MU,Mauritius,Savanne District,,,MU-SA,,ChIJWYYletdlfCERd3ZhqgQHJck,2021-01-12,,,,,-13,0
MU,Mauritius,Savanne District,,,MU-SA,,ChIJWYYletdlfCERd3ZhqgQHJck,2021-01-13,,,,,-4,-5
MU,Mauritius,Savanne District,,,MU-SA,,ChIJWYYletdlfCERd3ZhqgQHJck,2021-01-14,,,,,-12,-6
MU,Mauritius,Savanne District,,,MU-SA,,ChIJWYYletdlfCERd3ZhqgQHJck,2021-01-15,,,,,0,-4
MU,Mauritius,Savanne District,,,MU-SA,,ChIJWYYletdlfCERd3ZhqgQHJck,2021-01-16,,,,,-3,
MU,Mauritius,Savanne District,,,MU-SA,,ChIJWYYletdlfCERd3ZhqgQHJck,2021-01-17,,,,,-28,
MU,Mauritius,Savanne District,,,MU-SA,,ChIJWYYletdlfCERd3ZhqgQHJck,2021-01-18,,,,,-11,-4
MU,Mauritius,Savanne District,,,MU-SA,,ChIJWYYletdlfCERd3ZhqgQHJck,2021-01-19,,,,,-15,-3
MU,Mauritius,Savanne District,,,MU-SA,,ChIJWYYletdlfCERd3ZhqgQHJck,2021-01-20,,,,,-7,-3
MU,Mauritius,Savanne District,,,MU-SA,,ChIJWYYletdlfCERd3ZhqgQHJck,2021-01-21,,,,,-10,-5
MU,Mauritius,Savanne District,,,MU-SA,,ChIJWYYletdlfCERd3ZhqgQHJck,2021-01-22,,,,,4,-5
MU,Mauritius,Savanne District,,,MU-SA,,ChIJWYYletdlfCERd3ZhqgQHJck,2021-01-23,,,,,2,
MU,Mauritius,Savanne District,,,MU-SA,,ChIJWYYletdlfCERd3ZhqgQHJck,2021-01-24,,,,,-25,
MU,Mauritius,Savanne District,,,MU-SA,,ChIJWYYletdlfCERd3ZhqgQHJck,2021-01-25,,,,,-10,-5
MU,Mauritius,Savanne District,,,MU-SA,,ChIJWYYletdlfCERd3ZhqgQHJck,2021-01-26,,,,,-13,-6
MU,Mauritius,Savanne District,,,MU-SA,,ChIJWYYletdlfCERd3ZhqgQHJck,2021-01-27,,,,,-6,-6
MU,Mauritius,Savanne District,,,MU-SA,,ChIJWYYletdlfCERd3ZhqgQHJck,2021-01-28,,,,,-69,5
MU,Mauritius,Savanne District,,,MU-SA,,ChIJWYYletdlfCERd3ZhqgQHJck,2021-01-29,,,,,-11,-5
MU,Mauritius,Savanne District,,,MU-SA,,ChIJWYYletdlfCERd3ZhqgQHJck,2021-01-30,,,,,8,
MU,Mauritius,Savanne District,,,MU-SA,,ChIJWYYletdlfCERd3ZhqgQHJck,2021-01-31,,,,,-21,
MU,Mauritius,Savanne District,,,MU-SA,,ChIJWYYletdlfCERd3ZhqgQHJck,2021-02-01,,,,,-69,1
MU,Mauritius,Savanne District,,,MU-SA,,ChIJWYYletdlfCERd3ZhqgQHJck,2021-02-02,,,,,-15,-10
MU,Mauritius,Savanne District,,,MU-SA,,ChIJWYYletdlfCERd3ZhqgQHJck,2021-02-03,,,,,-8,-9
MU,Mauritius,Savanne District,,,MU-SA,,ChIJWYYletdlfCERd3ZhqgQHJck,2021-02-04,,,,,-12,-10
MU,Mauritius,Savanne District,,,MU-SA,,ChIJWYYletdlfCERd3ZhqgQHJck,2021-02-05,,,,,2,-7
MU,Mauritius,Savanne District,,,MU-SA,,ChIJWYYletdlfCERd3ZhqgQHJck,2021-02-06,,,,,0,
MU,Mauritius,Savanne District,,,MU-SA,,ChIJWYYletdlfCERd3ZhqgQHJck,2021-02-07,,,,,-30,
MU,Mauritius,Savanne District,,,MU-SA,,ChIJWYYletdlfCERd3ZhqgQHJck,2021-02-08,,,,,-12,-7
MU,Mauritius,Savanne District,,,MU-SA,,ChIJWYYletdlfCERd3ZhqgQHJck,2021-02-09,,,,,-15,-6
MU,Mauritius,Savanne District,,,MU-SA,,ChIJWYYletdlfCERd3ZhqgQHJck,2021-02-10,,,,,-6,-8
MU,Mauritius,Savanne District,,,MU-SA,,ChIJWYYletdlfCERd3ZhqgQHJck,2021-02-11,,,,,-12,-11
MU,Mauritius,Savanne District,,,MU-SA,,ChIJWYYletdlfCERd3ZhqgQHJck,2021-02-12,,,,,-59,-1
MU,Mauritius,Savanne District,,,MU-SA,,ChIJWYYletdlfCERd3ZhqgQHJck,2021-02-13,,,,,4,
MU,Mauritius,Savanne District,,,MU-SA,,ChIJWYYletdlfCERd3ZhqgQHJck,2021-02-14,,,,,-19,
MU,Mauritius,Savanne District,,,MU-SA,,ChIJWYYletdlfCERd3ZhqgQHJck,2021-02-15,,,,,-13,-13
MU,Mauritius,Savanne District,,,MU-SA,,ChIJWYYletdlfCERd3ZhqgQHJck,2021-02-16,,,,,-17,-10
MU,Mauritius,Savanne District,,,MU-SA,,ChIJWYYletdlfCERd3ZhqgQHJck,2021-02-17,,,,,-12,-11
MU,Mauritius,Savanne District,,,MU-SA,,ChIJWYYletdlfCERd3ZhqgQHJck,2021-02-18,,,,,-13,-11
MU,Mauritius,Savanne District,,,MU-SA,,ChIJWYYletdlfCERd3ZhqgQHJck,2021-02-19,,,,,2,-11
MU,Mauritius,Savanne District,,,MU-SA,,ChIJWYYletdlfCERd3ZhqgQHJck,2021-02-20,,,,,2,
MU,Mauritius,Savanne District,,,MU-SA,,ChIJWYYletdlfCERd3ZhqgQHJck,2021-02-21,,,,,-25,
MU,Mauritius,Savanne District,,,MU-SA,,ChIJWYYletdlfCERd3ZhqgQHJck,2021-02-22,,,,,-13,-11
MU,Mauritius,Savanne District,,,MU-SA,,ChIJWYYletdlfCERd3ZhqgQHJck,2021-02-23,,,,,-19,-11
MU,Mauritius,Savanne District,,,MU-SA,,ChIJWYYletdlfCERd3ZhqgQHJck,2021-02-24,,,,,-8,-11
MU,Mauritius,Savanne District,,,MU-SA,,ChIJWYYletdlfCERd3ZhqgQHJck,2021-02-25,,,,,-16,-13
MU,Mauritius,Savanne District,,,MU-SA,,ChIJWYYletdlfCERd3ZhqgQHJck,2021-02-26,,,,,0,-14
MU,Mauritius,Savanne District,,,MU-SA,,ChIJWYYletdlfCERd3ZhqgQHJck,2021-02-27,,,,,6,
MU,Mauritius,Savanne District,,,MU-SA,,ChIJWYYletdlfCERd3ZhqgQHJck,2021-02-28,,,,,-25,
MU,Mauritius,Savanne District,,,MU-SA,,ChIJWYYletdlfCERd3ZhqgQHJck,2021-03-01,,,,,-15,-12
MU,Mauritius,Savanne District,,,MU-SA,,ChIJWYYletdlfCERd3ZhqgQHJck,2021-03-02,,,,,-20,-13
MU,Mauritius,Savanne District,,,MU-SA,,ChIJWYYletdlfCERd3ZhqgQHJck,2021-03-03,,,,,-12,-11
MU,Mauritius,Savanne District,,,MU-SA,,ChIJWYYletdlfCERd3ZhqgQHJck,2021-03-04,,,,,-14,-12
MU,Mauritius,Savanne District,,,MU-SA,,ChIJWYYletdlfCERd3ZhqgQHJck,2021-03-05,,,,,-3,-10
MU,Mauritius,Savanne District,,,MU-SA,,ChIJWYYletdlfCERd3ZhqgQHJck,2021-03-06,,,,,2,
MU,Mauritius,Savanne District,,,MU-SA,,ChIJWYYletdlfCERd3ZhqgQHJck,2021-03-07,,,,,-30,
MU,Mauritius,Savanne District,,,MU-SA,,ChIJWYYletdlfCERd3ZhqgQHJck,2021-03-08,,,,,-36,-2
MU,Mauritius,Savanne District,,,MU-SA,,ChIJWYYletdlfCERd3ZhqgQHJck,2021-03-09,,,,,-37,-2
MU,Mauritius,Savanne District,,,MU-SA,,ChIJWYYletdlfCERd3ZhqgQHJck,2021-03-10,,,,,-85,
MU,Mauritius,Savanne District,,,MU-SA,,ChIJWYYletdlfCERd3ZhqgQHJck,2021-03-11,,,,,-87,
MU,Mauritius,Savanne District,,,MU-SA,,ChIJWYYletdlfCERd3ZhqgQHJck,2021-03-12,,,,,-85,
MU,Mauritius,Savanne District,,,MU-SA,,ChIJWYYletdlfCERd3ZhqgQHJck,2021-03-13,,,,,-67,
MU,Mauritius,Savanne District,,,MU-SA,,ChIJWYYletdlfCERd3ZhqgQHJck,2021-03-14,,,,,-74,
MU,Mauritius,Savanne District,,,MU-SA,,ChIJWYYletdlfCERd3ZhqgQHJck,2021-03-15,,,,,-80,
MU,Mauritius,Savanne District,,,MU-SA,,ChIJWYYletdlfCERd3ZhqgQHJck,2021-03-16,,,,,-82,
MU,Mauritius,Savanne District,,,MU-SA,,ChIJWYYletdlfCERd3ZhqgQHJck,2021-03-17,,,,,-79,
MU,Mauritius,Savanne District,,,MU-SA,,ChIJWYYletdlfCERd3ZhqgQHJck,2021-03-18,,,,,-77,
MU,Mauritius,Savanne District,,,MU-SA,,ChIJWYYletdlfCERd3ZhqgQHJck,2021-03-19,,,,,-73,
MU,Mauritius,Savanne District,,,MU-SA,,ChIJWYYletdlfCERd3ZhqgQHJck,2021-03-20,,,-75,,-59,
MU,Mauritius,Savanne District,,,MU-SA,,ChIJWYYletdlfCERd3ZhqgQHJck,2021-03-21,,,-84,,-72,
MU,Mauritius,Savanne District,,,MU-SA,,ChIJWYYletdlfCERd3ZhqgQHJck,2021-03-22,,,,,-72,
MU,Mauritius,Savanne District,,,MU-SA,,ChIJWYYletdlfCERd3ZhqgQHJck,2021-03-23,,,,,-75,19
MU,Mauritius,Savanne District,,,MU-SA,,ChIJWYYletdlfCERd3ZhqgQHJck,2021-03-24,,,,,-74,
MU,Mauritius,Savanne District,,,MU-SA,,ChIJWYYletdlfCERd3ZhqgQHJck,2021-03-25,,,,,-73,
MU,Mauritius,Savanne District,,,MU-SA,,ChIJWYYletdlfCERd3ZhqgQHJck,2021-03-26,,,,,-69,
MU,Mauritius,Savanne District,,,MU-SA,,ChIJWYYletdlfCERd3ZhqgQHJck,2021-03-27,,,-69,,-55,
