country_region_code,country_region,sub_region_1,sub_region_2,metro_area,iso_3166_2_code,census_fips_code,place_id,date,retail_and_recreation_percent_change_from_baseline,grocery_and_pharmacy_percent_change_from_baseline,parks_percent_change_from_baseline,transit_stations_percent_change_from_baseline,workplaces_percent_change_from_baseline,residential_percent_change_from_baseline
TG,Togo,,,,,,ChIJGVQYE8HhIxARYJPRGjBbrvo,2021-01-01,-20,7,49,-28,-67,27
TG,Togo,,,,,,ChIJGVQYE8HhIxARYJPRGjBbrvo,2021-01-02,-16,22,52,-6,-25,19
TG,Togo,,,,,,ChIJGVQYE8HhIxARYJPRGjBbrvo,2021-01-03,-7,23,53,6,-6,12
TG,Togo,,,,,,ChIJGVQYE8HhIxARYJPRGjBbrvo,2021-01-04,-8,46,60,17,-1,11
TG,Togo,,,,,,ChIJGVQYE8HhIxARYJPRGjBbrvo,2021-01-05,-5,43,56,17,3,11
TG,Togo,,,,,,ChIJGVQYE8HhIxARYJPRGjBbrvo,2021-01-06,-4,43,57,25,4,12
TG,Togo,,,,,,ChIJGVQYE8HhIxARYJPRGjBbrvo,2021-01-07,-2,45,50,27,2,12
TG,Togo,,,,,,ChIJGVQYE8HhIxARYJPRGjBbrvo,2021-01-08,1,38,51,19,6,10
TG,Togo,,,,,,ChIJGVQYE8HhIxARYJPRGjBbrvo,2021-01-09,3,34,59,12,3,9
TG,Togo,,,,,,ChIJGVQYE8HhIxARYJPRGjBbrvo,2021-01-10,5,14,47,14,-2,9
TG,Togo,,,,,,ChIJGVQYE8HhIxARYJPRGjBbrvo,2021-01-11,-2,34,56,25,3,8
TG,Togo,,,,,,ChIJGVQYE8HhIxARYJPRGjBbrvo,2021-01-12,-1,31,46,21,4,8
TG,Togo,,,,,,ChIJGVQYE8HhIxARYJPRGjBbrvo,2021-01-13,-6,24,43,19,0,8
TG,Togo,,,,,,ChIJGVQYE8HhIxARYJPRGjBbrvo,2021-01-14,-9,20,37,21,-7,9
TG,Togo,,,,,,ChIJGVQYE8HhIxARYJPRGjBbrvo,2021-01-15,-10,15,34,7,-7,8
TG,Togo,,,,,,ChIJGVQYE8HhIxARYJPRGjBbrvo,2021-01-16,-12,10,36,-3,-12,8
TG,Togo,,,,,,ChIJGVQYE8HhIxARYJPRGjBbrvo,2021-01-17,-12,-8,27,-5,-17,10
TG,Togo,,,,,,ChIJGVQYE8HhIxARYJPRGjBbrvo,2021-01-18,-14,13,35,10,-10,9
TG,Togo,,,,,,ChIJGVQYE8HhIxARYJPRGjBbrvo,2021-01-19,-13,14,36,4,-8,9
TG,Togo,,,,,,ChIJGVQYE8HhIxARYJPRGjBbrvo,2021-01-20,-13,12,37,2,-8,10
TG,Togo,,,,,,ChIJGVQYE8HhIxARYJPRGjBbrvo,2021-01-21,-11,16,34,10,-8,11
TG,Togo,,,,,,ChIJGVQYE8HhIxARYJPRGjBbrvo,2021-01-22,-9,16,30,5,-5,10
TG,Togo,,,,,,ChIJGVQYE8HhIxARYJPRGjBbrvo,2021-01-23,-9,16,37,-1,-6,10
TG,Togo,,,,,,ChIJGVQYE8HhIxARYJPRGjBbrvo,2021-01-24,-8,0,30,3,-13,11
TG,Togo,,,,,,ChIJGVQYE8HhIxARYJPRGjBbrvo,2021-01-25,-11,20,42,10,-5,9
TG,Togo,,,,,,ChIJGVQYE8HhIxARYJPRGjBbrvo,2021-01-26,-11,16,36,4,-4,10
TG,Togo,,,,,,ChIJGVQYE8HhIxARYJPRGjBbrvo,2021-01-27,-9,17,38,4,-4,10
TG,Togo,,,,,,ChIJGVQYE8HhIxARYJPRGjBbrvo,2021-01-28,-7,24,36,17,-5,10
TG,Togo,,,,,,ChIJGVQYE8HhIxARYJPRGjBbrvo,2021-01-29,-6,26,40,10,-2,7
TG,Togo,,,,,,ChIJGVQYE8HhIxARYJPRGjBbrvo,2021-01-30,-3,27,52,7,-5,5
TG,Togo,,,,,,ChIJGVQYE8HhIxARYJPRGjBbrvo,2021-01-31,-5,16,42,7,-15,6
TG,Togo,,,,,,ChIJGVQYE8HhIxARYJPRGjBbrvo,2021-02-01,-8,33,53,9,-5,4
TG,Togo,,,,,,ChIJGVQYE8HhIxARYJPRGjBbrvo,2021-02-02,-6,34,55,9,-4,3
TG,Togo,,,,,,ChIJGVQYE8HhIxARYJPRGjBbrvo,2021-02-03,-9,28,45,4,-6,5
TG,Togo,,,,,,ChIJGVQYE8HhIxARYJPRGjBbrvo,2021-02-04,-9,32,46,14,-10,4
TG,Togo,,,,,,ChIJGVQYE8HhIxARYJPRGjBbrvo,2021-02-05,-7,29,45,6,-7,2
TG,Togo,,,,,,ChIJGVQYE8HhIxARYJPRGjBbrvo,2021-02-06,-7,24,53,0,-11,3
TG,Togo,,,,,,ChIJGVQYE8HhIxARYJPRGjBbrvo,2021-02-07,-10,12,41,0,-18,4
TG,Togo,,,,,,ChIJGVQYE8HhIxARYJPRGjBbrvo,2021-02-08,-11,31,48,9,-11,3
TG,Togo,,,,,,ChIJGVQYE8HhIxARYJPRGjBbrvo,2021-02-09,-8,32,46,5,-7,2
TG,Togo,,,,,,ChIJGVQYE8HhIxARYJPRGjBbrvo,2021-02-10,-9,31,44,4,-8,2
TG,Togo,,,,,,ChIJGVQYE8HhIxARYJPRGjBbrvo,2021-02-11,-5,34,39,9,-9,3
TG,Togo,,,,,,ChIJGVQYE8HhIxARYJPRGjBbrvo,2021-02-12,-7,28,32,2,-7,2
TG,Togo,,,,,,ChIJGVQYE8HhIxARYJPRGjBbrvo,2021-02-13,-4,27,47,-4,-10,0
TG,Togo,,,,,,ChIJGVQYE8HhIxARYJPRGjBbrvo,2021-02-14,2,11,40,-3,-16,1
TG,Togo,,,,,,ChIJGVQYE8HhIxARYJPRGjBbrvo,2021-02-15,-10,27,37,1,-8,1
TG,Togo,,,,,,ChIJGVQYE8HhIxARYJPRGjBbrvo,2021-02-16,-7,30,34,-4,-7,1
TG,Togo,,,,,,ChIJGVQYE8HhIxARYJPRGjBbrvo,2021-02-17,-9,27,35,-7,-6,1
TG,Togo,,,,,,ChIJGVQYE8HhIxARYJPRGjBbrvo,2021-02-18,-6,30,30,7,-8,2
TG,Togo,,,,,,ChIJGVQYE8HhIxARYJPRGjBbrvo,2021-02-19,-4,29,36,2,-4,1
TG,Togo,,,,,,ChIJGVQYE8HhIxARYJPRGjBbrvo,2021-02-20,-5,25,43,-2,-8,0
TG,Togo,,,,,,ChIJGVQYE8HhIxARYJPRGjBbrvo,2021-02-21,-5,11,38,-7,-15,2
TG,Togo,,,,,,ChIJGVQYE8HhIxARYJPRGjBbrvo,2021-02-22,-9,28,35,3,-6,2
TG,Togo,,,,,,ChIJGVQYE8HhIxARYJPRGjBbrvo,2021-02-23,-5,30,38,-3,-5,1
TG,Togo,,,,,,ChIJGVQYE8HhIxARYJPRGjBbrvo,2021-02-24,-6,29,35,2,-4,2
TG,Togo,,,,,,ChIJGVQYE8HhIxARYJPRGjBbrvo,2021-02-25,-4,34,35,9,-6,3
TG,Togo,,,,,,ChIJGVQYE8HhIxARYJPRGjBbrvo,2021-02-26,0,35,35,3,-1,1
TG,Togo,,,,,,ChIJGVQYE8HhIxARYJPRGjBbrvo,2021-02-27,2,32,51,4,-6,0
TG,Togo,,,,,,ChIJGVQYE8HhIxARYJPRGjBbrvo,2021-02-28,2,18,42,0,-12,1
TG,Togo,,,,,,ChIJGVQYE8HhIxARYJPRGjBbrvo,2021-03-01,-3,36,43,4,-4,0
TG,Togo,,,,,,ChIJGVQYE8HhIxARYJPRGjBbrvo,2021-03-02,-1,37,46,4,-3,0
TG,Togo,,,,,,ChIJGVQYE8HhIxARYJPRGjBbrvo,2021-03-03,0,37,40,3,-4,1
TG,Togo,,,,,,ChIJGVQYE8HhIxARYJPRGjBbrvo,2021-03-04,0,38,39,12,-6,2
TG,Togo,,,,,,ChIJGVQYE8HhIxARYJPRGjBbrvo,2021-03-05,1,35,43,10,-3,1
TG,Togo,,,,,,ChIJGVQYE8HhIxARYJPRGjBbrvo,2021-03-06,3,32,54,0,-7,0
TG,Togo,,,,,,ChIJGVQYE8HhIxARYJPRGjBbrvo,2021-03-07,-3,10,36,-6,-17,-1
TG,Togo,,,,,,ChIJGVQYE8HhIxARYJPRGjBbrvo,2021-03-08,1,37,51,6,-4,-1
TG,Togo,,,,,,ChIJGVQYE8HhIxARYJPRGjBbrvo,2021-03-09,0,38,46,0,-3,0
TG,Togo,,,,,,ChIJGVQYE8HhIxARYJPRGjBbrvo,2021-03-10,1,37,45,3,-3,1
TG,Togo,,,,,,ChIJGVQYE8HhIxARYJPRGjBbrvo,2021-03-11,1,37,40,11,-5,2
TG,Togo,,,,,,ChIJGVQYE8HhIxARYJPRGjBbrvo,2021-03-12,3,38,43,8,0,1
TG,Togo,,,,,,ChIJGVQYE8HhIxARYJPRGjBbrvo,2021-03-13,2,33,53,1,-6,1
TG,Togo,,,,,,ChIJGVQYE8HhIxARYJPRGjBbrvo,2021-03-14,-5,9,33,-1,-14,5
TG,Togo,,,,,,ChIJGVQYE8HhIxARYJPRGjBbrvo,2021-03-15,1,42,54,9,-2,1
TG,Togo,,,,,,ChIJGVQYE8HhIxARYJPRGjBbrvo,2021-03-16,2,40,52,0,-2,0
TG,Togo,,,,,,ChIJGVQYE8HhIxARYJPRGjBbrvo,2021-03-17,0,37,46,2,-2,1
TG,Togo,,,,,,ChIJGVQYE8HhIxARYJPRGjBbrvo,2021-03-18,1,41,44,12,-3,3
TG,Togo,,,,,,ChIJGVQYE8HhIxARYJPRGjBbrvo,2021-03-19,4,43,47,3,2,1
TG,Togo,,,,,,ChIJGVQYE8HhIxARYJPRGjBbrvo,2021-03-20,5,41,63,-1,-2,-1
TG,Togo,,,,,,ChIJGVQYE8HhIxARYJPRGjBbrvo,2021-03-21,5,24,52,1,-9,0
TG,Togo,,,,,,ChIJGVQYE8HhIxARYJPRGjBbrvo,2021-03-22,-1,41,51,2,0,1
TG,Togo,,,,,,ChIJGVQYE8HhIxARYJPRGjBbrvo,2021-03-23,-6,31,40,-3,-1,3
TG,Togo,,,,,,ChIJGVQYE8HhIxARYJPRGjBbrvo,2021-03-24,-3,40,46,-1,-1,3
TG,Togo,,,,,,ChIJGVQYE8HhIxARYJPRGjBbrvo,2021-03-25,4,48,54,8,-2,2
TG,Togo,,,,,,ChIJGVQYE8HhIxARYJPRGjBbrvo,2021-03-26,3,46,52,5,2,1
TG,Togo,,,,,,ChIJGVQYE8HhIxARYJPRGjBbrvo,2021-03-27,6,43,70,-1,-2,0
TG,Togo,Centrale Region,,,TG-C,,ChIJoaGBl-44KRARH1aDFViHrTU,2021-01-01,,,,,-52,
TG,Togo,Centrale Region,,,TG-C,,ChIJoaGBl-44KRARH1aDFViHrTU,2021-01-21,,,,,-35,
TG,Togo,Centrale Region,,,TG-C,,ChIJoaGBl-44KRARH1aDFViHrTU,2021-02-04,,,,,-37,
TG,Togo,Centrale Region,,,TG-C,,ChIJoaGBl-44KRARH1aDFViHrTU,2021-02-08,,,,,-35,
TG,Togo,Centrale Region,,,TG-C,,ChIJoaGBl-44KRARH1aDFViHrTU,2021-02-11,,,,,-35,
TG,Togo,Centrale Region,,,TG-C,,ChIJoaGBl-44KRARH1aDFViHrTU,2021-02-15,,,,,-35,
TG,Togo,Centrale Region,,,TG-C,,ChIJoaGBl-44KRARH1aDFViHrTU,2021-02-22,,,,,-40,
TG,Togo,Centrale Region,,,TG-C,,ChIJoaGBl-44KRARH1aDFViHrTU,2021-02-25,,,,,-41,
TG,Togo,Centrale Region,,,TG-C,,ChIJoaGBl-44KRARH1aDFViHrTU,2021-03-01,,,,,-39,
TG,Togo,Centrale Region,,,TG-C,,ChIJoaGBl-44KRARH1aDFViHrTU,2021-03-08,,,,,-34,
TG,Togo,Centrale Region,,,TG-C,,ChIJoaGBl-44KRARH1aDFViHrTU,2021-03-11,,,,,-39,
TG,Togo,Centrale Region,,,TG-C,,ChIJoaGBl-44KRARH1aDFViHrTU,2021-03-15,,,,,-35,
TG,Togo,Centrale Region,,,TG-C,,ChIJoaGBl-44KRARH1aDFViHrTU,2021-03-18,,,,,-39,
TG,Togo,Centrale Region,,,TG-C,,ChIJoaGBl-44KRARH1aDFViHrTU,2021-03-25,,,,,-35,
TG,Togo,Kara Region,,,TG-K,,ChIJ4w5uoDm5KxARwKuo2t0Tp5k,2021-01-01,,,,,-65,
TG,Togo,Kara Region,,,TG-K,,ChIJ4w5uoDm5KxARwKuo2t0Tp5k,2021-01-02,,,,,-32,
TG,Togo,Kara Region,,,TG-K,,ChIJ4w5uoDm5KxARwKuo2t0Tp5k,2021-01-04,,,,,-27,
TG,Togo,Kara Region,,,TG-K,,ChIJ4w5uoDm5KxARwKuo2t0Tp5k,2021-01-05,,,,,-27,
TG,Togo,Kara Region,,,TG-K,,ChIJ4w5uoDm5KxARwKuo2t0Tp5k,2021-01-06,,,,,-23,
TG,Togo,Kara Region,,,TG-K,,ChIJ4w5uoDm5KxARwKuo2t0Tp5k,2021-01-07,,,,,-24,
TG,Togo,Kara Region,,,TG-K,,ChIJ4w5uoDm5KxARwKuo2t0Tp5k,2021-01-08,,,,,-21,
TG,Togo,Kara Region,,,TG-K,,ChIJ4w5uoDm5KxARwKuo2t0Tp5k,2021-01-09,,,,,-17,
TG,Togo,Kara Region,,,TG-K,,ChIJ4w5uoDm5KxARwKuo2t0Tp5k,2021-01-11,,,,,-27,
TG,Togo,Kara Region,,,TG-K,,ChIJ4w5uoDm5KxARwKuo2t0Tp5k,2021-01-12,,,,,-31,
TG,Togo,Kara Region,,,TG-K,,ChIJ4w5uoDm5KxARwKuo2t0Tp5k,2021-01-13,,,,,-26,
TG,Togo,Kara Region,,,TG-K,,ChIJ4w5uoDm5KxARwKuo2t0Tp5k,2021-01-14,,,,,-38,
TG,Togo,Kara Region,,,TG-K,,ChIJ4w5uoDm5KxARwKuo2t0Tp5k,2021-01-15,,,,,-33,
TG,Togo,Kara Region,,,TG-K,,ChIJ4w5uoDm5KxARwKuo2t0Tp5k,2021-01-16,,,,,-24,
TG,Togo,Kara Region,,,TG-K,,ChIJ4w5uoDm5KxARwKuo2t0Tp5k,2021-01-18,,,,,-34,
TG,Togo,Kara Region,,,TG-K,,ChIJ4w5uoDm5KxARwKuo2t0Tp5k,2021-01-19,,,,,-34,
TG,Togo,Kara Region,,,TG-K,,ChIJ4w5uoDm5KxARwKuo2t0Tp5k,2021-01-20,,,,,-34,
TG,Togo,Kara Region,,,TG-K,,ChIJ4w5uoDm5KxARwKuo2t0Tp5k,2021-01-21,,,,,-29,
TG,Togo,Kara Region,,,TG-K,,ChIJ4w5uoDm5KxARwKuo2t0Tp5k,2021-01-22,,,,,-29,
TG,Togo,Kara Region,,,TG-K,,ChIJ4w5uoDm5KxARwKuo2t0Tp5k,2021-01-23,,,,,-16,
TG,Togo,Kara Region,,,TG-K,,ChIJ4w5uoDm5KxARwKuo2t0Tp5k,2021-01-25,,,,,-33,
TG,Togo,Kara Region,,,TG-K,,ChIJ4w5uoDm5KxARwKuo2t0Tp5k,2021-01-26,,,,,-33,
TG,Togo,Kara Region,,,TG-K,,ChIJ4w5uoDm5KxARwKuo2t0Tp5k,2021-01-27,,,,,-26,
TG,Togo,Kara Region,,,TG-K,,ChIJ4w5uoDm5KxARwKuo2t0Tp5k,2021-01-28,,,,,-34,
TG,Togo,Kara Region,,,TG-K,,ChIJ4w5uoDm5KxARwKuo2t0Tp5k,2021-01-29,,,,,-29,
TG,Togo,Kara Region,,,TG-K,,ChIJ4w5uoDm5KxARwKuo2t0Tp5k,2021-01-30,,,,,-27,
TG,Togo,Kara Region,,,TG-K,,ChIJ4w5uoDm5KxARwKuo2t0Tp5k,2021-02-01,,,,,-31,
TG,Togo,Kara Region,,,TG-K,,ChIJ4w5uoDm5KxARwKuo2t0Tp5k,2021-02-02,,,,,-26,
TG,Togo,Kara Region,,,TG-K,,ChIJ4w5uoDm5KxARwKuo2t0Tp5k,2021-02-03,,,,,-28,
TG,Togo,Kara Region,,,TG-K,,ChIJ4w5uoDm5KxARwKuo2t0Tp5k,2021-02-04,,,,,-34,
TG,Togo,Kara Region,,,TG-K,,ChIJ4w5uoDm5KxARwKuo2t0Tp5k,2021-02-05,,,,,-31,
TG,Togo,Kara Region,,,TG-K,,ChIJ4w5uoDm5KxARwKuo2t0Tp5k,2021-02-06,,,,,-23,
TG,Togo,Kara Region,,,TG-K,,ChIJ4w5uoDm5KxARwKuo2t0Tp5k,2021-02-08,,,,,-34,
TG,Togo,Kara Region,,,TG-K,,ChIJ4w5uoDm5KxARwKuo2t0Tp5k,2021-02-09,,,,,-28,
TG,Togo,Kara Region,,,TG-K,,ChIJ4w5uoDm5KxARwKuo2t0Tp5k,2021-02-10,,,,,-31,
TG,Togo,Kara Region,,,TG-K,,ChIJ4w5uoDm5KxARwKuo2t0Tp5k,2021-02-11,,,,,-34,
TG,Togo,Kara Region,,,TG-K,,ChIJ4w5uoDm5KxARwKuo2t0Tp5k,2021-02-12,,,,,-31,
TG,Togo,Kara Region,,,TG-K,,ChIJ4w5uoDm5KxARwKuo2t0Tp5k,2021-02-13,,,,,-30,
TG,Togo,Kara Region,,,TG-K,,ChIJ4w5uoDm5KxARwKuo2t0Tp5k,2021-02-15,,,,,-32,
TG,Togo,Kara Region,,,TG-K,,ChIJ4w5uoDm5KxARwKuo2t0Tp5k,2021-02-16,,,,,-32,
TG,Togo,Kara Region,,,TG-K,,ChIJ4w5uoDm5KxARwKuo2t0Tp5k,2021-02-17,,,,,-33,
TG,Togo,Kara Region,,,TG-K,,ChIJ4w5uoDm5KxARwKuo2t0Tp5k,2021-02-18,,,,,-33,
TG,Togo,Kara Region,,,TG-K,,ChIJ4w5uoDm5KxARwKuo2t0Tp5k,2021-02-19,,,,,-27,
TG,Togo,Kara Region,,,TG-K,,ChIJ4w5uoDm5KxARwKuo2t0Tp5k,2021-02-20,,,,,-21,
TG,Togo,Kara Region,,,TG-K,,ChIJ4w5uoDm5KxARwKuo2t0Tp5k,2021-02-22,,,,,-32,
TG,Togo,Kara Region,,,TG-K,,ChIJ4w5uoDm5KxARwKuo2t0Tp5k,2021-02-23,,,,,-33,
TG,Togo,Kara Region,,,TG-K,,ChIJ4w5uoDm5KxARwKuo2t0Tp5k,2021-02-24,,,,,-32,
TG,Togo,Kara Region,,,TG-K,,ChIJ4w5uoDm5KxARwKuo2t0Tp5k,2021-02-25,,,,,-33,
TG,Togo,Kara Region,,,TG-K,,ChIJ4w5uoDm5KxARwKuo2t0Tp5k,2021-02-26,,,,,-28,
TG,Togo,Kara Region,,,TG-K,,ChIJ4w5uoDm5KxARwKuo2t0Tp5k,2021-02-27,,,,,-24,
TG,Togo,Kara Region,,,TG-K,,ChIJ4w5uoDm5KxARwKuo2t0Tp5k,2021-03-01,,,,,-32,
TG,Togo,Kara Region,,,TG-K,,ChIJ4w5uoDm5KxARwKuo2t0Tp5k,2021-03-02,,,,,-34,
TG,Togo,Kara Region,,,TG-K,,ChIJ4w5uoDm5KxARwKuo2t0Tp5k,2021-03-03,,,,,-28,
TG,Togo,Kara Region,,,TG-K,,ChIJ4w5uoDm5KxARwKuo2t0Tp5k,2021-03-04,,,,,-31,
TG,Togo,Kara Region,,,TG-K,,ChIJ4w5uoDm5KxARwKuo2t0Tp5k,2021-03-05,,,,,-26,
TG,Togo,Kara Region,,,TG-K,,ChIJ4w5uoDm5KxARwKuo2t0Tp5k,2021-03-06,,,,,-27,
TG,Togo,Kara Region,,,TG-K,,ChIJ4w5uoDm5KxARwKuo2t0Tp5k,2021-03-08,,,,,-24,
TG,Togo,Kara Region,,,TG-K,,ChIJ4w5uoDm5KxARwKuo2t0Tp5k,2021-03-09,,,,,-28,
TG,Togo,Kara Region,,,TG-K,,ChIJ4w5uoDm5KxARwKuo2t0Tp5k,2021-03-10,,,,,-24,
TG,Togo,Kara Region,,,TG-K,,ChIJ4w5uoDm5KxARwKuo2t0Tp5k,2021-03-11,,,,,-31,
TG,Togo,Kara Region,,,TG-K,,ChIJ4w5uoDm5KxARwKuo2t0Tp5k,2021-03-12,,,,,-26,
TG,Togo,Kara Region,,,TG-K,,ChIJ4w5uoDm5KxARwKuo2t0Tp5k,2021-03-13,,,,,-28,
TG,Togo,Kara Region,,,TG-K,,ChIJ4w5uoDm5KxARwKuo2t0Tp5k,2021-03-15,,,,,-30,
TG,Togo,Kara Region,,,TG-K,,ChIJ4w5uoDm5KxARwKuo2t0Tp5k,2021-03-16,,,,,-29,
TG,Togo,Kara Region,,,TG-K,,ChIJ4w5uoDm5KxARwKuo2t0Tp5k,2021-03-17,,,,,-28,
TG,Togo,Kara Region,,,TG-K,,ChIJ4w5uoDm5KxARwKuo2t0Tp5k,2021-03-18,,,,,-32,
TG,Togo,Kara Region,,,TG-K,,ChIJ4w5uoDm5KxARwKuo2t0Tp5k,2021-03-19,,,,,-26,
TG,Togo,Kara Region,,,TG-K,,ChIJ4w5uoDm5KxARwKuo2t0Tp5k,2021-03-20,,,,,-28,
TG,Togo,Kara Region,,,TG-K,,ChIJ4w5uoDm5KxARwKuo2t0Tp5k,2021-03-22,,,,,-26,
TG,Togo,Kara Region,,,TG-K,,ChIJ4w5uoDm5KxARwKuo2t0Tp5k,2021-03-23,,,,,-26,
TG,Togo,Kara Region,,,TG-K,,ChIJ4w5uoDm5KxARwKuo2t0Tp5k,2021-03-24,,,,,-24,
TG,Togo,Kara Region,,,TG-K,,ChIJ4w5uoDm5KxARwKuo2t0Tp5k,2021-03-25,,,,,-25,
TG,Togo,Kara Region,,,TG-K,,ChIJ4w5uoDm5KxARwKuo2t0Tp5k,2021-03-26,,,,,-24,
TG,Togo,Kara Region,,,TG-K,,ChIJ4w5uoDm5KxARwKuo2t0Tp5k,2021-03-27,,,,,-19,
TG,Togo,Maritime Region,,,TG-M,,ChIJ4Ygox3ECJBARUynQ6N9HCLA,2021-01-01,-23,6,73,-28,-69,28
TG,Togo,Maritime Region,,,TG-M,,ChIJ4Ygox3ECJBARUynQ6N9HCLA,2021-01-02,-17,20,82,-4,-26,20
TG,Togo,Maritime Region,,,TG-M,,ChIJ4Ygox3ECJBARUynQ6N9HCLA,2021-01-03,-9,22,75,9,-5,12
TG,Togo,Maritime Region,,,TG-M,,ChIJ4Ygox3ECJBARUynQ6N9HCLA,2021-01-04,-9,45,102,17,1,12
TG,Togo,Maritime Region,,,TG-M,,ChIJ4Ygox3ECJBARUynQ6N9HCLA,2021-01-05,-6,42,99,18,1,11
TG,Togo,Maritime Region,,,TG-M,,ChIJ4Ygox3ECJBARUynQ6N9HCLA,2021-01-06,-4,43,90,25,5,12
TG,Togo,Maritime Region,,,TG-M,,ChIJ4Ygox3ECJBARUynQ6N9HCLA,2021-01-07,-3,43,83,31,5,12
TG,Togo,Maritime Region,,,TG-M,,ChIJ4Ygox3ECJBARUynQ6N9HCLA,2021-01-08,-1,38,77,21,6,10
TG,Togo,Maritime Region,,,TG-M,,ChIJ4Ygox3ECJBARUynQ6N9HCLA,2021-01-09,3,33,92,15,4,9
TG,Togo,Maritime Region,,,TG-M,,ChIJ4Ygox3ECJBARUynQ6N9HCLA,2021-01-10,3,13,67,16,0,9
TG,Togo,Maritime Region,,,TG-M,,ChIJ4Ygox3ECJBARUynQ6N9HCLA,2021-01-11,-2,33,87,26,6,9
TG,Togo,Maritime Region,,,TG-M,,ChIJ4Ygox3ECJBARUynQ6N9HCLA,2021-01-12,-2,30,78,25,2,8
TG,Togo,Maritime Region,,,TG-M,,ChIJ4Ygox3ECJBARUynQ6N9HCLA,2021-01-13,-6,24,68,19,2,8
TG,Togo,Maritime Region,,,TG-M,,ChIJ4Ygox3ECJBARUynQ6N9HCLA,2021-01-14,-10,19,60,23,-4,9
TG,Togo,Maritime Region,,,TG-M,,ChIJ4Ygox3ECJBARUynQ6N9HCLA,2021-01-15,-12,14,49,6,-8,8
TG,Togo,Maritime Region,,,TG-M,,ChIJ4Ygox3ECJBARUynQ6N9HCLA,2021-01-16,-13,8,57,-1,-11,8
TG,Togo,Maritime Region,,,TG-M,,ChIJ4Ygox3ECJBARUynQ6N9HCLA,2021-01-17,-13,-8,41,-1,-16,10
TG,Togo,Maritime Region,,,TG-M,,ChIJ4Ygox3ECJBARUynQ6N9HCLA,2021-01-18,-15,11,60,13,-8,9
TG,Togo,Maritime Region,,,TG-M,,ChIJ4Ygox3ECJBARUynQ6N9HCLA,2021-01-19,-14,13,64,7,-9,9
TG,Togo,Maritime Region,,,TG-M,,ChIJ4Ygox3ECJBARUynQ6N9HCLA,2021-01-20,-13,12,59,0,-6,10
TG,Togo,Maritime Region,,,TG-M,,ChIJ4Ygox3ECJBARUynQ6N9HCLA,2021-01-21,-12,15,58,12,-6,11
TG,Togo,Maritime Region,,,TG-M,,ChIJ4Ygox3ECJBARUynQ6N9HCLA,2021-01-22,-11,15,45,7,-5,9
TG,Togo,Maritime Region,,,TG-M,,ChIJ4Ygox3ECJBARUynQ6N9HCLA,2021-01-23,-9,14,59,0,-5,10
TG,Togo,Maritime Region,,,TG-M,,ChIJ4Ygox3ECJBARUynQ6N9HCLA,2021-01-24,-8,0,43,4,-12,11
TG,Togo,Maritime Region,,,TG-M,,ChIJ4Ygox3ECJBARUynQ6N9HCLA,2021-01-25,-12,20,68,10,-3,10
TG,Togo,Maritime Region,,,TG-M,,ChIJ4Ygox3ECJBARUynQ6N9HCLA,2021-01-26,-11,15,61,4,-6,9
TG,Togo,Maritime Region,,,TG-M,,ChIJ4Ygox3ECJBARUynQ6N9HCLA,2021-01-27,-9,16,58,2,-3,10
TG,Togo,Maritime Region,,,TG-M,,ChIJ4Ygox3ECJBARUynQ6N9HCLA,2021-01-28,-8,21,60,16,-2,10
TG,Togo,Maritime Region,,,TG-M,,ChIJ4Ygox3ECJBARUynQ6N9HCLA,2021-01-29,-8,24,59,10,-2,7
TG,Togo,Maritime Region,,,TG-M,,ChIJ4Ygox3ECJBARUynQ6N9HCLA,2021-01-30,-4,25,80,6,-4,5
TG,Togo,Maritime Region,,,TG-M,,ChIJ4Ygox3ECJBARUynQ6N9HCLA,2021-01-31,-6,15,62,7,-13,6
TG,Togo,Maritime Region,,,TG-M,,ChIJ4Ygox3ECJBARUynQ6N9HCLA,2021-02-01,-8,33,87,6,-3,5
TG,Togo,Maritime Region,,,TG-M,,ChIJ4Ygox3ECJBARUynQ6N9HCLA,2021-02-02,-7,33,94,7,-6,3
TG,Togo,Maritime Region,,,TG-M,,ChIJ4Ygox3ECJBARUynQ6N9HCLA,2021-02-03,-9,27,77,0,-5,4
TG,Togo,Maritime Region,,,TG-M,,ChIJ4Ygox3ECJBARUynQ6N9HCLA,2021-02-04,-9,30,79,13,-7,4
TG,Togo,Maritime Region,,,TG-M,,ChIJ4Ygox3ECJBARUynQ6N9HCLA,2021-02-05,-9,28,66,4,-7,2
TG,Togo,Maritime Region,,,TG-M,,ChIJ4Ygox3ECJBARUynQ6N9HCLA,2021-02-06,-7,22,83,-1,-10,2
TG,Togo,Maritime Region,,,TG-M,,ChIJ4Ygox3ECJBARUynQ6N9HCLA,2021-02-07,-11,12,60,-1,-16,3
TG,Togo,Maritime Region,,,TG-M,,ChIJ4Ygox3ECJBARUynQ6N9HCLA,2021-02-08,-11,31,78,7,-9,3
TG,Togo,Maritime Region,,,TG-M,,ChIJ4Ygox3ECJBARUynQ6N9HCLA,2021-02-09,-9,32,84,4,-8,2
TG,Togo,Maritime Region,,,TG-M,,ChIJ4Ygox3ECJBARUynQ6N9HCLA,2021-02-10,-8,30,70,0,-6,2
TG,Togo,Maritime Region,,,TG-M,,ChIJ4Ygox3ECJBARUynQ6N9HCLA,2021-02-11,-6,32,70,10,-6,2
TG,Togo,Maritime Region,,,TG-M,,ChIJ4Ygox3ECJBARUynQ6N9HCLA,2021-02-12,-9,27,59,-2,-7,2
TG,Togo,Maritime Region,,,TG-M,,ChIJ4Ygox3ECJBARUynQ6N9HCLA,2021-02-13,-4,25,84,-5,-8,0
TG,Togo,Maritime Region,,,TG-M,,ChIJ4Ygox3ECJBARUynQ6N9HCLA,2021-02-14,2,10,68,-5,-13,1
TG,Togo,Maritime Region,,,TG-M,,ChIJ4Ygox3ECJBARUynQ6N9HCLA,2021-02-15,-10,27,77,0,-5,1
TG,Togo,Maritime Region,,,TG-M,,ChIJ4Ygox3ECJBARUynQ6N9HCLA,2021-02-16,-8,30,73,-6,-7,1
TG,Togo,Maritime Region,,,TG-M,,ChIJ4Ygox3ECJBARUynQ6N9HCLA,2021-02-17,-9,27,72,-9,-4,1
TG,Togo,Maritime Region,,,TG-M,,ChIJ4Ygox3ECJBARUynQ6N9HCLA,2021-02-18,-7,28,68,6,-5,2
TG,Togo,Maritime Region,,,TG-M,,ChIJ4Ygox3ECJBARUynQ6N9HCLA,2021-02-19,-6,28,65,0,-4,1
TG,Togo,Maritime Region,,,TG-M,,ChIJ4Ygox3ECJBARUynQ6N9HCLA,2021-02-20,-5,23,82,-2,-7,0
TG,Togo,Maritime Region,,,TG-M,,ChIJ4Ygox3ECJBARUynQ6N9HCLA,2021-02-21,-6,10,67,-8,-13,1
TG,Togo,Maritime Region,,,TG-M,,ChIJ4Ygox3ECJBARUynQ6N9HCLA,2021-02-22,-9,26,68,1,-4,1
TG,Togo,Maritime Region,,,TG-M,,ChIJ4Ygox3ECJBARUynQ6N9HCLA,2021-02-23,-6,30,76,-5,-6,1
TG,Togo,Maritime Region,,,TG-M,,ChIJ4Ygox3ECJBARUynQ6N9HCLA,2021-02-24,-6,29,67,-1,-2,2
TG,Togo,Maritime Region,,,TG-M,,ChIJ4Ygox3ECJBARUynQ6N9HCLA,2021-02-25,-6,32,71,8,-3,3
TG,Togo,Maritime Region,,,TG-M,,ChIJ4Ygox3ECJBARUynQ6N9HCLA,2021-02-26,-3,33,60,-1,-1,1
TG,Togo,Maritime Region,,,TG-M,,ChIJ4Ygox3ECJBARUynQ6N9HCLA,2021-02-27,1,31,83,0,-5,0
TG,Togo,Maritime Region,,,TG-M,,ChIJ4Ygox3ECJBARUynQ6N9HCLA,2021-02-28,0,17,66,-2,-9,1
TG,Togo,Maritime Region,,,TG-M,,ChIJ4Ygox3ECJBARUynQ6N9HCLA,2021-03-01,-3,36,82,1,-1,0
TG,Togo,Maritime Region,,,TG-M,,ChIJ4Ygox3ECJBARUynQ6N9HCLA,2021-03-02,-2,37,94,2,-3,0
TG,Togo,Maritime Region,,,TG-M,,ChIJ4Ygox3ECJBARUynQ6N9HCLA,2021-03-03,0,36,76,-3,-2,1
TG,Togo,Maritime Region,,,TG-M,,ChIJ4Ygox3ECJBARUynQ6N9HCLA,2021-03-04,-1,37,80,8,-3,2
TG,Togo,Maritime Region,,,TG-M,,ChIJ4Ygox3ECJBARUynQ6N9HCLA,2021-03-05,-1,34,71,6,-2,0
TG,Togo,Maritime Region,,,TG-M,,ChIJ4Ygox3ECJBARUynQ6N9HCLA,2021-03-06,3,31,94,-3,-6,-1
TG,Togo,Maritime Region,,,TG-M,,ChIJ4Ygox3ECJBARUynQ6N9HCLA,2021-03-07,-4,9,60,-8,-15,-2
TG,Togo,Maritime Region,,,TG-M,,ChIJ4Ygox3ECJBARUynQ6N9HCLA,2021-03-08,1,36,97,3,-2,0
TG,Togo,Maritime Region,,,TG-M,,ChIJ4Ygox3ECJBARUynQ6N9HCLA,2021-03-09,-1,37,94,-3,-4,0
TG,Togo,Maritime Region,,,TG-M,,ChIJ4Ygox3ECJBARUynQ6N9HCLA,2021-03-10,2,36,87,-1,-1,1
TG,Togo,Maritime Region,,,TG-M,,ChIJ4Ygox3ECJBARUynQ6N9HCLA,2021-03-11,0,36,78,10,-1,2
TG,Togo,Maritime Region,,,TG-M,,ChIJ4Ygox3ECJBARUynQ6N9HCLA,2021-03-12,1,37,73,6,0,0
TG,Togo,Maritime Region,,,TG-M,,ChIJ4Ygox3ECJBARUynQ6N9HCLA,2021-03-13,1,32,89,-2,-4,1
TG,Togo,Maritime Region,,,TG-M,,ChIJ4Ygox3ECJBARUynQ6N9HCLA,2021-03-14,-7,8,58,-4,-12,5
TG,Togo,Maritime Region,,,TG-M,,ChIJ4Ygox3ECJBARUynQ6N9HCLA,2021-03-15,1,41,103,6,1,1
TG,Togo,Maritime Region,,,TG-M,,ChIJ4Ygox3ECJBARUynQ6N9HCLA,2021-03-16,1,39,105,-4,-2,0
TG,Togo,Maritime Region,,,TG-M,,ChIJ4Ygox3ECJBARUynQ6N9HCLA,2021-03-17,0,36,83,-3,1,1
TG,Togo,Maritime Region,,,TG-M,,ChIJ4Ygox3ECJBARUynQ6N9HCLA,2021-03-18,0,41,86,11,2,3
TG,Togo,Maritime Region,,,TG-M,,ChIJ4Ygox3ECJBARUynQ6N9HCLA,2021-03-19,2,42,78,0,2,1
TG,Togo,Maritime Region,,,TG-M,,ChIJ4Ygox3ECJBARUynQ6N9HCLA,2021-03-20,4,40,104,-3,0,-1
TG,Togo,Maritime Region,,,TG-M,,ChIJ4Ygox3ECJBARUynQ6N9HCLA,2021-03-21,4,22,78,-1,-6,0
TG,Togo,Maritime Region,,,TG-M,,ChIJ4Ygox3ECJBARUynQ6N9HCLA,2021-03-22,-2,40,91,-4,2,2
TG,Togo,Maritime Region,,,TG-M,,ChIJ4Ygox3ECJBARUynQ6N9HCLA,2021-03-23,-7,30,77,-9,-2,3
TG,Togo,Maritime Region,,,TG-M,,ChIJ4Ygox3ECJBARUynQ6N9HCLA,2021-03-24,-2,41,82,-3,2,3
TG,Togo,Maritime Region,,,TG-M,,ChIJ4Ygox3ECJBARUynQ6N9HCLA,2021-03-25,2,47,96,9,2,2
TG,Togo,Maritime Region,,,TG-M,,ChIJ4Ygox3ECJBARUynQ6N9HCLA,2021-03-26,0,45,87,3,3,1
TG,Togo,Maritime Region,,,TG-M,,ChIJ4Ygox3ECJBARUynQ6N9HCLA,2021-03-27,5,42,111,-2,0,0
TG,Togo,Plateaux Region,,,TG-P,,ChIJM-ARAnwFJhARo8SeORTmZaQ,2021-01-01,,,,,-48,
TG,Togo,Plateaux Region,,,TG-P,,ChIJM-ARAnwFJhARo8SeORTmZaQ,2021-01-02,,,,,-20,
TG,Togo,Plateaux Region,,,TG-P,,ChIJM-ARAnwFJhARo8SeORTmZaQ,2021-01-04,,,,,-15,
TG,Togo,Plateaux Region,,,TG-P,,ChIJM-ARAnwFJhARo8SeORTmZaQ,2021-01-05,,,,,-4,
TG,Togo,Plateaux Region,,,TG-P,,ChIJM-ARAnwFJhARo8SeORTmZaQ,2021-01-06,,,,,-6,
TG,Togo,Plateaux Region,,,TG-P,,ChIJM-ARAnwFJhARo8SeORTmZaQ,2021-01-07,,,,,-8,
TG,Togo,Plateaux Region,,,TG-P,,ChIJM-ARAnwFJhARo8SeORTmZaQ,2021-01-08,,,,,-9,
TG,Togo,Plateaux Region,,,TG-P,,ChIJM-ARAnwFJhARo8SeORTmZaQ,2021-01-09,,,,,-9,
TG,Togo,Plateaux Region,,,TG-P,,ChIJM-ARAnwFJhARo8SeORTmZaQ,2021-01-11,,,,,-8,
TG,Togo,Plateaux Region,,,TG-P,,ChIJM-ARAnwFJhARo8SeORTmZaQ,2021-01-12,,,,,-5,
TG,Togo,Plateaux Region,,,TG-P,,ChIJM-ARAnwFJhARo8SeORTmZaQ,2021-01-13,,,,,-14,
TG,Togo,Plateaux Region,,,TG-P,,ChIJM-ARAnwFJhARo8SeORTmZaQ,2021-01-14,,,,,-14,
TG,Togo,Plateaux Region,,,TG-P,,ChIJM-ARAnwFJhARo8SeORTmZaQ,2021-01-15,,,,,-14,
TG,Togo,Plateaux Region,,,TG-P,,ChIJM-ARAnwFJhARo8SeORTmZaQ,2021-01-16,,,,,-25,
TG,Togo,Plateaux Region,,,TG-P,,ChIJM-ARAnwFJhARo8SeORTmZaQ,2021-01-18,,,,,-21,
TG,Togo,Plateaux Region,,,TG-P,,ChIJM-ARAnwFJhARo8SeORTmZaQ,2021-01-19,,,,,-17,
TG,Togo,Plateaux Region,,,TG-P,,ChIJM-ARAnwFJhARo8SeORTmZaQ,2021-01-20,,,,,-19,
TG,Togo,Plateaux Region,,,TG-P,,ChIJM-ARAnwFJhARo8SeORTmZaQ,2021-01-21,,,,,-18,
TG,Togo,Plateaux Region,,,TG-P,,ChIJM-ARAnwFJhARo8SeORTmZaQ,2021-01-22,,,,,-14,
TG,Togo,Plateaux Region,,,TG-P,,ChIJM-ARAnwFJhARo8SeORTmZaQ,2021-01-23,,,,,-13,
TG,Togo,Plateaux Region,,,TG-P,,ChIJM-ARAnwFJhARo8SeORTmZaQ,2021-01-25,,,,,-16,
TG,Togo,Plateaux Region,,,TG-P,,ChIJM-ARAnwFJhARo8SeORTmZaQ,2021-01-26,,,,,-13,
TG,Togo,Plateaux Region,,,TG-P,,ChIJM-ARAnwFJhARo8SeORTmZaQ,2021-01-27,,,,,-14,
TG,Togo,Plateaux Region,,,TG-P,,ChIJM-ARAnwFJhARo8SeORTmZaQ,2021-01-28,,,,,-13,
TG,Togo,Plateaux Region,,,TG-P,,ChIJM-ARAnwFJhARo8SeORTmZaQ,2021-01-29,,,,,-17,
TG,Togo,Plateaux Region,,,TG-P,,ChIJM-ARAnwFJhARo8SeORTmZaQ,2021-01-30,,,,,-10,
TG,Togo,Plateaux Region,,,TG-P,,ChIJM-ARAnwFJhARo8SeORTmZaQ,2021-02-01,,,,,-20,
TG,Togo,Plateaux Region,,,TG-P,,ChIJM-ARAnwFJhARo8SeORTmZaQ,2021-02-02,,,,,-11,
TG,Togo,Plateaux Region,,,TG-P,,ChIJM-ARAnwFJhARo8SeORTmZaQ,2021-02-03,,,,,-21,
TG,Togo,Plateaux Region,,,TG-P,,ChIJM-ARAnwFJhARo8SeORTmZaQ,2021-02-04,,,,,-24,
TG,Togo,Plateaux Region,,,TG-P,,ChIJM-ARAnwFJhARo8SeORTmZaQ,2021-02-05,,,,,-23,
TG,Togo,Plateaux Region,,,TG-P,,ChIJM-ARAnwFJhARo8SeORTmZaQ,2021-02-06,,,,,-20,
TG,Togo,Plateaux Region,,,TG-P,,ChIJM-ARAnwFJhARo8SeORTmZaQ,2021-02-08,,,,,-25,
TG,Togo,Plateaux Region,,,TG-P,,ChIJM-ARAnwFJhARo8SeORTmZaQ,2021-02-09,,,,,-24,
TG,Togo,Plateaux Region,,,TG-P,,ChIJM-ARAnwFJhARo8SeORTmZaQ,2021-02-10,,,,,-26,
TG,Togo,Plateaux Region,,,TG-P,,ChIJM-ARAnwFJhARo8SeORTmZaQ,2021-02-11,,,,,-22,
TG,Togo,Plateaux Region,,,TG-P,,ChIJM-ARAnwFJhARo8SeORTmZaQ,2021-02-12,,,,,-19,
TG,Togo,Plateaux Region,,,TG-P,,ChIJM-ARAnwFJhARo8SeORTmZaQ,2021-02-13,,,,,-27,
TG,Togo,Plateaux Region,,,TG-P,,ChIJM-ARAnwFJhARo8SeORTmZaQ,2021-02-15,,,,,-31,
TG,Togo,Plateaux Region,,,TG-P,,ChIJM-ARAnwFJhARo8SeORTmZaQ,2021-02-16,,,,,-22,
TG,Togo,Plateaux Region,,,TG-P,,ChIJM-ARAnwFJhARo8SeORTmZaQ,2021-02-17,,,,,-24,
TG,Togo,Plateaux Region,,,TG-P,,ChIJM-ARAnwFJhARo8SeORTmZaQ,2021-02-18,,,,,-21,
TG,Togo,Plateaux Region,,,TG-P,,ChIJM-ARAnwFJhARo8SeORTmZaQ,2021-02-19,,,,,-21,
TG,Togo,Plateaux Region,,,TG-P,,ChIJM-ARAnwFJhARo8SeORTmZaQ,2021-02-20,,,,,-24,
TG,Togo,Plateaux Region,,,TG-P,,ChIJM-ARAnwFJhARo8SeORTmZaQ,2021-02-22,,,,,-24,
TG,Togo,Plateaux Region,,,TG-P,,ChIJM-ARAnwFJhARo8SeORTmZaQ,2021-02-23,,,,,-28,
TG,Togo,Plateaux Region,,,TG-P,,ChIJM-ARAnwFJhARo8SeORTmZaQ,2021-02-24,,,,,-25,
TG,Togo,Plateaux Region,,,TG-P,,ChIJM-ARAnwFJhARo8SeORTmZaQ,2021-02-25,,,,,-22,
TG,Togo,Plateaux Region,,,TG-P,,ChIJM-ARAnwFJhARo8SeORTmZaQ,2021-02-26,,,,,-22,
TG,Togo,Plateaux Region,,,TG-P,,ChIJM-ARAnwFJhARo8SeORTmZaQ,2021-02-27,,,,,-17,
TG,Togo,Plateaux Region,,,TG-P,,ChIJM-ARAnwFJhARo8SeORTmZaQ,2021-03-01,,,,,-24,
TG,Togo,Plateaux Region,,,TG-P,,ChIJM-ARAnwFJhARo8SeORTmZaQ,2021-03-02,,,,,-22,
TG,Togo,Plateaux Region,,,TG-P,,ChIJM-ARAnwFJhARo8SeORTmZaQ,2021-03-03,,,,,-21,
TG,Togo,Plateaux Region,,,TG-P,,ChIJM-ARAnwFJhARo8SeORTmZaQ,2021-03-04,,,,,-21,
TG,Togo,Plateaux Region,,,TG-P,,ChIJM-ARAnwFJhARo8SeORTmZaQ,2021-03-05,,,,,-23,
TG,Togo,Plateaux Region,,,TG-P,,ChIJM-ARAnwFJhARo8SeORTmZaQ,2021-03-06,,,,,-22,
TG,Togo,Plateaux Region,,,TG-P,,ChIJM-ARAnwFJhARo8SeORTmZaQ,2021-03-08,,,,,-27,
TG,Togo,Plateaux Region,,,TG-P,,ChIJM-ARAnwFJhARo8SeORTmZaQ,2021-03-09,,,,,-23,
TG,Togo,Plateaux Region,,,TG-P,,ChIJM-ARAnwFJhARo8SeORTmZaQ,2021-03-10,,,,,-27,
TG,Togo,Plateaux Region,,,TG-P,,ChIJM-ARAnwFJhARo8SeORTmZaQ,2021-03-11,,,,,-25,
TG,Togo,Plateaux Region,,,TG-P,,ChIJM-ARAnwFJhARo8SeORTmZaQ,2021-03-12,,,,,-25,
TG,Togo,Plateaux Region,,,TG-P,,ChIJM-ARAnwFJhARo8SeORTmZaQ,2021-03-13,,,,,-27,
TG,Togo,Plateaux Region,,,TG-P,,ChIJM-ARAnwFJhARo8SeORTmZaQ,2021-03-15,,,,,-26,
TG,Togo,Plateaux Region,,,TG-P,,ChIJM-ARAnwFJhARo8SeORTmZaQ,2021-03-16,,,,,-23,
TG,Togo,Plateaux Region,,,TG-P,,ChIJM-ARAnwFJhARo8SeORTmZaQ,2021-03-17,,,,,-28,
TG,Togo,Plateaux Region,,,TG-P,,ChIJM-ARAnwFJhARo8SeORTmZaQ,2021-03-18,,,,,-22,
TG,Togo,Plateaux Region,,,TG-P,,ChIJM-ARAnwFJhARo8SeORTmZaQ,2021-03-19,,,,,-19,
TG,Togo,Plateaux Region,,,TG-P,,ChIJM-ARAnwFJhARo8SeORTmZaQ,2021-03-20,,,,,-24,
TG,Togo,Plateaux Region,,,TG-P,,ChIJM-ARAnwFJhARo8SeORTmZaQ,2021-03-22,,,,,-23,
TG,Togo,Plateaux Region,,,TG-P,,ChIJM-ARAnwFJhARo8SeORTmZaQ,2021-03-23,,,,,-28,
TG,Togo,Plateaux Region,,,TG-P,,ChIJM-ARAnwFJhARo8SeORTmZaQ,2021-03-24,,,,,-32,
TG,Togo,Plateaux Region,,,TG-P,,ChIJM-ARAnwFJhARo8SeORTmZaQ,2021-03-25,,,,,-23,
TG,Togo,Plateaux Region,,,TG-P,,ChIJM-ARAnwFJhARo8SeORTmZaQ,2021-03-26,,,,,-22,
TG,Togo,Plateaux Region,,,TG-P,,ChIJM-ARAnwFJhARo8SeORTmZaQ,2021-03-27,,,,,-24,
TG,Togo,Savanes Region,,,TG-S,,ChIJM82nCYXSKhARFrfoINH_Vys,2021-02-08,,,,,-38,
TG,Togo,Savanes Region,,,TG-S,,ChIJM82nCYXSKhARFrfoINH_Vys,2021-02-15,,,,,-36,
TG,Togo,Savanes Region,,,TG-S,,ChIJM82nCYXSKhARFrfoINH_Vys,2021-02-16,,,,,-44,
TG,Togo,Savanes Region,,,TG-S,,ChIJM82nCYXSKhARFrfoINH_Vys,2021-02-22,,,,,-35,
TG,Togo,Savanes Region,,,TG-S,,ChIJM82nCYXSKhARFrfoINH_Vys,2021-03-15,,,,,-37,
TG,Togo,Savanes Region,,,TG-S,,ChIJM82nCYXSKhARFrfoINH_Vys,2021-03-17,,,,,-40,
TG,Togo,Savanes Region,,,TG-S,,ChIJM82nCYXSKhARFrfoINH_Vys,2021-03-22,,,,,-37,
