country_region_code,country_region,sub_region_1,sub_region_2,metro_area,iso_3166_2_code,census_fips_code,place_id,date,retail_and_recreation_percent_change_from_baseline,grocery_and_pharmacy_percent_change_from_baseline,parks_percent_change_from_baseline,transit_stations_percent_change_from_baseline,workplaces_percent_change_from_baseline,residential_percent_change_from_baseline
AG,Antigua and Barbuda,,,,,,ChIJwdG4bbluDYwRlHmL4Yg3aic,2021-01-01,-53,-38,65,-71,-75,25
AG,Antigua and Barbuda,,,,,,ChIJwdG4bbluDYwRlHmL4Yg3aic,2021-01-02,-5,0,66,-32,-22,4
AG,Antigua and Barbuda,,,,,,ChIJwdG4bbluDYwRlHmL4Yg3aic,2021-01-03,-11,-6,77,-34,-25,1
AG,Antigua and Barbuda,,,,,,ChIJwdG4bbluDYwRlHmL4Yg3aic,2021-01-04,-5,1,74,-25,-24,3
AG,Antigua and Barbuda,,,,,,ChIJwdG4bbluDYwRlHmL4Yg3aic,2021-01-05,-9,-3,65,-33,-20,3
AG,Antigua and Barbuda,,,,,,ChIJwdG4bbluDYwRlHmL4Yg3aic,2021-01-06,-5,-2,66,-33,-19,3
AG,Antigua and Barbuda,,,,,,ChIJwdG4bbluDYwRlHmL4Yg3aic,2021-01-07,-2,1,63,-32,-20,3
AG,Antigua and Barbuda,,,,,,ChIJwdG4bbluDYwRlHmL4Yg3aic,2021-01-08,-5,-3,61,-30,-17,0
AG,Antigua and Barbuda,,,,,,ChIJwdG4bbluDYwRlHmL4Yg3aic,2021-01-09,-4,1,54,-31,-17,-1
AG,Antigua and Barbuda,,,,,,ChIJwdG4bbluDYwRlHmL4Yg3aic,2021-01-10,-8,-1,68,-42,-22,-2
AG,Antigua and Barbuda,,,,,,ChIJwdG4bbluDYwRlHmL4Yg3aic,2021-01-11,-5,-4,67,-24,-20,-1
AG,Antigua and Barbuda,,,,,,ChIJwdG4bbluDYwRlHmL4Yg3aic,2021-01-12,-13,-12,48,-41,-22,1
AG,Antigua and Barbuda,,,,,,ChIJwdG4bbluDYwRlHmL4Yg3aic,2021-01-13,-13,-11,49,-37,-22,1
AG,Antigua and Barbuda,,,,,,ChIJwdG4bbluDYwRlHmL4Yg3aic,2021-01-14,-7,-6,49,-35,-25,-1
AG,Antigua and Barbuda,,,,,,ChIJwdG4bbluDYwRlHmL4Yg3aic,2021-01-15,-9,-7,48,-38,-23,-3
AG,Antigua and Barbuda,,,,,,ChIJwdG4bbluDYwRlHmL4Yg3aic,2021-01-16,-13,-7,44,-36,-26,-2
AG,Antigua and Barbuda,,,,,,ChIJwdG4bbluDYwRlHmL4Yg3aic,2021-01-17,-14,-6,60,-47,-31,-2
AG,Antigua and Barbuda,,,,,,ChIJwdG4bbluDYwRlHmL4Yg3aic,2021-01-18,-14,-7,58,-33,-26,-1
AG,Antigua and Barbuda,,,,,,ChIJwdG4bbluDYwRlHmL4Yg3aic,2021-01-19,-18,-13,46,-44,-25,0
AG,Antigua and Barbuda,,,,,,ChIJwdG4bbluDYwRlHmL4Yg3aic,2021-01-20,-14,-13,48,-37,-24,0
AG,Antigua and Barbuda,,,,,,ChIJwdG4bbluDYwRlHmL4Yg3aic,2021-01-21,-10,-8,46,-32,-24,0
AG,Antigua and Barbuda,,,,,,ChIJwdG4bbluDYwRlHmL4Yg3aic,2021-01-22,-9,-8,50,-31,-23,-1
AG,Antigua and Barbuda,,,,,,ChIJwdG4bbluDYwRlHmL4Yg3aic,2021-01-23,-12,-6,42,-37,-24,-2
AG,Antigua and Barbuda,,,,,,ChIJwdG4bbluDYwRlHmL4Yg3aic,2021-01-24,-15,-6,59,-49,-29,-2
AG,Antigua and Barbuda,,,,,,ChIJwdG4bbluDYwRlHmL4Yg3aic,2021-01-25,-13,-6,60,-31,-24,-1
AG,Antigua and Barbuda,,,,,,ChIJwdG4bbluDYwRlHmL4Yg3aic,2021-01-26,-17,-12,46,-43,-24,0
AG,Antigua and Barbuda,,,,,,ChIJwdG4bbluDYwRlHmL4Yg3aic,2021-01-27,-11,-1,46,-41,-24,0
AG,Antigua and Barbuda,,,,,,ChIJwdG4bbluDYwRlHmL4Yg3aic,2021-01-28,-3,-5,43,-35,-25,-1
AG,Antigua and Barbuda,,,,,,ChIJwdG4bbluDYwRlHmL4Yg3aic,2021-01-29,-16,-3,34,-37,-23,-2
AG,Antigua and Barbuda,,,,,,ChIJwdG4bbluDYwRlHmL4Yg3aic,2021-01-30,-17,0,36,-37,-31,-5
AG,Antigua and Barbuda,,,,,,ChIJwdG4bbluDYwRlHmL4Yg3aic,2021-01-31,-25,-1,43,-43,-34,-3
AG,Antigua and Barbuda,,,,,,ChIJwdG4bbluDYwRlHmL4Yg3aic,2021-02-01,-17,-4,42,-36,-27,-3
AG,Antigua and Barbuda,,,,,,ChIJwdG4bbluDYwRlHmL4Yg3aic,2021-02-02,-23,-7,37,-45,-27,-2
AG,Antigua and Barbuda,,,,,,ChIJwdG4bbluDYwRlHmL4Yg3aic,2021-02-03,-26,-7,39,-46,-29,1
AG,Antigua and Barbuda,,,,,,ChIJwdG4bbluDYwRlHmL4Yg3aic,2021-02-04,-25,-15,37,-50,-37,8
AG,Antigua and Barbuda,,,,,,ChIJwdG4bbluDYwRlHmL4Yg3aic,2021-02-05,-27,-14,42,-50,-37,8
AG,Antigua and Barbuda,,,,,,ChIJwdG4bbluDYwRlHmL4Yg3aic,2021-02-06,-29,-12,40,-49,-35,4
AG,Antigua and Barbuda,,,,,,ChIJwdG4bbluDYwRlHmL4Yg3aic,2021-02-07,-35,-17,53,-52,-39,2
AG,Antigua and Barbuda,,,,,,ChIJwdG4bbluDYwRlHmL4Yg3aic,2021-02-08,-28,-19,44,-49,-40,8
AG,Antigua and Barbuda,,,,,,ChIJwdG4bbluDYwRlHmL4Yg3aic,2021-02-09,-31,-13,36,-54,-41,10
AG,Antigua and Barbuda,,,,,,ChIJwdG4bbluDYwRlHmL4Yg3aic,2021-02-10,-28,-12,39,-51,-41,9
AG,Antigua and Barbuda,,,,,,ChIJwdG4bbluDYwRlHmL4Yg3aic,2021-02-11,-26,-14,33,-51,-43,8
AG,Antigua and Barbuda,,,,,,ChIJwdG4bbluDYwRlHmL4Yg3aic,2021-02-12,-29,-10,38,-46,-42,4
AG,Antigua and Barbuda,,,,,,ChIJwdG4bbluDYwRlHmL4Yg3aic,2021-02-13,-26,-7,42,-44,-38,-3
AG,Antigua and Barbuda,,,,,,ChIJwdG4bbluDYwRlHmL4Yg3aic,2021-02-14,-29,-12,58,-54,-42,-3
AG,Antigua and Barbuda,,,,,,ChIJwdG4bbluDYwRlHmL4Yg3aic,2021-02-15,-28,-18,44,-51,-46,2
AG,Antigua and Barbuda,,,,,,ChIJwdG4bbluDYwRlHmL4Yg3aic,2021-02-16,-38,-21,28,-57,-47,6
AG,Antigua and Barbuda,,,,,,ChIJwdG4bbluDYwRlHmL4Yg3aic,2021-02-17,-35,-19,30,-57,-45,6
AG,Antigua and Barbuda,,,,,,ChIJwdG4bbluDYwRlHmL4Yg3aic,2021-02-18,-35,-20,32,-57,-46,7
AG,Antigua and Barbuda,,,,,,ChIJwdG4bbluDYwRlHmL4Yg3aic,2021-02-19,-35,-15,31,-56,-44,6
AG,Antigua and Barbuda,,,,,,ChIJwdG4bbluDYwRlHmL4Yg3aic,2021-02-20,-34,-11,32,-52,-39,0
AG,Antigua and Barbuda,,,,,,ChIJwdG4bbluDYwRlHmL4Yg3aic,2021-02-21,-40,-16,44,-59,-43,0
AG,Antigua and Barbuda,,,,,,ChIJwdG4bbluDYwRlHmL4Yg3aic,2021-02-22,-32,-24,36,-54,-45,5
AG,Antigua and Barbuda,,,,,,ChIJwdG4bbluDYwRlHmL4Yg3aic,2021-02-23,-35,-24,30,-60,-46,7
AG,Antigua and Barbuda,,,,,,ChIJwdG4bbluDYwRlHmL4Yg3aic,2021-02-24,-35,-16,34,-58,-45,6
AG,Antigua and Barbuda,,,,,,ChIJwdG4bbluDYwRlHmL4Yg3aic,2021-02-25,-31,-17,29,-56,-46,7
AG,Antigua and Barbuda,,,,,,ChIJwdG4bbluDYwRlHmL4Yg3aic,2021-02-26,-30,-10,32,-51,-43,6
AG,Antigua and Barbuda,,,,,,ChIJwdG4bbluDYwRlHmL4Yg3aic,2021-02-27,-25,-2,39,-43,-37,-3
AG,Antigua and Barbuda,,,,,,ChIJwdG4bbluDYwRlHmL4Yg3aic,2021-02-28,-32,-8,48,-57,-41,-2
AG,Antigua and Barbuda,,,,,,ChIJwdG4bbluDYwRlHmL4Yg3aic,2021-03-01,-24,-9,45,-49,-44,3
AG,Antigua and Barbuda,,,,,,ChIJwdG4bbluDYwRlHmL4Yg3aic,2021-03-02,-28,-11,37,-54,-44,3
AG,Antigua and Barbuda,,,,,,ChIJwdG4bbluDYwRlHmL4Yg3aic,2021-03-03,-28,-11,39,-53,-44,4
AG,Antigua and Barbuda,,,,,,ChIJwdG4bbluDYwRlHmL4Yg3aic,2021-03-04,-27,-9,40,-55,-45,6
AG,Antigua and Barbuda,,,,,,ChIJwdG4bbluDYwRlHmL4Yg3aic,2021-03-05,-29,-8,40,-54,-43,4
AG,Antigua and Barbuda,,,,,,ChIJwdG4bbluDYwRlHmL4Yg3aic,2021-03-06,-30,-7,37,-44,-37,-2
AG,Antigua and Barbuda,,,,,,ChIJwdG4bbluDYwRlHmL4Yg3aic,2021-03-07,-35,-9,51,-55,-43,-2
AG,Antigua and Barbuda,,,,,,ChIJwdG4bbluDYwRlHmL4Yg3aic,2021-03-08,-28,-15,40,-48,-44,4
AG,Antigua and Barbuda,,,,,,ChIJwdG4bbluDYwRlHmL4Yg3aic,2021-03-09,-30,-14,32,-57,-44,4
AG,Antigua and Barbuda,,,,,,ChIJwdG4bbluDYwRlHmL4Yg3aic,2021-03-10,-30,-15,34,-53,-43,5
AG,Antigua and Barbuda,,,,,,ChIJwdG4bbluDYwRlHmL4Yg3aic,2021-03-11,-27,-11,42,-54,-45,5
AG,Antigua and Barbuda,,,,,,ChIJwdG4bbluDYwRlHmL4Yg3aic,2021-03-12,-30,-12,41,-51,-42,5
AG,Antigua and Barbuda,,,,,,ChIJwdG4bbluDYwRlHmL4Yg3aic,2021-03-13,-29,-3,41,-41,-35,-3
AG,Antigua and Barbuda,,,,,,ChIJwdG4bbluDYwRlHmL4Yg3aic,2021-03-14,-34,-10,55,-57,-38,-3
AG,Antigua and Barbuda,,,,,,ChIJwdG4bbluDYwRlHmL4Yg3aic,2021-03-15,-21,-5,52,-46,-41,1
AG,Antigua and Barbuda,,,,,,ChIJwdG4bbluDYwRlHmL4Yg3aic,2021-03-16,-27,-9,41,-52,-42,3
AG,Antigua and Barbuda,,,,,,ChIJwdG4bbluDYwRlHmL4Yg3aic,2021-03-17,-24,-5,44,-49,-39,3
AG,Antigua and Barbuda,,,,,,ChIJwdG4bbluDYwRlHmL4Yg3aic,2021-03-18,-24,-6,46,-47,-41,4
AG,Antigua and Barbuda,,,,,,ChIJwdG4bbluDYwRlHmL4Yg3aic,2021-03-19,-23,1,50,-47,-38,-1
AG,Antigua and Barbuda,,,,,,ChIJwdG4bbluDYwRlHmL4Yg3aic,2021-03-20,-24,1,47,-39,-32,-4
AG,Antigua and Barbuda,,,,,,ChIJwdG4bbluDYwRlHmL4Yg3aic,2021-03-21,-25,-9,66,-49,-34,-5
AG,Antigua and Barbuda,,,,,,ChIJwdG4bbluDYwRlHmL4Yg3aic,2021-03-22,-21,-8,50,-45,-38,0
AG,Antigua and Barbuda,,,,,,ChIJwdG4bbluDYwRlHmL4Yg3aic,2021-03-23,-25,-7,46,-51,-39,1
AG,Antigua and Barbuda,,,,,,ChIJwdG4bbluDYwRlHmL4Yg3aic,2021-03-24,-24,-6,47,-51,-38,1
AG,Antigua and Barbuda,,,,,,ChIJwdG4bbluDYwRlHmL4Yg3aic,2021-03-25,-19,-3,45,-45,-39,3
AG,Antigua and Barbuda,,,,,,ChIJwdG4bbluDYwRlHmL4Yg3aic,2021-03-26,-21,2,50,-40,-38,1
AG,Antigua and Barbuda,,,,,,ChIJwdG4bbluDYwRlHmL4Yg3aic,2021-03-27,-20,4,50,-31,-30,-5
AG,Antigua and Barbuda,Saint George,,,AG-03,,ChIJ6cF5YfGWEowRmpa8eUBRPOo,2021-01-01,,,,-56,,
AG,Antigua and Barbuda,Saint George,,,AG-03,,ChIJ6cF5YfGWEowRmpa8eUBRPOo,2021-01-02,,,,-33,,
AG,Antigua and Barbuda,Saint George,,,AG-03,,ChIJ6cF5YfGWEowRmpa8eUBRPOo,2021-01-03,,,,-27,,
AG,Antigua and Barbuda,Saint George,,,AG-03,,ChIJ6cF5YfGWEowRmpa8eUBRPOo,2021-01-04,,,,-32,,
AG,Antigua and Barbuda,Saint George,,,AG-03,,ChIJ6cF5YfGWEowRmpa8eUBRPOo,2021-01-05,,,,-45,,
AG,Antigua and Barbuda,Saint George,,,AG-03,,ChIJ6cF5YfGWEowRmpa8eUBRPOo,2021-01-06,,,,-37,,
AG,Antigua and Barbuda,Saint George,,,AG-03,,ChIJ6cF5YfGWEowRmpa8eUBRPOo,2021-01-07,,,,-44,,
AG,Antigua and Barbuda,Saint George,,,AG-03,,ChIJ6cF5YfGWEowRmpa8eUBRPOo,2021-01-08,,,,-36,,
AG,Antigua and Barbuda,Saint George,,,AG-03,,ChIJ6cF5YfGWEowRmpa8eUBRPOo,2021-01-09,,,,-34,,
AG,Antigua and Barbuda,Saint George,,,AG-03,,ChIJ6cF5YfGWEowRmpa8eUBRPOo,2021-01-10,,,,-44,,
AG,Antigua and Barbuda,Saint George,,,AG-03,,ChIJ6cF5YfGWEowRmpa8eUBRPOo,2021-01-11,,,,-37,,
AG,Antigua and Barbuda,Saint George,,,AG-03,,ChIJ6cF5YfGWEowRmpa8eUBRPOo,2021-01-12,,,,-58,,
AG,Antigua and Barbuda,Saint George,,,AG-03,,ChIJ6cF5YfGWEowRmpa8eUBRPOo,2021-01-13,,,,-51,,
AG,Antigua and Barbuda,Saint George,,,AG-03,,ChIJ6cF5YfGWEowRmpa8eUBRPOo,2021-01-14,,,,-47,,
AG,Antigua and Barbuda,Saint George,,,AG-03,,ChIJ6cF5YfGWEowRmpa8eUBRPOo,2021-01-15,,,,-44,,
AG,Antigua and Barbuda,Saint George,,,AG-03,,ChIJ6cF5YfGWEowRmpa8eUBRPOo,2021-01-16,,,,-37,,
AG,Antigua and Barbuda,Saint George,,,AG-03,,ChIJ6cF5YfGWEowRmpa8eUBRPOo,2021-01-17,,,,-52,,
AG,Antigua and Barbuda,Saint George,,,AG-03,,ChIJ6cF5YfGWEowRmpa8eUBRPOo,2021-01-18,,,,-44,,
AG,Antigua and Barbuda,Saint George,,,AG-03,,ChIJ6cF5YfGWEowRmpa8eUBRPOo,2021-01-19,,,,-53,,
AG,Antigua and Barbuda,Saint George,,,AG-03,,ChIJ6cF5YfGWEowRmpa8eUBRPOo,2021-01-20,,,,-47,,
AG,Antigua and Barbuda,Saint George,,,AG-03,,ChIJ6cF5YfGWEowRmpa8eUBRPOo,2021-01-21,,,,-46,,
AG,Antigua and Barbuda,Saint George,,,AG-03,,ChIJ6cF5YfGWEowRmpa8eUBRPOo,2021-01-22,,,,-49,,
AG,Antigua and Barbuda,Saint George,,,AG-03,,ChIJ6cF5YfGWEowRmpa8eUBRPOo,2021-01-23,,,,-48,,
AG,Antigua and Barbuda,Saint George,,,AG-03,,ChIJ6cF5YfGWEowRmpa8eUBRPOo,2021-01-24,,,,-56,,
AG,Antigua and Barbuda,Saint George,,,AG-03,,ChIJ6cF5YfGWEowRmpa8eUBRPOo,2021-01-25,,,,-49,,
AG,Antigua and Barbuda,Saint George,,,AG-03,,ChIJ6cF5YfGWEowRmpa8eUBRPOo,2021-01-26,,,,-56,,
AG,Antigua and Barbuda,Saint George,,,AG-03,,ChIJ6cF5YfGWEowRmpa8eUBRPOo,2021-01-27,,,,-52,,
AG,Antigua and Barbuda,Saint George,,,AG-03,,ChIJ6cF5YfGWEowRmpa8eUBRPOo,2021-01-28,,,,-44,,
AG,Antigua and Barbuda,Saint George,,,AG-03,,ChIJ6cF5YfGWEowRmpa8eUBRPOo,2021-01-29,,,,-53,,
AG,Antigua and Barbuda,Saint George,,,AG-03,,ChIJ6cF5YfGWEowRmpa8eUBRPOo,2021-01-30,,,,-53,,
AG,Antigua and Barbuda,Saint George,,,AG-03,,ChIJ6cF5YfGWEowRmpa8eUBRPOo,2021-01-31,,,,-53,,
AG,Antigua and Barbuda,Saint George,,,AG-03,,ChIJ6cF5YfGWEowRmpa8eUBRPOo,2021-02-01,,,,-53,,
AG,Antigua and Barbuda,Saint George,,,AG-03,,ChIJ6cF5YfGWEowRmpa8eUBRPOo,2021-02-02,,,,-61,,
AG,Antigua and Barbuda,Saint George,,,AG-03,,ChIJ6cF5YfGWEowRmpa8eUBRPOo,2021-02-03,,,,-54,,
AG,Antigua and Barbuda,Saint George,,,AG-03,,ChIJ6cF5YfGWEowRmpa8eUBRPOo,2021-02-04,,,,-53,,
AG,Antigua and Barbuda,Saint George,,,AG-03,,ChIJ6cF5YfGWEowRmpa8eUBRPOo,2021-02-05,,,,-54,,
AG,Antigua and Barbuda,Saint George,,,AG-03,,ChIJ6cF5YfGWEowRmpa8eUBRPOo,2021-02-06,,,,-58,,
AG,Antigua and Barbuda,Saint George,,,AG-03,,ChIJ6cF5YfGWEowRmpa8eUBRPOo,2021-02-07,,,,-53,,
AG,Antigua and Barbuda,Saint George,,,AG-03,,ChIJ6cF5YfGWEowRmpa8eUBRPOo,2021-02-08,,,,-49,,
AG,Antigua and Barbuda,Saint George,,,AG-03,,ChIJ6cF5YfGWEowRmpa8eUBRPOo,2021-02-09,,,,-61,,
AG,Antigua and Barbuda,Saint George,,,AG-03,,ChIJ6cF5YfGWEowRmpa8eUBRPOo,2021-02-10,,,,-51,,
AG,Antigua and Barbuda,Saint George,,,AG-03,,ChIJ6cF5YfGWEowRmpa8eUBRPOo,2021-02-11,,,,-51,,
AG,Antigua and Barbuda,Saint George,,,AG-03,,ChIJ6cF5YfGWEowRmpa8eUBRPOo,2021-02-12,,,,-48,,
AG,Antigua and Barbuda,Saint George,,,AG-03,,ChIJ6cF5YfGWEowRmpa8eUBRPOo,2021-02-13,,,,-55,,
AG,Antigua and Barbuda,Saint George,,,AG-03,,ChIJ6cF5YfGWEowRmpa8eUBRPOo,2021-02-14,,,,-61,,
AG,Antigua and Barbuda,Saint George,,,AG-03,,ChIJ6cF5YfGWEowRmpa8eUBRPOo,2021-02-15,,,,-52,,
AG,Antigua and Barbuda,Saint George,,,AG-03,,ChIJ6cF5YfGWEowRmpa8eUBRPOo,2021-02-16,,,,-59,,
AG,Antigua and Barbuda,Saint George,,,AG-03,,ChIJ6cF5YfGWEowRmpa8eUBRPOo,2021-02-17,,,,-55,,
AG,Antigua and Barbuda,Saint George,,,AG-03,,ChIJ6cF5YfGWEowRmpa8eUBRPOo,2021-02-18,,,,-56,,
AG,Antigua and Barbuda,Saint George,,,AG-03,,ChIJ6cF5YfGWEowRmpa8eUBRPOo,2021-02-19,,,,-63,,
AG,Antigua and Barbuda,Saint George,,,AG-03,,ChIJ6cF5YfGWEowRmpa8eUBRPOo,2021-02-20,,,,-55,,
AG,Antigua and Barbuda,Saint George,,,AG-03,,ChIJ6cF5YfGWEowRmpa8eUBRPOo,2021-02-21,,,,-62,,
AG,Antigua and Barbuda,Saint George,,,AG-03,,ChIJ6cF5YfGWEowRmpa8eUBRPOo,2021-02-22,,,,-54,,
AG,Antigua and Barbuda,Saint George,,,AG-03,,ChIJ6cF5YfGWEowRmpa8eUBRPOo,2021-02-23,,,,-60,,
AG,Antigua and Barbuda,Saint George,,,AG-03,,ChIJ6cF5YfGWEowRmpa8eUBRPOo,2021-02-24,,,,-61,,
AG,Antigua and Barbuda,Saint George,,,AG-03,,ChIJ6cF5YfGWEowRmpa8eUBRPOo,2021-02-25,,,,-56,,
AG,Antigua and Barbuda,Saint George,,,AG-03,,ChIJ6cF5YfGWEowRmpa8eUBRPOo,2021-02-26,,,,-51,,
AG,Antigua and Barbuda,Saint George,,,AG-03,,ChIJ6cF5YfGWEowRmpa8eUBRPOo,2021-02-27,,,,-58,,
AG,Antigua and Barbuda,Saint George,,,AG-03,,ChIJ6cF5YfGWEowRmpa8eUBRPOo,2021-02-28,,,,-57,,
AG,Antigua and Barbuda,Saint George,,,AG-03,,ChIJ6cF5YfGWEowRmpa8eUBRPOo,2021-03-01,,,,-50,,
AG,Antigua and Barbuda,Saint George,,,AG-03,,ChIJ6cF5YfGWEowRmpa8eUBRPOo,2021-03-02,,,,-60,,
AG,Antigua and Barbuda,Saint George,,,AG-03,,ChIJ6cF5YfGWEowRmpa8eUBRPOo,2021-03-03,,,,-58,,
AG,Antigua and Barbuda,Saint George,,,AG-03,,ChIJ6cF5YfGWEowRmpa8eUBRPOo,2021-03-04,,,,-59,,
AG,Antigua and Barbuda,Saint George,,,AG-03,,ChIJ6cF5YfGWEowRmpa8eUBRPOo,2021-03-05,,,,-59,,
AG,Antigua and Barbuda,Saint George,,,AG-03,,ChIJ6cF5YfGWEowRmpa8eUBRPOo,2021-03-06,,,,-57,,
AG,Antigua and Barbuda,Saint George,,,AG-03,,ChIJ6cF5YfGWEowRmpa8eUBRPOo,2021-03-07,,,,-63,,
AG,Antigua and Barbuda,Saint George,,,AG-03,,ChIJ6cF5YfGWEowRmpa8eUBRPOo,2021-03-08,,,,-56,,
AG,Antigua and Barbuda,Saint George,,,AG-03,,ChIJ6cF5YfGWEowRmpa8eUBRPOo,2021-03-09,,,,-64,,
AG,Antigua and Barbuda,Saint George,,,AG-03,,ChIJ6cF5YfGWEowRmpa8eUBRPOo,2021-03-10,,,,-60,,
AG,Antigua and Barbuda,Saint George,,,AG-03,,ChIJ6cF5YfGWEowRmpa8eUBRPOo,2021-03-11,,,,-58,,
AG,Antigua and Barbuda,Saint George,,,AG-03,,ChIJ6cF5YfGWEowRmpa8eUBRPOo,2021-03-12,,,,-52,,
AG,Antigua and Barbuda,Saint George,,,AG-03,,ChIJ6cF5YfGWEowRmpa8eUBRPOo,2021-03-13,,,,-53,,
AG,Antigua and Barbuda,Saint George,,,AG-03,,ChIJ6cF5YfGWEowRmpa8eUBRPOo,2021-03-14,,,,-60,,
AG,Antigua and Barbuda,Saint George,,,AG-03,,ChIJ6cF5YfGWEowRmpa8eUBRPOo,2021-03-15,,,,-49,,
AG,Antigua and Barbuda,Saint George,,,AG-03,,ChIJ6cF5YfGWEowRmpa8eUBRPOo,2021-03-16,,,,-65,,
AG,Antigua and Barbuda,Saint George,,,AG-03,,ChIJ6cF5YfGWEowRmpa8eUBRPOo,2021-03-17,,,,-53,,
AG,Antigua and Barbuda,Saint George,,,AG-03,,ChIJ6cF5YfGWEowRmpa8eUBRPOo,2021-03-18,,,,-55,,
AG,Antigua and Barbuda,Saint George,,,AG-03,,ChIJ6cF5YfGWEowRmpa8eUBRPOo,2021-03-19,,,,-54,,
AG,Antigua and Barbuda,Saint George,,,AG-03,,ChIJ6cF5YfGWEowRmpa8eUBRPOo,2021-03-20,,,,-54,,
AG,Antigua and Barbuda,Saint George,,,AG-03,,ChIJ6cF5YfGWEowRmpa8eUBRPOo,2021-03-21,,,,-53,,
AG,Antigua and Barbuda,Saint George,,,AG-03,,ChIJ6cF5YfGWEowRmpa8eUBRPOo,2021-03-22,,,,-54,,
AG,Antigua and Barbuda,Saint George,,,AG-03,,ChIJ6cF5YfGWEowRmpa8eUBRPOo,2021-03-23,,,,-58,,
AG,Antigua and Barbuda,Saint George,,,AG-03,,ChIJ6cF5YfGWEowRmpa8eUBRPOo,2021-03-24,,,,-59,,
AG,Antigua and Barbuda,Saint George,,,AG-03,,ChIJ6cF5YfGWEowRmpa8eUBRPOo,2021-03-25,,,,-59,,
AG,Antigua and Barbuda,Saint George,,,AG-03,,ChIJ6cF5YfGWEowRmpa8eUBRPOo,2021-03-26,,,,-52,,
AG,Antigua and Barbuda,Saint George,,,AG-03,,ChIJ6cF5YfGWEowRmpa8eUBRPOo,2021-03-27,,,,-47,,
AG,Antigua and Barbuda,Saint John,,,AG-04,,ChIJiT6yVLGTEowR1Umhm7fdKXY,2021-01-01,-56,-42,87,-81,-75,25
AG,Antigua and Barbuda,Saint John,,,AG-04,,ChIJiT6yVLGTEowR1Umhm7fdKXY,2021-01-02,-3,1,80,-29,-20,4
AG,Antigua and Barbuda,Saint John,,,AG-04,,ChIJiT6yVLGTEowR1Umhm7fdKXY,2021-01-03,-11,-7,101,,-23,
AG,Antigua and Barbuda,Saint John,,,AG-04,,ChIJiT6yVLGTEowR1Umhm7fdKXY,2021-01-04,0,2,96,-26,-22,4
AG,Antigua and Barbuda,Saint John,,,AG-04,,ChIJiT6yVLGTEowR1Umhm7fdKXY,2021-01-05,-6,-4,93,-31,-20,5
AG,Antigua and Barbuda,Saint John,,,AG-04,,ChIJiT6yVLGTEowR1Umhm7fdKXY,2021-01-06,-1,-2,86,-29,-18,4
AG,Antigua and Barbuda,Saint John,,,AG-04,,ChIJiT6yVLGTEowR1Umhm7fdKXY,2021-01-07,1,0,87,-27,-19,4
AG,Antigua and Barbuda,Saint John,,,AG-04,,ChIJiT6yVLGTEowR1Umhm7fdKXY,2021-01-08,-3,-1,78,-26,-16,1
AG,Antigua and Barbuda,Saint John,,,AG-04,,ChIJiT6yVLGTEowR1Umhm7fdKXY,2021-01-09,-5,0,68,-31,-17,-1
AG,Antigua and Barbuda,Saint John,,,AG-04,,ChIJiT6yVLGTEowR1Umhm7fdKXY,2021-01-10,-10,-3,88,,-19,
AG,Antigua and Barbuda,Saint John,,,AG-04,,ChIJiT6yVLGTEowR1Umhm7fdKXY,2021-01-11,-1,-5,88,-19,-18,0
AG,Antigua and Barbuda,Saint John,,,AG-04,,ChIJiT6yVLGTEowR1Umhm7fdKXY,2021-01-12,-12,-13,71,-35,-20,2
AG,Antigua and Barbuda,Saint John,,,AG-04,,ChIJiT6yVLGTEowR1Umhm7fdKXY,2021-01-13,-11,-10,67,-30,-21,2
AG,Antigua and Barbuda,Saint John,,,AG-04,,ChIJiT6yVLGTEowR1Umhm7fdKXY,2021-01-14,-7,-7,69,-28,-23,0
AG,Antigua and Barbuda,Saint John,,,AG-04,,ChIJiT6yVLGTEowR1Umhm7fdKXY,2021-01-15,-7,-4,63,-34,-22,-1
AG,Antigua and Barbuda,Saint John,,,AG-04,,ChIJiT6yVLGTEowR1Umhm7fdKXY,2021-01-16,-14,-7,58,-36,-26,-2
AG,Antigua and Barbuda,Saint John,,,AG-04,,ChIJiT6yVLGTEowR1Umhm7fdKXY,2021-01-17,-14,-7,78,,-30,
AG,Antigua and Barbuda,Saint John,,,AG-04,,ChIJiT6yVLGTEowR1Umhm7fdKXY,2021-01-18,-11,-6,77,-28,-23,-1
AG,Antigua and Barbuda,Saint John,,,AG-04,,ChIJiT6yVLGTEowR1Umhm7fdKXY,2021-01-19,-18,-13,66,-40,-23,1
AG,Antigua and Barbuda,Saint John,,,AG-04,,ChIJiT6yVLGTEowR1Umhm7fdKXY,2021-01-20,-11,-13,66,-32,-24,0
AG,Antigua and Barbuda,Saint John,,,AG-04,,ChIJiT6yVLGTEowR1Umhm7fdKXY,2021-01-21,-7,-10,67,-21,-23,1
AG,Antigua and Barbuda,Saint John,,,AG-04,,ChIJiT6yVLGTEowR1Umhm7fdKXY,2021-01-22,-6,-7,65,-24,-22,-1
AG,Antigua and Barbuda,Saint John,,,AG-04,,ChIJiT6yVLGTEowR1Umhm7fdKXY,2021-01-23,-13,-5,55,-28,-24,0
AG,Antigua and Barbuda,Saint John,,,AG-04,,ChIJiT6yVLGTEowR1Umhm7fdKXY,2021-01-24,-15,-6,74,,-29,
AG,Antigua and Barbuda,Saint John,,,AG-04,,ChIJiT6yVLGTEowR1Umhm7fdKXY,2021-01-25,-11,-7,80,-23,-23,-1
AG,Antigua and Barbuda,Saint John,,,AG-04,,ChIJiT6yVLGTEowR1Umhm7fdKXY,2021-01-26,-16,-10,68,-39,-23,1
AG,Antigua and Barbuda,Saint John,,,AG-04,,ChIJiT6yVLGTEowR1Umhm7fdKXY,2021-01-27,-8,-2,63,-31,-23,2
AG,Antigua and Barbuda,Saint John,,,AG-04,,ChIJiT6yVLGTEowR1Umhm7fdKXY,2021-01-28,0,-7,64,-27,-24,0
AG,Antigua and Barbuda,Saint John,,,AG-04,,ChIJiT6yVLGTEowR1Umhm7fdKXY,2021-01-29,-11,-3,49,-27,-22,-2
AG,Antigua and Barbuda,Saint John,,,AG-04,,ChIJiT6yVLGTEowR1Umhm7fdKXY,2021-01-30,-16,0,48,-26,-29,-4
AG,Antigua and Barbuda,Saint John,,,AG-04,,ChIJiT6yVLGTEowR1Umhm7fdKXY,2021-01-31,-21,0,58,,-32,
AG,Antigua and Barbuda,Saint John,,,AG-04,,ChIJiT6yVLGTEowR1Umhm7fdKXY,2021-02-01,-14,-6,58,-29,-26,-3
AG,Antigua and Barbuda,Saint John,,,AG-04,,ChIJiT6yVLGTEowR1Umhm7fdKXY,2021-02-02,-21,-4,56,-41,-26,-1
AG,Antigua and Barbuda,Saint John,,,AG-04,,ChIJiT6yVLGTEowR1Umhm7fdKXY,2021-02-03,-24,-7,57,-42,-28,1
AG,Antigua and Barbuda,Saint John,,,AG-04,,ChIJiT6yVLGTEowR1Umhm7fdKXY,2021-02-04,-22,-16,57,-52,-37,8
AG,Antigua and Barbuda,Saint John,,,AG-04,,ChIJiT6yVLGTEowR1Umhm7fdKXY,2021-02-05,-25,-11,57,-47,-35,8
AG,Antigua and Barbuda,Saint John,,,AG-04,,ChIJiT6yVLGTEowR1Umhm7fdKXY,2021-02-06,-29,-12,53,-43,-34,4
AG,Antigua and Barbuda,Saint John,,,AG-04,,ChIJiT6yVLGTEowR1Umhm7fdKXY,2021-02-07,-35,-19,71,,-37,
AG,Antigua and Barbuda,Saint John,,,AG-04,,ChIJiT6yVLGTEowR1Umhm7fdKXY,2021-02-08,-25,-20,61,-48,-39,8
AG,Antigua and Barbuda,Saint John,,,AG-04,,ChIJiT6yVLGTEowR1Umhm7fdKXY,2021-02-09,-30,-11,57,-52,-40,10
AG,Antigua and Barbuda,Saint John,,,AG-04,,ChIJiT6yVLGTEowR1Umhm7fdKXY,2021-02-10,-26,-11,54,-46,-39,9
AG,Antigua and Barbuda,Saint John,,,AG-04,,ChIJiT6yVLGTEowR1Umhm7fdKXY,2021-02-11,-25,-15,51,-51,-42,8
AG,Antigua and Barbuda,Saint John,,,AG-04,,ChIJiT6yVLGTEowR1Umhm7fdKXY,2021-02-12,-25,-7,54,-46,-40,4
AG,Antigua and Barbuda,Saint John,,,AG-04,,ChIJiT6yVLGTEowR1Umhm7fdKXY,2021-02-13,-25,-6,54,-39,-38,-3
AG,Antigua and Barbuda,Saint John,,,AG-04,,ChIJiT6yVLGTEowR1Umhm7fdKXY,2021-02-14,-33,-12,75,,-42,
AG,Antigua and Barbuda,Saint John,,,AG-04,,ChIJiT6yVLGTEowR1Umhm7fdKXY,2021-02-15,-27,-17,61,-52,-43,1
AG,Antigua and Barbuda,Saint John,,,AG-04,,ChIJiT6yVLGTEowR1Umhm7fdKXY,2021-02-16,-38,-20,48,-60,-46,6
AG,Antigua and Barbuda,Saint John,,,AG-04,,ChIJiT6yVLGTEowR1Umhm7fdKXY,2021-02-17,-33,-20,44,-56,-44,6
AG,Antigua and Barbuda,Saint John,,,AG-04,,ChIJiT6yVLGTEowR1Umhm7fdKXY,2021-02-18,-33,-20,51,-57,-45,6
AG,Antigua and Barbuda,Saint John,,,AG-04,,ChIJiT6yVLGTEowR1Umhm7fdKXY,2021-02-19,-34,-12,47,-54,-42,6
AG,Antigua and Barbuda,Saint John,,,AG-04,,ChIJiT6yVLGTEowR1Umhm7fdKXY,2021-02-20,-33,-12,43,-50,-38,1
AG,Antigua and Barbuda,Saint John,,,AG-04,,ChIJiT6yVLGTEowR1Umhm7fdKXY,2021-02-21,-40,-17,62,-63,-46,
AG,Antigua and Barbuda,Saint John,,,AG-04,,ChIJiT6yVLGTEowR1Umhm7fdKXY,2021-02-22,-30,-24,55,-56,-43,4
AG,Antigua and Barbuda,Saint John,,,AG-04,,ChIJiT6yVLGTEowR1Umhm7fdKXY,2021-02-23,-34,-20,49,-58,-46,8
AG,Antigua and Barbuda,Saint John,,,AG-04,,ChIJiT6yVLGTEowR1Umhm7fdKXY,2021-02-24,-33,-14,48,-57,-44,7
AG,Antigua and Barbuda,Saint John,,,AG-04,,ChIJiT6yVLGTEowR1Umhm7fdKXY,2021-02-25,-28,-16,49,-59,-44,8
AG,Antigua and Barbuda,Saint John,,,AG-04,,ChIJiT6yVLGTEowR1Umhm7fdKXY,2021-02-26,-27,-6,47,-50,-42,6
AG,Antigua and Barbuda,Saint John,,,AG-04,,ChIJiT6yVLGTEowR1Umhm7fdKXY,2021-02-27,-24,1,51,-36,-37,-3
AG,Antigua and Barbuda,Saint John,,,AG-04,,ChIJiT6yVLGTEowR1Umhm7fdKXY,2021-02-28,-32,-6,69,-55,-40,
AG,Antigua and Barbuda,Saint John,,,AG-04,,ChIJiT6yVLGTEowR1Umhm7fdKXY,2021-03-01,-20,-9,63,-51,-43,2
AG,Antigua and Barbuda,Saint John,,,AG-04,,ChIJiT6yVLGTEowR1Umhm7fdKXY,2021-03-02,-26,-7,60,-54,-43,4
AG,Antigua and Barbuda,Saint John,,,AG-04,,ChIJiT6yVLGTEowR1Umhm7fdKXY,2021-03-03,-25,-9,55,-50,-43,4
AG,Antigua and Barbuda,Saint John,,,AG-04,,ChIJiT6yVLGTEowR1Umhm7fdKXY,2021-03-04,-25,-10,61,-53,-44,6
AG,Antigua and Barbuda,Saint John,,,AG-04,,ChIJiT6yVLGTEowR1Umhm7fdKXY,2021-03-05,-27,-5,56,-51,-42,4
AG,Antigua and Barbuda,Saint John,,,AG-04,,ChIJiT6yVLGTEowR1Umhm7fdKXY,2021-03-06,-29,-5,51,-38,-38,-1
AG,Antigua and Barbuda,Saint John,,,AG-04,,ChIJiT6yVLGTEowR1Umhm7fdKXY,2021-03-07,-36,-10,67,,-44,
AG,Antigua and Barbuda,Saint John,,,AG-04,,ChIJiT6yVLGTEowR1Umhm7fdKXY,2021-03-08,-26,-14,58,-50,-42,4
AG,Antigua and Barbuda,Saint John,,,AG-04,,ChIJiT6yVLGTEowR1Umhm7fdKXY,2021-03-09,-29,-10,54,-55,-44,5
AG,Antigua and Barbuda,Saint John,,,AG-04,,ChIJiT6yVLGTEowR1Umhm7fdKXY,2021-03-10,-27,-13,48,-53,-43,6
AG,Antigua and Barbuda,Saint John,,,AG-04,,ChIJiT6yVLGTEowR1Umhm7fdKXY,2021-03-11,-24,-11,65,-54,-43,6
AG,Antigua and Barbuda,Saint John,,,AG-04,,ChIJiT6yVLGTEowR1Umhm7fdKXY,2021-03-12,-29,-9,55,-49,-40,5
AG,Antigua and Barbuda,Saint John,,,AG-04,,ChIJiT6yVLGTEowR1Umhm7fdKXY,2021-03-13,-29,-2,53,-33,-34,-2
AG,Antigua and Barbuda,Saint John,,,AG-04,,ChIJiT6yVLGTEowR1Umhm7fdKXY,2021-03-14,-36,-11,72,-54,-36,
AG,Antigua and Barbuda,Saint John,,,AG-04,,ChIJiT6yVLGTEowR1Umhm7fdKXY,2021-03-15,-20,-6,72,-47,-38,2
AG,Antigua and Barbuda,Saint John,,,AG-04,,ChIJiT6yVLGTEowR1Umhm7fdKXY,2021-03-16,-26,-6,65,-49,-41,3
AG,Antigua and Barbuda,Saint John,,,AG-04,,ChIJiT6yVLGTEowR1Umhm7fdKXY,2021-03-17,-22,-4,62,-47,-37,3
AG,Antigua and Barbuda,Saint John,,,AG-04,,ChIJiT6yVLGTEowR1Umhm7fdKXY,2021-03-18,-20,-6,68,-45,-39,4
AG,Antigua and Barbuda,Saint John,,,AG-04,,ChIJiT6yVLGTEowR1Umhm7fdKXY,2021-03-19,-19,3,65,-42,-36,0
AG,Antigua and Barbuda,Saint John,,,AG-04,,ChIJiT6yVLGTEowR1Umhm7fdKXY,2021-03-20,-24,2,60,-30,-31,-4
AG,Antigua and Barbuda,Saint John,,,AG-04,,ChIJiT6yVLGTEowR1Umhm7fdKXY,2021-03-21,-26,-7,83,,-32,
AG,Antigua and Barbuda,Saint John,,,AG-04,,ChIJiT6yVLGTEowR1Umhm7fdKXY,2021-03-22,-20,-6,68,-42,-36,0
AG,Antigua and Barbuda,Saint John,,,AG-04,,ChIJiT6yVLGTEowR1Umhm7fdKXY,2021-03-23,-25,-7,65,-50,-37,1
AG,Antigua and Barbuda,Saint John,,,AG-04,,ChIJiT6yVLGTEowR1Umhm7fdKXY,2021-03-24,-22,-4,61,-46,-37,2
AG,Antigua and Barbuda,Saint John,,,AG-04,,ChIJiT6yVLGTEowR1Umhm7fdKXY,2021-03-25,-18,-3,67,-40,-36,3
AG,Antigua and Barbuda,Saint John,,,AG-04,,ChIJiT6yVLGTEowR1Umhm7fdKXY,2021-03-26,-18,6,66,-32,-35,2
AG,Antigua and Barbuda,Saint John,,,AG-04,,ChIJiT6yVLGTEowR1Umhm7fdKXY,2021-03-27,-20,6,64,-24,-29,-5
AG,Antigua and Barbuda,Saint Mary,,,AG-05,,ChIJxy3TCjHtEowRz3L6kqeWNNs,2021-01-01,,,,,-73,
AG,Antigua and Barbuda,Saint Mary,,,AG-05,,ChIJxy3TCjHtEowRz3L6kqeWNNs,2021-01-04,,,,,-24,
AG,Antigua and Barbuda,Saint Mary,,,AG-05,,ChIJxy3TCjHtEowRz3L6kqeWNNs,2021-01-05,,,,,-24,
AG,Antigua and Barbuda,Saint Mary,,,AG-05,,ChIJxy3TCjHtEowRz3L6kqeWNNs,2021-01-06,,,,,-24,
AG,Antigua and Barbuda,Saint Mary,,,AG-05,,ChIJxy3TCjHtEowRz3L6kqeWNNs,2021-01-07,,,,,-18,
AG,Antigua and Barbuda,Saint Mary,,,AG-05,,ChIJxy3TCjHtEowRz3L6kqeWNNs,2021-01-11,,,,,-22,
AG,Antigua and Barbuda,Saint Mary,,,AG-05,,ChIJxy3TCjHtEowRz3L6kqeWNNs,2021-01-12,,,,,-23,
AG,Antigua and Barbuda,Saint Mary,,,AG-05,,ChIJxy3TCjHtEowRz3L6kqeWNNs,2021-01-13,,,,,-25,
AG,Antigua and Barbuda,Saint Mary,,,AG-05,,ChIJxy3TCjHtEowRz3L6kqeWNNs,2021-01-14,,,,,-20,
AG,Antigua and Barbuda,Saint Mary,,,AG-05,,ChIJxy3TCjHtEowRz3L6kqeWNNs,2021-01-15,,,,,-25,
AG,Antigua and Barbuda,Saint Mary,,,AG-05,,ChIJxy3TCjHtEowRz3L6kqeWNNs,2021-01-18,,,,,-37,
AG,Antigua and Barbuda,Saint Mary,,,AG-05,,ChIJxy3TCjHtEowRz3L6kqeWNNs,2021-01-19,,,,,-29,
AG,Antigua and Barbuda,Saint Mary,,,AG-05,,ChIJxy3TCjHtEowRz3L6kqeWNNs,2021-01-20,,,,,-31,
AG,Antigua and Barbuda,Saint Mary,,,AG-05,,ChIJxy3TCjHtEowRz3L6kqeWNNs,2021-01-21,,,,,-21,
AG,Antigua and Barbuda,Saint Mary,,,AG-05,,ChIJxy3TCjHtEowRz3L6kqeWNNs,2021-01-22,,,,,-25,
AG,Antigua and Barbuda,Saint Mary,,,AG-05,,ChIJxy3TCjHtEowRz3L6kqeWNNs,2021-01-25,,,,,-26,
AG,Antigua and Barbuda,Saint Mary,,,AG-05,,ChIJxy3TCjHtEowRz3L6kqeWNNs,2021-01-26,,,,,-26,
AG,Antigua and Barbuda,Saint Mary,,,AG-05,,ChIJxy3TCjHtEowRz3L6kqeWNNs,2021-01-27,,,,,-25,
AG,Antigua and Barbuda,Saint Mary,,,AG-05,,ChIJxy3TCjHtEowRz3L6kqeWNNs,2021-01-28,,,,,-23,
AG,Antigua and Barbuda,Saint Mary,,,AG-05,,ChIJxy3TCjHtEowRz3L6kqeWNNs,2021-01-29,,,,,-23,
AG,Antigua and Barbuda,Saint Mary,,,AG-05,,ChIJxy3TCjHtEowRz3L6kqeWNNs,2021-02-01,,,,,-29,
AG,Antigua and Barbuda,Saint Mary,,,AG-05,,ChIJxy3TCjHtEowRz3L6kqeWNNs,2021-02-02,,,,,-24,
AG,Antigua and Barbuda,Saint Mary,,,AG-05,,ChIJxy3TCjHtEowRz3L6kqeWNNs,2021-02-03,,,,,-34,
AG,Antigua and Barbuda,Saint Mary,,,AG-05,,ChIJxy3TCjHtEowRz3L6kqeWNNs,2021-02-04,,,,,-40,
AG,Antigua and Barbuda,Saint Mary,,,AG-05,,ChIJxy3TCjHtEowRz3L6kqeWNNs,2021-02-05,,,,,-38,
AG,Antigua and Barbuda,Saint Mary,,,AG-05,,ChIJxy3TCjHtEowRz3L6kqeWNNs,2021-02-08,,,,,-43,
AG,Antigua and Barbuda,Saint Mary,,,AG-05,,ChIJxy3TCjHtEowRz3L6kqeWNNs,2021-02-09,,,,,-50,
AG,Antigua and Barbuda,Saint Mary,,,AG-05,,ChIJxy3TCjHtEowRz3L6kqeWNNs,2021-02-10,,,,,-49,
AG,Antigua and Barbuda,Saint Mary,,,AG-05,,ChIJxy3TCjHtEowRz3L6kqeWNNs,2021-02-11,,,,,-42,
AG,Antigua and Barbuda,Saint Mary,,,AG-05,,ChIJxy3TCjHtEowRz3L6kqeWNNs,2021-02-12,,,,,-47,
AG,Antigua and Barbuda,Saint Mary,,,AG-05,,ChIJxy3TCjHtEowRz3L6kqeWNNs,2021-02-15,,,,,-51,
AG,Antigua and Barbuda,Saint Mary,,,AG-05,,ChIJxy3TCjHtEowRz3L6kqeWNNs,2021-02-16,,,,,-44,
AG,Antigua and Barbuda,Saint Mary,,,AG-05,,ChIJxy3TCjHtEowRz3L6kqeWNNs,2021-02-17,,,,,-50,
AG,Antigua and Barbuda,Saint Mary,,,AG-05,,ChIJxy3TCjHtEowRz3L6kqeWNNs,2021-02-18,,,,,-53,
AG,Antigua and Barbuda,Saint Mary,,,AG-05,,ChIJxy3TCjHtEowRz3L6kqeWNNs,2021-02-19,,,,,-45,
AG,Antigua and Barbuda,Saint Mary,,,AG-05,,ChIJxy3TCjHtEowRz3L6kqeWNNs,2021-02-22,,,,,-48,
AG,Antigua and Barbuda,Saint Mary,,,AG-05,,ChIJxy3TCjHtEowRz3L6kqeWNNs,2021-02-23,,,,,-49,
AG,Antigua and Barbuda,Saint Mary,,,AG-05,,ChIJxy3TCjHtEowRz3L6kqeWNNs,2021-02-24,,,,,-44,
AG,Antigua and Barbuda,Saint Mary,,,AG-05,,ChIJxy3TCjHtEowRz3L6kqeWNNs,2021-02-25,,,,,-43,
AG,Antigua and Barbuda,Saint Mary,,,AG-05,,ChIJxy3TCjHtEowRz3L6kqeWNNs,2021-02-26,,,,,-48,
AG,Antigua and Barbuda,Saint Mary,,,AG-05,,ChIJxy3TCjHtEowRz3L6kqeWNNs,2021-03-01,,,,,-52,
AG,Antigua and Barbuda,Saint Mary,,,AG-05,,ChIJxy3TCjHtEowRz3L6kqeWNNs,2021-03-02,,,,,-45,
AG,Antigua and Barbuda,Saint Mary,,,AG-05,,ChIJxy3TCjHtEowRz3L6kqeWNNs,2021-03-03,,,,,-51,
AG,Antigua and Barbuda,Saint Mary,,,AG-05,,ChIJxy3TCjHtEowRz3L6kqeWNNs,2021-03-04,,,,,-45,
AG,Antigua and Barbuda,Saint Mary,,,AG-05,,ChIJxy3TCjHtEowRz3L6kqeWNNs,2021-03-05,,,,,-42,
AG,Antigua and Barbuda,Saint Mary,,,AG-05,,ChIJxy3TCjHtEowRz3L6kqeWNNs,2021-03-08,,,,,-47,
AG,Antigua and Barbuda,Saint Mary,,,AG-05,,ChIJxy3TCjHtEowRz3L6kqeWNNs,2021-03-09,,,,,-44,
AG,Antigua and Barbuda,Saint Mary,,,AG-05,,ChIJxy3TCjHtEowRz3L6kqeWNNs,2021-03-10,,,,,-41,
AG,Antigua and Barbuda,Saint Mary,,,AG-05,,ChIJxy3TCjHtEowRz3L6kqeWNNs,2021-03-11,,,,,-41,
AG,Antigua and Barbuda,Saint Mary,,,AG-05,,ChIJxy3TCjHtEowRz3L6kqeWNNs,2021-03-12,,,,,-38,
AG,Antigua and Barbuda,Saint Mary,,,AG-05,,ChIJxy3TCjHtEowRz3L6kqeWNNs,2021-03-15,,,,,-38,
AG,Antigua and Barbuda,Saint Mary,,,AG-05,,ChIJxy3TCjHtEowRz3L6kqeWNNs,2021-03-16,,,,,-41,
AG,Antigua and Barbuda,Saint Mary,,,AG-05,,ChIJxy3TCjHtEowRz3L6kqeWNNs,2021-03-17,,,,,-42,
AG,Antigua and Barbuda,Saint Mary,,,AG-05,,ChIJxy3TCjHtEowRz3L6kqeWNNs,2021-03-18,,,,,-40,
AG,Antigua and Barbuda,Saint Mary,,,AG-05,,ChIJxy3TCjHtEowRz3L6kqeWNNs,2021-03-19,,,,,-39,
AG,Antigua and Barbuda,Saint Mary,,,AG-05,,ChIJxy3TCjHtEowRz3L6kqeWNNs,2021-03-22,,,,,-43,
AG,Antigua and Barbuda,Saint Mary,,,AG-05,,ChIJxy3TCjHtEowRz3L6kqeWNNs,2021-03-23,,,,,-44,
AG,Antigua and Barbuda,Saint Mary,,,AG-05,,ChIJxy3TCjHtEowRz3L6kqeWNNs,2021-03-24,,,,,-37,
AG,Antigua and Barbuda,Saint Mary,,,AG-05,,ChIJxy3TCjHtEowRz3L6kqeWNNs,2021-03-25,,,,,-38,
AG,Antigua and Barbuda,Saint Mary,,,AG-05,,ChIJxy3TCjHtEowRz3L6kqeWNNs,2021-03-26,,,,,-35,
AG,Antigua and Barbuda,Saint Paul,,,AG-06,,ChIJl11ncTjrEowRuxnK5knZrSM,2021-01-01,,,,,-77,
AG,Antigua and Barbuda,Saint Paul,,,AG-06,,ChIJl11ncTjrEowRuxnK5knZrSM,2021-01-04,,,,,-25,
AG,Antigua and Barbuda,Saint Paul,,,AG-06,,ChIJl11ncTjrEowRuxnK5knZrSM,2021-01-05,,,,,-26,
AG,Antigua and Barbuda,Saint Paul,,,AG-06,,ChIJl11ncTjrEowRuxnK5knZrSM,2021-01-06,,,,,-24,
AG,Antigua and Barbuda,Saint Paul,,,AG-06,,ChIJl11ncTjrEowRuxnK5knZrSM,2021-01-07,,,,,-23,
AG,Antigua and Barbuda,Saint Paul,,,AG-06,,ChIJl11ncTjrEowRuxnK5knZrSM,2021-01-08,,,,,-24,
AG,Antigua and Barbuda,Saint Paul,,,AG-06,,ChIJl11ncTjrEowRuxnK5knZrSM,2021-01-11,,,,,-27,
AG,Antigua and Barbuda,Saint Paul,,,AG-06,,ChIJl11ncTjrEowRuxnK5knZrSM,2021-01-12,,,,,-29,
AG,Antigua and Barbuda,Saint Paul,,,AG-06,,ChIJl11ncTjrEowRuxnK5knZrSM,2021-01-13,,,,,-26,
AG,Antigua and Barbuda,Saint Paul,,,AG-06,,ChIJl11ncTjrEowRuxnK5knZrSM,2021-01-14,,,,,-31,
AG,Antigua and Barbuda,Saint Paul,,,AG-06,,ChIJl11ncTjrEowRuxnK5knZrSM,2021-01-15,,,,,-27,
AG,Antigua and Barbuda,Saint Paul,,,AG-06,,ChIJl11ncTjrEowRuxnK5knZrSM,2021-01-18,,,,,-34,
AG,Antigua and Barbuda,Saint Paul,,,AG-06,,ChIJl11ncTjrEowRuxnK5knZrSM,2021-01-19,,,,,-32,
AG,Antigua and Barbuda,Saint Paul,,,AG-06,,ChIJl11ncTjrEowRuxnK5knZrSM,2021-01-20,,,,,-28,
AG,Antigua and Barbuda,Saint Paul,,,AG-06,,ChIJl11ncTjrEowRuxnK5knZrSM,2021-01-21,,,,,-32,
AG,Antigua and Barbuda,Saint Paul,,,AG-06,,ChIJl11ncTjrEowRuxnK5knZrSM,2021-01-22,,,,,-28,
AG,Antigua and Barbuda,Saint Paul,,,AG-06,,ChIJl11ncTjrEowRuxnK5knZrSM,2021-01-25,,,,,-31,
AG,Antigua and Barbuda,Saint Paul,,,AG-06,,ChIJl11ncTjrEowRuxnK5knZrSM,2021-01-26,,,,,-28,
AG,Antigua and Barbuda,Saint Paul,,,AG-06,,ChIJl11ncTjrEowRuxnK5knZrSM,2021-01-27,,,,,-29,
AG,Antigua and Barbuda,Saint Paul,,,AG-06,,ChIJl11ncTjrEowRuxnK5knZrSM,2021-01-28,,,,,-31,
AG,Antigua and Barbuda,Saint Paul,,,AG-06,,ChIJl11ncTjrEowRuxnK5knZrSM,2021-01-29,,,,,-28,
AG,Antigua and Barbuda,Saint Paul,,,AG-06,,ChIJl11ncTjrEowRuxnK5knZrSM,2021-02-01,,,,,-34,
AG,Antigua and Barbuda,Saint Paul,,,AG-06,,ChIJl11ncTjrEowRuxnK5knZrSM,2021-02-02,,,,,-32,
AG,Antigua and Barbuda,Saint Paul,,,AG-06,,ChIJl11ncTjrEowRuxnK5knZrSM,2021-02-03,,,,,-32,
AG,Antigua and Barbuda,Saint Paul,,,AG-06,,ChIJl11ncTjrEowRuxnK5knZrSM,2021-02-04,,,,,-44,
AG,Antigua and Barbuda,Saint Paul,,,AG-06,,ChIJl11ncTjrEowRuxnK5knZrSM,2021-02-05,,,,,-43,
AG,Antigua and Barbuda,Saint Paul,,,AG-06,,ChIJl11ncTjrEowRuxnK5knZrSM,2021-02-08,,,,,-45,
AG,Antigua and Barbuda,Saint Paul,,,AG-06,,ChIJl11ncTjrEowRuxnK5knZrSM,2021-02-09,,,,,-45,
AG,Antigua and Barbuda,Saint Paul,,,AG-06,,ChIJl11ncTjrEowRuxnK5knZrSM,2021-02-10,,,,,-49,
AG,Antigua and Barbuda,Saint Paul,,,AG-06,,ChIJl11ncTjrEowRuxnK5knZrSM,2021-02-11,,,,,-50,
AG,Antigua and Barbuda,Saint Paul,,,AG-06,,ChIJl11ncTjrEowRuxnK5knZrSM,2021-02-12,,,,,-49,
AG,Antigua and Barbuda,Saint Paul,,,AG-06,,ChIJl11ncTjrEowRuxnK5knZrSM,2021-02-15,,,,,-53,
AG,Antigua and Barbuda,Saint Paul,,,AG-06,,ChIJl11ncTjrEowRuxnK5knZrSM,2021-02-16,,,,,-56,
AG,Antigua and Barbuda,Saint Paul,,,AG-06,,ChIJl11ncTjrEowRuxnK5knZrSM,2021-02-17,,,,,-51,
AG,Antigua and Barbuda,Saint Paul,,,AG-06,,ChIJl11ncTjrEowRuxnK5knZrSM,2021-02-18,,,,,-51,
AG,Antigua and Barbuda,Saint Paul,,,AG-06,,ChIJl11ncTjrEowRuxnK5knZrSM,2021-02-19,,,,,-50,
AG,Antigua and Barbuda,Saint Paul,,,AG-06,,ChIJl11ncTjrEowRuxnK5knZrSM,2021-02-22,,,,,-53,
AG,Antigua and Barbuda,Saint Paul,,,AG-06,,ChIJl11ncTjrEowRuxnK5knZrSM,2021-02-23,,,,,-52,
AG,Antigua and Barbuda,Saint Paul,,,AG-06,,ChIJl11ncTjrEowRuxnK5knZrSM,2021-02-24,,,,,-48,
AG,Antigua and Barbuda,Saint Paul,,,AG-06,,ChIJl11ncTjrEowRuxnK5knZrSM,2021-02-25,,,,,-48,
AG,Antigua and Barbuda,Saint Paul,,,AG-06,,ChIJl11ncTjrEowRuxnK5knZrSM,2021-02-26,,,,,-50,
AG,Antigua and Barbuda,Saint Paul,,,AG-06,,ChIJl11ncTjrEowRuxnK5knZrSM,2021-03-01,,,,,-53,
AG,Antigua and Barbuda,Saint Paul,,,AG-06,,ChIJl11ncTjrEowRuxnK5knZrSM,2021-03-02,,,,,-49,
AG,Antigua and Barbuda,Saint Paul,,,AG-06,,ChIJl11ncTjrEowRuxnK5knZrSM,2021-03-03,,,,,-48,
AG,Antigua and Barbuda,Saint Paul,,,AG-06,,ChIJl11ncTjrEowRuxnK5knZrSM,2021-03-04,,,,,-53,
AG,Antigua and Barbuda,Saint Paul,,,AG-06,,ChIJl11ncTjrEowRuxnK5knZrSM,2021-03-05,,,,,-46,
AG,Antigua and Barbuda,Saint Paul,,,AG-06,,ChIJl11ncTjrEowRuxnK5knZrSM,2021-03-08,,,,,-52,
AG,Antigua and Barbuda,Saint Paul,,,AG-06,,ChIJl11ncTjrEowRuxnK5knZrSM,2021-03-09,,,,,-49,
AG,Antigua and Barbuda,Saint Paul,,,AG-06,,ChIJl11ncTjrEowRuxnK5knZrSM,2021-03-10,,,,,-50,
AG,Antigua and Barbuda,Saint Paul,,,AG-06,,ChIJl11ncTjrEowRuxnK5knZrSM,2021-03-11,,,,,-55,
AG,Antigua and Barbuda,Saint Paul,,,AG-06,,ChIJl11ncTjrEowRuxnK5knZrSM,2021-03-12,,,,,-49,
AG,Antigua and Barbuda,Saint Paul,,,AG-06,,ChIJl11ncTjrEowRuxnK5knZrSM,2021-03-15,,,,,-48,
AG,Antigua and Barbuda,Saint Paul,,,AG-06,,ChIJl11ncTjrEowRuxnK5knZrSM,2021-03-16,,,,,-47,
AG,Antigua and Barbuda,Saint Paul,,,AG-06,,ChIJl11ncTjrEowRuxnK5knZrSM,2021-03-17,,,,,-47,
AG,Antigua and Barbuda,Saint Paul,,,AG-06,,ChIJl11ncTjrEowRuxnK5knZrSM,2021-03-18,,,,,-44,
AG,Antigua and Barbuda,Saint Paul,,,AG-06,,ChIJl11ncTjrEowRuxnK5knZrSM,2021-03-19,,,,,-41,
AG,Antigua and Barbuda,Saint Paul,,,AG-06,,ChIJl11ncTjrEowRuxnK5knZrSM,2021-03-22,,,,,-45,
AG,Antigua and Barbuda,Saint Paul,,,AG-06,,ChIJl11ncTjrEowRuxnK5knZrSM,2021-03-23,,,,,-48,
AG,Antigua and Barbuda,Saint Paul,,,AG-06,,ChIJl11ncTjrEowRuxnK5knZrSM,2021-03-24,,,,,-41,
AG,Antigua and Barbuda,Saint Paul,,,AG-06,,ChIJl11ncTjrEowRuxnK5knZrSM,2021-03-25,,,,,-45,
AG,Antigua and Barbuda,Saint Paul,,,AG-06,,ChIJl11ncTjrEowRuxnK5knZrSM,2021-03-26,,,,,-43,
