country_region_code,country_region,sub_region_1,sub_region_2,metro_area,iso_3166_2_code,census_fips_code,place_id,date,retail_and_recreation_percent_change_from_baseline,grocery_and_pharmacy_percent_change_from_baseline,parks_percent_change_from_baseline,transit_stations_percent_change_from_baseline,workplaces_percent_change_from_baseline,residential_percent_change_from_baseline
SN,Senegal,,,,,,ChIJcbvFs_VywQ4RQFlhmVClRlo,2021-01-01,-33,-3,-14,-36,-62,18
SN,Senegal,,,,,,ChIJcbvFs_VywQ4RQFlhmVClRlo,2021-01-02,-21,14,-1,-18,-21,8
SN,Senegal,,,,,,ChIJcbvFs_VywQ4RQFlhmVClRlo,2021-01-03,-19,9,-3,-10,-9,4
SN,Senegal,,,,,,ChIJcbvFs_VywQ4RQFlhmVClRlo,2021-01-04,-13,26,0,-2,-10,4
SN,Senegal,,,,,,ChIJcbvFs_VywQ4RQFlhmVClRlo,2021-01-05,-15,21,0,-10,-10,4
SN,Senegal,,,,,,ChIJcbvFs_VywQ4RQFlhmVClRlo,2021-01-06,-19,17,-4,-11,-9,6
SN,Senegal,,,,,,ChIJcbvFs_VywQ4RQFlhmVClRlo,2021-01-07,-18,18,-1,-7,-9,6
SN,Senegal,,,,,,ChIJcbvFs_VywQ4RQFlhmVClRlo,2021-01-08,-21,18,-2,-9,-9,6
SN,Senegal,,,,,,ChIJcbvFs_VywQ4RQFlhmVClRlo,2021-01-09,-22,13,-6,-14,-8,5
SN,Senegal,,,,,,ChIJcbvFs_VywQ4RQFlhmVClRlo,2021-01-10,-22,1,-8,-20,-11,5
SN,Senegal,,,,,,ChIJcbvFs_VywQ4RQFlhmVClRlo,2021-01-11,-16,20,1,-6,-9,5
SN,Senegal,,,,,,ChIJcbvFs_VywQ4RQFlhmVClRlo,2021-01-12,-19,14,1,-14,-11,4
SN,Senegal,,,,,,ChIJcbvFs_VywQ4RQFlhmVClRlo,2021-01-13,-21,11,-6,-16,-12,3
SN,Senegal,,,,,,ChIJcbvFs_VywQ4RQFlhmVClRlo,2021-01-14,-21,5,-8,-18,-16,3
SN,Senegal,,,,,,ChIJcbvFs_VywQ4RQFlhmVClRlo,2021-01-15,-28,2,-16,-23,-19,4
SN,Senegal,,,,,,ChIJcbvFs_VywQ4RQFlhmVClRlo,2021-01-16,-30,0,-16,-27,-19,5
SN,Senegal,,,,,,ChIJcbvFs_VywQ4RQFlhmVClRlo,2021-01-17,-29,-11,-19,-32,-21,5
SN,Senegal,,,,,,ChIJcbvFs_VywQ4RQFlhmVClRlo,2021-01-18,-24,6,-8,-19,-18,4
SN,Senegal,,,,,,ChIJcbvFs_VywQ4RQFlhmVClRlo,2021-01-19,-27,0,-10,-25,-19,4
SN,Senegal,,,,,,ChIJcbvFs_VywQ4RQFlhmVClRlo,2021-01-20,-24,2,-11,-24,-15,5
SN,Senegal,,,,,,ChIJcbvFs_VywQ4RQFlhmVClRlo,2021-01-21,-23,4,-7,-22,-15,5
SN,Senegal,,,,,,ChIJcbvFs_VywQ4RQFlhmVClRlo,2021-01-22,-27,2,-11,-26,-14,5
SN,Senegal,,,,,,ChIJcbvFs_VywQ4RQFlhmVClRlo,2021-01-23,-28,1,-12,-27,-13,6
SN,Senegal,,,,,,ChIJcbvFs_VywQ4RQFlhmVClRlo,2021-01-24,-27,-11,-16,-32,-19,6
SN,Senegal,,,,,,ChIJcbvFs_VywQ4RQFlhmVClRlo,2021-01-25,-23,8,-5,-19,-13,5
SN,Senegal,,,,,,ChIJcbvFs_VywQ4RQFlhmVClRlo,2021-01-26,-24,2,-7,-25,-15,5
SN,Senegal,,,,,,ChIJcbvFs_VywQ4RQFlhmVClRlo,2021-01-27,-23,4,-8,-21,-13,5
SN,Senegal,,,,,,ChIJcbvFs_VywQ4RQFlhmVClRlo,2021-01-28,-22,8,-7,-19,-13,4
SN,Senegal,,,,,,ChIJcbvFs_VywQ4RQFlhmVClRlo,2021-01-29,-23,13,-10,-18,-13,3
SN,Senegal,,,,,,ChIJcbvFs_VywQ4RQFlhmVClRlo,2021-01-30,-23,13,-8,-18,-13,2
SN,Senegal,,,,,,ChIJcbvFs_VywQ4RQFlhmVClRlo,2021-01-31,-23,2,-16,-25,-20,3
SN,Senegal,,,,,,ChIJcbvFs_VywQ4RQFlhmVClRlo,2021-02-01,-18,21,-7,-14,-23,3
SN,Senegal,,,,,,ChIJcbvFs_VywQ4RQFlhmVClRlo,2021-02-02,-19,19,-2,-17,-24,3
SN,Senegal,,,,,,ChIJcbvFs_VywQ4RQFlhmVClRlo,2021-02-03,-22,11,-10,-22,-24,3
SN,Senegal,,,,,,ChIJcbvFs_VywQ4RQFlhmVClRlo,2021-02-04,-22,10,-7,-21,-27,3
SN,Senegal,,,,,,ChIJcbvFs_VywQ4RQFlhmVClRlo,2021-02-05,-26,11,-10,-25,-27,4
SN,Senegal,,,,,,ChIJcbvFs_VywQ4RQFlhmVClRlo,2021-02-06,-26,8,-5,-22,-24,3
SN,Senegal,,,,,,ChIJcbvFs_VywQ4RQFlhmVClRlo,2021-02-07,-26,-5,-5,-25,-24,2
SN,Senegal,,,,,,ChIJcbvFs_VywQ4RQFlhmVClRlo,2021-02-08,-21,16,-5,-16,-17,0
SN,Senegal,,,,,,ChIJcbvFs_VywQ4RQFlhmVClRlo,2021-02-09,-22,14,-3,-20,-16,1
SN,Senegal,,,,,,ChIJcbvFs_VywQ4RQFlhmVClRlo,2021-02-10,-21,13,-7,-21,-15,0
SN,Senegal,,,,,,ChIJcbvFs_VywQ4RQFlhmVClRlo,2021-02-11,-21,10,-13,-20,-15,1
SN,Senegal,,,,,,ChIJcbvFs_VywQ4RQFlhmVClRlo,2021-02-12,-25,11,-21,-23,-15,1
SN,Senegal,,,,,,ChIJcbvFs_VywQ4RQFlhmVClRlo,2021-02-13,-24,9,-17,-24,-16,1
SN,Senegal,,,,,,ChIJcbvFs_VywQ4RQFlhmVClRlo,2021-02-14,-22,-4,-19,-29,-22,1
SN,Senegal,,,,,,ChIJcbvFs_VywQ4RQFlhmVClRlo,2021-02-15,-20,15,-17,-16,-15,0
SN,Senegal,,,,,,ChIJcbvFs_VywQ4RQFlhmVClRlo,2021-02-16,-22,10,-20,-21,-16,0
SN,Senegal,,,,,,ChIJcbvFs_VywQ4RQFlhmVClRlo,2021-02-17,-24,9,-22,-22,-14,1
SN,Senegal,,,,,,ChIJcbvFs_VywQ4RQFlhmVClRlo,2021-02-18,-21,11,-17,-18,-14,2
SN,Senegal,,,,,,ChIJcbvFs_VywQ4RQFlhmVClRlo,2021-02-19,-24,13,-19,-20,-13,2
SN,Senegal,,,,,,ChIJcbvFs_VywQ4RQFlhmVClRlo,2021-02-20,-23,11,-17,-22,-12,2
SN,Senegal,,,,,,ChIJcbvFs_VywQ4RQFlhmVClRlo,2021-02-21,-25,-4,-23,-29,-23,2
SN,Senegal,,,,,,ChIJcbvFs_VywQ4RQFlhmVClRlo,2021-02-22,-19,17,-18,-16,-13,0
SN,Senegal,,,,,,ChIJcbvFs_VywQ4RQFlhmVClRlo,2021-02-23,-22,11,-17,-22,-13,0
SN,Senegal,,,,,,ChIJcbvFs_VywQ4RQFlhmVClRlo,2021-02-24,-21,12,-21,-21,-12,1
SN,Senegal,,,,,,ChIJcbvFs_VywQ4RQFlhmVClRlo,2021-02-25,-20,14,-16,-18,-12,1
SN,Senegal,,,,,,ChIJcbvFs_VywQ4RQFlhmVClRlo,2021-02-26,-26,13,-20,-21,-12,2
SN,Senegal,,,,,,ChIJcbvFs_VywQ4RQFlhmVClRlo,2021-02-27,-23,15,-13,-21,-11,1
SN,Senegal,,,,,,ChIJcbvFs_VywQ4RQFlhmVClRlo,2021-02-28,-23,1,-17,-27,-20,2
SN,Senegal,,,,,,ChIJcbvFs_VywQ4RQFlhmVClRlo,2021-03-01,-18,25,-12,-13,-12,0
SN,Senegal,,,,,,ChIJcbvFs_VywQ4RQFlhmVClRlo,2021-03-02,-20,19,-12,-19,-12,-1
SN,Senegal,,,,,,ChIJcbvFs_VywQ4RQFlhmVClRlo,2021-03-03,-27,7,-22,-29,-14,3
SN,Senegal,,,,,,ChIJcbvFs_VywQ4RQFlhmVClRlo,2021-03-04,-23,10,-22,-22,-16,3
SN,Senegal,,,,,,ChIJcbvFs_VywQ4RQFlhmVClRlo,2021-03-05,-49,-20,-41,-48,-43,14
SN,Senegal,,,,,,ChIJcbvFs_VywQ4RQFlhmVClRlo,2021-03-06,-40,-8,-33,-41,-36,10
SN,Senegal,,,,,,ChIJcbvFs_VywQ4RQFlhmVClRlo,2021-03-07,-29,-9,-24,-34,-25,5
SN,Senegal,,,,,,ChIJcbvFs_VywQ4RQFlhmVClRlo,2021-03-08,-47,-19,-41,-49,-56,19
SN,Senegal,,,,,,ChIJcbvFs_VywQ4RQFlhmVClRlo,2021-03-09,-25,8,-19,-30,-37,8
SN,Senegal,,,,,,ChIJcbvFs_VywQ4RQFlhmVClRlo,2021-03-10,-20,12,-18,-24,-30,5
SN,Senegal,,,,,,ChIJcbvFs_VywQ4RQFlhmVClRlo,2021-03-11,-17,15,-15,-18,-29,4
SN,Senegal,,,,,,ChIJcbvFs_VywQ4RQFlhmVClRlo,2021-03-12,-20,16,-18,-20,-27,4
SN,Senegal,,,,,,ChIJcbvFs_VywQ4RQFlhmVClRlo,2021-03-13,-20,14,-10,-19,-23,2
SN,Senegal,,,,,,ChIJcbvFs_VywQ4RQFlhmVClRlo,2021-03-14,-18,2,-14,-18,-18,0
SN,Senegal,,,,,,ChIJcbvFs_VywQ4RQFlhmVClRlo,2021-03-15,-14,25,-7,-5,-11,-1
SN,Senegal,,,,,,ChIJcbvFs_VywQ4RQFlhmVClRlo,2021-03-16,-17,20,-9,-10,-12,-1
SN,Senegal,,,,,,ChIJcbvFs_VywQ4RQFlhmVClRlo,2021-03-17,-16,19,-13,-12,-10,-1
SN,Senegal,,,,,,ChIJcbvFs_VywQ4RQFlhmVClRlo,2021-03-18,-16,18,-12,-10,-9,0
SN,Senegal,,,,,,ChIJcbvFs_VywQ4RQFlhmVClRlo,2021-03-19,-17,22,-12,-12,-8,0
SN,Senegal,,,,,,ChIJcbvFs_VywQ4RQFlhmVClRlo,2021-03-20,-15,20,-4,-13,-8,-1
SN,Senegal,,,,,,ChIJcbvFs_VywQ4RQFlhmVClRlo,2021-03-21,-15,5,-9,-18,-12,1
SN,Senegal,,,,,,ChIJcbvFs_VywQ4RQFlhmVClRlo,2021-03-22,-12,28,-4,-5,-8,-1
SN,Senegal,,,,,,ChIJcbvFs_VywQ4RQFlhmVClRlo,2021-03-23,-15,23,-2,-9,-9,-2
SN,Senegal,,,,,,ChIJcbvFs_VywQ4RQFlhmVClRlo,2021-03-24,-13,22,-9,-11,-8,-1
SN,Senegal,,,,,,ChIJcbvFs_VywQ4RQFlhmVClRlo,2021-03-25,-11,23,-4,-7,-8,-1
SN,Senegal,,,,,,ChIJcbvFs_VywQ4RQFlhmVClRlo,2021-03-26,-15,25,-10,-10,-7,-1
SN,Senegal,,,,,,ChIJcbvFs_VywQ4RQFlhmVClRlo,2021-03-27,-10,24,-2,-9,-6,-1
SN,Senegal,Dakar Region,,,SN-DK,,ChIJabTX_BoLwQ4Rj8NrhMs3i8Q,2021-01-01,-38,-12,-24,-38,-68,20
SN,Senegal,Dakar Region,,,SN-DK,,ChIJabTX_BoLwQ4Rj8NrhMs3i8Q,2021-01-02,-24,6,-4,-20,-25,8
SN,Senegal,Dakar Region,,,SN-DK,,ChIJabTX_BoLwQ4Rj8NrhMs3i8Q,2021-01-03,-21,3,-6,-13,-12,4
SN,Senegal,Dakar Region,,,SN-DK,,ChIJabTX_BoLwQ4Rj8NrhMs3i8Q,2021-01-04,-15,20,7,-1,-12,5
SN,Senegal,Dakar Region,,,SN-DK,,ChIJabTX_BoLwQ4Rj8NrhMs3i8Q,2021-01-05,-15,17,8,-9,-12,5
SN,Senegal,Dakar Region,,,SN-DK,,ChIJabTX_BoLwQ4Rj8NrhMs3i8Q,2021-01-06,-23,9,8,-10,-11,7
SN,Senegal,Dakar Region,,,SN-DK,,ChIJabTX_BoLwQ4Rj8NrhMs3i8Q,2021-01-07,-23,13,11,-6,-11,8
SN,Senegal,Dakar Region,,,SN-DK,,ChIJabTX_BoLwQ4Rj8NrhMs3i8Q,2021-01-08,-25,11,9,-8,-10,7
SN,Senegal,Dakar Region,,,SN-DK,,ChIJabTX_BoLwQ4Rj8NrhMs3i8Q,2021-01-09,-25,5,-8,-15,-10,6
SN,Senegal,Dakar Region,,,SN-DK,,ChIJabTX_BoLwQ4Rj8NrhMs3i8Q,2021-01-10,-26,-4,-12,-23,-13,6
SN,Senegal,Dakar Region,,,SN-DK,,ChIJabTX_BoLwQ4Rj8NrhMs3i8Q,2021-01-11,-20,14,8,-7,-12,6
SN,Senegal,Dakar Region,,,SN-DK,,ChIJabTX_BoLwQ4Rj8NrhMs3i8Q,2021-01-12,-22,9,10,-12,-13,5
SN,Senegal,Dakar Region,,,SN-DK,,ChIJabTX_BoLwQ4Rj8NrhMs3i8Q,2021-01-13,-26,3,1,-15,-14,4
SN,Senegal,Dakar Region,,,SN-DK,,ChIJabTX_BoLwQ4Rj8NrhMs3i8Q,2021-01-14,-27,0,0,-18,-18,4
SN,Senegal,Dakar Region,,,SN-DK,,ChIJabTX_BoLwQ4Rj8NrhMs3i8Q,2021-01-15,-32,-5,-7,-23,-20,5
SN,Senegal,Dakar Region,,,SN-DK,,ChIJabTX_BoLwQ4Rj8NrhMs3i8Q,2021-01-16,-32,-6,-13,-28,-21,5
SN,Senegal,Dakar Region,,,SN-DK,,ChIJabTX_BoLwQ4Rj8NrhMs3i8Q,2021-01-17,-32,-16,-18,-35,-25,6
SN,Senegal,Dakar Region,,,SN-DK,,ChIJabTX_BoLwQ4Rj8NrhMs3i8Q,2021-01-18,-28,0,2,-20,-21,5
SN,Senegal,Dakar Region,,,SN-DK,,ChIJabTX_BoLwQ4Rj8NrhMs3i8Q,2021-01-19,-29,-5,-1,-24,-21,5
SN,Senegal,Dakar Region,,,SN-DK,,ChIJabTX_BoLwQ4Rj8NrhMs3i8Q,2021-01-20,-30,-6,-5,-24,-17,6
SN,Senegal,Dakar Region,,,SN-DK,,ChIJabTX_BoLwQ4Rj8NrhMs3i8Q,2021-01-21,-29,-2,0,-22,-17,6
SN,Senegal,Dakar Region,,,SN-DK,,ChIJabTX_BoLwQ4Rj8NrhMs3i8Q,2021-01-22,-31,-6,-6,-26,-15,7
SN,Senegal,Dakar Region,,,SN-DK,,ChIJabTX_BoLwQ4Rj8NrhMs3i8Q,2021-01-23,-31,-6,-12,-28,-15,7
SN,Senegal,Dakar Region,,,SN-DK,,ChIJabTX_BoLwQ4Rj8NrhMs3i8Q,2021-01-24,-30,-16,-17,-36,-22,7
SN,Senegal,Dakar Region,,,SN-DK,,ChIJabTX_BoLwQ4Rj8NrhMs3i8Q,2021-01-25,-28,1,2,-18,-16,6
SN,Senegal,Dakar Region,,,SN-DK,,ChIJabTX_BoLwQ4Rj8NrhMs3i8Q,2021-01-26,-28,-4,-1,-25,-17,6
SN,Senegal,Dakar Region,,,SN-DK,,ChIJabTX_BoLwQ4Rj8NrhMs3i8Q,2021-01-27,-28,-3,-3,-20,-15,6
SN,Senegal,Dakar Region,,,SN-DK,,ChIJabTX_BoLwQ4Rj8NrhMs3i8Q,2021-01-28,-28,2,1,-19,-15,6
SN,Senegal,Dakar Region,,,SN-DK,,ChIJabTX_BoLwQ4Rj8NrhMs3i8Q,2021-01-29,-27,5,0,-19,-14,4
SN,Senegal,Dakar Region,,,SN-DK,,ChIJabTX_BoLwQ4Rj8NrhMs3i8Q,2021-01-30,-25,6,3,-21,-14,3
SN,Senegal,Dakar Region,,,SN-DK,,ChIJabTX_BoLwQ4Rj8NrhMs3i8Q,2021-01-31,-25,-2,-11,-28,-22,3
SN,Senegal,Dakar Region,,,SN-DK,,ChIJabTX_BoLwQ4Rj8NrhMs3i8Q,2021-02-01,-22,13,10,-16,-24,4
SN,Senegal,Dakar Region,,,SN-DK,,ChIJabTX_BoLwQ4Rj8NrhMs3i8Q,2021-02-02,-21,12,19,-17,-24,4
SN,Senegal,Dakar Region,,,SN-DK,,ChIJabTX_BoLwQ4Rj8NrhMs3i8Q,2021-02-03,-26,4,4,-23,-24,4
SN,Senegal,Dakar Region,,,SN-DK,,ChIJabTX_BoLwQ4Rj8NrhMs3i8Q,2021-02-04,-26,5,5,-22,-25,4
SN,Senegal,Dakar Region,,,SN-DK,,ChIJabTX_BoLwQ4Rj8NrhMs3i8Q,2021-02-05,-29,4,3,-26,-25,5
SN,Senegal,Dakar Region,,,SN-DK,,ChIJabTX_BoLwQ4Rj8NrhMs3i8Q,2021-02-06,-27,2,3,-23,-23,3
SN,Senegal,Dakar Region,,,SN-DK,,ChIJabTX_BoLwQ4Rj8NrhMs3i8Q,2021-02-07,-28,-9,-2,-29,-25,2
SN,Senegal,Dakar Region,,,SN-DK,,ChIJabTX_BoLwQ4Rj8NrhMs3i8Q,2021-02-08,-24,11,9,-16,-18,2
SN,Senegal,Dakar Region,,,SN-DK,,ChIJabTX_BoLwQ4Rj8NrhMs3i8Q,2021-02-09,-24,8,13,-19,-17,2
SN,Senegal,Dakar Region,,,SN-DK,,ChIJabTX_BoLwQ4Rj8NrhMs3i8Q,2021-02-10,-25,6,13,-19,-15,2
SN,Senegal,Dakar Region,,,SN-DK,,ChIJabTX_BoLwQ4Rj8NrhMs3i8Q,2021-02-11,-25,5,4,-19,-15,2
SN,Senegal,Dakar Region,,,SN-DK,,ChIJabTX_BoLwQ4Rj8NrhMs3i8Q,2021-02-12,-26,6,4,-22,-14,2
SN,Senegal,Dakar Region,,,SN-DK,,ChIJabTX_BoLwQ4Rj8NrhMs3i8Q,2021-02-13,-25,4,6,-25,-15,1
SN,Senegal,Dakar Region,,,SN-DK,,ChIJabTX_BoLwQ4Rj8NrhMs3i8Q,2021-02-14,-23,-6,1,-32,-22,2
SN,Senegal,Dakar Region,,,SN-DK,,ChIJabTX_BoLwQ4Rj8NrhMs3i8Q,2021-02-15,-22,10,9,-16,-15,1
SN,Senegal,Dakar Region,,,SN-DK,,ChIJabTX_BoLwQ4Rj8NrhMs3i8Q,2021-02-16,-23,6,5,-20,-16,2
SN,Senegal,Dakar Region,,,SN-DK,,ChIJabTX_BoLwQ4Rj8NrhMs3i8Q,2021-02-17,-28,3,2,-21,-14,3
SN,Senegal,Dakar Region,,,SN-DK,,ChIJabTX_BoLwQ4Rj8NrhMs3i8Q,2021-02-18,-25,7,9,-17,-13,3
SN,Senegal,Dakar Region,,,SN-DK,,ChIJabTX_BoLwQ4Rj8NrhMs3i8Q,2021-02-19,-26,7,8,-19,-12,3
SN,Senegal,Dakar Region,,,SN-DK,,ChIJabTX_BoLwQ4Rj8NrhMs3i8Q,2021-02-20,-25,5,7,-23,-11,2
SN,Senegal,Dakar Region,,,SN-DK,,ChIJabTX_BoLwQ4Rj8NrhMs3i8Q,2021-02-21,-26,-6,-5,-32,-23,3
SN,Senegal,Dakar Region,,,SN-DK,,ChIJabTX_BoLwQ4Rj8NrhMs3i8Q,2021-02-22,-21,13,8,-15,-13,2
SN,Senegal,Dakar Region,,,SN-DK,,ChIJabTX_BoLwQ4Rj8NrhMs3i8Q,2021-02-23,-23,6,7,-21,-13,2
SN,Senegal,Dakar Region,,,SN-DK,,ChIJabTX_BoLwQ4Rj8NrhMs3i8Q,2021-02-24,-24,6,4,-20,-11,3
SN,Senegal,Dakar Region,,,SN-DK,,ChIJabTX_BoLwQ4Rj8NrhMs3i8Q,2021-02-25,-24,10,9,-18,-11,2
SN,Senegal,Dakar Region,,,SN-DK,,ChIJabTX_BoLwQ4Rj8NrhMs3i8Q,2021-02-26,-29,7,1,-22,-11,3
SN,Senegal,Dakar Region,,,SN-DK,,ChIJabTX_BoLwQ4Rj8NrhMs3i8Q,2021-02-27,-24,9,10,-23,-10,2
SN,Senegal,Dakar Region,,,SN-DK,,ChIJabTX_BoLwQ4Rj8NrhMs3i8Q,2021-02-28,-26,-2,6,-30,-21,2
SN,Senegal,Dakar Region,,,SN-DK,,ChIJabTX_BoLwQ4Rj8NrhMs3i8Q,2021-03-01,-20,19,18,-14,-12,1
SN,Senegal,Dakar Region,,,SN-DK,,ChIJabTX_BoLwQ4Rj8NrhMs3i8Q,2021-03-02,-21,15,19,-18,-11,1
SN,Senegal,Dakar Region,,,SN-DK,,ChIJabTX_BoLwQ4Rj8NrhMs3i8Q,2021-03-03,-33,-2,0,-31,-14,4
SN,Senegal,Dakar Region,,,SN-DK,,ChIJabTX_BoLwQ4Rj8NrhMs3i8Q,2021-03-04,-29,4,-1,-24,-15,4
SN,Senegal,Dakar Region,,,SN-DK,,ChIJabTX_BoLwQ4Rj8NrhMs3i8Q,2021-03-05,-58,-30,-40,-55,-49,19
SN,Senegal,Dakar Region,,,SN-DK,,ChIJabTX_BoLwQ4Rj8NrhMs3i8Q,2021-03-06,-46,-17,-26,-48,-41,13
SN,Senegal,Dakar Region,,,SN-DK,,ChIJabTX_BoLwQ4Rj8NrhMs3i8Q,2021-03-07,-32,-13,-9,-40,-26,6
SN,Senegal,Dakar Region,,,SN-DK,,ChIJabTX_BoLwQ4Rj8NrhMs3i8Q,2021-03-08,-57,-30,-43,-58,-62,23
SN,Senegal,Dakar Region,,,SN-DK,,ChIJabTX_BoLwQ4Rj8NrhMs3i8Q,2021-03-09,-30,1,7,-34,-38,10
SN,Senegal,Dakar Region,,,SN-DK,,ChIJabTX_BoLwQ4Rj8NrhMs3i8Q,2021-03-10,-28,2,11,-27,-29,7
SN,Senegal,Dakar Region,,,SN-DK,,ChIJabTX_BoLwQ4Rj8NrhMs3i8Q,2021-03-11,-24,9,13,-21,-27,6
SN,Senegal,Dakar Region,,,SN-DK,,ChIJabTX_BoLwQ4Rj8NrhMs3i8Q,2021-03-12,-24,9,8,-22,-25,5
SN,Senegal,Dakar Region,,,SN-DK,,ChIJabTX_BoLwQ4Rj8NrhMs3i8Q,2021-03-13,-22,7,17,-21,-21,2
SN,Senegal,Dakar Region,,,SN-DK,,ChIJabTX_BoLwQ4Rj8NrhMs3i8Q,2021-03-14,-21,-2,12,-23,-17,1
SN,Senegal,Dakar Region,,,SN-DK,,ChIJabTX_BoLwQ4Rj8NrhMs3i8Q,2021-03-15,-17,20,31,-5,-11,0
SN,Senegal,Dakar Region,,,SN-DK,,ChIJabTX_BoLwQ4Rj8NrhMs3i8Q,2021-03-16,-18,16,26,-8,-12,0
SN,Senegal,Dakar Region,,,SN-DK,,ChIJabTX_BoLwQ4Rj8NrhMs3i8Q,2021-03-17,-20,12,20,-10,-9,0
SN,Senegal,Dakar Region,,,SN-DK,,ChIJabTX_BoLwQ4Rj8NrhMs3i8Q,2021-03-18,-21,14,20,-9,-8,1
SN,Senegal,Dakar Region,,,SN-DK,,ChIJabTX_BoLwQ4Rj8NrhMs3i8Q,2021-03-19,-20,15,22,-10,-7,1
SN,Senegal,Dakar Region,,,SN-DK,,ChIJabTX_BoLwQ4Rj8NrhMs3i8Q,2021-03-20,-16,15,30,-14,-6,0
SN,Senegal,Dakar Region,,,SN-DK,,ChIJabTX_BoLwQ4Rj8NrhMs3i8Q,2021-03-21,-15,2,23,-20,-12,1
SN,Senegal,Dakar Region,,,SN-DK,,ChIJabTX_BoLwQ4Rj8NrhMs3i8Q,2021-03-22,-15,23,37,-4,-8,-1
SN,Senegal,Dakar Region,,,SN-DK,,ChIJabTX_BoLwQ4Rj8NrhMs3i8Q,2021-03-23,-16,19,40,-6,-8,-1
SN,Senegal,Dakar Region,,,SN-DK,,ChIJabTX_BoLwQ4Rj8NrhMs3i8Q,2021-03-24,-17,15,30,-10,-7,0
SN,Senegal,Dakar Region,,,SN-DK,,ChIJabTX_BoLwQ4Rj8NrhMs3i8Q,2021-03-25,-15,18,34,-7,-6,0
SN,Senegal,Dakar Region,,,SN-DK,,ChIJabTX_BoLwQ4Rj8NrhMs3i8Q,2021-03-26,-17,18,25,-9,-5,0
SN,Senegal,Dakar Region,,,SN-DK,,ChIJabTX_BoLwQ4Rj8NrhMs3i8Q,2021-03-27,-10,19,33,-11,-5,-1
SN,Senegal,Diourbel Region,,,SN-DB,,ChIJU66lFOVx6g4RkDEwT67Eetw,2021-01-01,,,,,-30,7
SN,Senegal,Diourbel Region,,,SN-DB,,ChIJU66lFOVx6g4RkDEwT67Eetw,2021-01-02,,,,,-1,3
SN,Senegal,Diourbel Region,,,SN-DB,,ChIJU66lFOVx6g4RkDEwT67Eetw,2021-01-03,,,,,3,1
SN,Senegal,Diourbel Region,,,SN-DB,,ChIJU66lFOVx6g4RkDEwT67Eetw,2021-01-04,,,,,-3,-2
SN,Senegal,Diourbel Region,,,SN-DB,,ChIJU66lFOVx6g4RkDEwT67Eetw,2021-01-05,,,,,-2,-2
SN,Senegal,Diourbel Region,,,SN-DB,,ChIJU66lFOVx6g4RkDEwT67Eetw,2021-01-06,,,,,2,0
SN,Senegal,Diourbel Region,,,SN-DB,,ChIJU66lFOVx6g4RkDEwT67Eetw,2021-01-07,,,,,4,0
SN,Senegal,Diourbel Region,,,SN-DB,,ChIJU66lFOVx6g4RkDEwT67Eetw,2021-01-08,,,,,0,0
SN,Senegal,Diourbel Region,,,SN-DB,,ChIJU66lFOVx6g4RkDEwT67Eetw,2021-01-09,,,,,2,-3
SN,Senegal,Diourbel Region,,,SN-DB,,ChIJU66lFOVx6g4RkDEwT67Eetw,2021-01-10,,,,,-8,-7
SN,Senegal,Diourbel Region,,,SN-DB,,ChIJU66lFOVx6g4RkDEwT67Eetw,2021-01-11,,,,,-3,-2
SN,Senegal,Diourbel Region,,,SN-DB,,ChIJU66lFOVx6g4RkDEwT67Eetw,2021-01-12,,,,,-3,-4
SN,Senegal,Diourbel Region,,,SN-DB,,ChIJU66lFOVx6g4RkDEwT67Eetw,2021-01-13,,,,,-4,-5
SN,Senegal,Diourbel Region,,,SN-DB,,ChIJU66lFOVx6g4RkDEwT67Eetw,2021-01-14,,,,,-7,-4
SN,Senegal,Diourbel Region,,,SN-DB,,ChIJU66lFOVx6g4RkDEwT67Eetw,2021-01-15,,,,,-15,-3
SN,Senegal,Diourbel Region,,,SN-DB,,ChIJU66lFOVx6g4RkDEwT67Eetw,2021-01-16,,,,,-8,-2
SN,Senegal,Diourbel Region,,,SN-DB,,ChIJU66lFOVx6g4RkDEwT67Eetw,2021-01-17,,,,,-9,-1
SN,Senegal,Diourbel Region,,,SN-DB,,ChIJU66lFOVx6g4RkDEwT67Eetw,2021-01-18,,,,,-9,-2
SN,Senegal,Diourbel Region,,,SN-DB,,ChIJU66lFOVx6g4RkDEwT67Eetw,2021-01-19,,,,,-12,-4
SN,Senegal,Diourbel Region,,,SN-DB,,ChIJU66lFOVx6g4RkDEwT67Eetw,2021-01-20,,,,,-10,-3
SN,Senegal,Diourbel Region,,,SN-DB,,ChIJU66lFOVx6g4RkDEwT67Eetw,2021-01-21,,,,,-6,-2
SN,Senegal,Diourbel Region,,,SN-DB,,ChIJU66lFOVx6g4RkDEwT67Eetw,2021-01-22,,,,,-10,-1
SN,Senegal,Diourbel Region,,,SN-DB,,ChIJU66lFOVx6g4RkDEwT67Eetw,2021-01-23,,,,,-4,-1
SN,Senegal,Diourbel Region,,,SN-DB,,ChIJU66lFOVx6g4RkDEwT67Eetw,2021-01-24,,,,,-4,0
SN,Senegal,Diourbel Region,,,SN-DB,,ChIJU66lFOVx6g4RkDEwT67Eetw,2021-01-25,,,,,-6,-2
SN,Senegal,Diourbel Region,,,SN-DB,,ChIJU66lFOVx6g4RkDEwT67Eetw,2021-01-26,,,,,-11,-3
SN,Senegal,Diourbel Region,,,SN-DB,,ChIJU66lFOVx6g4RkDEwT67Eetw,2021-01-27,,,,,-6,-3
SN,Senegal,Diourbel Region,,,SN-DB,,ChIJU66lFOVx6g4RkDEwT67Eetw,2021-01-28,,,,,-4,-2
SN,Senegal,Diourbel Region,,,SN-DB,,ChIJU66lFOVx6g4RkDEwT67Eetw,2021-01-29,,,,,-10,-3
SN,Senegal,Diourbel Region,,,SN-DB,,ChIJU66lFOVx6g4RkDEwT67Eetw,2021-01-30,,,,,-4,-5
SN,Senegal,Diourbel Region,,,SN-DB,,ChIJU66lFOVx6g4RkDEwT67Eetw,2021-01-31,,,,,-7,-4
SN,Senegal,Diourbel Region,,,SN-DB,,ChIJU66lFOVx6g4RkDEwT67Eetw,2021-02-01,,,,,-19,-4
SN,Senegal,Diourbel Region,,,SN-DB,,ChIJU66lFOVx6g4RkDEwT67Eetw,2021-02-02,,,,,-22,-4
SN,Senegal,Diourbel Region,,,SN-DB,,ChIJU66lFOVx6g4RkDEwT67Eetw,2021-02-03,,,,,-21,-5
SN,Senegal,Diourbel Region,,,SN-DB,,ChIJU66lFOVx6g4RkDEwT67Eetw,2021-02-04,,,,,-26,-4
SN,Senegal,Diourbel Region,,,SN-DB,,ChIJU66lFOVx6g4RkDEwT67Eetw,2021-02-05,,,,,-28,-3
SN,Senegal,Diourbel Region,,,SN-DB,,ChIJU66lFOVx6g4RkDEwT67Eetw,2021-02-06,,,,,-21,-4
SN,Senegal,Diourbel Region,,,SN-DB,,ChIJU66lFOVx6g4RkDEwT67Eetw,2021-02-07,,,,,-12,-6
SN,Senegal,Diourbel Region,,,SN-DB,,ChIJU66lFOVx6g4RkDEwT67Eetw,2021-02-08,,,,,-18,-7
SN,Senegal,Diourbel Region,,,SN-DB,,ChIJU66lFOVx6g4RkDEwT67Eetw,2021-02-09,,,,,-16,-8
SN,Senegal,Diourbel Region,,,SN-DB,,ChIJU66lFOVx6g4RkDEwT67Eetw,2021-02-10,,,,,-13,-8
SN,Senegal,Diourbel Region,,,SN-DB,,ChIJU66lFOVx6g4RkDEwT67Eetw,2021-02-11,,,,,-12,-8
SN,Senegal,Diourbel Region,,,SN-DB,,ChIJU66lFOVx6g4RkDEwT67Eetw,2021-02-12,,,,,-26,-7
SN,Senegal,Diourbel Region,,,SN-DB,,ChIJU66lFOVx6g4RkDEwT67Eetw,2021-02-13,,,,,-14,-8
SN,Senegal,Diourbel Region,,,SN-DB,,ChIJU66lFOVx6g4RkDEwT67Eetw,2021-02-14,,,,,-15,-7
SN,Senegal,Diourbel Region,,,SN-DB,,ChIJU66lFOVx6g4RkDEwT67Eetw,2021-02-15,,,,,-19,-7
SN,Senegal,Diourbel Region,,,SN-DB,,ChIJU66lFOVx6g4RkDEwT67Eetw,2021-02-16,,,,,-18,-10
SN,Senegal,Diourbel Region,,,SN-DB,,ChIJU66lFOVx6g4RkDEwT67Eetw,2021-02-17,,,,,-16,-8
SN,Senegal,Diourbel Region,,,SN-DB,,ChIJU66lFOVx6g4RkDEwT67Eetw,2021-02-18,,,,,-13,-8
SN,Senegal,Diourbel Region,,,SN-DB,,ChIJU66lFOVx6g4RkDEwT67Eetw,2021-02-19,,,,,-18,-7
SN,Senegal,Diourbel Region,,,SN-DB,,ChIJU66lFOVx6g4RkDEwT67Eetw,2021-02-20,,,,,-10,-6
SN,Senegal,Diourbel Region,,,SN-DB,,ChIJU66lFOVx6g4RkDEwT67Eetw,2021-02-21,,,,,-15,-7
SN,Senegal,Diourbel Region,,,SN-DB,,ChIJU66lFOVx6g4RkDEwT67Eetw,2021-02-22,,,,,-16,-7
SN,Senegal,Diourbel Region,,,SN-DB,,ChIJU66lFOVx6g4RkDEwT67Eetw,2021-02-23,,,,,-18,-9
SN,Senegal,Diourbel Region,,,SN-DB,,ChIJU66lFOVx6g4RkDEwT67Eetw,2021-02-24,,,,,-15,-7
SN,Senegal,Diourbel Region,,,SN-DB,,ChIJU66lFOVx6g4RkDEwT67Eetw,2021-02-25,,,,,-13,-7
SN,Senegal,Diourbel Region,,,SN-DB,,ChIJU66lFOVx6g4RkDEwT67Eetw,2021-02-26,,,,,-19,-6
SN,Senegal,Diourbel Region,,,SN-DB,,ChIJU66lFOVx6g4RkDEwT67Eetw,2021-02-27,,,,,-15,-5
SN,Senegal,Diourbel Region,,,SN-DB,,ChIJU66lFOVx6g4RkDEwT67Eetw,2021-02-28,,,,,-15,-6
SN,Senegal,Diourbel Region,,,SN-DB,,ChIJU66lFOVx6g4RkDEwT67Eetw,2021-03-01,,,,,-16,-8
SN,Senegal,Diourbel Region,,,SN-DB,,ChIJU66lFOVx6g4RkDEwT67Eetw,2021-03-02,,,,,-18,-8
SN,Senegal,Diourbel Region,,,SN-DB,,ChIJU66lFOVx6g4RkDEwT67Eetw,2021-03-03,,,,,-18,-6
SN,Senegal,Diourbel Region,,,SN-DB,,ChIJU66lFOVx6g4RkDEwT67Eetw,2021-03-04,,,,,-14,-6
SN,Senegal,Diourbel Region,,,SN-DB,,ChIJU66lFOVx6g4RkDEwT67Eetw,2021-03-05,,,,,-26,-3
SN,Senegal,Diourbel Region,,,SN-DB,,ChIJU66lFOVx6g4RkDEwT67Eetw,2021-03-06,,,,,-25,-4
SN,Senegal,Diourbel Region,,,SN-DB,,ChIJU66lFOVx6g4RkDEwT67Eetw,2021-03-07,,,,,-20,-6
SN,Senegal,Diourbel Region,,,SN-DB,,ChIJU66lFOVx6g4RkDEwT67Eetw,2021-03-08,,,,,-33,-2
SN,Senegal,Diourbel Region,,,SN-DB,,ChIJU66lFOVx6g4RkDEwT67Eetw,2021-03-09,,,,,-33,-6
SN,Senegal,Diourbel Region,,,SN-DB,,ChIJU66lFOVx6g4RkDEwT67Eetw,2021-03-10,,,,,-38,-6
SN,Senegal,Diourbel Region,,,SN-DB,,ChIJU66lFOVx6g4RkDEwT67Eetw,2021-03-11,,,,,-42,-7
SN,Senegal,Diourbel Region,,,SN-DB,,ChIJU66lFOVx6g4RkDEwT67Eetw,2021-03-12,,,,,-36,-5
SN,Senegal,Diourbel Region,,,SN-DB,,ChIJU66lFOVx6g4RkDEwT67Eetw,2021-03-13,,,,,-26,-6
SN,Senegal,Diourbel Region,,,SN-DB,,ChIJU66lFOVx6g4RkDEwT67Eetw,2021-03-14,,,,,-16,-6
SN,Senegal,Diourbel Region,,,SN-DB,,ChIJU66lFOVx6g4RkDEwT67Eetw,2021-03-15,,,,,-16,-8
SN,Senegal,Diourbel Region,,,SN-DB,,ChIJU66lFOVx6g4RkDEwT67Eetw,2021-03-16,,,,,-15,-8
SN,Senegal,Diourbel Region,,,SN-DB,,ChIJU66lFOVx6g4RkDEwT67Eetw,2021-03-17,,,,,-13,-7
SN,Senegal,Diourbel Region,,,SN-DB,,ChIJU66lFOVx6g4RkDEwT67Eetw,2021-03-18,,,,,-10,-7
SN,Senegal,Diourbel Region,,,SN-DB,,ChIJU66lFOVx6g4RkDEwT67Eetw,2021-03-19,,,,,-13,-6
SN,Senegal,Diourbel Region,,,SN-DB,,ChIJU66lFOVx6g4RkDEwT67Eetw,2021-03-20,,,,,-8,-7
SN,Senegal,Diourbel Region,,,SN-DB,,ChIJU66lFOVx6g4RkDEwT67Eetw,2021-03-21,,,,,-5,-7
SN,Senegal,Diourbel Region,,,SN-DB,,ChIJU66lFOVx6g4RkDEwT67Eetw,2021-03-22,,,,,-11,-7
SN,Senegal,Diourbel Region,,,SN-DB,,ChIJU66lFOVx6g4RkDEwT67Eetw,2021-03-23,,,,,-11,-9
SN,Senegal,Diourbel Region,,,SN-DB,,ChIJU66lFOVx6g4RkDEwT67Eetw,2021-03-24,,,,,-8,-8
SN,Senegal,Diourbel Region,,,SN-DB,,ChIJU66lFOVx6g4RkDEwT67Eetw,2021-03-25,,,,,-6,-7
SN,Senegal,Diourbel Region,,,SN-DB,,ChIJU66lFOVx6g4RkDEwT67Eetw,2021-03-26,,,,,-12,-7
SN,Senegal,Diourbel Region,,,SN-DB,,ChIJU66lFOVx6g4RkDEwT67Eetw,2021-03-27,,,,,-5,-6
SN,Senegal,Fatick Region,,,SN-FK,,ChIJHy1LWTnO6Q4RZEcGLqBXvlE,2021-01-01,,,,,-49,
SN,Senegal,Fatick Region,,,SN-FK,,ChIJHy1LWTnO6Q4RZEcGLqBXvlE,2021-01-02,,,13,,-18,
SN,Senegal,Fatick Region,,,SN-FK,,ChIJHy1LWTnO6Q4RZEcGLqBXvlE,2021-01-03,,,18,,,
SN,Senegal,Fatick Region,,,SN-FK,,ChIJHy1LWTnO6Q4RZEcGLqBXvlE,2021-01-04,,,,,-11,
SN,Senegal,Fatick Region,,,SN-FK,,ChIJHy1LWTnO6Q4RZEcGLqBXvlE,2021-01-05,,,,,-19,
SN,Senegal,Fatick Region,,,SN-FK,,ChIJHy1LWTnO6Q4RZEcGLqBXvlE,2021-01-06,,,,,-15,
SN,Senegal,Fatick Region,,,SN-FK,,ChIJHy1LWTnO6Q4RZEcGLqBXvlE,2021-01-07,,,,,-14,
SN,Senegal,Fatick Region,,,SN-FK,,ChIJHy1LWTnO6Q4RZEcGLqBXvlE,2021-01-08,,,3,,-14,
SN,Senegal,Fatick Region,,,SN-FK,,ChIJHy1LWTnO6Q4RZEcGLqBXvlE,2021-01-09,,,-5,,-8,
SN,Senegal,Fatick Region,,,SN-FK,,ChIJHy1LWTnO6Q4RZEcGLqBXvlE,2021-01-10,,,1,,-21,
SN,Senegal,Fatick Region,,,SN-FK,,ChIJHy1LWTnO6Q4RZEcGLqBXvlE,2021-01-11,,,,,-16,
SN,Senegal,Fatick Region,,,SN-FK,,ChIJHy1LWTnO6Q4RZEcGLqBXvlE,2021-01-12,,,,,-17,
SN,Senegal,Fatick Region,,,SN-FK,,ChIJHy1LWTnO6Q4RZEcGLqBXvlE,2021-01-13,,,-8,,-15,
SN,Senegal,Fatick Region,,,SN-FK,,ChIJHy1LWTnO6Q4RZEcGLqBXvlE,2021-01-14,,,,,-26,
SN,Senegal,Fatick Region,,,SN-FK,,ChIJHy1LWTnO6Q4RZEcGLqBXvlE,2021-01-15,,,-21,,-20,
SN,Senegal,Fatick Region,,,SN-FK,,ChIJHy1LWTnO6Q4RZEcGLqBXvlE,2021-01-16,,,-22,,-17,
SN,Senegal,Fatick Region,,,SN-FK,,ChIJHy1LWTnO6Q4RZEcGLqBXvlE,2021-01-17,,,-21,,,
SN,Senegal,Fatick Region,,,SN-FK,,ChIJHy1LWTnO6Q4RZEcGLqBXvlE,2021-01-18,,,-10,,-19,
SN,Senegal,Fatick Region,,,SN-FK,,ChIJHy1LWTnO6Q4RZEcGLqBXvlE,2021-01-19,,,,,-20,
SN,Senegal,Fatick Region,,,SN-FK,,ChIJHy1LWTnO6Q4RZEcGLqBXvlE,2021-01-20,,,-11,,-20,
SN,Senegal,Fatick Region,,,SN-FK,,ChIJHy1LWTnO6Q4RZEcGLqBXvlE,2021-01-21,,,-12,,-18,
SN,Senegal,Fatick Region,,,SN-FK,,ChIJHy1LWTnO6Q4RZEcGLqBXvlE,2021-01-22,,,-19,,-16,
SN,Senegal,Fatick Region,,,SN-FK,,ChIJHy1LWTnO6Q4RZEcGLqBXvlE,2021-01-23,,,-18,,-12,
SN,Senegal,Fatick Region,,,SN-FK,,ChIJHy1LWTnO6Q4RZEcGLqBXvlE,2021-01-24,,,-10,,,
SN,Senegal,Fatick Region,,,SN-FK,,ChIJHy1LWTnO6Q4RZEcGLqBXvlE,2021-01-25,,,-12,,-14,
SN,Senegal,Fatick Region,,,SN-FK,,ChIJHy1LWTnO6Q4RZEcGLqBXvlE,2021-01-26,,,,,-20,
SN,Senegal,Fatick Region,,,SN-FK,,ChIJHy1LWTnO6Q4RZEcGLqBXvlE,2021-01-27,,,,,-16,
SN,Senegal,Fatick Region,,,SN-FK,,ChIJHy1LWTnO6Q4RZEcGLqBXvlE,2021-01-28,,,,,-19,
SN,Senegal,Fatick Region,,,SN-FK,,ChIJHy1LWTnO6Q4RZEcGLqBXvlE,2021-01-29,,,-14,,-16,
SN,Senegal,Fatick Region,,,SN-FK,,ChIJHy1LWTnO6Q4RZEcGLqBXvlE,2021-01-30,,,-14,,-10,
SN,Senegal,Fatick Region,,,SN-FK,,ChIJHy1LWTnO6Q4RZEcGLqBXvlE,2021-01-31,,,-14,,-25,
SN,Senegal,Fatick Region,,,SN-FK,,ChIJHy1LWTnO6Q4RZEcGLqBXvlE,2021-02-01,,,-25,,-34,
SN,Senegal,Fatick Region,,,SN-FK,,ChIJHy1LWTnO6Q4RZEcGLqBXvlE,2021-02-02,,,,,-34,
SN,Senegal,Fatick Region,,,SN-FK,,ChIJHy1LWTnO6Q4RZEcGLqBXvlE,2021-02-03,,,-18,,-38,
SN,Senegal,Fatick Region,,,SN-FK,,ChIJHy1LWTnO6Q4RZEcGLqBXvlE,2021-02-04,,,-11,,-39,
SN,Senegal,Fatick Region,,,SN-FK,,ChIJHy1LWTnO6Q4RZEcGLqBXvlE,2021-02-05,,,-17,,-42,
SN,Senegal,Fatick Region,,,SN-FK,,ChIJHy1LWTnO6Q4RZEcGLqBXvlE,2021-02-06,,,-10,,-40,
SN,Senegal,Fatick Region,,,SN-FK,,ChIJHy1LWTnO6Q4RZEcGLqBXvlE,2021-02-07,,,-8,,-25,
SN,Senegal,Fatick Region,,,SN-FK,,ChIJHy1LWTnO6Q4RZEcGLqBXvlE,2021-02-08,,,-15,,-25,
SN,Senegal,Fatick Region,,,SN-FK,,ChIJHy1LWTnO6Q4RZEcGLqBXvlE,2021-02-09,,,,,-25,
SN,Senegal,Fatick Region,,,SN-FK,,ChIJHy1LWTnO6Q4RZEcGLqBXvlE,2021-02-10,,,-20,,-23,
SN,Senegal,Fatick Region,,,SN-FK,,ChIJHy1LWTnO6Q4RZEcGLqBXvlE,2021-02-11,,,-23,,-26,
SN,Senegal,Fatick Region,,,SN-FK,,ChIJHy1LWTnO6Q4RZEcGLqBXvlE,2021-02-12,,,-37,,-28,
SN,Senegal,Fatick Region,,,SN-FK,,ChIJHy1LWTnO6Q4RZEcGLqBXvlE,2021-02-13,,,-35,,-26,
SN,Senegal,Fatick Region,,,SN-FK,,ChIJHy1LWTnO6Q4RZEcGLqBXvlE,2021-02-14,,,-39,,-31,
SN,Senegal,Fatick Region,,,SN-FK,,ChIJHy1LWTnO6Q4RZEcGLqBXvlE,2021-02-15,,,-32,,-26,
SN,Senegal,Fatick Region,,,SN-FK,,ChIJHy1LWTnO6Q4RZEcGLqBXvlE,2021-02-16,,,-33,,-29,
SN,Senegal,Fatick Region,,,SN-FK,,ChIJHy1LWTnO6Q4RZEcGLqBXvlE,2021-02-17,,,-34,,-30,
SN,Senegal,Fatick Region,,,SN-FK,,ChIJHy1LWTnO6Q4RZEcGLqBXvlE,2021-02-18,,,-33,,-24,
SN,Senegal,Fatick Region,,,SN-FK,,ChIJHy1LWTnO6Q4RZEcGLqBXvlE,2021-02-19,,,-35,,-27,
SN,Senegal,Fatick Region,,,SN-FK,,ChIJHy1LWTnO6Q4RZEcGLqBXvlE,2021-02-20,,,-37,,-19,
SN,Senegal,Fatick Region,,,SN-FK,,ChIJHy1LWTnO6Q4RZEcGLqBXvlE,2021-02-21,,,-31,,-31,
SN,Senegal,Fatick Region,,,SN-FK,,ChIJHy1LWTnO6Q4RZEcGLqBXvlE,2021-02-22,,,-37,,-29,
SN,Senegal,Fatick Region,,,SN-FK,,ChIJHy1LWTnO6Q4RZEcGLqBXvlE,2021-02-23,,,-27,,-29,
SN,Senegal,Fatick Region,,,SN-FK,,ChIJHy1LWTnO6Q4RZEcGLqBXvlE,2021-02-24,,,-38,,-27,
SN,Senegal,Fatick Region,,,SN-FK,,ChIJHy1LWTnO6Q4RZEcGLqBXvlE,2021-02-25,,,-32,,-23,
SN,Senegal,Fatick Region,,,SN-FK,,ChIJHy1LWTnO6Q4RZEcGLqBXvlE,2021-02-26,,,-32,,-27,
SN,Senegal,Fatick Region,,,SN-FK,,ChIJHy1LWTnO6Q4RZEcGLqBXvlE,2021-02-27,,,-35,,-15,
SN,Senegal,Fatick Region,,,SN-FK,,ChIJHy1LWTnO6Q4RZEcGLqBXvlE,2021-02-28,,,-28,,-29,
SN,Senegal,Fatick Region,,,SN-FK,,ChIJHy1LWTnO6Q4RZEcGLqBXvlE,2021-03-01,,,-33,,-22,
SN,Senegal,Fatick Region,,,SN-FK,,ChIJHy1LWTnO6Q4RZEcGLqBXvlE,2021-03-02,,,-32,,-31,
SN,Senegal,Fatick Region,,,SN-FK,,ChIJHy1LWTnO6Q4RZEcGLqBXvlE,2021-03-03,,,-35,,-25,
SN,Senegal,Fatick Region,,,SN-FK,,ChIJHy1LWTnO6Q4RZEcGLqBXvlE,2021-03-04,,,-43,,-33,
SN,Senegal,Fatick Region,,,SN-FK,,ChIJHy1LWTnO6Q4RZEcGLqBXvlE,2021-03-05,,,-41,,-29,
SN,Senegal,Fatick Region,,,SN-FK,,ChIJHy1LWTnO6Q4RZEcGLqBXvlE,2021-03-06,,,-38,,-31,
SN,Senegal,Fatick Region,,,SN-FK,,ChIJHy1LWTnO6Q4RZEcGLqBXvlE,2021-03-07,,,-25,,-31,
SN,Senegal,Fatick Region,,,SN-FK,,ChIJHy1LWTnO6Q4RZEcGLqBXvlE,2021-03-08,,,-31,,-48,
SN,Senegal,Fatick Region,,,SN-FK,,ChIJHy1LWTnO6Q4RZEcGLqBXvlE,2021-03-09,,,-34,,-44,
SN,Senegal,Fatick Region,,,SN-FK,,ChIJHy1LWTnO6Q4RZEcGLqBXvlE,2021-03-10,,,-33,,-41,
SN,Senegal,Fatick Region,,,SN-FK,,ChIJHy1LWTnO6Q4RZEcGLqBXvlE,2021-03-11,,,-21,,-40,
SN,Senegal,Fatick Region,,,SN-FK,,ChIJHy1LWTnO6Q4RZEcGLqBXvlE,2021-03-12,,,-25,,-45,
SN,Senegal,Fatick Region,,,SN-FK,,ChIJHy1LWTnO6Q4RZEcGLqBXvlE,2021-03-13,,,-20,,-35,
SN,Senegal,Fatick Region,,,SN-FK,,ChIJHy1LWTnO6Q4RZEcGLqBXvlE,2021-03-14,,,-21,,-23,
SN,Senegal,Fatick Region,,,SN-FK,,ChIJHy1LWTnO6Q4RZEcGLqBXvlE,2021-03-15,,,-32,,-25,
SN,Senegal,Fatick Region,,,SN-FK,,ChIJHy1LWTnO6Q4RZEcGLqBXvlE,2021-03-16,,,-28,,-26,
SN,Senegal,Fatick Region,,,SN-FK,,ChIJHy1LWTnO6Q4RZEcGLqBXvlE,2021-03-17,,,-36,,-22,
SN,Senegal,Fatick Region,,,SN-FK,,ChIJHy1LWTnO6Q4RZEcGLqBXvlE,2021-03-18,,,-35,,-23,
SN,Senegal,Fatick Region,,,SN-FK,,ChIJHy1LWTnO6Q4RZEcGLqBXvlE,2021-03-19,,,-31,,-23,
SN,Senegal,Fatick Region,,,SN-FK,,ChIJHy1LWTnO6Q4RZEcGLqBXvlE,2021-03-20,,,-35,,-22,
SN,Senegal,Fatick Region,,,SN-FK,,ChIJHy1LWTnO6Q4RZEcGLqBXvlE,2021-03-21,,,-36,,-28,
SN,Senegal,Fatick Region,,,SN-FK,,ChIJHy1LWTnO6Q4RZEcGLqBXvlE,2021-03-22,,,-37,,-21,
SN,Senegal,Fatick Region,,,SN-FK,,ChIJHy1LWTnO6Q4RZEcGLqBXvlE,2021-03-23,,,-33,,-19,
SN,Senegal,Fatick Region,,,SN-FK,,ChIJHy1LWTnO6Q4RZEcGLqBXvlE,2021-03-24,,,-35,,-22,
SN,Senegal,Fatick Region,,,SN-FK,,ChIJHy1LWTnO6Q4RZEcGLqBXvlE,2021-03-25,,,-30,,-24,
SN,Senegal,Fatick Region,,,SN-FK,,ChIJHy1LWTnO6Q4RZEcGLqBXvlE,2021-03-26,,,-37,,-21,
SN,Senegal,Fatick Region,,,SN-FK,,ChIJHy1LWTnO6Q4RZEcGLqBXvlE,2021-03-27,,,-38,,-15,
SN,Senegal,Kaolack Region,,,SN-KL,,ChIJw7gyZD446Q4RwPx-sCT-KR4,2021-01-01,,,,,-51,
SN,Senegal,Kaolack Region,,,SN-KL,,ChIJw7gyZD446Q4RwPx-sCT-KR4,2021-01-02,,,,,-21,
SN,Senegal,Kaolack Region,,,SN-KL,,ChIJw7gyZD446Q4RwPx-sCT-KR4,2021-01-03,,,,,-22,
SN,Senegal,Kaolack Region,,,SN-KL,,ChIJw7gyZD446Q4RwPx-sCT-KR4,2021-01-04,,,,,-15,
SN,Senegal,Kaolack Region,,,SN-KL,,ChIJw7gyZD446Q4RwPx-sCT-KR4,2021-01-05,,,,,-15,
SN,Senegal,Kaolack Region,,,SN-KL,,ChIJw7gyZD446Q4RwPx-sCT-KR4,2021-01-06,,,,,-12,
SN,Senegal,Kaolack Region,,,SN-KL,,ChIJw7gyZD446Q4RwPx-sCT-KR4,2021-01-07,,,,,-14,
SN,Senegal,Kaolack Region,,,SN-KL,,ChIJw7gyZD446Q4RwPx-sCT-KR4,2021-01-08,,,,,-8,
SN,Senegal,Kaolack Region,,,SN-KL,,ChIJw7gyZD446Q4RwPx-sCT-KR4,2021-01-09,,,,,-8,
SN,Senegal,Kaolack Region,,,SN-KL,,ChIJw7gyZD446Q4RwPx-sCT-KR4,2021-01-10,,,,,-17,
SN,Senegal,Kaolack Region,,,SN-KL,,ChIJw7gyZD446Q4RwPx-sCT-KR4,2021-01-11,,,,,-10,
SN,Senegal,Kaolack Region,,,SN-KL,,ChIJw7gyZD446Q4RwPx-sCT-KR4,2021-01-12,,,,,-12,
SN,Senegal,Kaolack Region,,,SN-KL,,ChIJw7gyZD446Q4RwPx-sCT-KR4,2021-01-13,,,,,-16,
SN,Senegal,Kaolack Region,,,SN-KL,,ChIJw7gyZD446Q4RwPx-sCT-KR4,2021-01-14,,,,,-18,
SN,Senegal,Kaolack Region,,,SN-KL,,ChIJw7gyZD446Q4RwPx-sCT-KR4,2021-01-15,,,,,-21,
SN,Senegal,Kaolack Region,,,SN-KL,,ChIJw7gyZD446Q4RwPx-sCT-KR4,2021-01-16,,,,,-20,
SN,Senegal,Kaolack Region,,,SN-KL,,ChIJw7gyZD446Q4RwPx-sCT-KR4,2021-01-17,,,,,-26,
SN,Senegal,Kaolack Region,,,SN-KL,,ChIJw7gyZD446Q4RwPx-sCT-KR4,2021-01-18,,,,,-20,
SN,Senegal,Kaolack Region,,,SN-KL,,ChIJw7gyZD446Q4RwPx-sCT-KR4,2021-01-19,,,,,-16,
SN,Senegal,Kaolack Region,,,SN-KL,,ChIJw7gyZD446Q4RwPx-sCT-KR4,2021-01-20,,,,,-16,
SN,Senegal,Kaolack Region,,,SN-KL,,ChIJw7gyZD446Q4RwPx-sCT-KR4,2021-01-21,,,,,-13,
SN,Senegal,Kaolack Region,,,SN-KL,,ChIJw7gyZD446Q4RwPx-sCT-KR4,2021-01-22,,,,,-12,
SN,Senegal,Kaolack Region,,,SN-KL,,ChIJw7gyZD446Q4RwPx-sCT-KR4,2021-01-23,,,,,-14,
SN,Senegal,Kaolack Region,,,SN-KL,,ChIJw7gyZD446Q4RwPx-sCT-KR4,2021-01-24,,,,,-23,
SN,Senegal,Kaolack Region,,,SN-KL,,ChIJw7gyZD446Q4RwPx-sCT-KR4,2021-01-25,,,,,-13,
SN,Senegal,Kaolack Region,,,SN-KL,,ChIJw7gyZD446Q4RwPx-sCT-KR4,2021-01-26,,,,,-12,
SN,Senegal,Kaolack Region,,,SN-KL,,ChIJw7gyZD446Q4RwPx-sCT-KR4,2021-01-27,,,,,-10,
SN,Senegal,Kaolack Region,,,SN-KL,,ChIJw7gyZD446Q4RwPx-sCT-KR4,2021-01-28,,,,,-15,
SN,Senegal,Kaolack Region,,,SN-KL,,ChIJw7gyZD446Q4RwPx-sCT-KR4,2021-01-29,,,,,-11,
SN,Senegal,Kaolack Region,,,SN-KL,,ChIJw7gyZD446Q4RwPx-sCT-KR4,2021-01-30,,,,,-16,
SN,Senegal,Kaolack Region,,,SN-KL,,ChIJw7gyZD446Q4RwPx-sCT-KR4,2021-01-31,,,,,-29,
SN,Senegal,Kaolack Region,,,SN-KL,,ChIJw7gyZD446Q4RwPx-sCT-KR4,2021-02-01,,,,,-27,
SN,Senegal,Kaolack Region,,,SN-KL,,ChIJw7gyZD446Q4RwPx-sCT-KR4,2021-02-02,,,,,-29,
SN,Senegal,Kaolack Region,,,SN-KL,,ChIJw7gyZD446Q4RwPx-sCT-KR4,2021-02-03,,,,,-28,
SN,Senegal,Kaolack Region,,,SN-KL,,ChIJw7gyZD446Q4RwPx-sCT-KR4,2021-02-04,,,,,-32,
SN,Senegal,Kaolack Region,,,SN-KL,,ChIJw7gyZD446Q4RwPx-sCT-KR4,2021-02-05,,,,,-35,
SN,Senegal,Kaolack Region,,,SN-KL,,ChIJw7gyZD446Q4RwPx-sCT-KR4,2021-02-06,,,,,-28,
SN,Senegal,Kaolack Region,,,SN-KL,,ChIJw7gyZD446Q4RwPx-sCT-KR4,2021-02-07,,,,,-34,
SN,Senegal,Kaolack Region,,,SN-KL,,ChIJw7gyZD446Q4RwPx-sCT-KR4,2021-02-08,,,,,-19,
SN,Senegal,Kaolack Region,,,SN-KL,,ChIJw7gyZD446Q4RwPx-sCT-KR4,2021-02-09,,,,,-17,
SN,Senegal,Kaolack Region,,,SN-KL,,ChIJw7gyZD446Q4RwPx-sCT-KR4,2021-02-10,,,,,-16,
SN,Senegal,Kaolack Region,,,SN-KL,,ChIJw7gyZD446Q4RwPx-sCT-KR4,2021-02-11,,,,,-17,
SN,Senegal,Kaolack Region,,,SN-KL,,ChIJw7gyZD446Q4RwPx-sCT-KR4,2021-02-12,,,,,-15,
SN,Senegal,Kaolack Region,,,SN-KL,,ChIJw7gyZD446Q4RwPx-sCT-KR4,2021-02-13,,,,,-16,
SN,Senegal,Kaolack Region,,,SN-KL,,ChIJw7gyZD446Q4RwPx-sCT-KR4,2021-02-14,,,,,-43,
SN,Senegal,Kaolack Region,,,SN-KL,,ChIJw7gyZD446Q4RwPx-sCT-KR4,2021-02-15,,,,,-19,
SN,Senegal,Kaolack Region,,,SN-KL,,ChIJw7gyZD446Q4RwPx-sCT-KR4,2021-02-16,,,,,-21,
SN,Senegal,Kaolack Region,,,SN-KL,,ChIJw7gyZD446Q4RwPx-sCT-KR4,2021-02-17,,,,,-16,
SN,Senegal,Kaolack Region,,,SN-KL,,ChIJw7gyZD446Q4RwPx-sCT-KR4,2021-02-18,,,,,-14,
SN,Senegal,Kaolack Region,,,SN-KL,,ChIJw7gyZD446Q4RwPx-sCT-KR4,2021-02-19,,,,,-14,
SN,Senegal,Kaolack Region,,,SN-KL,,ChIJw7gyZD446Q4RwPx-sCT-KR4,2021-02-20,,,,,-11,
SN,Senegal,Kaolack Region,,,SN-KL,,ChIJw7gyZD446Q4RwPx-sCT-KR4,2021-02-21,,,,,-40,
SN,Senegal,Kaolack Region,,,SN-KL,,ChIJw7gyZD446Q4RwPx-sCT-KR4,2021-02-22,,,,,-18,
SN,Senegal,Kaolack Region,,,SN-KL,,ChIJw7gyZD446Q4RwPx-sCT-KR4,2021-02-23,,,,,-15,
SN,Senegal,Kaolack Region,,,SN-KL,,ChIJw7gyZD446Q4RwPx-sCT-KR4,2021-02-24,,,,,-15,
SN,Senegal,Kaolack Region,,,SN-KL,,ChIJw7gyZD446Q4RwPx-sCT-KR4,2021-02-25,,,,,-14,
SN,Senegal,Kaolack Region,,,SN-KL,,ChIJw7gyZD446Q4RwPx-sCT-KR4,2021-02-26,,,,,-14,
SN,Senegal,Kaolack Region,,,SN-KL,,ChIJw7gyZD446Q4RwPx-sCT-KR4,2021-02-27,,,,,-12,
SN,Senegal,Kaolack Region,,,SN-KL,,ChIJw7gyZD446Q4RwPx-sCT-KR4,2021-02-28,,,,,-34,
SN,Senegal,Kaolack Region,,,SN-KL,,ChIJw7gyZD446Q4RwPx-sCT-KR4,2021-03-01,,,,,-14,
SN,Senegal,Kaolack Region,,,SN-KL,,ChIJw7gyZD446Q4RwPx-sCT-KR4,2021-03-02,,,,,-15,
SN,Senegal,Kaolack Region,,,SN-KL,,ChIJw7gyZD446Q4RwPx-sCT-KR4,2021-03-03,,,,,-15,
SN,Senegal,Kaolack Region,,,SN-KL,,ChIJw7gyZD446Q4RwPx-sCT-KR4,2021-03-04,,,,,-18,
SN,Senegal,Kaolack Region,,,SN-KL,,ChIJw7gyZD446Q4RwPx-sCT-KR4,2021-03-05,,,,,-20,
SN,Senegal,Kaolack Region,,,SN-KL,,ChIJw7gyZD446Q4RwPx-sCT-KR4,2021-03-06,,,,,-29,
SN,Senegal,Kaolack Region,,,SN-KL,,ChIJw7gyZD446Q4RwPx-sCT-KR4,2021-03-07,,,,,-41,
SN,Senegal,Kaolack Region,,,SN-KL,,ChIJw7gyZD446Q4RwPx-sCT-KR4,2021-03-08,,,,,-41,
SN,Senegal,Kaolack Region,,,SN-KL,,ChIJw7gyZD446Q4RwPx-sCT-KR4,2021-03-09,,,,,-35,
SN,Senegal,Kaolack Region,,,SN-KL,,ChIJw7gyZD446Q4RwPx-sCT-KR4,2021-03-10,,,,,-35,
SN,Senegal,Kaolack Region,,,SN-KL,,ChIJw7gyZD446Q4RwPx-sCT-KR4,2021-03-11,,,,,-33,
SN,Senegal,Kaolack Region,,,SN-KL,,ChIJw7gyZD446Q4RwPx-sCT-KR4,2021-03-12,,,,,-35,
SN,Senegal,Kaolack Region,,,SN-KL,,ChIJw7gyZD446Q4RwPx-sCT-KR4,2021-03-13,,,,,-34,
SN,Senegal,Kaolack Region,,,SN-KL,,ChIJw7gyZD446Q4RwPx-sCT-KR4,2021-03-14,,,,,-39,
SN,Senegal,Kaolack Region,,,SN-KL,,ChIJw7gyZD446Q4RwPx-sCT-KR4,2021-03-15,,,,,-13,
SN,Senegal,Kaolack Region,,,SN-KL,,ChIJw7gyZD446Q4RwPx-sCT-KR4,2021-03-16,,,,,-14,
SN,Senegal,Kaolack Region,,,SN-KL,,ChIJw7gyZD446Q4RwPx-sCT-KR4,2021-03-17,,,,,-14,
SN,Senegal,Kaolack Region,,,SN-KL,,ChIJw7gyZD446Q4RwPx-sCT-KR4,2021-03-18,,,,,-14,
SN,Senegal,Kaolack Region,,,SN-KL,,ChIJw7gyZD446Q4RwPx-sCT-KR4,2021-03-19,,,,,-8,
SN,Senegal,Kaolack Region,,,SN-KL,,ChIJw7gyZD446Q4RwPx-sCT-KR4,2021-03-20,,,,,-6,
SN,Senegal,Kaolack Region,,,SN-KL,,ChIJw7gyZD446Q4RwPx-sCT-KR4,2021-03-21,,,,,-34,
SN,Senegal,Kaolack Region,,,SN-KL,,ChIJw7gyZD446Q4RwPx-sCT-KR4,2021-03-22,,,,,-11,
SN,Senegal,Kaolack Region,,,SN-KL,,ChIJw7gyZD446Q4RwPx-sCT-KR4,2021-03-23,,,,,-12,
SN,Senegal,Kaolack Region,,,SN-KL,,ChIJw7gyZD446Q4RwPx-sCT-KR4,2021-03-24,,,,,-11,
SN,Senegal,Kaolack Region,,,SN-KL,,ChIJw7gyZD446Q4RwPx-sCT-KR4,2021-03-25,,,,,-11,
SN,Senegal,Kaolack Region,,,SN-KL,,ChIJw7gyZD446Q4RwPx-sCT-KR4,2021-03-26,,,,,-7,
SN,Senegal,Kaolack Region,,,SN-KL,,ChIJw7gyZD446Q4RwPx-sCT-KR4,2021-03-27,,,,,-6,
SN,Senegal,Kolda Region,,,SN-KD,,ChIJkd044Dzz5Q4R3USbOgKXnbk,2021-01-01,,,,,-51,
SN,Senegal,Kolda Region,,,SN-KD,,ChIJkd044Dzz5Q4R3USbOgKXnbk,2021-01-02,,,,,-27,
SN,Senegal,Kolda Region,,,SN-KD,,ChIJkd044Dzz5Q4R3USbOgKXnbk,2021-01-04,,,,,-24,
SN,Senegal,Kolda Region,,,SN-KD,,ChIJkd044Dzz5Q4R3USbOgKXnbk,2021-01-05,,,,,-29,
SN,Senegal,Kolda Region,,,SN-KD,,ChIJkd044Dzz5Q4R3USbOgKXnbk,2021-01-06,,,,,-26,
SN,Senegal,Kolda Region,,,SN-KD,,ChIJkd044Dzz5Q4R3USbOgKXnbk,2021-01-07,,,,,-27,
SN,Senegal,Kolda Region,,,SN-KD,,ChIJkd044Dzz5Q4R3USbOgKXnbk,2021-01-08,,,,,-23,
SN,Senegal,Kolda Region,,,SN-KD,,ChIJkd044Dzz5Q4R3USbOgKXnbk,2021-01-09,,,,,-13,
SN,Senegal,Kolda Region,,,SN-KD,,ChIJkd044Dzz5Q4R3USbOgKXnbk,2021-01-11,,,,,-21,
SN,Senegal,Kolda Region,,,SN-KD,,ChIJkd044Dzz5Q4R3USbOgKXnbk,2021-01-12,,,,,-23,
SN,Senegal,Kolda Region,,,SN-KD,,ChIJkd044Dzz5Q4R3USbOgKXnbk,2021-01-13,,,,,-19,
SN,Senegal,Kolda Region,,,SN-KD,,ChIJkd044Dzz5Q4R3USbOgKXnbk,2021-01-14,,,,,-28,
SN,Senegal,Kolda Region,,,SN-KD,,ChIJkd044Dzz5Q4R3USbOgKXnbk,2021-01-15,,,,,-29,
SN,Senegal,Kolda Region,,,SN-KD,,ChIJkd044Dzz5Q4R3USbOgKXnbk,2021-01-16,,,,,-23,
SN,Senegal,Kolda Region,,,SN-KD,,ChIJkd044Dzz5Q4R3USbOgKXnbk,2021-01-18,,,,,-24,
SN,Senegal,Kolda Region,,,SN-KD,,ChIJkd044Dzz5Q4R3USbOgKXnbk,2021-01-19,,,,,-29,
SN,Senegal,Kolda Region,,,SN-KD,,ChIJkd044Dzz5Q4R3USbOgKXnbk,2021-01-20,,,,,-25,
SN,Senegal,Kolda Region,,,SN-KD,,ChIJkd044Dzz5Q4R3USbOgKXnbk,2021-01-21,,,,,-28,
SN,Senegal,Kolda Region,,,SN-KD,,ChIJkd044Dzz5Q4R3USbOgKXnbk,2021-01-22,,,,,-27,
SN,Senegal,Kolda Region,,,SN-KD,,ChIJkd044Dzz5Q4R3USbOgKXnbk,2021-01-23,,,,,-23,
SN,Senegal,Kolda Region,,,SN-KD,,ChIJkd044Dzz5Q4R3USbOgKXnbk,2021-01-25,,,,,-23,
SN,Senegal,Kolda Region,,,SN-KD,,ChIJkd044Dzz5Q4R3USbOgKXnbk,2021-01-26,,,,,-22,
SN,Senegal,Kolda Region,,,SN-KD,,ChIJkd044Dzz5Q4R3USbOgKXnbk,2021-01-27,,,,,-20,
SN,Senegal,Kolda Region,,,SN-KD,,ChIJkd044Dzz5Q4R3USbOgKXnbk,2021-01-28,,,,,-22,
SN,Senegal,Kolda Region,,,SN-KD,,ChIJkd044Dzz5Q4R3USbOgKXnbk,2021-01-29,,,,,-25,
SN,Senegal,Kolda Region,,,SN-KD,,ChIJkd044Dzz5Q4R3USbOgKXnbk,2021-01-30,,,,,-19,
SN,Senegal,Kolda Region,,,SN-KD,,ChIJkd044Dzz5Q4R3USbOgKXnbk,2021-02-01,,,,,-32,
SN,Senegal,Kolda Region,,,SN-KD,,ChIJkd044Dzz5Q4R3USbOgKXnbk,2021-02-02,,,,,-35,
SN,Senegal,Kolda Region,,,SN-KD,,ChIJkd044Dzz5Q4R3USbOgKXnbk,2021-02-03,,,,,-37,
SN,Senegal,Kolda Region,,,SN-KD,,ChIJkd044Dzz5Q4R3USbOgKXnbk,2021-02-04,,,,,-37,
SN,Senegal,Kolda Region,,,SN-KD,,ChIJkd044Dzz5Q4R3USbOgKXnbk,2021-02-05,,,,,-37,
SN,Senegal,Kolda Region,,,SN-KD,,ChIJkd044Dzz5Q4R3USbOgKXnbk,2021-02-06,,,,,-33,
SN,Senegal,Kolda Region,,,SN-KD,,ChIJkd044Dzz5Q4R3USbOgKXnbk,2021-02-07,,,,,-49,
SN,Senegal,Kolda Region,,,SN-KD,,ChIJkd044Dzz5Q4R3USbOgKXnbk,2021-02-08,,,,,-28,
SN,Senegal,Kolda Region,,,SN-KD,,ChIJkd044Dzz5Q4R3USbOgKXnbk,2021-02-09,,,,,-29,
SN,Senegal,Kolda Region,,,SN-KD,,ChIJkd044Dzz5Q4R3USbOgKXnbk,2021-02-10,,,,,-34,
SN,Senegal,Kolda Region,,,SN-KD,,ChIJkd044Dzz5Q4R3USbOgKXnbk,2021-02-11,,,,,-27,
SN,Senegal,Kolda Region,,,SN-KD,,ChIJkd044Dzz5Q4R3USbOgKXnbk,2021-02-12,,,,,-29,
SN,Senegal,Kolda Region,,,SN-KD,,ChIJkd044Dzz5Q4R3USbOgKXnbk,2021-02-13,,,,,-25,
SN,Senegal,Kolda Region,,,SN-KD,,ChIJkd044Dzz5Q4R3USbOgKXnbk,2021-02-14,,,,,-55,
SN,Senegal,Kolda Region,,,SN-KD,,ChIJkd044Dzz5Q4R3USbOgKXnbk,2021-02-15,,,,,-30,
SN,Senegal,Kolda Region,,,SN-KD,,ChIJkd044Dzz5Q4R3USbOgKXnbk,2021-02-16,,,,,-38,
SN,Senegal,Kolda Region,,,SN-KD,,ChIJkd044Dzz5Q4R3USbOgKXnbk,2021-02-17,,,,,-31,
SN,Senegal,Kolda Region,,,SN-KD,,ChIJkd044Dzz5Q4R3USbOgKXnbk,2021-02-18,,,,,-33,
SN,Senegal,Kolda Region,,,SN-KD,,ChIJkd044Dzz5Q4R3USbOgKXnbk,2021-02-19,,,,,-28,
SN,Senegal,Kolda Region,,,SN-KD,,ChIJkd044Dzz5Q4R3USbOgKXnbk,2021-02-20,,,,,-28,
SN,Senegal,Kolda Region,,,SN-KD,,ChIJkd044Dzz5Q4R3USbOgKXnbk,2021-02-22,,,,,-27,
SN,Senegal,Kolda Region,,,SN-KD,,ChIJkd044Dzz5Q4R3USbOgKXnbk,2021-02-23,,,,,-35,
SN,Senegal,Kolda Region,,,SN-KD,,ChIJkd044Dzz5Q4R3USbOgKXnbk,2021-02-24,,,,,-31,
SN,Senegal,Kolda Region,,,SN-KD,,ChIJkd044Dzz5Q4R3USbOgKXnbk,2021-02-25,,,,,-32,
SN,Senegal,Kolda Region,,,SN-KD,,ChIJkd044Dzz5Q4R3USbOgKXnbk,2021-02-26,,,,,-31,
SN,Senegal,Kolda Region,,,SN-KD,,ChIJkd044Dzz5Q4R3USbOgKXnbk,2021-02-27,,,,,-25,
SN,Senegal,Kolda Region,,,SN-KD,,ChIJkd044Dzz5Q4R3USbOgKXnbk,2021-03-01,,,,,-28,
SN,Senegal,Kolda Region,,,SN-KD,,ChIJkd044Dzz5Q4R3USbOgKXnbk,2021-03-02,,,,,-32,
SN,Senegal,Kolda Region,,,SN-KD,,ChIJkd044Dzz5Q4R3USbOgKXnbk,2021-03-03,,,,,-31,
SN,Senegal,Kolda Region,,,SN-KD,,ChIJkd044Dzz5Q4R3USbOgKXnbk,2021-03-04,,,,,-37,
SN,Senegal,Kolda Region,,,SN-KD,,ChIJkd044Dzz5Q4R3USbOgKXnbk,2021-03-05,,,,,-33,
SN,Senegal,Kolda Region,,,SN-KD,,ChIJkd044Dzz5Q4R3USbOgKXnbk,2021-03-06,,,,,-42,
SN,Senegal,Kolda Region,,,SN-KD,,ChIJkd044Dzz5Q4R3USbOgKXnbk,2021-03-08,,,,,-49,
SN,Senegal,Kolda Region,,,SN-KD,,ChIJkd044Dzz5Q4R3USbOgKXnbk,2021-03-09,,,,,-44,
SN,Senegal,Kolda Region,,,SN-KD,,ChIJkd044Dzz5Q4R3USbOgKXnbk,2021-03-10,,,,,-39,
SN,Senegal,Kolda Region,,,SN-KD,,ChIJkd044Dzz5Q4R3USbOgKXnbk,2021-03-11,,,,,-45,
SN,Senegal,Kolda Region,,,SN-KD,,ChIJkd044Dzz5Q4R3USbOgKXnbk,2021-03-12,,,,,-40,
SN,Senegal,Kolda Region,,,SN-KD,,ChIJkd044Dzz5Q4R3USbOgKXnbk,2021-03-13,,,,,-40,
SN,Senegal,Kolda Region,,,SN-KD,,ChIJkd044Dzz5Q4R3USbOgKXnbk,2021-03-14,,,,,-55,
SN,Senegal,Kolda Region,,,SN-KD,,ChIJkd044Dzz5Q4R3USbOgKXnbk,2021-03-15,,,,,-24,
SN,Senegal,Kolda Region,,,SN-KD,,ChIJkd044Dzz5Q4R3USbOgKXnbk,2021-03-16,,,,,-35,
SN,Senegal,Kolda Region,,,SN-KD,,ChIJkd044Dzz5Q4R3USbOgKXnbk,2021-03-17,,,,,-33,
SN,Senegal,Kolda Region,,,SN-KD,,ChIJkd044Dzz5Q4R3USbOgKXnbk,2021-03-18,,,,,-32,
SN,Senegal,Kolda Region,,,SN-KD,,ChIJkd044Dzz5Q4R3USbOgKXnbk,2021-03-19,,,,,-33,
SN,Senegal,Kolda Region,,,SN-KD,,ChIJkd044Dzz5Q4R3USbOgKXnbk,2021-03-20,,,,,-31,
SN,Senegal,Kolda Region,,,SN-KD,,ChIJkd044Dzz5Q4R3USbOgKXnbk,2021-03-22,,,,,-30,
SN,Senegal,Kolda Region,,,SN-KD,,ChIJkd044Dzz5Q4R3USbOgKXnbk,2021-03-23,,,,,-32,
SN,Senegal,Kolda Region,,,SN-KD,,ChIJkd044Dzz5Q4R3USbOgKXnbk,2021-03-24,,,,,-31,
SN,Senegal,Kolda Region,,,SN-KD,,ChIJkd044Dzz5Q4R3USbOgKXnbk,2021-03-25,,,,,-30,
SN,Senegal,Kolda Region,,,SN-KD,,ChIJkd044Dzz5Q4R3USbOgKXnbk,2021-03-26,,,,,-32,
SN,Senegal,Kolda Region,,,SN-KD,,ChIJkd044Dzz5Q4R3USbOgKXnbk,2021-03-27,,,,,-27,
SN,Senegal,Louga Region,,,SN-LG,,ChIJQ3z0qa2N6g4R9HgjoR5AOtc,2021-01-01,,,,,-37,
SN,Senegal,Louga Region,,,SN-LG,,ChIJQ3z0qa2N6g4R9HgjoR5AOtc,2021-01-02,,,,,-16,
SN,Senegal,Louga Region,,,SN-LG,,ChIJQ3z0qa2N6g4R9HgjoR5AOtc,2021-01-03,,,,,-15,
SN,Senegal,Louga Region,,,SN-LG,,ChIJQ3z0qa2N6g4R9HgjoR5AOtc,2021-01-04,,,,,-15,
SN,Senegal,Louga Region,,,SN-LG,,ChIJQ3z0qa2N6g4R9HgjoR5AOtc,2021-01-05,,,,,-15,
SN,Senegal,Louga Region,,,SN-LG,,ChIJQ3z0qa2N6g4R9HgjoR5AOtc,2021-01-06,,,,,-14,
SN,Senegal,Louga Region,,,SN-LG,,ChIJQ3z0qa2N6g4R9HgjoR5AOtc,2021-01-07,,,,,-10,
SN,Senegal,Louga Region,,,SN-LG,,ChIJQ3z0qa2N6g4R9HgjoR5AOtc,2021-01-08,,,,,-10,
SN,Senegal,Louga Region,,,SN-LG,,ChIJQ3z0qa2N6g4R9HgjoR5AOtc,2021-01-09,,,,,-11,
SN,Senegal,Louga Region,,,SN-LG,,ChIJQ3z0qa2N6g4R9HgjoR5AOtc,2021-01-10,,,,,-13,
SN,Senegal,Louga Region,,,SN-LG,,ChIJQ3z0qa2N6g4R9HgjoR5AOtc,2021-01-11,,,,,-4,
SN,Senegal,Louga Region,,,SN-LG,,ChIJQ3z0qa2N6g4R9HgjoR5AOtc,2021-01-12,,,,,-7,
SN,Senegal,Louga Region,,,SN-LG,,ChIJQ3z0qa2N6g4R9HgjoR5AOtc,2021-01-13,,,,,-14,
SN,Senegal,Louga Region,,,SN-LG,,ChIJQ3z0qa2N6g4R9HgjoR5AOtc,2021-01-14,,,,,-15,
SN,Senegal,Louga Region,,,SN-LG,,ChIJQ3z0qa2N6g4R9HgjoR5AOtc,2021-01-15,,,,,-19,
SN,Senegal,Louga Region,,,SN-LG,,ChIJQ3z0qa2N6g4R9HgjoR5AOtc,2021-01-16,,,,,-19,
SN,Senegal,Louga Region,,,SN-LG,,ChIJQ3z0qa2N6g4R9HgjoR5AOtc,2021-01-17,,,,,-19,
SN,Senegal,Louga Region,,,SN-LG,,ChIJQ3z0qa2N6g4R9HgjoR5AOtc,2021-01-18,,,,,-15,
SN,Senegal,Louga Region,,,SN-LG,,ChIJQ3z0qa2N6g4R9HgjoR5AOtc,2021-01-19,,,,,-13,
SN,Senegal,Louga Region,,,SN-LG,,ChIJQ3z0qa2N6g4R9HgjoR5AOtc,2021-01-20,,,,,-17,
SN,Senegal,Louga Region,,,SN-LG,,ChIJQ3z0qa2N6g4R9HgjoR5AOtc,2021-01-21,,,,,-14,
SN,Senegal,Louga Region,,,SN-LG,,ChIJQ3z0qa2N6g4R9HgjoR5AOtc,2021-01-22,,,,,-15,
SN,Senegal,Louga Region,,,SN-LG,,ChIJQ3z0qa2N6g4R9HgjoR5AOtc,2021-01-23,,,,,-13,
SN,Senegal,Louga Region,,,SN-LG,,ChIJQ3z0qa2N6g4R9HgjoR5AOtc,2021-01-24,,,,,-15,
SN,Senegal,Louga Region,,,SN-LG,,ChIJQ3z0qa2N6g4R9HgjoR5AOtc,2021-01-25,,,,,-10,
SN,Senegal,Louga Region,,,SN-LG,,ChIJQ3z0qa2N6g4R9HgjoR5AOtc,2021-01-26,,,,,-12,
SN,Senegal,Louga Region,,,SN-LG,,ChIJQ3z0qa2N6g4R9HgjoR5AOtc,2021-01-27,,,,,-14,
SN,Senegal,Louga Region,,,SN-LG,,ChIJQ3z0qa2N6g4R9HgjoR5AOtc,2021-01-28,,,,,-12,
SN,Senegal,Louga Region,,,SN-LG,,ChIJQ3z0qa2N6g4R9HgjoR5AOtc,2021-01-29,,,,,-12,
SN,Senegal,Louga Region,,,SN-LG,,ChIJQ3z0qa2N6g4R9HgjoR5AOtc,2021-01-30,,,,,-12,
SN,Senegal,Louga Region,,,SN-LG,,ChIJQ3z0qa2N6g4R9HgjoR5AOtc,2021-01-31,,,,,-17,
SN,Senegal,Louga Region,,,SN-LG,,ChIJQ3z0qa2N6g4R9HgjoR5AOtc,2021-02-01,,,,,-26,
SN,Senegal,Louga Region,,,SN-LG,,ChIJQ3z0qa2N6g4R9HgjoR5AOtc,2021-02-02,,,,,-27,
SN,Senegal,Louga Region,,,SN-LG,,ChIJQ3z0qa2N6g4R9HgjoR5AOtc,2021-02-03,,,,,-34,
SN,Senegal,Louga Region,,,SN-LG,,ChIJQ3z0qa2N6g4R9HgjoR5AOtc,2021-02-04,,,,,-38,
SN,Senegal,Louga Region,,,SN-LG,,ChIJQ3z0qa2N6g4R9HgjoR5AOtc,2021-02-05,,,,,-37,
SN,Senegal,Louga Region,,,SN-LG,,ChIJQ3z0qa2N6g4R9HgjoR5AOtc,2021-02-06,,,,,-32,
SN,Senegal,Louga Region,,,SN-LG,,ChIJQ3z0qa2N6g4R9HgjoR5AOtc,2021-02-07,,,,,-31,
SN,Senegal,Louga Region,,,SN-LG,,ChIJQ3z0qa2N6g4R9HgjoR5AOtc,2021-02-08,,,,,-21,
SN,Senegal,Louga Region,,,SN-LG,,ChIJQ3z0qa2N6g4R9HgjoR5AOtc,2021-02-09,,,,,-20,
SN,Senegal,Louga Region,,,SN-LG,,ChIJQ3z0qa2N6g4R9HgjoR5AOtc,2021-02-10,,,,,-21,
SN,Senegal,Louga Region,,,SN-LG,,ChIJQ3z0qa2N6g4R9HgjoR5AOtc,2021-02-11,,,,,-22,
SN,Senegal,Louga Region,,,SN-LG,,ChIJQ3z0qa2N6g4R9HgjoR5AOtc,2021-02-12,,,,,-27,
SN,Senegal,Louga Region,,,SN-LG,,ChIJQ3z0qa2N6g4R9HgjoR5AOtc,2021-02-13,,,,,-26,
SN,Senegal,Louga Region,,,SN-LG,,ChIJQ3z0qa2N6g4R9HgjoR5AOtc,2021-02-14,,,,,-30,
SN,Senegal,Louga Region,,,SN-LG,,ChIJQ3z0qa2N6g4R9HgjoR5AOtc,2021-02-15,,,,,-23,
SN,Senegal,Louga Region,,,SN-LG,,ChIJQ3z0qa2N6g4R9HgjoR5AOtc,2021-02-16,,,,,-26,
SN,Senegal,Louga Region,,,SN-LG,,ChIJQ3z0qa2N6g4R9HgjoR5AOtc,2021-02-17,,,,,-25,
SN,Senegal,Louga Region,,,SN-LG,,ChIJQ3z0qa2N6g4R9HgjoR5AOtc,2021-02-18,,,,,-24,
SN,Senegal,Louga Region,,,SN-LG,,ChIJQ3z0qa2N6g4R9HgjoR5AOtc,2021-02-19,,,,,-24,
SN,Senegal,Louga Region,,,SN-LG,,ChIJQ3z0qa2N6g4R9HgjoR5AOtc,2021-02-20,,,,,-25,
SN,Senegal,Louga Region,,,SN-LG,,ChIJQ3z0qa2N6g4R9HgjoR5AOtc,2021-02-21,,,,,-26,
SN,Senegal,Louga Region,,,SN-LG,,ChIJQ3z0qa2N6g4R9HgjoR5AOtc,2021-02-22,,,,,-20,
SN,Senegal,Louga Region,,,SN-LG,,ChIJQ3z0qa2N6g4R9HgjoR5AOtc,2021-02-23,,,,,-20,
SN,Senegal,Louga Region,,,SN-LG,,ChIJQ3z0qa2N6g4R9HgjoR5AOtc,2021-02-24,,,,,-22,
SN,Senegal,Louga Region,,,SN-LG,,ChIJQ3z0qa2N6g4R9HgjoR5AOtc,2021-02-25,,,,,-22,
SN,Senegal,Louga Region,,,SN-LG,,ChIJQ3z0qa2N6g4R9HgjoR5AOtc,2021-02-26,,,,,-19,
SN,Senegal,Louga Region,,,SN-LG,,ChIJQ3z0qa2N6g4R9HgjoR5AOtc,2021-02-27,,,,,-21,
SN,Senegal,Louga Region,,,SN-LG,,ChIJQ3z0qa2N6g4R9HgjoR5AOtc,2021-02-28,,,,,-25,
SN,Senegal,Louga Region,,,SN-LG,,ChIJQ3z0qa2N6g4R9HgjoR5AOtc,2021-03-01,,,,,-25,
SN,Senegal,Louga Region,,,SN-LG,,ChIJQ3z0qa2N6g4R9HgjoR5AOtc,2021-03-02,,,,,-23,
SN,Senegal,Louga Region,,,SN-LG,,ChIJQ3z0qa2N6g4R9HgjoR5AOtc,2021-03-03,,,,,-27,
SN,Senegal,Louga Region,,,SN-LG,,ChIJQ3z0qa2N6g4R9HgjoR5AOtc,2021-03-04,,,,,-24,
SN,Senegal,Louga Region,,,SN-LG,,ChIJQ3z0qa2N6g4R9HgjoR5AOtc,2021-03-05,,,,,-31,
SN,Senegal,Louga Region,,,SN-LG,,ChIJQ3z0qa2N6g4R9HgjoR5AOtc,2021-03-06,,,,,-33,
SN,Senegal,Louga Region,,,SN-LG,,ChIJQ3z0qa2N6g4R9HgjoR5AOtc,2021-03-07,,,,,-32,
SN,Senegal,Louga Region,,,SN-LG,,ChIJQ3z0qa2N6g4R9HgjoR5AOtc,2021-03-08,,,,,-41,
SN,Senegal,Louga Region,,,SN-LG,,ChIJQ3z0qa2N6g4R9HgjoR5AOtc,2021-03-09,,,,,-36,
SN,Senegal,Louga Region,,,SN-LG,,ChIJQ3z0qa2N6g4R9HgjoR5AOtc,2021-03-10,,,,,-40,
SN,Senegal,Louga Region,,,SN-LG,,ChIJQ3z0qa2N6g4R9HgjoR5AOtc,2021-03-11,,,,,-41,
SN,Senegal,Louga Region,,,SN-LG,,ChIJQ3z0qa2N6g4R9HgjoR5AOtc,2021-03-12,,,,,-40,
SN,Senegal,Louga Region,,,SN-LG,,ChIJQ3z0qa2N6g4R9HgjoR5AOtc,2021-03-13,,,,,-35,
SN,Senegal,Louga Region,,,SN-LG,,ChIJQ3z0qa2N6g4R9HgjoR5AOtc,2021-03-14,,,,,-27,
SN,Senegal,Louga Region,,,SN-LG,,ChIJQ3z0qa2N6g4R9HgjoR5AOtc,2021-03-15,,,,,-23,
SN,Senegal,Louga Region,,,SN-LG,,ChIJQ3z0qa2N6g4R9HgjoR5AOtc,2021-03-16,,,,,-25,
SN,Senegal,Louga Region,,,SN-LG,,ChIJQ3z0qa2N6g4R9HgjoR5AOtc,2021-03-17,,,,,-24,
SN,Senegal,Louga Region,,,SN-LG,,ChIJQ3z0qa2N6g4R9HgjoR5AOtc,2021-03-18,,,,,-22,
SN,Senegal,Louga Region,,,SN-LG,,ChIJQ3z0qa2N6g4R9HgjoR5AOtc,2021-03-19,,,,,-20,
SN,Senegal,Louga Region,,,SN-LG,,ChIJQ3z0qa2N6g4R9HgjoR5AOtc,2021-03-20,,,,,-26,
SN,Senegal,Louga Region,,,SN-LG,,ChIJQ3z0qa2N6g4R9HgjoR5AOtc,2021-03-21,,,,,-23,
SN,Senegal,Louga Region,,,SN-LG,,ChIJQ3z0qa2N6g4R9HgjoR5AOtc,2021-03-22,,,,,-12,
SN,Senegal,Louga Region,,,SN-LG,,ChIJQ3z0qa2N6g4R9HgjoR5AOtc,2021-03-23,,,,,-16,
SN,Senegal,Louga Region,,,SN-LG,,ChIJQ3z0qa2N6g4R9HgjoR5AOtc,2021-03-24,,,,,-17,
SN,Senegal,Louga Region,,,SN-LG,,ChIJQ3z0qa2N6g4R9HgjoR5AOtc,2021-03-25,,,,,-20,
SN,Senegal,Louga Region,,,SN-LG,,ChIJQ3z0qa2N6g4R9HgjoR5AOtc,2021-03-26,,,,,-20,
SN,Senegal,Louga Region,,,SN-LG,,ChIJQ3z0qa2N6g4R9HgjoR5AOtc,2021-03-27,,,,,-18,
SN,Senegal,Matam Region,,,SN-MT,,ChIJ6y8FSa3T8w4RVXsp1yxSzGc,2021-01-01,,,-12,,-45,
SN,Senegal,Matam Region,,,SN-MT,,ChIJ6y8FSa3T8w4RVXsp1yxSzGc,2021-01-02,,,-9,,-22,
SN,Senegal,Matam Region,,,SN-MT,,ChIJ6y8FSa3T8w4RVXsp1yxSzGc,2021-01-03,,,-6,,,
SN,Senegal,Matam Region,,,SN-MT,,ChIJ6y8FSa3T8w4RVXsp1yxSzGc,2021-01-04,,,-16,,-21,
SN,Senegal,Matam Region,,,SN-MT,,ChIJ6y8FSa3T8w4RVXsp1yxSzGc,2021-01-05,,,-15,,-21,
SN,Senegal,Matam Region,,,SN-MT,,ChIJ6y8FSa3T8w4RVXsp1yxSzGc,2021-01-06,,,-22,,-23,
SN,Senegal,Matam Region,,,SN-MT,,ChIJ6y8FSa3T8w4RVXsp1yxSzGc,2021-01-07,,,-19,,-23,
SN,Senegal,Matam Region,,,SN-MT,,ChIJ6y8FSa3T8w4RVXsp1yxSzGc,2021-01-08,,,-19,,-20,
SN,Senegal,Matam Region,,,SN-MT,,ChIJ6y8FSa3T8w4RVXsp1yxSzGc,2021-01-09,,,-15,,-26,
SN,Senegal,Matam Region,,,SN-MT,,ChIJ6y8FSa3T8w4RVXsp1yxSzGc,2021-01-10,,,-9,,-30,
SN,Senegal,Matam Region,,,SN-MT,,ChIJ6y8FSa3T8w4RVXsp1yxSzGc,2021-01-11,,,-14,,-19,
SN,Senegal,Matam Region,,,SN-MT,,ChIJ6y8FSa3T8w4RVXsp1yxSzGc,2021-01-12,,,-15,,-25,
SN,Senegal,Matam Region,,,SN-MT,,ChIJ6y8FSa3T8w4RVXsp1yxSzGc,2021-01-13,,,-20,,-30,
SN,Senegal,Matam Region,,,SN-MT,,ChIJ6y8FSa3T8w4RVXsp1yxSzGc,2021-01-14,,,-22,,-23,
SN,Senegal,Matam Region,,,SN-MT,,ChIJ6y8FSa3T8w4RVXsp1yxSzGc,2021-01-15,,,-26,,-29,
SN,Senegal,Matam Region,,,SN-MT,,ChIJ6y8FSa3T8w4RVXsp1yxSzGc,2021-01-16,,,-25,,-34,
SN,Senegal,Matam Region,,,SN-MT,,ChIJ6y8FSa3T8w4RVXsp1yxSzGc,2021-01-17,,,-23,,-30,
SN,Senegal,Matam Region,,,SN-MT,,ChIJ6y8FSa3T8w4RVXsp1yxSzGc,2021-01-18,,,-25,,-27,
SN,Senegal,Matam Region,,,SN-MT,,ChIJ6y8FSa3T8w4RVXsp1yxSzGc,2021-01-19,,,-23,,-30,
SN,Senegal,Matam Region,,,SN-MT,,ChIJ6y8FSa3T8w4RVXsp1yxSzGc,2021-01-20,,,-20,,-28,
SN,Senegal,Matam Region,,,SN-MT,,ChIJ6y8FSa3T8w4RVXsp1yxSzGc,2021-01-21,,,-16,,-29,
SN,Senegal,Matam Region,,,SN-MT,,ChIJ6y8FSa3T8w4RVXsp1yxSzGc,2021-01-22,,,-19,,-29,
SN,Senegal,Matam Region,,,SN-MT,,ChIJ6y8FSa3T8w4RVXsp1yxSzGc,2021-01-23,,,-22,,-23,
SN,Senegal,Matam Region,,,SN-MT,,ChIJ6y8FSa3T8w4RVXsp1yxSzGc,2021-01-24,,,-20,,-30,
SN,Senegal,Matam Region,,,SN-MT,,ChIJ6y8FSa3T8w4RVXsp1yxSzGc,2021-01-25,,,-23,,-26,
SN,Senegal,Matam Region,,,SN-MT,,ChIJ6y8FSa3T8w4RVXsp1yxSzGc,2021-01-26,,,-20,,-28,
SN,Senegal,Matam Region,,,SN-MT,,ChIJ6y8FSa3T8w4RVXsp1yxSzGc,2021-01-27,,,-21,,-20,
SN,Senegal,Matam Region,,,SN-MT,,ChIJ6y8FSa3T8w4RVXsp1yxSzGc,2021-01-28,,,-19,,-25,
SN,Senegal,Matam Region,,,SN-MT,,ChIJ6y8FSa3T8w4RVXsp1yxSzGc,2021-01-29,,,-25,,-24,
SN,Senegal,Matam Region,,,SN-MT,,ChIJ6y8FSa3T8w4RVXsp1yxSzGc,2021-01-30,,,-26,,-27,
SN,Senegal,Matam Region,,,SN-MT,,ChIJ6y8FSa3T8w4RVXsp1yxSzGc,2021-01-31,,,-26,,,
SN,Senegal,Matam Region,,,SN-MT,,ChIJ6y8FSa3T8w4RVXsp1yxSzGc,2021-02-01,,,-30,,-34,
SN,Senegal,Matam Region,,,SN-MT,,ChIJ6y8FSa3T8w4RVXsp1yxSzGc,2021-02-02,,,-23,,-38,
SN,Senegal,Matam Region,,,SN-MT,,ChIJ6y8FSa3T8w4RVXsp1yxSzGc,2021-02-03,,,-23,,-38,
SN,Senegal,Matam Region,,,SN-MT,,ChIJ6y8FSa3T8w4RVXsp1yxSzGc,2021-02-04,,,-16,,-43,
SN,Senegal,Matam Region,,,SN-MT,,ChIJ6y8FSa3T8w4RVXsp1yxSzGc,2021-02-05,,,-17,,-39,
SN,Senegal,Matam Region,,,SN-MT,,ChIJ6y8FSa3T8w4RVXsp1yxSzGc,2021-02-06,,,-16,,-39,
SN,Senegal,Matam Region,,,SN-MT,,ChIJ6y8FSa3T8w4RVXsp1yxSzGc,2021-02-07,,,-5,,-37,
SN,Senegal,Matam Region,,,SN-MT,,ChIJ6y8FSa3T8w4RVXsp1yxSzGc,2021-02-08,,,-22,,-30,
SN,Senegal,Matam Region,,,SN-MT,,ChIJ6y8FSa3T8w4RVXsp1yxSzGc,2021-02-09,,,-18,,-33,
SN,Senegal,Matam Region,,,SN-MT,,ChIJ6y8FSa3T8w4RVXsp1yxSzGc,2021-02-10,,,-26,,-32,
SN,Senegal,Matam Region,,,SN-MT,,ChIJ6y8FSa3T8w4RVXsp1yxSzGc,2021-02-11,,,-29,,-32,
SN,Senegal,Matam Region,,,SN-MT,,ChIJ6y8FSa3T8w4RVXsp1yxSzGc,2021-02-12,,,-43,,-32,
SN,Senegal,Matam Region,,,SN-MT,,ChIJ6y8FSa3T8w4RVXsp1yxSzGc,2021-02-13,,,-46,,-38,
SN,Senegal,Matam Region,,,SN-MT,,ChIJ6y8FSa3T8w4RVXsp1yxSzGc,2021-02-14,,,-42,,-41,
SN,Senegal,Matam Region,,,SN-MT,,ChIJ6y8FSa3T8w4RVXsp1yxSzGc,2021-02-15,,,-47,,-37,
SN,Senegal,Matam Region,,,SN-MT,,ChIJ6y8FSa3T8w4RVXsp1yxSzGc,2021-02-16,,,-47,,-37,
SN,Senegal,Matam Region,,,SN-MT,,ChIJ6y8FSa3T8w4RVXsp1yxSzGc,2021-02-17,,,-47,,-39,
SN,Senegal,Matam Region,,,SN-MT,,ChIJ6y8FSa3T8w4RVXsp1yxSzGc,2021-02-18,,,-45,,-34,
SN,Senegal,Matam Region,,,SN-MT,,ChIJ6y8FSa3T8w4RVXsp1yxSzGc,2021-02-19,,,-45,,-38,
SN,Senegal,Matam Region,,,SN-MT,,ChIJ6y8FSa3T8w4RVXsp1yxSzGc,2021-02-20,,,-48,,-36,
SN,Senegal,Matam Region,,,SN-MT,,ChIJ6y8FSa3T8w4RVXsp1yxSzGc,2021-02-21,,,-44,,-46,
SN,Senegal,Matam Region,,,SN-MT,,ChIJ6y8FSa3T8w4RVXsp1yxSzGc,2021-02-22,,,-46,,-36,
SN,Senegal,Matam Region,,,SN-MT,,ChIJ6y8FSa3T8w4RVXsp1yxSzGc,2021-02-23,,,-46,,-38,
SN,Senegal,Matam Region,,,SN-MT,,ChIJ6y8FSa3T8w4RVXsp1yxSzGc,2021-02-24,,,-49,,-35,
SN,Senegal,Matam Region,,,SN-MT,,ChIJ6y8FSa3T8w4RVXsp1yxSzGc,2021-02-25,,,-46,,-33,
SN,Senegal,Matam Region,,,SN-MT,,ChIJ6y8FSa3T8w4RVXsp1yxSzGc,2021-02-26,,,-47,,-32,
SN,Senegal,Matam Region,,,SN-MT,,ChIJ6y8FSa3T8w4RVXsp1yxSzGc,2021-02-27,,,-45,,-43,
SN,Senegal,Matam Region,,,SN-MT,,ChIJ6y8FSa3T8w4RVXsp1yxSzGc,2021-02-28,,,-42,,-42,
SN,Senegal,Matam Region,,,SN-MT,,ChIJ6y8FSa3T8w4RVXsp1yxSzGc,2021-03-01,,,-49,,-29,
SN,Senegal,Matam Region,,,SN-MT,,ChIJ6y8FSa3T8w4RVXsp1yxSzGc,2021-03-02,,,-49,,-34,
SN,Senegal,Matam Region,,,SN-MT,,ChIJ6y8FSa3T8w4RVXsp1yxSzGc,2021-03-03,,,-49,,-40,
SN,Senegal,Matam Region,,,SN-MT,,ChIJ6y8FSa3T8w4RVXsp1yxSzGc,2021-03-04,,,-50,,-37,
SN,Senegal,Matam Region,,,SN-MT,,ChIJ6y8FSa3T8w4RVXsp1yxSzGc,2021-03-05,,,-48,,-38,
SN,Senegal,Matam Region,,,SN-MT,,ChIJ6y8FSa3T8w4RVXsp1yxSzGc,2021-03-06,,,-48,,-44,
SN,Senegal,Matam Region,,,SN-MT,,ChIJ6y8FSa3T8w4RVXsp1yxSzGc,2021-03-07,,,-42,,-42,
SN,Senegal,Matam Region,,,SN-MT,,ChIJ6y8FSa3T8w4RVXsp1yxSzGc,2021-03-08,,,-49,,-41,
SN,Senegal,Matam Region,,,SN-MT,,ChIJ6y8FSa3T8w4RVXsp1yxSzGc,2021-03-09,,,-49,,-42,
SN,Senegal,Matam Region,,,SN-MT,,ChIJ6y8FSa3T8w4RVXsp1yxSzGc,2021-03-10,,,-50,,-45,
SN,Senegal,Matam Region,,,SN-MT,,ChIJ6y8FSa3T8w4RVXsp1yxSzGc,2021-03-11,,,-47,,-45,
SN,Senegal,Matam Region,,,SN-MT,,ChIJ6y8FSa3T8w4RVXsp1yxSzGc,2021-03-12,,,-47,,-39,
SN,Senegal,Matam Region,,,SN-MT,,ChIJ6y8FSa3T8w4RVXsp1yxSzGc,2021-03-13,,,-48,,-40,
SN,Senegal,Matam Region,,,SN-MT,,ChIJ6y8FSa3T8w4RVXsp1yxSzGc,2021-03-14,,,-44,,-40,
SN,Senegal,Matam Region,,,SN-MT,,ChIJ6y8FSa3T8w4RVXsp1yxSzGc,2021-03-15,,,-48,,-32,
SN,Senegal,Matam Region,,,SN-MT,,ChIJ6y8FSa3T8w4RVXsp1yxSzGc,2021-03-16,,,-49,,-32,
SN,Senegal,Matam Region,,,SN-MT,,ChIJ6y8FSa3T8w4RVXsp1yxSzGc,2021-03-17,,,-48,,-36,
SN,Senegal,Matam Region,,,SN-MT,,ChIJ6y8FSa3T8w4RVXsp1yxSzGc,2021-03-18,,,-48,,-29,
SN,Senegal,Matam Region,,,SN-MT,,ChIJ6y8FSa3T8w4RVXsp1yxSzGc,2021-03-19,,,-46,,-27,
SN,Senegal,Matam Region,,,SN-MT,,ChIJ6y8FSa3T8w4RVXsp1yxSzGc,2021-03-20,,,-45,,-35,
SN,Senegal,Matam Region,,,SN-MT,,ChIJ6y8FSa3T8w4RVXsp1yxSzGc,2021-03-21,,,-42,,-33,
SN,Senegal,Matam Region,,,SN-MT,,ChIJ6y8FSa3T8w4RVXsp1yxSzGc,2021-03-22,,,-48,,-26,
SN,Senegal,Matam Region,,,SN-MT,,ChIJ6y8FSa3T8w4RVXsp1yxSzGc,2021-03-23,,,-47,,-38,
SN,Senegal,Matam Region,,,SN-MT,,ChIJ6y8FSa3T8w4RVXsp1yxSzGc,2021-03-24,,,-49,,-38,
SN,Senegal,Matam Region,,,SN-MT,,ChIJ6y8FSa3T8w4RVXsp1yxSzGc,2021-03-25,,,-46,,-34,
SN,Senegal,Matam Region,,,SN-MT,,ChIJ6y8FSa3T8w4RVXsp1yxSzGc,2021-03-26,,,-50,,-29,
SN,Senegal,Matam Region,,,SN-MT,,ChIJ6y8FSa3T8w4RVXsp1yxSzGc,2021-03-27,,,-48,,-33,
SN,Senegal,Saint-Louis Region,,,SN-SL,,ChIJ25yMNIk67Q4Ras94Yh1QBe0,2021-01-01,-36,-7,,,-53,
SN,Senegal,Saint-Louis Region,,,SN-SL,,ChIJ25yMNIk67Q4Ras94Yh1QBe0,2021-01-02,-27,12,,,-22,
SN,Senegal,Saint-Louis Region,,,SN-SL,,ChIJ25yMNIk67Q4Ras94Yh1QBe0,2021-01-03,,,,,-28,
SN,Senegal,Saint-Louis Region,,,SN-SL,,ChIJ25yMNIk67Q4Ras94Yh1QBe0,2021-01-04,-29,,,,-16,4
SN,Senegal,Saint-Louis Region,,,SN-SL,,ChIJ25yMNIk67Q4Ras94Yh1QBe0,2021-01-05,-34,,,,-17,3
SN,Senegal,Saint-Louis Region,,,SN-SL,,ChIJ25yMNIk67Q4Ras94Yh1QBe0,2021-01-06,-31,8,,,-14,5
SN,Senegal,Saint-Louis Region,,,SN-SL,,ChIJ25yMNIk67Q4Ras94Yh1QBe0,2021-01-07,-27,11,,,-12,3
SN,Senegal,Saint-Louis Region,,,SN-SL,,ChIJ25yMNIk67Q4Ras94Yh1QBe0,2021-01-08,-27,5,,,-13,4
SN,Senegal,Saint-Louis Region,,,SN-SL,,ChIJ25yMNIk67Q4Ras94Yh1QBe0,2021-01-09,-30,2,,,-8,
SN,Senegal,Saint-Louis Region,,,SN-SL,,ChIJ25yMNIk67Q4Ras94Yh1QBe0,2021-01-10,-34,-33,,,-26,
SN,Senegal,Saint-Louis Region,,,SN-SL,,ChIJ25yMNIk67Q4Ras94Yh1QBe0,2021-01-11,,12,,,-14,2
SN,Senegal,Saint-Louis Region,,,SN-SL,,ChIJ25yMNIk67Q4Ras94Yh1QBe0,2021-01-12,-34,0,,,-18,3
SN,Senegal,Saint-Louis Region,,,SN-SL,,ChIJ25yMNIk67Q4Ras94Yh1QBe0,2021-01-13,-32,-3,,,-22,2
SN,Senegal,Saint-Louis Region,,,SN-SL,,ChIJ25yMNIk67Q4Ras94Yh1QBe0,2021-01-14,-33,0,,,-22,2
SN,Senegal,Saint-Louis Region,,,SN-SL,,ChIJ25yMNIk67Q4Ras94Yh1QBe0,2021-01-15,-36,-2,,,-25,3
SN,Senegal,Saint-Louis Region,,,SN-SL,,ChIJ25yMNIk67Q4Ras94Yh1QBe0,2021-01-16,-39,-18,,,-22,
SN,Senegal,Saint-Louis Region,,,SN-SL,,ChIJ25yMNIk67Q4Ras94Yh1QBe0,2021-01-17,-41,-33,,,-34,
SN,Senegal,Saint-Louis Region,,,SN-SL,,ChIJ25yMNIk67Q4Ras94Yh1QBe0,2021-01-18,-32,-5,,,-21,2
SN,Senegal,Saint-Louis Region,,,SN-SL,,ChIJ25yMNIk67Q4Ras94Yh1QBe0,2021-01-19,-37,-5,,,-24,3
SN,Senegal,Saint-Louis Region,,,SN-SL,,ChIJ25yMNIk67Q4Ras94Yh1QBe0,2021-01-20,-33,2,,,-23,4
SN,Senegal,Saint-Louis Region,,,SN-SL,,ChIJ25yMNIk67Q4Ras94Yh1QBe0,2021-01-21,-35,-4,,,-23,1
SN,Senegal,Saint-Louis Region,,,SN-SL,,ChIJ25yMNIk67Q4Ras94Yh1QBe0,2021-01-22,-35,-10,,,-21,4
SN,Senegal,Saint-Louis Region,,,SN-SL,,ChIJ25yMNIk67Q4Ras94Yh1QBe0,2021-01-23,-35,-13,,,-16,
SN,Senegal,Saint-Louis Region,,,SN-SL,,ChIJ25yMNIk67Q4Ras94Yh1QBe0,2021-01-24,-40,-39,,,-34,
SN,Senegal,Saint-Louis Region,,,SN-SL,,ChIJ25yMNIk67Q4Ras94Yh1QBe0,2021-01-25,-32,3,,,-19,3
SN,Senegal,Saint-Louis Region,,,SN-SL,,ChIJ25yMNIk67Q4Ras94Yh1QBe0,2021-01-26,-37,-5,,,-21,3
SN,Senegal,Saint-Louis Region,,,SN-SL,,ChIJ25yMNIk67Q4Ras94Yh1QBe0,2021-01-27,-36,-1,,,-19,3
SN,Senegal,Saint-Louis Region,,,SN-SL,,ChIJ25yMNIk67Q4Ras94Yh1QBe0,2021-01-28,-31,2,,,-20,3
SN,Senegal,Saint-Louis Region,,,SN-SL,,ChIJ25yMNIk67Q4Ras94Yh1QBe0,2021-01-29,-33,-2,,,-19,1
SN,Senegal,Saint-Louis Region,,,SN-SL,,ChIJ25yMNIk67Q4Ras94Yh1QBe0,2021-01-30,-33,3,,,-16,
SN,Senegal,Saint-Louis Region,,,SN-SL,,ChIJ25yMNIk67Q4Ras94Yh1QBe0,2021-01-31,-40,-29,,,-34,
SN,Senegal,Saint-Louis Region,,,SN-SL,,ChIJ25yMNIk67Q4Ras94Yh1QBe0,2021-02-01,-31,,,,-31,2
SN,Senegal,Saint-Louis Region,,,SN-SL,,ChIJ25yMNIk67Q4Ras94Yh1QBe0,2021-02-02,-30,,,,-33,3
SN,Senegal,Saint-Louis Region,,,SN-SL,,ChIJ25yMNIk67Q4Ras94Yh1QBe0,2021-02-03,-35,4,,,-35,5
SN,Senegal,Saint-Louis Region,,,SN-SL,,ChIJ25yMNIk67Q4Ras94Yh1QBe0,2021-02-04,-39,-5,,,-40,3
SN,Senegal,Saint-Louis Region,,,SN-SL,,ChIJ25yMNIk67Q4Ras94Yh1QBe0,2021-02-05,-40,-1,,,-38,6
SN,Senegal,Saint-Louis Region,,,SN-SL,,ChIJ25yMNIk67Q4Ras94Yh1QBe0,2021-02-06,-37,-1,,,-35,
SN,Senegal,Saint-Louis Region,,,SN-SL,,ChIJ25yMNIk67Q4Ras94Yh1QBe0,2021-02-07,-45,-40,,,-39,
SN,Senegal,Saint-Louis Region,,,SN-SL,,ChIJ25yMNIk67Q4Ras94Yh1QBe0,2021-02-08,-37,6,,,-27,-1
SN,Senegal,Saint-Louis Region,,,SN-SL,,ChIJ25yMNIk67Q4Ras94Yh1QBe0,2021-02-09,-35,2,,,-25,-1
SN,Senegal,Saint-Louis Region,,,SN-SL,,ChIJ25yMNIk67Q4Ras94Yh1QBe0,2021-02-10,-37,3,,,-23,2
SN,Senegal,Saint-Louis Region,,,SN-SL,,ChIJ25yMNIk67Q4Ras94Yh1QBe0,2021-02-11,-37,-7,,,-26,-1
SN,Senegal,Saint-Louis Region,,,SN-SL,,ChIJ25yMNIk67Q4Ras94Yh1QBe0,2021-02-12,-38,-14,,,-26,-2
SN,Senegal,Saint-Louis Region,,,SN-SL,,ChIJ25yMNIk67Q4Ras94Yh1QBe0,2021-02-13,-37,-14,,,-23,
SN,Senegal,Saint-Louis Region,,,SN-SL,,ChIJ25yMNIk67Q4Ras94Yh1QBe0,2021-02-14,-35,-33,,,-32,
SN,Senegal,Saint-Louis Region,,,SN-SL,,ChIJ25yMNIk67Q4Ras94Yh1QBe0,2021-02-15,-33,0,,,-23,-1
SN,Senegal,Saint-Louis Region,,,SN-SL,,ChIJ25yMNIk67Q4Ras94Yh1QBe0,2021-02-16,-36,-7,,,-26,0
SN,Senegal,Saint-Louis Region,,,SN-SL,,ChIJ25yMNIk67Q4Ras94Yh1QBe0,2021-02-17,-42,-4,,,-26,1
SN,Senegal,Saint-Louis Region,,,SN-SL,,ChIJ25yMNIk67Q4Ras94Yh1QBe0,2021-02-18,-34,1,,,-22,-1
SN,Senegal,Saint-Louis Region,,,SN-SL,,ChIJ25yMNIk67Q4Ras94Yh1QBe0,2021-02-19,-38,-5,,,-20,0
SN,Senegal,Saint-Louis Region,,,SN-SL,,ChIJ25yMNIk67Q4Ras94Yh1QBe0,2021-02-20,-37,-7,,,-16,
SN,Senegal,Saint-Louis Region,,,SN-SL,,ChIJ25yMNIk67Q4Ras94Yh1QBe0,2021-02-21,-44,-33,,,-34,
SN,Senegal,Saint-Louis Region,,,SN-SL,,ChIJ25yMNIk67Q4Ras94Yh1QBe0,2021-02-22,-36,-4,,,-21,0
SN,Senegal,Saint-Louis Region,,,SN-SL,,ChIJ25yMNIk67Q4Ras94Yh1QBe0,2021-02-23,-35,3,,,-23,-1
SN,Senegal,Saint-Louis Region,,,SN-SL,,ChIJ25yMNIk67Q4Ras94Yh1QBe0,2021-02-24,-34,-10,,,-21,1
SN,Senegal,Saint-Louis Region,,,SN-SL,,ChIJ25yMNIk67Q4Ras94Yh1QBe0,2021-02-25,-30,0,,,-19,-2
SN,Senegal,Saint-Louis Region,,,SN-SL,,ChIJ25yMNIk67Q4Ras94Yh1QBe0,2021-02-26,-32,-6,,,-19,-1
SN,Senegal,Saint-Louis Region,,,SN-SL,,ChIJ25yMNIk67Q4Ras94Yh1QBe0,2021-02-27,-34,5,,,-17,
SN,Senegal,Saint-Louis Region,,,SN-SL,,ChIJ25yMNIk67Q4Ras94Yh1QBe0,2021-02-28,-39,-35,,,-34,
SN,Senegal,Saint-Louis Region,,,SN-SL,,ChIJ25yMNIk67Q4Ras94Yh1QBe0,2021-03-01,-28,2,,,-19,-2
SN,Senegal,Saint-Louis Region,,,SN-SL,,ChIJ25yMNIk67Q4Ras94Yh1QBe0,2021-03-02,-31,6,,,-23,-2
SN,Senegal,Saint-Louis Region,,,SN-SL,,ChIJ25yMNIk67Q4Ras94Yh1QBe0,2021-03-03,-28,3,,,-21,0
SN,Senegal,Saint-Louis Region,,,SN-SL,,ChIJ25yMNIk67Q4Ras94Yh1QBe0,2021-03-04,-27,0,,,-24,-1
SN,Senegal,Saint-Louis Region,,,SN-SL,,ChIJ25yMNIk67Q4Ras94Yh1QBe0,2021-03-05,-43,-24,,,-34,6
SN,Senegal,Saint-Louis Region,,,SN-SL,,ChIJ25yMNIk67Q4Ras94Yh1QBe0,2021-03-06,-34,-7,,,-32,
SN,Senegal,Saint-Louis Region,,,SN-SL,,ChIJ25yMNIk67Q4Ras94Yh1QBe0,2021-03-07,-35,-40,,,-37,
SN,Senegal,Saint-Louis Region,,,SN-SL,,ChIJ25yMNIk67Q4Ras94Yh1QBe0,2021-03-08,-41,-19,,,-50,10
SN,Senegal,Saint-Louis Region,,,SN-SL,,ChIJ25yMNIk67Q4Ras94Yh1QBe0,2021-03-09,-32,5,,,-42,6
SN,Senegal,Saint-Louis Region,,,SN-SL,,ChIJ25yMNIk67Q4Ras94Yh1QBe0,2021-03-10,-32,-6,,,-38,6
SN,Senegal,Saint-Louis Region,,,SN-SL,,ChIJ25yMNIk67Q4Ras94Yh1QBe0,2021-03-11,-28,2,,,-40,5
SN,Senegal,Saint-Louis Region,,,SN-SL,,ChIJ25yMNIk67Q4Ras94Yh1QBe0,2021-03-12,-29,-1,,,-36,3
SN,Senegal,Saint-Louis Region,,,SN-SL,,ChIJ25yMNIk67Q4Ras94Yh1QBe0,2021-03-13,-40,-28,,,-34,
SN,Senegal,Saint-Louis Region,,,SN-SL,,ChIJ25yMNIk67Q4Ras94Yh1QBe0,2021-03-14,,-32,,,-31,
SN,Senegal,Saint-Louis Region,,,SN-SL,,ChIJ25yMNIk67Q4Ras94Yh1QBe0,2021-03-15,,0,,,-20,-3
SN,Senegal,Saint-Louis Region,,,SN-SL,,ChIJ25yMNIk67Q4Ras94Yh1QBe0,2021-03-16,-28,5,,,-22,-2
SN,Senegal,Saint-Louis Region,,,SN-SL,,ChIJ25yMNIk67Q4Ras94Yh1QBe0,2021-03-17,-24,-2,,,-21,-1
SN,Senegal,Saint-Louis Region,,,SN-SL,,ChIJ25yMNIk67Q4Ras94Yh1QBe0,2021-03-18,-26,-3,,,-18,-3
SN,Senegal,Saint-Louis Region,,,SN-SL,,ChIJ25yMNIk67Q4Ras94Yh1QBe0,2021-03-19,-25,-4,,,-18,0
SN,Senegal,Saint-Louis Region,,,SN-SL,,ChIJ25yMNIk67Q4Ras94Yh1QBe0,2021-03-20,-28,-1,,,-17,
SN,Senegal,Saint-Louis Region,,,SN-SL,,ChIJ25yMNIk67Q4Ras94Yh1QBe0,2021-03-21,,-40,,,-31,
SN,Senegal,Saint-Louis Region,,,SN-SL,,ChIJ25yMNIk67Q4Ras94Yh1QBe0,2021-03-22,,2,,,-18,-2
SN,Senegal,Saint-Louis Region,,,SN-SL,,ChIJ25yMNIk67Q4Ras94Yh1QBe0,2021-03-23,,-4,,,-20,-2
SN,Senegal,Saint-Louis Region,,,SN-SL,,ChIJ25yMNIk67Q4Ras94Yh1QBe0,2021-03-24,-24,-8,,,-18,-1
SN,Senegal,Saint-Louis Region,,,SN-SL,,ChIJ25yMNIk67Q4Ras94Yh1QBe0,2021-03-25,-29,-1,,,-18,-2
SN,Senegal,Saint-Louis Region,,,SN-SL,,ChIJ25yMNIk67Q4Ras94Yh1QBe0,2021-03-26,-24,-15,,,-17,-2
SN,Senegal,Saint-Louis Region,,,SN-SL,,ChIJ25yMNIk67Q4Ras94Yh1QBe0,2021-03-27,-26,-4,,,-15,
SN,Senegal,Sédhiou Region,,,SN-SE,,ChIJ9duhoKY-5g4Rc-sZ-MSCueU,2021-01-01,,,9,,,
SN,Senegal,Sédhiou Region,,,SN-SE,,ChIJ9duhoKY-5g4Rc-sZ-MSCueU,2021-01-02,,,9,,,
SN,Senegal,Sédhiou Region,,,SN-SE,,ChIJ9duhoKY-5g4Rc-sZ-MSCueU,2021-01-03,,,12,,,
SN,Senegal,Sédhiou Region,,,SN-SE,,ChIJ9duhoKY-5g4Rc-sZ-MSCueU,2021-01-04,,,-2,,,
SN,Senegal,Sédhiou Region,,,SN-SE,,ChIJ9duhoKY-5g4Rc-sZ-MSCueU,2021-01-05,,,2,,,
SN,Senegal,Sédhiou Region,,,SN-SE,,ChIJ9duhoKY-5g4Rc-sZ-MSCueU,2021-01-06,,,-4,,,
SN,Senegal,Sédhiou Region,,,SN-SE,,ChIJ9duhoKY-5g4Rc-sZ-MSCueU,2021-01-07,,,-6,,,
SN,Senegal,Sédhiou Region,,,SN-SE,,ChIJ9duhoKY-5g4Rc-sZ-MSCueU,2021-01-08,,,-5,,,
SN,Senegal,Sédhiou Region,,,SN-SE,,ChIJ9duhoKY-5g4Rc-sZ-MSCueU,2021-01-09,,,6,,,
SN,Senegal,Sédhiou Region,,,SN-SE,,ChIJ9duhoKY-5g4Rc-sZ-MSCueU,2021-01-10,,,8,,,
SN,Senegal,Sédhiou Region,,,SN-SE,,ChIJ9duhoKY-5g4Rc-sZ-MSCueU,2021-01-11,,,1,,,
SN,Senegal,Sédhiou Region,,,SN-SE,,ChIJ9duhoKY-5g4Rc-sZ-MSCueU,2021-01-12,,,6,,,
SN,Senegal,Sédhiou Region,,,SN-SE,,ChIJ9duhoKY-5g4Rc-sZ-MSCueU,2021-01-13,,,-1,,,
SN,Senegal,Sédhiou Region,,,SN-SE,,ChIJ9duhoKY-5g4Rc-sZ-MSCueU,2021-01-14,,,-16,,,
SN,Senegal,Sédhiou Region,,,SN-SE,,ChIJ9duhoKY-5g4Rc-sZ-MSCueU,2021-01-15,,,-16,,,
SN,Senegal,Sédhiou Region,,,SN-SE,,ChIJ9duhoKY-5g4Rc-sZ-MSCueU,2021-01-16,,,-12,,,
SN,Senegal,Sédhiou Region,,,SN-SE,,ChIJ9duhoKY-5g4Rc-sZ-MSCueU,2021-01-17,,,-13,,,
SN,Senegal,Sédhiou Region,,,SN-SE,,ChIJ9duhoKY-5g4Rc-sZ-MSCueU,2021-01-18,,,-14,,,
SN,Senegal,Sédhiou Region,,,SN-SE,,ChIJ9duhoKY-5g4Rc-sZ-MSCueU,2021-01-19,,,-15,,,
SN,Senegal,Sédhiou Region,,,SN-SE,,ChIJ9duhoKY-5g4Rc-sZ-MSCueU,2021-01-20,,,-12,,,
SN,Senegal,Sédhiou Region,,,SN-SE,,ChIJ9duhoKY-5g4Rc-sZ-MSCueU,2021-01-21,,,-15,,,
SN,Senegal,Sédhiou Region,,,SN-SE,,ChIJ9duhoKY-5g4Rc-sZ-MSCueU,2021-01-22,,,-15,,,
SN,Senegal,Sédhiou Region,,,SN-SE,,ChIJ9duhoKY-5g4Rc-sZ-MSCueU,2021-01-23,,,-8,,,
SN,Senegal,Sédhiou Region,,,SN-SE,,ChIJ9duhoKY-5g4Rc-sZ-MSCueU,2021-01-24,,,-10,,,
SN,Senegal,Sédhiou Region,,,SN-SE,,ChIJ9duhoKY-5g4Rc-sZ-MSCueU,2021-01-25,,,-11,,,
SN,Senegal,Sédhiou Region,,,SN-SE,,ChIJ9duhoKY-5g4Rc-sZ-MSCueU,2021-01-26,,,-9,,,
SN,Senegal,Sédhiou Region,,,SN-SE,,ChIJ9duhoKY-5g4Rc-sZ-MSCueU,2021-01-27,,,-10,,,
SN,Senegal,Sédhiou Region,,,SN-SE,,ChIJ9duhoKY-5g4Rc-sZ-MSCueU,2021-01-28,,,-13,,,
SN,Senegal,Sédhiou Region,,,SN-SE,,ChIJ9duhoKY-5g4Rc-sZ-MSCueU,2021-01-29,,,-23,,,
SN,Senegal,Sédhiou Region,,,SN-SE,,ChIJ9duhoKY-5g4Rc-sZ-MSCueU,2021-01-30,,,-23,,,
SN,Senegal,Sédhiou Region,,,SN-SE,,ChIJ9duhoKY-5g4Rc-sZ-MSCueU,2021-01-31,,,-16,,,
SN,Senegal,Sédhiou Region,,,SN-SE,,ChIJ9duhoKY-5g4Rc-sZ-MSCueU,2021-02-01,,,-23,,,
SN,Senegal,Sédhiou Region,,,SN-SE,,ChIJ9duhoKY-5g4Rc-sZ-MSCueU,2021-02-02,,,-24,,,
SN,Senegal,Sédhiou Region,,,SN-SE,,ChIJ9duhoKY-5g4Rc-sZ-MSCueU,2021-02-03,,,-20,,,
SN,Senegal,Sédhiou Region,,,SN-SE,,ChIJ9duhoKY-5g4Rc-sZ-MSCueU,2021-02-04,,,-17,,,
SN,Senegal,Sédhiou Region,,,SN-SE,,ChIJ9duhoKY-5g4Rc-sZ-MSCueU,2021-02-05,,,-17,,,
SN,Senegal,Sédhiou Region,,,SN-SE,,ChIJ9duhoKY-5g4Rc-sZ-MSCueU,2021-02-06,,,-12,,,
SN,Senegal,Sédhiou Region,,,SN-SE,,ChIJ9duhoKY-5g4Rc-sZ-MSCueU,2021-02-07,,,-7,,,
SN,Senegal,Sédhiou Region,,,SN-SE,,ChIJ9duhoKY-5g4Rc-sZ-MSCueU,2021-02-08,,,-15,,,
SN,Senegal,Sédhiou Region,,,SN-SE,,ChIJ9duhoKY-5g4Rc-sZ-MSCueU,2021-02-09,,,-23,,,
SN,Senegal,Sédhiou Region,,,SN-SE,,ChIJ9duhoKY-5g4Rc-sZ-MSCueU,2021-02-10,,,-24,,,
SN,Senegal,Sédhiou Region,,,SN-SE,,ChIJ9duhoKY-5g4Rc-sZ-MSCueU,2021-02-11,,,-32,,,
SN,Senegal,Sédhiou Region,,,SN-SE,,ChIJ9duhoKY-5g4Rc-sZ-MSCueU,2021-02-12,,,-49,,,
SN,Senegal,Sédhiou Region,,,SN-SE,,ChIJ9duhoKY-5g4Rc-sZ-MSCueU,2021-02-13,,,-39,,,
SN,Senegal,Sédhiou Region,,,SN-SE,,ChIJ9duhoKY-5g4Rc-sZ-MSCueU,2021-02-14,,,-36,,,
SN,Senegal,Sédhiou Region,,,SN-SE,,ChIJ9duhoKY-5g4Rc-sZ-MSCueU,2021-02-15,,,-49,,,
SN,Senegal,Sédhiou Region,,,SN-SE,,ChIJ9duhoKY-5g4Rc-sZ-MSCueU,2021-02-16,,,-50,,,
SN,Senegal,Sédhiou Region,,,SN-SE,,ChIJ9duhoKY-5g4Rc-sZ-MSCueU,2021-02-17,,,-50,,,
SN,Senegal,Sédhiou Region,,,SN-SE,,ChIJ9duhoKY-5g4Rc-sZ-MSCueU,2021-02-18,,,-50,,,
SN,Senegal,Sédhiou Region,,,SN-SE,,ChIJ9duhoKY-5g4Rc-sZ-MSCueU,2021-02-19,,,-47,,,
SN,Senegal,Sédhiou Region,,,SN-SE,,ChIJ9duhoKY-5g4Rc-sZ-MSCueU,2021-02-20,,,-45,,,
SN,Senegal,Sédhiou Region,,,SN-SE,,ChIJ9duhoKY-5g4Rc-sZ-MSCueU,2021-02-21,,,-40,,,
SN,Senegal,Sédhiou Region,,,SN-SE,,ChIJ9duhoKY-5g4Rc-sZ-MSCueU,2021-02-22,,,-43,,,
SN,Senegal,Sédhiou Region,,,SN-SE,,ChIJ9duhoKY-5g4Rc-sZ-MSCueU,2021-02-23,,,-47,,,
SN,Senegal,Sédhiou Region,,,SN-SE,,ChIJ9duhoKY-5g4Rc-sZ-MSCueU,2021-02-24,,,-49,,,
SN,Senegal,Sédhiou Region,,,SN-SE,,ChIJ9duhoKY-5g4Rc-sZ-MSCueU,2021-02-25,,,-45,,,
SN,Senegal,Sédhiou Region,,,SN-SE,,ChIJ9duhoKY-5g4Rc-sZ-MSCueU,2021-02-26,,,-48,,,
SN,Senegal,Sédhiou Region,,,SN-SE,,ChIJ9duhoKY-5g4Rc-sZ-MSCueU,2021-02-27,,,-41,,,
SN,Senegal,Sédhiou Region,,,SN-SE,,ChIJ9duhoKY-5g4Rc-sZ-MSCueU,2021-02-28,,,-35,,,
SN,Senegal,Sédhiou Region,,,SN-SE,,ChIJ9duhoKY-5g4Rc-sZ-MSCueU,2021-03-01,,,-44,,,
SN,Senegal,Sédhiou Region,,,SN-SE,,ChIJ9duhoKY-5g4Rc-sZ-MSCueU,2021-03-02,,,-46,,,
SN,Senegal,Sédhiou Region,,,SN-SE,,ChIJ9duhoKY-5g4Rc-sZ-MSCueU,2021-03-03,,,-49,,,
SN,Senegal,Sédhiou Region,,,SN-SE,,ChIJ9duhoKY-5g4Rc-sZ-MSCueU,2021-03-04,,,-48,,,
SN,Senegal,Sédhiou Region,,,SN-SE,,ChIJ9duhoKY-5g4Rc-sZ-MSCueU,2021-03-05,,,-54,,,
SN,Senegal,Sédhiou Region,,,SN-SE,,ChIJ9duhoKY-5g4Rc-sZ-MSCueU,2021-03-06,,,-51,,,
SN,Senegal,Sédhiou Region,,,SN-SE,,ChIJ9duhoKY-5g4Rc-sZ-MSCueU,2021-03-07,,,-42,,,
SN,Senegal,Sédhiou Region,,,SN-SE,,ChIJ9duhoKY-5g4Rc-sZ-MSCueU,2021-03-08,,,-53,,,
SN,Senegal,Sédhiou Region,,,SN-SE,,ChIJ9duhoKY-5g4Rc-sZ-MSCueU,2021-03-09,,,-51,,,
SN,Senegal,Sédhiou Region,,,SN-SE,,ChIJ9duhoKY-5g4Rc-sZ-MSCueU,2021-03-10,,,-44,,,
SN,Senegal,Sédhiou Region,,,SN-SE,,ChIJ9duhoKY-5g4Rc-sZ-MSCueU,2021-03-11,,,-46,,,
SN,Senegal,Sédhiou Region,,,SN-SE,,ChIJ9duhoKY-5g4Rc-sZ-MSCueU,2021-03-12,,,-49,,,
SN,Senegal,Sédhiou Region,,,SN-SE,,ChIJ9duhoKY-5g4Rc-sZ-MSCueU,2021-03-13,,,-44,,,
SN,Senegal,Sédhiou Region,,,SN-SE,,ChIJ9duhoKY-5g4Rc-sZ-MSCueU,2021-03-14,,,-41,,,
SN,Senegal,Sédhiou Region,,,SN-SE,,ChIJ9duhoKY-5g4Rc-sZ-MSCueU,2021-03-15,,,-46,,,
SN,Senegal,Sédhiou Region,,,SN-SE,,ChIJ9duhoKY-5g4Rc-sZ-MSCueU,2021-03-16,,,-44,,,
SN,Senegal,Sédhiou Region,,,SN-SE,,ChIJ9duhoKY-5g4Rc-sZ-MSCueU,2021-03-17,,,-44,,,
SN,Senegal,Sédhiou Region,,,SN-SE,,ChIJ9duhoKY-5g4Rc-sZ-MSCueU,2021-03-18,,,-45,,,
SN,Senegal,Sédhiou Region,,,SN-SE,,ChIJ9duhoKY-5g4Rc-sZ-MSCueU,2021-03-19,,,-49,,,
SN,Senegal,Sédhiou Region,,,SN-SE,,ChIJ9duhoKY-5g4Rc-sZ-MSCueU,2021-03-20,,,-35,,,
SN,Senegal,Sédhiou Region,,,SN-SE,,ChIJ9duhoKY-5g4Rc-sZ-MSCueU,2021-03-21,,,-42,,,
SN,Senegal,Sédhiou Region,,,SN-SE,,ChIJ9duhoKY-5g4Rc-sZ-MSCueU,2021-03-22,,,-43,,,
SN,Senegal,Sédhiou Region,,,SN-SE,,ChIJ9duhoKY-5g4Rc-sZ-MSCueU,2021-03-23,,,-47,,,
SN,Senegal,Sédhiou Region,,,SN-SE,,ChIJ9duhoKY-5g4Rc-sZ-MSCueU,2021-03-24,,,-47,,,
SN,Senegal,Sédhiou Region,,,SN-SE,,ChIJ9duhoKY-5g4Rc-sZ-MSCueU,2021-03-25,,,-47,,,
SN,Senegal,Sédhiou Region,,,SN-SE,,ChIJ9duhoKY-5g4Rc-sZ-MSCueU,2021-03-26,,,-49,,,
SN,Senegal,Sédhiou Region,,,SN-SE,,ChIJ9duhoKY-5g4Rc-sZ-MSCueU,2021-03-27,,,-46,,,
SN,Senegal,Tambacounda Region,,,SN-TC,,ChIJy_19m7hI8A4R8eiKGbyM8GM,2021-01-01,,,,,-46,
SN,Senegal,Tambacounda Region,,,SN-TC,,ChIJy_19m7hI8A4R8eiKGbyM8GM,2021-01-02,,,,,-28,
SN,Senegal,Tambacounda Region,,,SN-TC,,ChIJy_19m7hI8A4R8eiKGbyM8GM,2021-01-03,,,,,-27,
SN,Senegal,Tambacounda Region,,,SN-TC,,ChIJy_19m7hI8A4R8eiKGbyM8GM,2021-01-04,,,,,-19,
SN,Senegal,Tambacounda Region,,,SN-TC,,ChIJy_19m7hI8A4R8eiKGbyM8GM,2021-01-05,,,,,-18,
SN,Senegal,Tambacounda Region,,,SN-TC,,ChIJy_19m7hI8A4R8eiKGbyM8GM,2021-01-06,,,,,-18,
SN,Senegal,Tambacounda Region,,,SN-TC,,ChIJy_19m7hI8A4R8eiKGbyM8GM,2021-01-07,,,,,-17,
SN,Senegal,Tambacounda Region,,,SN-TC,,ChIJy_19m7hI8A4R8eiKGbyM8GM,2021-01-08,,,,,-12,
SN,Senegal,Tambacounda Region,,,SN-TC,,ChIJy_19m7hI8A4R8eiKGbyM8GM,2021-01-09,,,,,-24,
SN,Senegal,Tambacounda Region,,,SN-TC,,ChIJy_19m7hI8A4R8eiKGbyM8GM,2021-01-10,,,,,-30,
SN,Senegal,Tambacounda Region,,,SN-TC,,ChIJy_19m7hI8A4R8eiKGbyM8GM,2021-01-11,,,,,-17,
SN,Senegal,Tambacounda Region,,,SN-TC,,ChIJy_19m7hI8A4R8eiKGbyM8GM,2021-01-12,,,,,-19,
SN,Senegal,Tambacounda Region,,,SN-TC,,ChIJy_19m7hI8A4R8eiKGbyM8GM,2021-01-13,,,,,-17,
SN,Senegal,Tambacounda Region,,,SN-TC,,ChIJy_19m7hI8A4R8eiKGbyM8GM,2021-01-14,,,,,-23,
SN,Senegal,Tambacounda Region,,,SN-TC,,ChIJy_19m7hI8A4R8eiKGbyM8GM,2021-01-15,,,,,-25,
SN,Senegal,Tambacounda Region,,,SN-TC,,ChIJy_19m7hI8A4R8eiKGbyM8GM,2021-01-16,,,,,-26,
SN,Senegal,Tambacounda Region,,,SN-TC,,ChIJy_19m7hI8A4R8eiKGbyM8GM,2021-01-17,,,,,-30,
SN,Senegal,Tambacounda Region,,,SN-TC,,ChIJy_19m7hI8A4R8eiKGbyM8GM,2021-01-18,,,,,-21,
SN,Senegal,Tambacounda Region,,,SN-TC,,ChIJy_19m7hI8A4R8eiKGbyM8GM,2021-01-19,,,,,-25,
SN,Senegal,Tambacounda Region,,,SN-TC,,ChIJy_19m7hI8A4R8eiKGbyM8GM,2021-01-20,,,,,-20,
SN,Senegal,Tambacounda Region,,,SN-TC,,ChIJy_19m7hI8A4R8eiKGbyM8GM,2021-01-21,,,,,-18,
SN,Senegal,Tambacounda Region,,,SN-TC,,ChIJy_19m7hI8A4R8eiKGbyM8GM,2021-01-22,,,,,-15,
SN,Senegal,Tambacounda Region,,,SN-TC,,ChIJy_19m7hI8A4R8eiKGbyM8GM,2021-01-23,,,,,-19,
SN,Senegal,Tambacounda Region,,,SN-TC,,ChIJy_19m7hI8A4R8eiKGbyM8GM,2021-01-24,,,,,-32,
SN,Senegal,Tambacounda Region,,,SN-TC,,ChIJy_19m7hI8A4R8eiKGbyM8GM,2021-01-25,,,,,-12,
SN,Senegal,Tambacounda Region,,,SN-TC,,ChIJy_19m7hI8A4R8eiKGbyM8GM,2021-01-26,,,,,-17,
SN,Senegal,Tambacounda Region,,,SN-TC,,ChIJy_19m7hI8A4R8eiKGbyM8GM,2021-01-27,,,,,-15,
SN,Senegal,Tambacounda Region,,,SN-TC,,ChIJy_19m7hI8A4R8eiKGbyM8GM,2021-01-28,,,,,-15,
SN,Senegal,Tambacounda Region,,,SN-TC,,ChIJy_19m7hI8A4R8eiKGbyM8GM,2021-01-29,,,,,-21,
SN,Senegal,Tambacounda Region,,,SN-TC,,ChIJy_19m7hI8A4R8eiKGbyM8GM,2021-01-30,,,,,-25,
SN,Senegal,Tambacounda Region,,,SN-TC,,ChIJy_19m7hI8A4R8eiKGbyM8GM,2021-01-31,,,,,-33,
SN,Senegal,Tambacounda Region,,,SN-TC,,ChIJy_19m7hI8A4R8eiKGbyM8GM,2021-02-01,,,,,-31,
SN,Senegal,Tambacounda Region,,,SN-TC,,ChIJy_19m7hI8A4R8eiKGbyM8GM,2021-02-02,,,,,-36,
SN,Senegal,Tambacounda Region,,,SN-TC,,ChIJy_19m7hI8A4R8eiKGbyM8GM,2021-02-03,,,,,-32,
SN,Senegal,Tambacounda Region,,,SN-TC,,ChIJy_19m7hI8A4R8eiKGbyM8GM,2021-02-04,,,,,-38,
SN,Senegal,Tambacounda Region,,,SN-TC,,ChIJy_19m7hI8A4R8eiKGbyM8GM,2021-02-05,,,,,-42,
SN,Senegal,Tambacounda Region,,,SN-TC,,ChIJy_19m7hI8A4R8eiKGbyM8GM,2021-02-06,,,,,-43,
SN,Senegal,Tambacounda Region,,,SN-TC,,ChIJy_19m7hI8A4R8eiKGbyM8GM,2021-02-07,,,,,-39,
SN,Senegal,Tambacounda Region,,,SN-TC,,ChIJy_19m7hI8A4R8eiKGbyM8GM,2021-02-08,,,,,-29,
SN,Senegal,Tambacounda Region,,,SN-TC,,ChIJy_19m7hI8A4R8eiKGbyM8GM,2021-02-09,,,,,-28,
SN,Senegal,Tambacounda Region,,,SN-TC,,ChIJy_19m7hI8A4R8eiKGbyM8GM,2021-02-10,,,,,-26,
SN,Senegal,Tambacounda Region,,,SN-TC,,ChIJy_19m7hI8A4R8eiKGbyM8GM,2021-02-11,,,,,-25,
SN,Senegal,Tambacounda Region,,,SN-TC,,ChIJy_19m7hI8A4R8eiKGbyM8GM,2021-02-12,,,,,-32,
SN,Senegal,Tambacounda Region,,,SN-TC,,ChIJy_19m7hI8A4R8eiKGbyM8GM,2021-02-13,,,,,-33,
SN,Senegal,Tambacounda Region,,,SN-TC,,ChIJy_19m7hI8A4R8eiKGbyM8GM,2021-02-14,,,,,-35,
SN,Senegal,Tambacounda Region,,,SN-TC,,ChIJy_19m7hI8A4R8eiKGbyM8GM,2021-02-15,,,,,-26,
SN,Senegal,Tambacounda Region,,,SN-TC,,ChIJy_19m7hI8A4R8eiKGbyM8GM,2021-02-16,,,,,-30,
SN,Senegal,Tambacounda Region,,,SN-TC,,ChIJy_19m7hI8A4R8eiKGbyM8GM,2021-02-17,,,,,-32,
SN,Senegal,Tambacounda Region,,,SN-TC,,ChIJy_19m7hI8A4R8eiKGbyM8GM,2021-02-18,,,,,-29,
SN,Senegal,Tambacounda Region,,,SN-TC,,ChIJy_19m7hI8A4R8eiKGbyM8GM,2021-02-19,,,,,-30,
SN,Senegal,Tambacounda Region,,,SN-TC,,ChIJy_19m7hI8A4R8eiKGbyM8GM,2021-02-20,,,,,-29,
SN,Senegal,Tambacounda Region,,,SN-TC,,ChIJy_19m7hI8A4R8eiKGbyM8GM,2021-02-21,,,,,-41,
SN,Senegal,Tambacounda Region,,,SN-TC,,ChIJy_19m7hI8A4R8eiKGbyM8GM,2021-02-22,,,,,-24,
SN,Senegal,Tambacounda Region,,,SN-TC,,ChIJy_19m7hI8A4R8eiKGbyM8GM,2021-02-23,,,,,-25,
SN,Senegal,Tambacounda Region,,,SN-TC,,ChIJy_19m7hI8A4R8eiKGbyM8GM,2021-02-24,,,,,-29,
SN,Senegal,Tambacounda Region,,,SN-TC,,ChIJy_19m7hI8A4R8eiKGbyM8GM,2021-02-25,,,,,-30,
SN,Senegal,Tambacounda Region,,,SN-TC,,ChIJy_19m7hI8A4R8eiKGbyM8GM,2021-02-26,,,,,-23,
SN,Senegal,Tambacounda Region,,,SN-TC,,ChIJy_19m7hI8A4R8eiKGbyM8GM,2021-02-27,,,,,-28,
SN,Senegal,Tambacounda Region,,,SN-TC,,ChIJy_19m7hI8A4R8eiKGbyM8GM,2021-02-28,,,,,-33,
SN,Senegal,Tambacounda Region,,,SN-TC,,ChIJy_19m7hI8A4R8eiKGbyM8GM,2021-03-01,,,,,-24,
SN,Senegal,Tambacounda Region,,,SN-TC,,ChIJy_19m7hI8A4R8eiKGbyM8GM,2021-03-02,,,,,-23,
SN,Senegal,Tambacounda Region,,,SN-TC,,ChIJy_19m7hI8A4R8eiKGbyM8GM,2021-03-03,,,,,-26,
SN,Senegal,Tambacounda Region,,,SN-TC,,ChIJy_19m7hI8A4R8eiKGbyM8GM,2021-03-04,,,,,-28,
SN,Senegal,Tambacounda Region,,,SN-TC,,ChIJy_19m7hI8A4R8eiKGbyM8GM,2021-03-05,,,,,-31,
SN,Senegal,Tambacounda Region,,,SN-TC,,ChIJy_19m7hI8A4R8eiKGbyM8GM,2021-03-06,,,,,-39,
SN,Senegal,Tambacounda Region,,,SN-TC,,ChIJy_19m7hI8A4R8eiKGbyM8GM,2021-03-07,,,,,-35,
SN,Senegal,Tambacounda Region,,,SN-TC,,ChIJy_19m7hI8A4R8eiKGbyM8GM,2021-03-08,,,,,-40,
SN,Senegal,Tambacounda Region,,,SN-TC,,ChIJy_19m7hI8A4R8eiKGbyM8GM,2021-03-09,,,,,-37,
SN,Senegal,Tambacounda Region,,,SN-TC,,ChIJy_19m7hI8A4R8eiKGbyM8GM,2021-03-10,,,,,-37,
SN,Senegal,Tambacounda Region,,,SN-TC,,ChIJy_19m7hI8A4R8eiKGbyM8GM,2021-03-11,,,,,-41,
SN,Senegal,Tambacounda Region,,,SN-TC,,ChIJy_19m7hI8A4R8eiKGbyM8GM,2021-03-12,,,,,-38,
SN,Senegal,Tambacounda Region,,,SN-TC,,ChIJy_19m7hI8A4R8eiKGbyM8GM,2021-03-13,,,,,-42,
SN,Senegal,Tambacounda Region,,,SN-TC,,ChIJy_19m7hI8A4R8eiKGbyM8GM,2021-03-14,,,,,-38,
SN,Senegal,Tambacounda Region,,,SN-TC,,ChIJy_19m7hI8A4R8eiKGbyM8GM,2021-03-15,,,,,-29,
SN,Senegal,Tambacounda Region,,,SN-TC,,ChIJy_19m7hI8A4R8eiKGbyM8GM,2021-03-16,,,,,-30,
SN,Senegal,Tambacounda Region,,,SN-TC,,ChIJy_19m7hI8A4R8eiKGbyM8GM,2021-03-17,,,,,-28,
SN,Senegal,Tambacounda Region,,,SN-TC,,ChIJy_19m7hI8A4R8eiKGbyM8GM,2021-03-18,,,,,-28,
SN,Senegal,Tambacounda Region,,,SN-TC,,ChIJy_19m7hI8A4R8eiKGbyM8GM,2021-03-19,,,,,-28,
SN,Senegal,Tambacounda Region,,,SN-TC,,ChIJy_19m7hI8A4R8eiKGbyM8GM,2021-03-20,,,,,-24,
SN,Senegal,Tambacounda Region,,,SN-TC,,ChIJy_19m7hI8A4R8eiKGbyM8GM,2021-03-21,,,,,-35,
SN,Senegal,Tambacounda Region,,,SN-TC,,ChIJy_19m7hI8A4R8eiKGbyM8GM,2021-03-22,,,,,-27,
SN,Senegal,Tambacounda Region,,,SN-TC,,ChIJy_19m7hI8A4R8eiKGbyM8GM,2021-03-23,,,,,-24,
SN,Senegal,Tambacounda Region,,,SN-TC,,ChIJy_19m7hI8A4R8eiKGbyM8GM,2021-03-24,,,,,-22,
SN,Senegal,Tambacounda Region,,,SN-TC,,ChIJy_19m7hI8A4R8eiKGbyM8GM,2021-03-25,,,,,-25,
SN,Senegal,Tambacounda Region,,,SN-TC,,ChIJy_19m7hI8A4R8eiKGbyM8GM,2021-03-26,,,,,-25,
SN,Senegal,Tambacounda Region,,,SN-TC,,ChIJy_19m7hI8A4R8eiKGbyM8GM,2021-03-27,,,,,-28,
SN,Senegal,Thiès Region,,,SN-TH,,ChIJgTpNdonAwQ4RqW8UqiJSKJI,2021-01-01,-15,18,,-36,-49,14
SN,Senegal,Thiès Region,,,SN-TH,,ChIJgTpNdonAwQ4RqW8UqiJSKJI,2021-01-02,-6,39,,-16,-13,6
SN,Senegal,Thiès Region,,,SN-TH,,ChIJgTpNdonAwQ4RqW8UqiJSKJI,2021-01-03,-9,21,,-15,-10,4
SN,Senegal,Thiès Region,,,SN-TH,,ChIJgTpNdonAwQ4RqW8UqiJSKJI,2021-01-04,0,45,,-5,-1,1
SN,Senegal,Thiès Region,,,SN-TH,,ChIJgTpNdonAwQ4RqW8UqiJSKJI,2021-01-05,-7,33,,-21,-2,1
SN,Senegal,Thiès Region,,,SN-TH,,ChIJgTpNdonAwQ4RqW8UqiJSKJI,2021-01-06,-10,27,,-15,-1,3
SN,Senegal,Thiès Region,,,SN-TH,,ChIJgTpNdonAwQ4RqW8UqiJSKJI,2021-01-07,-11,28,,-14,0,4
SN,Senegal,Thiès Region,,,SN-TH,,ChIJgTpNdonAwQ4RqW8UqiJSKJI,2021-01-08,-15,27,,-20,-1,4
SN,Senegal,Thiès Region,,,SN-TH,,ChIJgTpNdonAwQ4RqW8UqiJSKJI,2021-01-09,-18,22,,-17,3,3
SN,Senegal,Thiès Region,,,SN-TH,,ChIJgTpNdonAwQ4RqW8UqiJSKJI,2021-01-10,-23,-3,,-23,-14,5
SN,Senegal,Thiès Region,,,SN-TH,,ChIJgTpNdonAwQ4RqW8UqiJSKJI,2021-01-11,-5,28,,-8,-1,3
SN,Senegal,Thiès Region,,,SN-TH,,ChIJgTpNdonAwQ4RqW8UqiJSKJI,2021-01-12,-14,19,,-30,-4,2
SN,Senegal,Thiès Region,,,SN-TH,,ChIJgTpNdonAwQ4RqW8UqiJSKJI,2021-01-13,-12,14,,-24,-5,1
SN,Senegal,Thiès Region,,,SN-TH,,ChIJgTpNdonAwQ4RqW8UqiJSKJI,2021-01-14,-14,10,,-22,-9,1
SN,Senegal,Thiès Region,,,SN-TH,,ChIJgTpNdonAwQ4RqW8UqiJSKJI,2021-01-15,-23,8,,-24,-11,3
SN,Senegal,Thiès Region,,,SN-TH,,ChIJgTpNdonAwQ4RqW8UqiJSKJI,2021-01-16,-26,8,,-26,-12,5
SN,Senegal,Thiès Region,,,SN-TH,,ChIJgTpNdonAwQ4RqW8UqiJSKJI,2021-01-17,-32,-18,,-35,-25,6
SN,Senegal,Thiès Region,,,SN-TH,,ChIJgTpNdonAwQ4RqW8UqiJSKJI,2021-01-18,-14,16,,-17,-12,4
SN,Senegal,Thiès Region,,,SN-TH,,ChIJgTpNdonAwQ4RqW8UqiJSKJI,2021-01-19,-20,2,,-32,-13,3
SN,Senegal,Thiès Region,,,SN-TH,,ChIJgTpNdonAwQ4RqW8UqiJSKJI,2021-01-20,-17,5,,-32,-9,3
SN,Senegal,Thiès Region,,,SN-TH,,ChIJgTpNdonAwQ4RqW8UqiJSKJI,2021-01-21,-18,9,,-30,-9,3
SN,Senegal,Thiès Region,,,SN-TH,,ChIJgTpNdonAwQ4RqW8UqiJSKJI,2021-01-22,-23,5,,-27,-9,5
SN,Senegal,Thiès Region,,,SN-TH,,ChIJgTpNdonAwQ4RqW8UqiJSKJI,2021-01-23,-28,5,,-29,-6,6
SN,Senegal,Thiès Region,,,SN-TH,,ChIJgTpNdonAwQ4RqW8UqiJSKJI,2021-01-24,-33,-16,,-37,-26,7
SN,Senegal,Thiès Region,,,SN-TH,,ChIJgTpNdonAwQ4RqW8UqiJSKJI,2021-01-25,-15,15,,-20,-8,4
SN,Senegal,Thiès Region,,,SN-TH,,ChIJgTpNdonAwQ4RqW8UqiJSKJI,2021-01-26,-19,5,,-36,-9,3
SN,Senegal,Thiès Region,,,SN-TH,,ChIJgTpNdonAwQ4RqW8UqiJSKJI,2021-01-27,-16,7,,-31,-5,3
SN,Senegal,Thiès Region,,,SN-TH,,ChIJgTpNdonAwQ4RqW8UqiJSKJI,2021-01-28,-18,9,,-27,-6,2
SN,Senegal,Thiès Region,,,SN-TH,,ChIJgTpNdonAwQ4RqW8UqiJSKJI,2021-01-29,-19,15,,-25,-8,2
SN,Senegal,Thiès Region,,,SN-TH,,ChIJgTpNdonAwQ4RqW8UqiJSKJI,2021-01-30,-18,20,,-19,-9,1
SN,Senegal,Thiès Region,,,SN-TH,,ChIJgTpNdonAwQ4RqW8UqiJSKJI,2021-01-31,-27,-10,,-36,-29,3
SN,Senegal,Thiès Region,,,SN-TH,,ChIJgTpNdonAwQ4RqW8UqiJSKJI,2021-02-01,-8,29,,-16,-21,2
SN,Senegal,Thiès Region,,,SN-TH,,ChIJgTpNdonAwQ4RqW8UqiJSKJI,2021-02-02,-12,26,,-25,-23,1
SN,Senegal,Thiès Region,,,SN-TH,,ChIJgTpNdonAwQ4RqW8UqiJSKJI,2021-02-03,-14,14,,-25,-22,1
SN,Senegal,Thiès Region,,,SN-TH,,ChIJgTpNdonAwQ4RqW8UqiJSKJI,2021-02-04,-14,16,,-24,-26,1
SN,Senegal,Thiès Region,,,SN-TH,,ChIJgTpNdonAwQ4RqW8UqiJSKJI,2021-02-05,-21,15,,-26,-27,2
SN,Senegal,Thiès Region,,,SN-TH,,ChIJgTpNdonAwQ4RqW8UqiJSKJI,2021-02-06,-21,14,,-23,-24,2
SN,Senegal,Thiès Region,,,SN-TH,,ChIJgTpNdonAwQ4RqW8UqiJSKJI,2021-02-07,-28,-11,,-28,-28,2
SN,Senegal,Thiès Region,,,SN-TH,,ChIJgTpNdonAwQ4RqW8UqiJSKJI,2021-02-08,-13,20,,-18,-14,-1
SN,Senegal,Thiès Region,,,SN-TH,,ChIJgTpNdonAwQ4RqW8UqiJSKJI,2021-02-09,-15,19,,-31,-12,-1
SN,Senegal,Thiès Region,,,SN-TH,,ChIJgTpNdonAwQ4RqW8UqiJSKJI,2021-02-10,-14,15,,-28,-11,-3
SN,Senegal,Thiès Region,,,SN-TH,,ChIJgTpNdonAwQ4RqW8UqiJSKJI,2021-02-11,-15,16,,-26,-12,-3
SN,Senegal,Thiès Region,,,SN-TH,,ChIJgTpNdonAwQ4RqW8UqiJSKJI,2021-02-12,-22,8,,-24,-14,-2
SN,Senegal,Thiès Region,,,SN-TH,,ChIJgTpNdonAwQ4RqW8UqiJSKJI,2021-02-13,-23,14,,-22,-13,-2
SN,Senegal,Thiès Region,,,SN-TH,,ChIJgTpNdonAwQ4RqW8UqiJSKJI,2021-02-14,-27,-16,,-35,-32,1
SN,Senegal,Thiès Region,,,SN-TH,,ChIJgTpNdonAwQ4RqW8UqiJSKJI,2021-02-15,-15,18,,-18,-11,-2
SN,Senegal,Thiès Region,,,SN-TH,,ChIJgTpNdonAwQ4RqW8UqiJSKJI,2021-02-16,-19,10,,-32,-12,-3
SN,Senegal,Thiès Region,,,SN-TH,,ChIJgTpNdonAwQ4RqW8UqiJSKJI,2021-02-17,-17,13,,-27,-12,-3
SN,Senegal,Thiès Region,,,SN-TH,,ChIJgTpNdonAwQ4RqW8UqiJSKJI,2021-02-18,-18,8,,-29,-10,-1
SN,Senegal,Thiès Region,,,SN-TH,,ChIJgTpNdonAwQ4RqW8UqiJSKJI,2021-02-19,-21,13,,-25,-10,0
SN,Senegal,Thiès Region,,,SN-TH,,ChIJgTpNdonAwQ4RqW8UqiJSKJI,2021-02-20,-22,10,,-22,-11,-1
SN,Senegal,Thiès Region,,,SN-TH,,ChIJgTpNdonAwQ4RqW8UqiJSKJI,2021-02-21,-33,-16,,-36,-31,2
SN,Senegal,Thiès Region,,,SN-TH,,ChIJgTpNdonAwQ4RqW8UqiJSKJI,2021-02-22,-11,18,,-17,-11,-1
SN,Senegal,Thiès Region,,,SN-TH,,ChIJgTpNdonAwQ4RqW8UqiJSKJI,2021-02-23,-16,10,,-32,-12,-2
SN,Senegal,Thiès Region,,,SN-TH,,ChIJgTpNdonAwQ4RqW8UqiJSKJI,2021-02-24,-16,10,,-27,-10,-1
SN,Senegal,Thiès Region,,,SN-TH,,ChIJgTpNdonAwQ4RqW8UqiJSKJI,2021-02-25,-14,11,,-19,-10,-2
SN,Senegal,Thiès Region,,,SN-TH,,ChIJgTpNdonAwQ4RqW8UqiJSKJI,2021-02-26,-20,13,,-19,-11,-1
SN,Senegal,Thiès Region,,,SN-TH,,ChIJgTpNdonAwQ4RqW8UqiJSKJI,2021-02-27,-19,18,,-11,-9,-1
SN,Senegal,Thiès Region,,,SN-TH,,ChIJgTpNdonAwQ4RqW8UqiJSKJI,2021-02-28,-25,-14,,-31,-30,2
SN,Senegal,Thiès Region,,,SN-TH,,ChIJgTpNdonAwQ4RqW8UqiJSKJI,2021-03-01,-8,23,,-14,-12,-2
SN,Senegal,Thiès Region,,,SN-TH,,ChIJgTpNdonAwQ4RqW8UqiJSKJI,2021-03-02,-14,15,,-33,-11,-3
SN,Senegal,Thiès Region,,,SN-TH,,ChIJgTpNdonAwQ4RqW8UqiJSKJI,2021-03-03,-15,11,,-29,-9,-1
SN,Senegal,Thiès Region,,,SN-TH,,ChIJgTpNdonAwQ4RqW8UqiJSKJI,2021-03-04,-13,16,,-24,-12,-2
SN,Senegal,Thiès Region,,,SN-TH,,ChIJgTpNdonAwQ4RqW8UqiJSKJI,2021-03-05,-33,-7,,-39,-23,3
SN,Senegal,Thiès Region,,,SN-TH,,ChIJgTpNdonAwQ4RqW8UqiJSKJI,2021-03-06,-29,3,,-28,-24,3
SN,Senegal,Thiès Region,,,SN-TH,,ChIJgTpNdonAwQ4RqW8UqiJSKJI,2021-03-07,-33,-21,,-36,-30,3
SN,Senegal,Thiès Region,,,SN-TH,,ChIJgTpNdonAwQ4RqW8UqiJSKJI,2021-03-08,-29,-1,,-40,-41,9
SN,Senegal,Thiès Region,,,SN-TH,,ChIJgTpNdonAwQ4RqW8UqiJSKJI,2021-03-09,-15,15,,-36,-33,2
SN,Senegal,Thiès Region,,,SN-TH,,ChIJgTpNdonAwQ4RqW8UqiJSKJI,2021-03-10,-13,17,,-30,-29,2
SN,Senegal,Thiès Region,,,SN-TH,,ChIJgTpNdonAwQ4RqW8UqiJSKJI,2021-03-11,-8,21,,-21,-28,1
SN,Senegal,Thiès Region,,,SN-TH,,ChIJgTpNdonAwQ4RqW8UqiJSKJI,2021-03-12,-15,21,,-23,-28,2
SN,Senegal,Thiès Region,,,SN-TH,,ChIJgTpNdonAwQ4RqW8UqiJSKJI,2021-03-13,-14,24,,-20,-21,-1
SN,Senegal,Thiès Region,,,SN-TH,,ChIJgTpNdonAwQ4RqW8UqiJSKJI,2021-03-14,-17,-7,,-28,-26,-1
SN,Senegal,Thiès Region,,,SN-TH,,ChIJgTpNdonAwQ4RqW8UqiJSKJI,2021-03-15,-4,27,,-9,-7,-4
SN,Senegal,Thiès Region,,,SN-TH,,ChIJgTpNdonAwQ4RqW8UqiJSKJI,2021-03-16,-10,20,,-27,-9,-5
SN,Senegal,Thiès Region,,,SN-TH,,ChIJgTpNdonAwQ4RqW8UqiJSKJI,2021-03-17,-6,25,,-27,-8,-4
SN,Senegal,Thiès Region,,,SN-TH,,ChIJgTpNdonAwQ4RqW8UqiJSKJI,2021-03-18,-9,21,,-23,-8,-4
SN,Senegal,Thiès Region,,,SN-TH,,ChIJgTpNdonAwQ4RqW8UqiJSKJI,2021-03-19,-10,28,,-20,-6,-3
SN,Senegal,Thiès Region,,,SN-TH,,ChIJgTpNdonAwQ4RqW8UqiJSKJI,2021-03-20,-11,21,,-20,-5,-3
SN,Senegal,Thiès Region,,,SN-TH,,ChIJgTpNdonAwQ4RqW8UqiJSKJI,2021-03-21,-16,-1,,-33,-20,-1
SN,Senegal,Thiès Region,,,SN-TH,,ChIJgTpNdonAwQ4RqW8UqiJSKJI,2021-03-22,-2,29,,-12,-5,-4
SN,Senegal,Thiès Region,,,SN-TH,,ChIJgTpNdonAwQ4RqW8UqiJSKJI,2021-03-23,-6,23,,-29,-6,-4
SN,Senegal,Thiès Region,,,SN-TH,,ChIJgTpNdonAwQ4RqW8UqiJSKJI,2021-03-24,-5,23,,-23,-5,-4
SN,Senegal,Thiès Region,,,SN-TH,,ChIJgTpNdonAwQ4RqW8UqiJSKJI,2021-03-25,-4,28,,-21,-3,-4
SN,Senegal,Thiès Region,,,SN-TH,,ChIJgTpNdonAwQ4RqW8UqiJSKJI,2021-03-26,-9,32,,-17,-3,-3
SN,Senegal,Thiès Region,,,SN-TH,,ChIJgTpNdonAwQ4RqW8UqiJSKJI,2021-03-27,-4,29,,-13,-1,-4
SN,Senegal,Ziguinchor,,,SN-ZG,,ChIJuRVOjDqkwg4RvXIOgLISUT0,2021-01-01,,2,,,-50,
SN,Senegal,Ziguinchor,,,SN-ZG,,ChIJuRVOjDqkwg4RvXIOgLISUT0,2021-01-02,,17,,,-19,
SN,Senegal,Ziguinchor,,,SN-ZG,,ChIJuRVOjDqkwg4RvXIOgLISUT0,2021-01-03,,-12,,,-20,
SN,Senegal,Ziguinchor,,,SN-ZG,,ChIJuRVOjDqkwg4RvXIOgLISUT0,2021-01-04,,16,,,-5,
SN,Senegal,Ziguinchor,,,SN-ZG,,ChIJuRVOjDqkwg4RvXIOgLISUT0,2021-01-05,,13,,,-4,
SN,Senegal,Ziguinchor,,,SN-ZG,,ChIJuRVOjDqkwg4RvXIOgLISUT0,2021-01-06,,12,,,-3,
SN,Senegal,Ziguinchor,,,SN-ZG,,ChIJuRVOjDqkwg4RvXIOgLISUT0,2021-01-07,,10,,,1,
SN,Senegal,Ziguinchor,,,SN-ZG,,ChIJuRVOjDqkwg4RvXIOgLISUT0,2021-01-08,,14,,,2,
SN,Senegal,Ziguinchor,,,SN-ZG,,ChIJuRVOjDqkwg4RvXIOgLISUT0,2021-01-09,,22,,,-3,
SN,Senegal,Ziguinchor,,,SN-ZG,,ChIJuRVOjDqkwg4RvXIOgLISUT0,2021-01-10,,-1,,,-8,
SN,Senegal,Ziguinchor,,,SN-ZG,,ChIJuRVOjDqkwg4RvXIOgLISUT0,2021-01-11,,22,,,-4,
SN,Senegal,Ziguinchor,,,SN-ZG,,ChIJuRVOjDqkwg4RvXIOgLISUT0,2021-01-12,,20,,,-6,
SN,Senegal,Ziguinchor,,,SN-ZG,,ChIJuRVOjDqkwg4RvXIOgLISUT0,2021-01-13,,10,,,-3,
SN,Senegal,Ziguinchor,,,SN-ZG,,ChIJuRVOjDqkwg4RvXIOgLISUT0,2021-01-14,,11,,,-8,
SN,Senegal,Ziguinchor,,,SN-ZG,,ChIJuRVOjDqkwg4RvXIOgLISUT0,2021-01-15,,11,,,-12,
SN,Senegal,Ziguinchor,,,SN-ZG,,ChIJuRVOjDqkwg4RvXIOgLISUT0,2021-01-16,,13,,,-17,
SN,Senegal,Ziguinchor,,,SN-ZG,,ChIJuRVOjDqkwg4RvXIOgLISUT0,2021-01-17,,-16,,,-22,
SN,Senegal,Ziguinchor,,,SN-ZG,,ChIJuRVOjDqkwg4RvXIOgLISUT0,2021-01-18,,11,,,-10,
SN,Senegal,Ziguinchor,,,SN-ZG,,ChIJuRVOjDqkwg4RvXIOgLISUT0,2021-01-19,,-1,,,-13,
SN,Senegal,Ziguinchor,,,SN-ZG,,ChIJuRVOjDqkwg4RvXIOgLISUT0,2021-01-20,,2,,,-6,
SN,Senegal,Ziguinchor,,,SN-ZG,,ChIJuRVOjDqkwg4RvXIOgLISUT0,2021-01-21,,8,,,-7,
SN,Senegal,Ziguinchor,,,SN-ZG,,ChIJuRVOjDqkwg4RvXIOgLISUT0,2021-01-22,,14,,,-6,
SN,Senegal,Ziguinchor,,,SN-ZG,,ChIJuRVOjDqkwg4RvXIOgLISUT0,2021-01-23,,15,,,-7,
SN,Senegal,Ziguinchor,,,SN-ZG,,ChIJuRVOjDqkwg4RvXIOgLISUT0,2021-01-24,,-18,,,-11,
SN,Senegal,Ziguinchor,,,SN-ZG,,ChIJuRVOjDqkwg4RvXIOgLISUT0,2021-01-25,,13,,,-1,
SN,Senegal,Ziguinchor,,,SN-ZG,,ChIJuRVOjDqkwg4RvXIOgLISUT0,2021-01-26,,5,,,-7,
SN,Senegal,Ziguinchor,,,SN-ZG,,ChIJuRVOjDqkwg4RvXIOgLISUT0,2021-01-27,,9,,,-2,
SN,Senegal,Ziguinchor,,,SN-ZG,,ChIJuRVOjDqkwg4RvXIOgLISUT0,2021-01-28,,21,,,-4,
SN,Senegal,Ziguinchor,,,SN-ZG,,ChIJuRVOjDqkwg4RvXIOgLISUT0,2021-01-29,,27,,,-2,
SN,Senegal,Ziguinchor,,,SN-ZG,,ChIJuRVOjDqkwg4RvXIOgLISUT0,2021-01-30,,22,,,-6,
SN,Senegal,Ziguinchor,,,SN-ZG,,ChIJuRVOjDqkwg4RvXIOgLISUT0,2021-01-31,,3,,,-17,
SN,Senegal,Ziguinchor,,,SN-ZG,,ChIJuRVOjDqkwg4RvXIOgLISUT0,2021-02-01,,27,,,-13,
SN,Senegal,Ziguinchor,,,SN-ZG,,ChIJuRVOjDqkwg4RvXIOgLISUT0,2021-02-02,,23,,,-23,
SN,Senegal,Ziguinchor,,,SN-ZG,,ChIJuRVOjDqkwg4RvXIOgLISUT0,2021-02-03,,12,,,-15,
SN,Senegal,Ziguinchor,,,SN-ZG,,ChIJuRVOjDqkwg4RvXIOgLISUT0,2021-02-04,,20,,,-18,
SN,Senegal,Ziguinchor,,,SN-ZG,,ChIJuRVOjDqkwg4RvXIOgLISUT0,2021-02-05,,20,,,-17,
SN,Senegal,Ziguinchor,,,SN-ZG,,ChIJuRVOjDqkwg4RvXIOgLISUT0,2021-02-06,,11,,,-20,
SN,Senegal,Ziguinchor,,,SN-ZG,,ChIJuRVOjDqkwg4RvXIOgLISUT0,2021-02-07,,-14,,,-29,
SN,Senegal,Ziguinchor,,,SN-ZG,,ChIJuRVOjDqkwg4RvXIOgLISUT0,2021-02-08,,9,,,-11,
SN,Senegal,Ziguinchor,,,SN-ZG,,ChIJuRVOjDqkwg4RvXIOgLISUT0,2021-02-09,,15,,,-11,
SN,Senegal,Ziguinchor,,,SN-ZG,,ChIJuRVOjDqkwg4RvXIOgLISUT0,2021-02-10,,7,,,-6,
SN,Senegal,Ziguinchor,,,SN-ZG,,ChIJuRVOjDqkwg4RvXIOgLISUT0,2021-02-11,,11,,,-6,
SN,Senegal,Ziguinchor,,,SN-ZG,,ChIJuRVOjDqkwg4RvXIOgLISUT0,2021-02-12,,15,,,-7,
SN,Senegal,Ziguinchor,,,SN-ZG,,ChIJuRVOjDqkwg4RvXIOgLISUT0,2021-02-13,,8,,,-12,
SN,Senegal,Ziguinchor,,,SN-ZG,,ChIJuRVOjDqkwg4RvXIOgLISUT0,2021-02-14,,-11,,,-22,
SN,Senegal,Ziguinchor,,,SN-ZG,,ChIJuRVOjDqkwg4RvXIOgLISUT0,2021-02-15,,12,,,-5,
SN,Senegal,Ziguinchor,,,SN-ZG,,ChIJuRVOjDqkwg4RvXIOgLISUT0,2021-02-16,,12,,,-12,
SN,Senegal,Ziguinchor,,,SN-ZG,,ChIJuRVOjDqkwg4RvXIOgLISUT0,2021-02-17,,8,,,-6,
SN,Senegal,Ziguinchor,,,SN-ZG,,ChIJuRVOjDqkwg4RvXIOgLISUT0,2021-02-18,,7,,,-5,
SN,Senegal,Ziguinchor,,,SN-ZG,,ChIJuRVOjDqkwg4RvXIOgLISUT0,2021-02-19,,13,,,-3,
SN,Senegal,Ziguinchor,,,SN-ZG,,ChIJuRVOjDqkwg4RvXIOgLISUT0,2021-02-20,,10,,,-9,
SN,Senegal,Ziguinchor,,,SN-ZG,,ChIJuRVOjDqkwg4RvXIOgLISUT0,2021-02-21,,-14,,,-22,
SN,Senegal,Ziguinchor,,,SN-ZG,,ChIJuRVOjDqkwg4RvXIOgLISUT0,2021-02-22,,10,,,-6,
SN,Senegal,Ziguinchor,,,SN-ZG,,ChIJuRVOjDqkwg4RvXIOgLISUT0,2021-02-23,,10,,,-4,
SN,Senegal,Ziguinchor,,,SN-ZG,,ChIJuRVOjDqkwg4RvXIOgLISUT0,2021-02-24,,13,,,-3,
SN,Senegal,Ziguinchor,,,SN-ZG,,ChIJuRVOjDqkwg4RvXIOgLISUT0,2021-02-25,,14,,,-7,
SN,Senegal,Ziguinchor,,,SN-ZG,,ChIJuRVOjDqkwg4RvXIOgLISUT0,2021-02-26,,21,,,-2,
SN,Senegal,Ziguinchor,,,SN-ZG,,ChIJuRVOjDqkwg4RvXIOgLISUT0,2021-02-27,,20,,,-8,
SN,Senegal,Ziguinchor,,,SN-ZG,,ChIJuRVOjDqkwg4RvXIOgLISUT0,2021-02-28,,2,,,-19,
SN,Senegal,Ziguinchor,,,SN-ZG,,ChIJuRVOjDqkwg4RvXIOgLISUT0,2021-03-01,,23,,,-6,
SN,Senegal,Ziguinchor,,,SN-ZG,,ChIJuRVOjDqkwg4RvXIOgLISUT0,2021-03-02,,19,,,-7,
SN,Senegal,Ziguinchor,,,SN-ZG,,ChIJuRVOjDqkwg4RvXIOgLISUT0,2021-03-03,,0,,,-9,
SN,Senegal,Ziguinchor,,,SN-ZG,,ChIJuRVOjDqkwg4RvXIOgLISUT0,2021-03-04,,10,,,-13,
SN,Senegal,Ziguinchor,,,SN-ZG,,ChIJuRVOjDqkwg4RvXIOgLISUT0,2021-03-05,,-9,,,-36,
SN,Senegal,Ziguinchor,,,SN-ZG,,ChIJuRVOjDqkwg4RvXIOgLISUT0,2021-03-06,,10,,,-31,
SN,Senegal,Ziguinchor,,,SN-ZG,,ChIJuRVOjDqkwg4RvXIOgLISUT0,2021-03-07,,-11,,,-28,
SN,Senegal,Ziguinchor,,,SN-ZG,,ChIJuRVOjDqkwg4RvXIOgLISUT0,2021-03-08,,-23,,,-52,
SN,Senegal,Ziguinchor,,,SN-ZG,,ChIJuRVOjDqkwg4RvXIOgLISUT0,2021-03-09,,14,,,-38,
SN,Senegal,Ziguinchor,,,SN-ZG,,ChIJuRVOjDqkwg4RvXIOgLISUT0,2021-03-10,,19,,,-30,
SN,Senegal,Ziguinchor,,,SN-ZG,,ChIJuRVOjDqkwg4RvXIOgLISUT0,2021-03-11,,17,,,-29,
SN,Senegal,Ziguinchor,,,SN-ZG,,ChIJuRVOjDqkwg4RvXIOgLISUT0,2021-03-12,,20,,,-26,
SN,Senegal,Ziguinchor,,,SN-ZG,,ChIJuRVOjDqkwg4RvXIOgLISUT0,2021-03-13,,15,,,-27,
SN,Senegal,Ziguinchor,,,SN-ZG,,ChIJuRVOjDqkwg4RvXIOgLISUT0,2021-03-14,,2,,,-20,
SN,Senegal,Ziguinchor,,,SN-ZG,,ChIJuRVOjDqkwg4RvXIOgLISUT0,2021-03-15,,24,,,-5,
SN,Senegal,Ziguinchor,,,SN-ZG,,ChIJuRVOjDqkwg4RvXIOgLISUT0,2021-03-16,,17,,,-7,
SN,Senegal,Ziguinchor,,,SN-ZG,,ChIJuRVOjDqkwg4RvXIOgLISUT0,2021-03-17,,17,,,-3,
SN,Senegal,Ziguinchor,,,SN-ZG,,ChIJuRVOjDqkwg4RvXIOgLISUT0,2021-03-18,,18,,,-2,
SN,Senegal,Ziguinchor,,,SN-ZG,,ChIJuRVOjDqkwg4RvXIOgLISUT0,2021-03-19,,23,,,0,
SN,Senegal,Ziguinchor,,,SN-ZG,,ChIJuRVOjDqkwg4RvXIOgLISUT0,2021-03-20,,27,,,-10,
SN,Senegal,Ziguinchor,,,SN-ZG,,ChIJuRVOjDqkwg4RvXIOgLISUT0,2021-03-21,,5,,,-14,
SN,Senegal,Ziguinchor,,,SN-ZG,,ChIJuRVOjDqkwg4RvXIOgLISUT0,2021-03-22,,39,,,-8,
SN,Senegal,Ziguinchor,,,SN-ZG,,ChIJuRVOjDqkwg4RvXIOgLISUT0,2021-03-23,,29,,,-10,
SN,Senegal,Ziguinchor,,,SN-ZG,,ChIJuRVOjDqkwg4RvXIOgLISUT0,2021-03-24,,20,,,-7,
SN,Senegal,Ziguinchor,,,SN-ZG,,ChIJuRVOjDqkwg4RvXIOgLISUT0,2021-03-25,,29,,,-4,
SN,Senegal,Ziguinchor,,,SN-ZG,,ChIJuRVOjDqkwg4RvXIOgLISUT0,2021-03-26,,27,,,-2,
SN,Senegal,Ziguinchor,,,SN-ZG,,ChIJuRVOjDqkwg4RvXIOgLISUT0,2021-03-27,,37,,,-9,
