country_region_code,country_region,sub_region_1,sub_region_2,metro_area,iso_3166_2_code,census_fips_code,place_id,date,retail_and_recreation_percent_change_from_baseline,grocery_and_pharmacy_percent_change_from_baseline,parks_percent_change_from_baseline,transit_stations_percent_change_from_baseline,workplaces_percent_change_from_baseline,residential_percent_change_from_baseline
BY,Belarus,,,,,,ChIJgUit4oQl2kYREIzsgdGhAAA,2021-01-01,-68,-49,-17,-58,-87,22
BY,Belarus,,,,,,ChIJgUit4oQl2kYREIzsgdGhAAA,2021-01-02,-42,-24,-9,-38,-54,6
BY,Belarus,,,,,,ChIJgUit4oQl2kYREIzsgdGhAAA,2021-01-03,-35,-16,-5,-24,-23,2
BY,Belarus,,,,,,ChIJgUit4oQl2kYREIzsgdGhAAA,2021-01-04,-24,-4,-18,-18,-33,7
BY,Belarus,,,,,,ChIJgUit4oQl2kYREIzsgdGhAAA,2021-01-05,-20,-1,-22,-18,-33,7
BY,Belarus,,,,,,ChIJgUit4oQl2kYREIzsgdGhAAA,2021-01-06,-9,21,-8,-7,-33,4
BY,Belarus,,,,,,ChIJgUit4oQl2kYREIzsgdGhAAA,2021-01-07,-32,-9,6,-39,-81,17
BY,Belarus,,,,,,ChIJgUit4oQl2kYREIzsgdGhAAA,2021-01-08,-29,-10,4,-32,-68,16
BY,Belarus,,,,,,ChIJgUit4oQl2kYREIzsgdGhAAA,2021-01-09,-31,-11,1,-22,-29,3
BY,Belarus,,,,,,ChIJgUit4oQl2kYREIzsgdGhAAA,2021-01-10,-31,-9,1,-20,-14,1
BY,Belarus,,,,,,ChIJgUit4oQl2kYREIzsgdGhAAA,2021-01-11,-24,-2,-15,-14,-16,3
BY,Belarus,,,,,,ChIJgUit4oQl2kYREIzsgdGhAAA,2021-01-12,-22,-2,-19,-15,-17,2
BY,Belarus,,,,,,ChIJgUit4oQl2kYREIzsgdGhAAA,2021-01-13,-24,-1,-19,-16,-19,0
BY,Belarus,,,,,,ChIJgUit4oQl2kYREIzsgdGhAAA,2021-01-14,-29,-12,-23,-22,-23,0
BY,Belarus,,,,,,ChIJgUit4oQl2kYREIzsgdGhAAA,2021-01-15,-36,-17,-32,-28,-25,3
BY,Belarus,,,,,,ChIJgUit4oQl2kYREIzsgdGhAAA,2021-01-16,-40,-20,-37,-27,35,-3
BY,Belarus,,,,,,ChIJgUit4oQl2kYREIzsgdGhAAA,2021-01-17,-42,-24,-37,-40,-25,4
BY,Belarus,,,,,,ChIJgUit4oQl2kYREIzsgdGhAAA,2021-01-18,-38,-19,-34,-27,-26,4
BY,Belarus,,,,,,ChIJgUit4oQl2kYREIzsgdGhAAA,2021-01-19,-31,-12,-22,-23,-25,2
BY,Belarus,,,,,,ChIJgUit4oQl2kYREIzsgdGhAAA,2021-01-20,-30,-10,-32,-22,-23,2
BY,Belarus,,,,,,ChIJgUit4oQl2kYREIzsgdGhAAA,2021-01-21,-27,-8,-22,-19,-23,1
BY,Belarus,,,,,,ChIJgUit4oQl2kYREIzsgdGhAAA,2021-01-22,-28,-6,-21,-19,-23,1
BY,Belarus,,,,,,ChIJgUit4oQl2kYREIzsgdGhAAA,2021-01-23,-28,-8,-15,-21,-21,-1
BY,Belarus,,,,,,ChIJgUit4oQl2kYREIzsgdGhAAA,2021-01-24,-34,-16,-27,-28,-20,0
BY,Belarus,,,,,,ChIJgUit4oQl2kYREIzsgdGhAAA,2021-01-25,-28,-9,-26,-19,-22,1
BY,Belarus,,,,,,ChIJgUit4oQl2kYREIzsgdGhAAA,2021-01-26,-32,-15,-34,-23,-23,2
BY,Belarus,,,,,,ChIJgUit4oQl2kYREIzsgdGhAAA,2021-01-27,-28,-8,-27,-18,-22,1
BY,Belarus,,,,,,ChIJgUit4oQl2kYREIzsgdGhAAA,2021-01-28,-28,-8,-22,-20,-22,1
BY,Belarus,,,,,,ChIJgUit4oQl2kYREIzsgdGhAAA,2021-01-29,-30,-6,-24,-20,-21,1
BY,Belarus,,,,,,ChIJgUit4oQl2kYREIzsgdGhAAA,2021-01-30,-30,-9,-20,-23,-20,0
BY,Belarus,,,,,,ChIJgUit4oQl2kYREIzsgdGhAAA,2021-01-31,-34,-13,-17,-27,-17,0
BY,Belarus,,,,,,ChIJgUit4oQl2kYREIzsgdGhAAA,2021-02-01,-31,-9,-26,-20,-21,1
BY,Belarus,,,,,,ChIJgUit4oQl2kYREIzsgdGhAAA,2021-02-02,-31,-11,-29,-21,-21,1
BY,Belarus,,,,,,ChIJgUit4oQl2kYREIzsgdGhAAA,2021-02-03,-31,-11,-29,-20,-21,1
BY,Belarus,,,,,,ChIJgUit4oQl2kYREIzsgdGhAAA,2021-02-04,-36,-18,-32,-22,-22,1
BY,Belarus,,,,,,ChIJgUit4oQl2kYREIzsgdGhAAA,2021-02-05,-32,-9,-26,-20,-21,1
BY,Belarus,,,,,,ChIJgUit4oQl2kYREIzsgdGhAAA,2021-02-06,-33,-14,-29,-29,-22,1
BY,Belarus,,,,,,ChIJgUit4oQl2kYREIzsgdGhAAA,2021-02-07,-42,-23,-33,-32,-20,2
BY,Belarus,,,,,,ChIJgUit4oQl2kYREIzsgdGhAAA,2021-02-08,-36,-15,-36,-23,-21,2
BY,Belarus,,,,,,ChIJgUit4oQl2kYREIzsgdGhAAA,2021-02-09,-33,-13,-33,-15,-20,2
BY,Belarus,,,,,,ChIJgUit4oQl2kYREIzsgdGhAAA,2021-02-10,-28,-6,-31,-16,-19,1
BY,Belarus,,,,,,ChIJgUit4oQl2kYREIzsgdGhAAA,2021-02-11,-29,-10,-31,-19,-19,1
BY,Belarus,,,,,,ChIJgUit4oQl2kYREIzsgdGhAAA,2021-02-12,-34,-11,-35,-18,-20,3
BY,Belarus,,,,,,ChIJgUit4oQl2kYREIzsgdGhAAA,2021-02-13,-34,-15,-39,-28,-22,3
BY,Belarus,,,,,,ChIJgUit4oQl2kYREIzsgdGhAAA,2021-02-14,-27,-8,-22,-18,-16,1
BY,Belarus,,,,,,ChIJgUit4oQl2kYREIzsgdGhAAA,2021-02-15,-28,-6,-27,-14,-19,1
BY,Belarus,,,,,,ChIJgUit4oQl2kYREIzsgdGhAAA,2021-02-16,-27,-7,-30,-15,-19,1
BY,Belarus,,,,,,ChIJgUit4oQl2kYREIzsgdGhAAA,2021-02-17,-25,-3,-29,-12,-18,1
BY,Belarus,,,,,,ChIJgUit4oQl2kYREIzsgdGhAAA,2021-02-18,-26,-6,-29,-16,-19,1
BY,Belarus,,,,,,ChIJgUit4oQl2kYREIzsgdGhAAA,2021-02-19,-26,-2,-27,-15,-19,1
BY,Belarus,,,,,,ChIJgUit4oQl2kYREIzsgdGhAAA,2021-02-20,-24,-3,-22,-17,-17,-1
BY,Belarus,,,,,,ChIJgUit4oQl2kYREIzsgdGhAAA,2021-02-21,-25,-5,-15,-16,-15,-1
BY,Belarus,,,,,,ChIJgUit4oQl2kYREIzsgdGhAAA,2021-02-22,-15,6,-16,-7,-16,-1
BY,Belarus,,,,,,ChIJgUit4oQl2kYREIzsgdGhAAA,2021-02-23,-17,2,-26,-12,-16,-1
BY,Belarus,,,,,,ChIJgUit4oQl2kYREIzsgdGhAAA,2021-02-24,-24,-4,-26,-10,-16,0
BY,Belarus,,,,,,ChIJgUit4oQl2kYREIzsgdGhAAA,2021-02-25,-19,0,-16,-8,-16,-1
BY,Belarus,,,,,,ChIJgUit4oQl2kYREIzsgdGhAAA,2021-02-26,-21,2,-17,-7,-16,-1
BY,Belarus,,,,,,ChIJgUit4oQl2kYREIzsgdGhAAA,2021-02-27,-22,-2,-21,-15,-15,-1
BY,Belarus,,,,,,ChIJgUit4oQl2kYREIzsgdGhAAA,2021-02-28,-27,-8,-24,-18,-14,-1
BY,Belarus,,,,,,ChIJgUit4oQl2kYREIzsgdGhAAA,2021-03-01,-23,-2,-23,-10,-15,-1
BY,Belarus,,,,,,ChIJgUit4oQl2kYREIzsgdGhAAA,2021-03-02,-21,-3,-25,-12,-15,-1
BY,Belarus,,,,,,ChIJgUit4oQl2kYREIzsgdGhAAA,2021-03-03,-17,3,-19,-7,-15,-2
BY,Belarus,,,,,,ChIJgUit4oQl2kYREIzsgdGhAAA,2021-03-04,-18,2,-23,-10,-16,-1
BY,Belarus,,,,,,ChIJgUit4oQl2kYREIzsgdGhAAA,2021-03-05,-16,5,-16,-4,-14,-2
BY,Belarus,,,,,,ChIJgUit4oQl2kYREIzsgdGhAAA,2021-03-06,-16,4,-13,-10,-17,-4
BY,Belarus,,,,,,ChIJgUit4oQl2kYREIzsgdGhAAA,2021-03-07,-15,5,-17,-18,-14,-3
BY,Belarus,,,,,,ChIJgUit4oQl2kYREIzsgdGhAAA,2021-03-08,-22,3,-31,-28,-79,11
BY,Belarus,,,,,,ChIJgUit4oQl2kYREIzsgdGhAAA,2021-03-09,-28,-9,-29,-13,-15,-1
BY,Belarus,,,,,,ChIJgUit4oQl2kYREIzsgdGhAAA,2021-03-10,-22,0,-25,-8,-14,-1
BY,Belarus,,,,,,ChIJgUit4oQl2kYREIzsgdGhAAA,2021-03-11,-23,-4,-26,-12,-15,-1
BY,Belarus,,,,,,ChIJgUit4oQl2kYREIzsgdGhAAA,2021-03-12,-29,-5,-29,-14,-15,1
BY,Belarus,,,,,,ChIJgUit4oQl2kYREIzsgdGhAAA,2021-03-13,-23,-2,-17,-14,-13,-1
BY,Belarus,,,,,,ChIJgUit4oQl2kYREIzsgdGhAAA,2021-03-14,-25,-6,-8,-16,-14,0
BY,Belarus,,,,,,ChIJgUit4oQl2kYREIzsgdGhAAA,2021-03-15,-21,2,-15,-8,-14,-2
BY,Belarus,,,,,,ChIJgUit4oQl2kYREIzsgdGhAAA,2021-03-16,-23,-3,-26,-11,-15,-1
BY,Belarus,,,,,,ChIJgUit4oQl2kYREIzsgdGhAAA,2021-03-17,-23,0,-27,-9,-14,-1
BY,Belarus,,,,,,ChIJgUit4oQl2kYREIzsgdGhAAA,2021-03-18,-21,0,-20,-10,-15,-1
BY,Belarus,,,,,,ChIJgUit4oQl2kYREIzsgdGhAAA,2021-03-19,-22,4,-19,-8,-15,-2
BY,Belarus,,,,,,ChIJgUit4oQl2kYREIzsgdGhAAA,2021-03-20,-19,2,-14,-10,-14,-3
BY,Belarus,,,,,,ChIJgUit4oQl2kYREIzsgdGhAAA,2021-03-21,-28,-8,-28,-18,-14,-1
BY,Belarus,,,,,,ChIJgUit4oQl2kYREIzsgdGhAAA,2021-03-22,-24,-1,-24,-11,-15,-1
BY,Belarus,,,,,,ChIJgUit4oQl2kYREIzsgdGhAAA,2021-03-23,-20,0,-20,-8,-15,-2
BY,Belarus,,,,,,ChIJgUit4oQl2kYREIzsgdGhAAA,2021-03-24,-17,6,-12,-3,-14,-2
BY,Belarus,,,,,,ChIJgUit4oQl2kYREIzsgdGhAAA,2021-03-25,-20,3,-12,-9,-16,-2
BY,Belarus,,,,,,ChIJgUit4oQl2kYREIzsgdGhAAA,2021-03-26,-18,7,-2,-3,-16,-3
BY,Belarus,,,,,,ChIJgUit4oQl2kYREIzsgdGhAAA,2021-03-27,-19,5,20,-3,-13,-7
