country_region_code,country_region,sub_region_1,sub_region_2,metro_area,iso_3166_2_code,census_fips_code,place_id,date,retail_and_recreation_percent_change_from_baseline,grocery_and_pharmacy_percent_change_from_baseline,parks_percent_change_from_baseline,transit_stations_percent_change_from_baseline,workplaces_percent_change_from_baseline,residential_percent_change_from_baseline
AE,United Arab Emirates,,,,,,ChIJvRKrsd9IXj4RpwoIwFYv0zM,2021-01-01,-18,-2,-14,-31,-16,5
AE,United Arab Emirates,,,,,,ChIJvRKrsd9IXj4RpwoIwFYv0zM,2021-01-02,-16,2,-24,-32,-11,6
AE,United Arab Emirates,,,,,,ChIJvRKrsd9IXj4RpwoIwFYv0zM,2021-01-03,-12,6,-22,-28,-18,9
AE,United Arab Emirates,,,,,,ChIJvRKrsd9IXj4RpwoIwFYv0zM,2021-01-04,-16,2,-28,-31,-18,9
AE,United Arab Emirates,,,,,,ChIJvRKrsd9IXj4RpwoIwFYv0zM,2021-01-05,-17,1,-28,-32,-18,8
AE,United Arab Emirates,,,,,,ChIJvRKrsd9IXj4RpwoIwFYv0zM,2021-01-06,-16,2,-29,-31,-18,9
AE,United Arab Emirates,,,,,,ChIJvRKrsd9IXj4RpwoIwFYv0zM,2021-01-07,-17,1,-28,-32,-18,10
AE,United Arab Emirates,,,,,,ChIJvRKrsd9IXj4RpwoIwFYv0zM,2021-01-08,-19,0,-25,-32,-11,6
AE,United Arab Emirates,,,,,,ChIJvRKrsd9IXj4RpwoIwFYv0zM,2021-01-09,-17,0,-27,-31,-10,6
AE,United Arab Emirates,,,,,,ChIJvRKrsd9IXj4RpwoIwFYv0zM,2021-01-10,-14,4,-26,-28,-18,8
AE,United Arab Emirates,,,,,,ChIJvRKrsd9IXj4RpwoIwFYv0zM,2021-01-11,-17,1,-29,-31,-18,8
AE,United Arab Emirates,,,,,,ChIJvRKrsd9IXj4RpwoIwFYv0zM,2021-01-12,-18,-1,-29,-33,-19,8
AE,United Arab Emirates,,,,,,ChIJvRKrsd9IXj4RpwoIwFYv0zM,2021-01-13,-18,-1,-31,-34,-20,7
AE,United Arab Emirates,,,,,,ChIJvRKrsd9IXj4RpwoIwFYv0zM,2021-01-14,-19,-3,-28,-34,-23,7
AE,United Arab Emirates,,,,,,ChIJvRKrsd9IXj4RpwoIwFYv0zM,2021-01-15,-22,-6,-22,-36,-19,4
AE,United Arab Emirates,,,,,,ChIJvRKrsd9IXj4RpwoIwFYv0zM,2021-01-16,-21,-7,-29,-36,-18,5
AE,United Arab Emirates,,,,,,ChIJvRKrsd9IXj4RpwoIwFYv0zM,2021-01-17,-18,-3,-28,-34,-24,7
AE,United Arab Emirates,,,,,,ChIJvRKrsd9IXj4RpwoIwFYv0zM,2021-01-18,-21,-6,-31,-36,-24,8
AE,United Arab Emirates,,,,,,ChIJvRKrsd9IXj4RpwoIwFYv0zM,2021-01-19,-22,-7,-30,-37,-25,8
AE,United Arab Emirates,,,,,,ChIJvRKrsd9IXj4RpwoIwFYv0zM,2021-01-20,-22,-6,-31,-35,-24,8
AE,United Arab Emirates,,,,,,ChIJvRKrsd9IXj4RpwoIwFYv0zM,2021-01-21,-22,-6,-29,-35,-24,9
AE,United Arab Emirates,,,,,,ChIJvRKrsd9IXj4RpwoIwFYv0zM,2021-01-22,-24,-7,-24,-37,-17,6
AE,United Arab Emirates,,,,,,ChIJvRKrsd9IXj4RpwoIwFYv0zM,2021-01-23,-22,-7,-32,-36,-16,6
AE,United Arab Emirates,,,,,,ChIJvRKrsd9IXj4RpwoIwFYv0zM,2021-01-24,-19,-3,-28,-34,-23,9
AE,United Arab Emirates,,,,,,ChIJvRKrsd9IXj4RpwoIwFYv0zM,2021-01-25,-22,-6,-31,-35,-24,9
AE,United Arab Emirates,,,,,,ChIJvRKrsd9IXj4RpwoIwFYv0zM,2021-01-26,-21,-6,-31,-36,-25,9
AE,United Arab Emirates,,,,,,ChIJvRKrsd9IXj4RpwoIwFYv0zM,2021-01-27,-20,-3,-32,-35,-24,9
AE,United Arab Emirates,,,,,,ChIJvRKrsd9IXj4RpwoIwFYv0zM,2021-01-28,-18,0,-28,-34,-24,9
AE,United Arab Emirates,,,,,,ChIJvRKrsd9IXj4RpwoIwFYv0zM,2021-01-29,-20,0,-25,-35,-16,5
AE,United Arab Emirates,,,,,,ChIJvRKrsd9IXj4RpwoIwFYv0zM,2021-01-30,-16,1,-29,-34,-15,5
AE,United Arab Emirates,,,,,,ChIJvRKrsd9IXj4RpwoIwFYv0zM,2021-01-31,-14,6,-29,-33,-22,7
AE,United Arab Emirates,,,,,,ChIJvRKrsd9IXj4RpwoIwFYv0zM,2021-02-01,-16,3,-31,-35,-24,8
AE,United Arab Emirates,,,,,,ChIJvRKrsd9IXj4RpwoIwFYv0zM,2021-02-02,-16,3,-30,-36,-24,8
AE,United Arab Emirates,,,,,,ChIJvRKrsd9IXj4RpwoIwFYv0zM,2021-02-03,-19,-2,-33,-38,-24,8
AE,United Arab Emirates,,,,,,ChIJvRKrsd9IXj4RpwoIwFYv0zM,2021-02-04,-21,-3,-31,-38,-25,9
AE,United Arab Emirates,,,,,,ChIJvRKrsd9IXj4RpwoIwFYv0zM,2021-02-05,-23,-3,-26,-38,-18,5
AE,United Arab Emirates,,,,,,ChIJvRKrsd9IXj4RpwoIwFYv0zM,2021-02-06,-21,-4,-30,-38,-16,5
AE,United Arab Emirates,,,,,,ChIJvRKrsd9IXj4RpwoIwFYv0zM,2021-02-07,-18,-2,-29,-37,-24,8
AE,United Arab Emirates,,,,,,ChIJvRKrsd9IXj4RpwoIwFYv0zM,2021-02-08,-19,-3,-32,-37,-25,8
AE,United Arab Emirates,,,,,,ChIJvRKrsd9IXj4RpwoIwFYv0zM,2021-02-09,-18,1,-30,-36,-25,8
AE,United Arab Emirates,,,,,,ChIJvRKrsd9IXj4RpwoIwFYv0zM,2021-02-10,-18,1,-31,-35,-24,8
AE,United Arab Emirates,,,,,,ChIJvRKrsd9IXj4RpwoIwFYv0zM,2021-02-11,-18,1,-28,-35,-24,9
AE,United Arab Emirates,,,,,,ChIJvRKrsd9IXj4RpwoIwFYv0zM,2021-02-12,-20,-1,-24,-35,-16,5
AE,United Arab Emirates,,,,,,ChIJvRKrsd9IXj4RpwoIwFYv0zM,2021-02-13,-16,0,-28,-34,-15,5
AE,United Arab Emirates,,,,,,ChIJvRKrsd9IXj4RpwoIwFYv0zM,2021-02-14,-9,7,-23,-32,-22,8
AE,United Arab Emirates,,,,,,ChIJvRKrsd9IXj4RpwoIwFYv0zM,2021-02-15,-16,1,-29,-34,-24,8
AE,United Arab Emirates,,,,,,ChIJvRKrsd9IXj4RpwoIwFYv0zM,2021-02-16,-16,2,-26,-35,-24,8
AE,United Arab Emirates,,,,,,ChIJvRKrsd9IXj4RpwoIwFYv0zM,2021-02-17,-15,4,-27,-33,-23,8
AE,United Arab Emirates,,,,,,ChIJvRKrsd9IXj4RpwoIwFYv0zM,2021-02-18,-16,4,-24,-32,-23,9
AE,United Arab Emirates,,,,,,ChIJvRKrsd9IXj4RpwoIwFYv0zM,2021-02-19,-19,2,-20,-33,-14,5
AE,United Arab Emirates,,,,,,ChIJvRKrsd9IXj4RpwoIwFYv0zM,2021-02-20,-16,3,-25,-32,-13,5
AE,United Arab Emirates,,,,,,ChIJvRKrsd9IXj4RpwoIwFYv0zM,2021-02-21,-12,6,-23,-30,-21,7
AE,United Arab Emirates,,,,,,ChIJvRKrsd9IXj4RpwoIwFYv0zM,2021-02-22,-16,2,-28,-33,-21,8
AE,United Arab Emirates,,,,,,ChIJvRKrsd9IXj4RpwoIwFYv0zM,2021-02-23,-16,2,-27,-33,-21,8
AE,United Arab Emirates,,,,,,ChIJvRKrsd9IXj4RpwoIwFYv0zM,2021-02-24,-15,3,-28,-33,-21,8
AE,United Arab Emirates,,,,,,ChIJvRKrsd9IXj4RpwoIwFYv0zM,2021-02-25,-13,6,-24,-31,-21,8
AE,United Arab Emirates,,,,,,ChIJvRKrsd9IXj4RpwoIwFYv0zM,2021-02-26,-16,5,-21,-32,-13,5
AE,United Arab Emirates,,,,,,ChIJvRKrsd9IXj4RpwoIwFYv0zM,2021-02-27,-12,8,-25,-30,-12,4
AE,United Arab Emirates,,,,,,ChIJvRKrsd9IXj4RpwoIwFYv0zM,2021-02-28,-8,14,-23,-27,-19,6
AE,United Arab Emirates,,,,,,ChIJvRKrsd9IXj4RpwoIwFYv0zM,2021-03-01,-11,11,-26,-29,-20,7
AE,United Arab Emirates,,,,,,ChIJvRKrsd9IXj4RpwoIwFYv0zM,2021-03-02,-11,12,-25,-30,-21,7
AE,United Arab Emirates,,,,,,ChIJvRKrsd9IXj4RpwoIwFYv0zM,2021-03-03,-11,11,-27,-30,-20,7
AE,United Arab Emirates,,,,,,ChIJvRKrsd9IXj4RpwoIwFYv0zM,2021-03-04,-11,10,-23,-29,-20,8
AE,United Arab Emirates,,,,,,ChIJvRKrsd9IXj4RpwoIwFYv0zM,2021-03-05,-13,9,-20,-29,-13,5
AE,United Arab Emirates,,,,,,ChIJvRKrsd9IXj4RpwoIwFYv0zM,2021-03-06,-11,9,-24,-29,-12,4
AE,United Arab Emirates,,,,,,ChIJvRKrsd9IXj4RpwoIwFYv0zM,2021-03-07,-8,12,-22,-27,-19,7
AE,United Arab Emirates,,,,,,ChIJvRKrsd9IXj4RpwoIwFYv0zM,2021-03-08,-11,8,-26,-30,-20,7
AE,United Arab Emirates,,,,,,ChIJvRKrsd9IXj4RpwoIwFYv0zM,2021-03-09,-12,8,-24,-30,-20,7
AE,United Arab Emirates,,,,,,ChIJvRKrsd9IXj4RpwoIwFYv0zM,2021-03-10,-11,10,-26,-28,-19,7
AE,United Arab Emirates,,,,,,ChIJvRKrsd9IXj4RpwoIwFYv0zM,2021-03-11,-12,10,-22,-27,-19,8
AE,United Arab Emirates,,,,,,ChIJvRKrsd9IXj4RpwoIwFYv0zM,2021-03-12,-13,8,-20,-30,-12,5
AE,United Arab Emirates,,,,,,ChIJvRKrsd9IXj4RpwoIwFYv0zM,2021-03-13,-11,9,-26,-29,-11,4
AE,United Arab Emirates,,,,,,ChIJvRKrsd9IXj4RpwoIwFYv0zM,2021-03-14,-8,13,-21,-26,-18,7
AE,United Arab Emirates,,,,,,ChIJvRKrsd9IXj4RpwoIwFYv0zM,2021-03-15,-11,9,-25,-28,-18,7
AE,United Arab Emirates,,,,,,ChIJvRKrsd9IXj4RpwoIwFYv0zM,2021-03-16,-12,9,-23,-28,-19,7
AE,United Arab Emirates,,,,,,ChIJvRKrsd9IXj4RpwoIwFYv0zM,2021-03-17,-11,10,-25,-27,-17,7
AE,United Arab Emirates,,,,,,ChIJvRKrsd9IXj4RpwoIwFYv0zM,2021-03-18,-11,10,-22,-26,-17,8
AE,United Arab Emirates,,,,,,ChIJvRKrsd9IXj4RpwoIwFYv0zM,2021-03-19,-13,9,-20,-28,-10,5
AE,United Arab Emirates,,,,,,ChIJvRKrsd9IXj4RpwoIwFYv0zM,2021-03-20,-11,9,-23,-26,-9,4
AE,United Arab Emirates,,,,,,ChIJvRKrsd9IXj4RpwoIwFYv0zM,2021-03-21,-7,14,-21,-24,-16,7
AE,United Arab Emirates,,,,,,ChIJvRKrsd9IXj4RpwoIwFYv0zM,2021-03-22,-11,9,-24,-27,-17,7
AE,United Arab Emirates,,,,,,ChIJvRKrsd9IXj4RpwoIwFYv0zM,2021-03-23,-11,8,-23,-28,-17,7
AE,United Arab Emirates,,,,,,ChIJvRKrsd9IXj4RpwoIwFYv0zM,2021-03-24,-10,10,-25,-26,-17,7
AE,United Arab Emirates,,,,,,ChIJvRKrsd9IXj4RpwoIwFYv0zM,2021-03-25,-9,13,-22,-25,-19,8
AE,United Arab Emirates,,,,,,ChIJvRKrsd9IXj4RpwoIwFYv0zM,2021-03-26,-12,9,-23,-26,-10,5
AE,United Arab Emirates,,,,,,ChIJvRKrsd9IXj4RpwoIwFYv0zM,2021-03-27,-8,11,-23,-25,-9,4
AE,United Arab Emirates,Abu Dhabi,,,AE-AZ,,ChIJGczaTT5mXj4RBNmakTvGr4s,2021-01-01,-19,-5,-22,-63,-12,6
AE,United Arab Emirates,Abu Dhabi,,,AE-AZ,,ChIJGczaTT5mXj4RBNmakTvGr4s,2021-01-02,-17,-2,-27,-59,-7,6
AE,United Arab Emirates,Abu Dhabi,,,AE-AZ,,ChIJGczaTT5mXj4RBNmakTvGr4s,2021-01-03,-17,0,-24,-55,-20,9
AE,United Arab Emirates,Abu Dhabi,,,AE-AZ,,ChIJGczaTT5mXj4RBNmakTvGr4s,2021-01-04,-18,-1,-22,-54,-20,9
AE,United Arab Emirates,Abu Dhabi,,,AE-AZ,,ChIJGczaTT5mXj4RBNmakTvGr4s,2021-01-05,-19,-3,-23,-54,-19,9
AE,United Arab Emirates,Abu Dhabi,,,AE-AZ,,ChIJGczaTT5mXj4RBNmakTvGr4s,2021-01-06,-18,-3,-25,-53,-18,9
AE,United Arab Emirates,Abu Dhabi,,,AE-AZ,,ChIJGczaTT5mXj4RBNmakTvGr4s,2021-01-07,-18,-3,-29,-55,-19,10
AE,United Arab Emirates,Abu Dhabi,,,AE-AZ,,ChIJGczaTT5mXj4RBNmakTvGr4s,2021-01-08,-18,-2,-32,-59,-9,7
AE,United Arab Emirates,Abu Dhabi,,,AE-AZ,,ChIJGczaTT5mXj4RBNmakTvGr4s,2021-01-09,-16,-3,-26,-58,-6,6
AE,United Arab Emirates,Abu Dhabi,,,AE-AZ,,ChIJGczaTT5mXj4RBNmakTvGr4s,2021-01-10,-17,-1,-25,-53,-20,8
AE,United Arab Emirates,Abu Dhabi,,,AE-AZ,,ChIJGczaTT5mXj4RBNmakTvGr4s,2021-01-11,-18,-3,-21,-53,-20,8
AE,United Arab Emirates,Abu Dhabi,,,AE-AZ,,ChIJGczaTT5mXj4RBNmakTvGr4s,2021-01-12,-19,-4,-24,-51,-20,8
AE,United Arab Emirates,Abu Dhabi,,,AE-AZ,,ChIJGczaTT5mXj4RBNmakTvGr4s,2021-01-13,-20,-5,-27,-54,-20,7
AE,United Arab Emirates,Abu Dhabi,,,AE-AZ,,ChIJGczaTT5mXj4RBNmakTvGr4s,2021-01-14,-21,-6,-31,-56,-23,7
AE,United Arab Emirates,Abu Dhabi,,,AE-AZ,,ChIJGczaTT5mXj4RBNmakTvGr4s,2021-01-15,-21,-8,-27,-62,-17,4
AE,United Arab Emirates,Abu Dhabi,,,AE-AZ,,ChIJGczaTT5mXj4RBNmakTvGr4s,2021-01-16,-21,-9,-29,-59,-15,4
AE,United Arab Emirates,Abu Dhabi,,,AE-AZ,,ChIJGczaTT5mXj4RBNmakTvGr4s,2021-01-17,-22,-8,-29,-57,-25,7
AE,United Arab Emirates,Abu Dhabi,,,AE-AZ,,ChIJGczaTT5mXj4RBNmakTvGr4s,2021-01-18,-23,-11,-25,-56,-25,8
AE,United Arab Emirates,Abu Dhabi,,,AE-AZ,,ChIJGczaTT5mXj4RBNmakTvGr4s,2021-01-19,-24,-11,-26,-54,-24,8
AE,United Arab Emirates,Abu Dhabi,,,AE-AZ,,ChIJGczaTT5mXj4RBNmakTvGr4s,2021-01-20,-24,-9,-27,-54,-24,8
AE,United Arab Emirates,Abu Dhabi,,,AE-AZ,,ChIJGczaTT5mXj4RBNmakTvGr4s,2021-01-21,-23,-8,-31,-55,-24,10
AE,United Arab Emirates,Abu Dhabi,,,AE-AZ,,ChIJGczaTT5mXj4RBNmakTvGr4s,2021-01-22,-22,-8,-30,-61,-16,6
AE,United Arab Emirates,Abu Dhabi,,,AE-AZ,,ChIJGczaTT5mXj4RBNmakTvGr4s,2021-01-23,-22,-9,-30,-60,-13,6
AE,United Arab Emirates,Abu Dhabi,,,AE-AZ,,ChIJGczaTT5mXj4RBNmakTvGr4s,2021-01-24,-23,-8,-29,-56,-24,8
AE,United Arab Emirates,Abu Dhabi,,,AE-AZ,,ChIJGczaTT5mXj4RBNmakTvGr4s,2021-01-25,-23,-10,-25,-56,-24,8
AE,United Arab Emirates,Abu Dhabi,,,AE-AZ,,ChIJGczaTT5mXj4RBNmakTvGr4s,2021-01-26,-23,-9,-26,-54,-24,8
AE,United Arab Emirates,Abu Dhabi,,,AE-AZ,,ChIJGczaTT5mXj4RBNmakTvGr4s,2021-01-27,-20,-5,-27,-53,-23,8
AE,United Arab Emirates,Abu Dhabi,,,AE-AZ,,ChIJGczaTT5mXj4RBNmakTvGr4s,2021-01-28,-18,-2,-27,-54,-23,8
AE,United Arab Emirates,Abu Dhabi,,,AE-AZ,,ChIJGczaTT5mXj4RBNmakTvGr4s,2021-01-29,-16,0,-24,-60,-14,5
AE,United Arab Emirates,Abu Dhabi,,,AE-AZ,,ChIJGczaTT5mXj4RBNmakTvGr4s,2021-01-30,-14,-1,-27,-58,-11,4
AE,United Arab Emirates,Abu Dhabi,,,AE-AZ,,ChIJGczaTT5mXj4RBNmakTvGr4s,2021-01-31,-16,2,-29,-57,-22,6
AE,United Arab Emirates,Abu Dhabi,,,AE-AZ,,ChIJGczaTT5mXj4RBNmakTvGr4s,2021-02-01,-17,-1,-22,-56,-23,7
AE,United Arab Emirates,Abu Dhabi,,,AE-AZ,,ChIJGczaTT5mXj4RBNmakTvGr4s,2021-02-02,-17,-1,-24,-55,-23,6
AE,United Arab Emirates,Abu Dhabi,,,AE-AZ,,ChIJGczaTT5mXj4RBNmakTvGr4s,2021-02-03,-19,-4,-27,-54,-23,7
AE,United Arab Emirates,Abu Dhabi,,,AE-AZ,,ChIJGczaTT5mXj4RBNmakTvGr4s,2021-02-04,-20,-5,-28,-56,-24,8
AE,United Arab Emirates,Abu Dhabi,,,AE-AZ,,ChIJGczaTT5mXj4RBNmakTvGr4s,2021-02-05,-19,-3,-23,-59,-17,5
AE,United Arab Emirates,Abu Dhabi,,,AE-AZ,,ChIJGczaTT5mXj4RBNmakTvGr4s,2021-02-06,-19,-6,-26,-60,-13,4
AE,United Arab Emirates,Abu Dhabi,,,AE-AZ,,ChIJGczaTT5mXj4RBNmakTvGr4s,2021-02-07,-21,-6,-27,-58,-25,7
AE,United Arab Emirates,Abu Dhabi,,,AE-AZ,,ChIJGczaTT5mXj4RBNmakTvGr4s,2021-02-08,-21,-7,-23,-58,-27,7
AE,United Arab Emirates,Abu Dhabi,,,AE-AZ,,ChIJGczaTT5mXj4RBNmakTvGr4s,2021-02-09,-19,-3,-24,-56,-25,7
AE,United Arab Emirates,Abu Dhabi,,,AE-AZ,,ChIJGczaTT5mXj4RBNmakTvGr4s,2021-02-10,-19,-2,-24,-53,-24,8
AE,United Arab Emirates,Abu Dhabi,,,AE-AZ,,ChIJGczaTT5mXj4RBNmakTvGr4s,2021-02-11,-18,-2,-27,-56,-24,8
AE,United Arab Emirates,Abu Dhabi,,,AE-AZ,,ChIJGczaTT5mXj4RBNmakTvGr4s,2021-02-12,-18,-1,-25,-59,-15,5
AE,United Arab Emirates,Abu Dhabi,,,AE-AZ,,ChIJGczaTT5mXj4RBNmakTvGr4s,2021-02-13,-15,-2,-25,-58,-12,4
AE,United Arab Emirates,Abu Dhabi,,,AE-AZ,,ChIJGczaTT5mXj4RBNmakTvGr4s,2021-02-14,-12,4,-22,-56,-22,6
AE,United Arab Emirates,Abu Dhabi,,,AE-AZ,,ChIJGczaTT5mXj4RBNmakTvGr4s,2021-02-15,-17,-3,-20,-55,-24,7
AE,United Arab Emirates,Abu Dhabi,,,AE-AZ,,ChIJGczaTT5mXj4RBNmakTvGr4s,2021-02-16,-17,-2,-20,-55,-23,7
AE,United Arab Emirates,Abu Dhabi,,,AE-AZ,,ChIJGczaTT5mXj4RBNmakTvGr4s,2021-02-17,-15,1,-21,-54,-21,7
AE,United Arab Emirates,Abu Dhabi,,,AE-AZ,,ChIJGczaTT5mXj4RBNmakTvGr4s,2021-02-18,-16,1,-22,-55,-22,8
AE,United Arab Emirates,Abu Dhabi,,,AE-AZ,,ChIJGczaTT5mXj4RBNmakTvGr4s,2021-02-19,-16,1,-18,-60,-12,5
AE,United Arab Emirates,Abu Dhabi,,,AE-AZ,,ChIJGczaTT5mXj4RBNmakTvGr4s,2021-02-20,-14,2,-18,-57,-9,4
AE,United Arab Emirates,Abu Dhabi,,,AE-AZ,,ChIJGczaTT5mXj4RBNmakTvGr4s,2021-02-21,-15,4,-22,-56,-21,6
AE,United Arab Emirates,Abu Dhabi,,,AE-AZ,,ChIJGczaTT5mXj4RBNmakTvGr4s,2021-02-22,-16,-2,-20,-56,-22,7
AE,United Arab Emirates,Abu Dhabi,,,AE-AZ,,ChIJGczaTT5mXj4RBNmakTvGr4s,2021-02-23,-17,-1,-20,-55,-21,6
AE,United Arab Emirates,Abu Dhabi,,,AE-AZ,,ChIJGczaTT5mXj4RBNmakTvGr4s,2021-02-24,-16,0,-23,-53,-20,7
AE,United Arab Emirates,Abu Dhabi,,,AE-AZ,,ChIJGczaTT5mXj4RBNmakTvGr4s,2021-02-25,-14,3,-24,-55,-20,7
AE,United Arab Emirates,Abu Dhabi,,,AE-AZ,,ChIJGczaTT5mXj4RBNmakTvGr4s,2021-02-26,-14,4,-23,-59,-12,5
AE,United Arab Emirates,Abu Dhabi,,,AE-AZ,,ChIJGczaTT5mXj4RBNmakTvGr4s,2021-02-27,-10,6,-22,-57,-8,4
AE,United Arab Emirates,Abu Dhabi,,,AE-AZ,,ChIJGczaTT5mXj4RBNmakTvGr4s,2021-02-28,-11,10,-23,-53,-20,5
AE,United Arab Emirates,Abu Dhabi,,,AE-AZ,,ChIJGczaTT5mXj4RBNmakTvGr4s,2021-03-01,-12,8,-19,-54,-21,6
AE,United Arab Emirates,Abu Dhabi,,,AE-AZ,,ChIJGczaTT5mXj4RBNmakTvGr4s,2021-03-02,-12,9,-21,-54,-20,6
AE,United Arab Emirates,Abu Dhabi,,,AE-AZ,,ChIJGczaTT5mXj4RBNmakTvGr4s,2021-03-03,-12,9,-22,-54,-19,6
AE,United Arab Emirates,Abu Dhabi,,,AE-AZ,,ChIJGczaTT5mXj4RBNmakTvGr4s,2021-03-04,-12,8,-22,-54,-20,7
AE,United Arab Emirates,Abu Dhabi,,,AE-AZ,,ChIJGczaTT5mXj4RBNmakTvGr4s,2021-03-05,-12,8,-24,-57,-12,5
AE,United Arab Emirates,Abu Dhabi,,,AE-AZ,,ChIJGczaTT5mXj4RBNmakTvGr4s,2021-03-06,-10,8,-24,-58,-9,4
AE,United Arab Emirates,Abu Dhabi,,,AE-AZ,,ChIJGczaTT5mXj4RBNmakTvGr4s,2021-03-07,-13,9,-23,-55,-20,6
AE,United Arab Emirates,Abu Dhabi,,,AE-AZ,,ChIJGczaTT5mXj4RBNmakTvGr4s,2021-03-08,-13,5,-20,-55,-21,6
AE,United Arab Emirates,Abu Dhabi,,,AE-AZ,,ChIJGczaTT5mXj4RBNmakTvGr4s,2021-03-09,-14,4,-20,-54,-20,6
AE,United Arab Emirates,Abu Dhabi,,,AE-AZ,,ChIJGczaTT5mXj4RBNmakTvGr4s,2021-03-10,-13,6,-21,-52,-19,6
AE,United Arab Emirates,Abu Dhabi,,,AE-AZ,,ChIJGczaTT5mXj4RBNmakTvGr4s,2021-03-11,-13,6,-22,-55,-19,7
AE,United Arab Emirates,Abu Dhabi,,,AE-AZ,,ChIJGczaTT5mXj4RBNmakTvGr4s,2021-03-12,-13,6,-25,-59,-10,5
AE,United Arab Emirates,Abu Dhabi,,,AE-AZ,,ChIJGczaTT5mXj4RBNmakTvGr4s,2021-03-13,-11,6,-26,-58,-7,4
AE,United Arab Emirates,Abu Dhabi,,,AE-AZ,,ChIJGczaTT5mXj4RBNmakTvGr4s,2021-03-14,-13,8,-22,-55,-19,6
AE,United Arab Emirates,Abu Dhabi,,,AE-AZ,,ChIJGczaTT5mXj4RBNmakTvGr4s,2021-03-15,-14,5,-19,-54,-19,6
AE,United Arab Emirates,Abu Dhabi,,,AE-AZ,,ChIJGczaTT5mXj4RBNmakTvGr4s,2021-03-16,-15,5,-20,-53,-19,6
AE,United Arab Emirates,Abu Dhabi,,,AE-AZ,,ChIJGczaTT5mXj4RBNmakTvGr4s,2021-03-17,-14,7,-23,-52,-17,6
AE,United Arab Emirates,Abu Dhabi,,,AE-AZ,,ChIJGczaTT5mXj4RBNmakTvGr4s,2021-03-18,-13,7,-24,-54,-17,7
AE,United Arab Emirates,Abu Dhabi,,,AE-AZ,,ChIJGczaTT5mXj4RBNmakTvGr4s,2021-03-19,-13,6,-26,-59,-9,5
AE,United Arab Emirates,Abu Dhabi,,,AE-AZ,,ChIJGczaTT5mXj4RBNmakTvGr4s,2021-03-20,-12,6,-23,-57,-6,4
AE,United Arab Emirates,Abu Dhabi,,,AE-AZ,,ChIJGczaTT5mXj4RBNmakTvGr4s,2021-03-21,-12,10,-21,-55,-18,6
AE,United Arab Emirates,Abu Dhabi,,,AE-AZ,,ChIJGczaTT5mXj4RBNmakTvGr4s,2021-03-22,-14,5,-17,-56,-18,7
AE,United Arab Emirates,Abu Dhabi,,,AE-AZ,,ChIJGczaTT5mXj4RBNmakTvGr4s,2021-03-23,-15,4,-18,-54,-18,6
AE,United Arab Emirates,Abu Dhabi,,,AE-AZ,,ChIJGczaTT5mXj4RBNmakTvGr4s,2021-03-24,-14,6,-21,-52,-17,6
AE,United Arab Emirates,Abu Dhabi,,,AE-AZ,,ChIJGczaTT5mXj4RBNmakTvGr4s,2021-03-25,-11,9,-24,-54,-18,7
AE,United Arab Emirates,Abu Dhabi,,,AE-AZ,,ChIJGczaTT5mXj4RBNmakTvGr4s,2021-03-26,-12,6,-28,-58,-9,5
AE,United Arab Emirates,Abu Dhabi,,,AE-AZ,,ChIJGczaTT5mXj4RBNmakTvGr4s,2021-03-27,-8,8,-22,-57,-5,3
AE,United Arab Emirates,Ajman,,,AE-AJ,,ChIJHwyp6rZXXz4RerixWbtcrRE,2021-01-01,-9,1,-18,,-11,3
AE,United Arab Emirates,Ajman,,,AE-AJ,,ChIJHwyp6rZXXz4RerixWbtcrRE,2021-01-02,-7,-1,-22,-23,-6,6
AE,United Arab Emirates,Ajman,,,AE-AJ,,ChIJHwyp6rZXXz4RerixWbtcrRE,2021-01-03,-4,0,-15,-17,-13,8
AE,United Arab Emirates,Ajman,,,AE-AJ,,ChIJHwyp6rZXXz4RerixWbtcrRE,2021-01-04,-7,-1,-22,-21,-14,7
AE,United Arab Emirates,Ajman,,,AE-AJ,,ChIJHwyp6rZXXz4RerixWbtcrRE,2021-01-05,-7,2,-17,-19,-13,7
AE,United Arab Emirates,Ajman,,,AE-AJ,,ChIJHwyp6rZXXz4RerixWbtcrRE,2021-01-06,-7,0,-19,-20,-12,7
AE,United Arab Emirates,Ajman,,,AE-AJ,,ChIJHwyp6rZXXz4RerixWbtcrRE,2021-01-07,-7,2,-27,-28,-12,8
AE,United Arab Emirates,Ajman,,,AE-AJ,,ChIJHwyp6rZXXz4RerixWbtcrRE,2021-01-08,-9,3,-26,,-8,5
AE,United Arab Emirates,Ajman,,,AE-AJ,,ChIJHwyp6rZXXz4RerixWbtcrRE,2021-01-09,-8,-1,-27,-19,-6,6
AE,United Arab Emirates,Ajman,,,AE-AJ,,ChIJHwyp6rZXXz4RerixWbtcrRE,2021-01-10,-5,0,-20,-14,-13,7
AE,United Arab Emirates,Ajman,,,AE-AJ,,ChIJHwyp6rZXXz4RerixWbtcrRE,2021-01-11,-8,1,-24,-24,-15,7
AE,United Arab Emirates,Ajman,,,AE-AJ,,ChIJHwyp6rZXXz4RerixWbtcrRE,2021-01-12,-8,2,-21,-17,-14,7
AE,United Arab Emirates,Ajman,,,AE-AJ,,ChIJHwyp6rZXXz4RerixWbtcrRE,2021-01-13,-10,-3,-26,-23,-14,6
AE,United Arab Emirates,Ajman,,,AE-AJ,,ChIJHwyp6rZXXz4RerixWbtcrRE,2021-01-14,-11,-3,-26,-34,-16,6
AE,United Arab Emirates,Ajman,,,AE-AJ,,ChIJHwyp6rZXXz4RerixWbtcrRE,2021-01-15,-13,-5,-26,,-15,3
AE,United Arab Emirates,Ajman,,,AE-AJ,,ChIJHwyp6rZXXz4RerixWbtcrRE,2021-01-16,-14,-8,-22,-28,-12,4
AE,United Arab Emirates,Ajman,,,AE-AJ,,ChIJHwyp6rZXXz4RerixWbtcrRE,2021-01-17,-11,-7,-19,-25,-19,5
AE,United Arab Emirates,Ajman,,,AE-AJ,,ChIJHwyp6rZXXz4RerixWbtcrRE,2021-01-18,-14,-8,-25,-29,-20,6
AE,United Arab Emirates,Ajman,,,AE-AJ,,ChIJHwyp6rZXXz4RerixWbtcrRE,2021-01-19,-13,-6,-20,-24,-19,6
AE,United Arab Emirates,Ajman,,,AE-AJ,,ChIJHwyp6rZXXz4RerixWbtcrRE,2021-01-20,-14,-9,-23,-31,-18,7
AE,United Arab Emirates,Ajman,,,AE-AJ,,ChIJHwyp6rZXXz4RerixWbtcrRE,2021-01-21,-13,-5,-25,-29,-17,7
AE,United Arab Emirates,Ajman,,,AE-AJ,,ChIJHwyp6rZXXz4RerixWbtcrRE,2021-01-22,-15,-5,-24,,-12,5
AE,United Arab Emirates,Ajman,,,AE-AJ,,ChIJHwyp6rZXXz4RerixWbtcrRE,2021-01-23,-14,-10,-30,-29,-12,6
AE,United Arab Emirates,Ajman,,,AE-AJ,,ChIJHwyp6rZXXz4RerixWbtcrRE,2021-01-24,-10,-7,-22,-23,-18,7
AE,United Arab Emirates,Ajman,,,AE-AJ,,ChIJHwyp6rZXXz4RerixWbtcrRE,2021-01-25,-12,-7,-26,-31,-19,8
AE,United Arab Emirates,Ajman,,,AE-AJ,,ChIJHwyp6rZXXz4RerixWbtcrRE,2021-01-26,-12,-3,-21,-25,-20,7
AE,United Arab Emirates,Ajman,,,AE-AJ,,ChIJHwyp6rZXXz4RerixWbtcrRE,2021-01-27,-12,-6,-23,-26,-18,7
AE,United Arab Emirates,Ajman,,,AE-AJ,,ChIJHwyp6rZXXz4RerixWbtcrRE,2021-01-28,-10,-1,-20,-35,-18,8
AE,United Arab Emirates,Ajman,,,AE-AJ,,ChIJHwyp6rZXXz4RerixWbtcrRE,2021-01-29,-11,2,-23,,-11,4
AE,United Arab Emirates,Ajman,,,AE-AJ,,ChIJHwyp6rZXXz4RerixWbtcrRE,2021-01-30,-9,-1,-21,-31,-9,4
AE,United Arab Emirates,Ajman,,,AE-AJ,,ChIJHwyp6rZXXz4RerixWbtcrRE,2021-01-31,-4,2,-16,-23,-17,6
AE,United Arab Emirates,Ajman,,,AE-AJ,,ChIJHwyp6rZXXz4RerixWbtcrRE,2021-02-01,-7,2,-21,-32,-19,7
AE,United Arab Emirates,Ajman,,,AE-AJ,,ChIJHwyp6rZXXz4RerixWbtcrRE,2021-02-02,-4,6,-13,-26,-18,6
AE,United Arab Emirates,Ajman,,,AE-AJ,,ChIJHwyp6rZXXz4RerixWbtcrRE,2021-02-03,-9,-4,-25,-33,-19,7
AE,United Arab Emirates,Ajman,,,AE-AJ,,ChIJHwyp6rZXXz4RerixWbtcrRE,2021-02-04,-10,-1,-27,-37,-19,7
AE,United Arab Emirates,Ajman,,,AE-AJ,,ChIJHwyp6rZXXz4RerixWbtcrRE,2021-02-05,-13,-2,-24,,-15,4
AE,United Arab Emirates,Ajman,,,AE-AJ,,ChIJHwyp6rZXXz4RerixWbtcrRE,2021-02-06,-12,-5,-28,-36,-11,5
AE,United Arab Emirates,Ajman,,,AE-AJ,,ChIJHwyp6rZXXz4RerixWbtcrRE,2021-02-07,-8,-5,-18,-28,-20,7
AE,United Arab Emirates,Ajman,,,AE-AJ,,ChIJHwyp6rZXXz4RerixWbtcrRE,2021-02-08,-7,-1,-25,-34,-21,7
AE,United Arab Emirates,Ajman,,,AE-AJ,,ChIJHwyp6rZXXz4RerixWbtcrRE,2021-02-09,-6,4,-15,-25,-20,7
AE,United Arab Emirates,Ajman,,,AE-AJ,,ChIJHwyp6rZXXz4RerixWbtcrRE,2021-02-10,-7,0,-17,-30,-18,7
AE,United Arab Emirates,Ajman,,,AE-AJ,,ChIJHwyp6rZXXz4RerixWbtcrRE,2021-02-11,-7,1,-20,-28,-18,8
AE,United Arab Emirates,Ajman,,,AE-AJ,,ChIJHwyp6rZXXz4RerixWbtcrRE,2021-02-12,-9,1,-28,,-12,5
AE,United Arab Emirates,Ajman,,,AE-AJ,,ChIJHwyp6rZXXz4RerixWbtcrRE,2021-02-13,-7,-1,-22,-24,-10,5
AE,United Arab Emirates,Ajman,,,AE-AJ,,ChIJHwyp6rZXXz4RerixWbtcrRE,2021-02-14,0,1,-15,-17,-18,7
AE,United Arab Emirates,Ajman,,,AE-AJ,,ChIJHwyp6rZXXz4RerixWbtcrRE,2021-02-15,-6,1,-22,-19,-20,8
AE,United Arab Emirates,Ajman,,,AE-AJ,,ChIJHwyp6rZXXz4RerixWbtcrRE,2021-02-16,-4,6,-14,-12,-19,7
AE,United Arab Emirates,Ajman,,,AE-AJ,,ChIJHwyp6rZXXz4RerixWbtcrRE,2021-02-17,-5,1,-18,-15,-18,8
AE,United Arab Emirates,Ajman,,,AE-AJ,,ChIJHwyp6rZXXz4RerixWbtcrRE,2021-02-18,-4,4,-19,-22,-17,9
AE,United Arab Emirates,Ajman,,,AE-AJ,,ChIJHwyp6rZXXz4RerixWbtcrRE,2021-02-19,-7,3,-25,,-10,5
AE,United Arab Emirates,Ajman,,,AE-AJ,,ChIJHwyp6rZXXz4RerixWbtcrRE,2021-02-20,-6,1,-17,-15,-7,5
AE,United Arab Emirates,Ajman,,,AE-AJ,,ChIJHwyp6rZXXz4RerixWbtcrRE,2021-02-21,-1,1,-11,-14,-17,7
AE,United Arab Emirates,Ajman,,,AE-AJ,,ChIJHwyp6rZXXz4RerixWbtcrRE,2021-02-22,-6,2,-20,-19,-19,7
AE,United Arab Emirates,Ajman,,,AE-AJ,,ChIJHwyp6rZXXz4RerixWbtcrRE,2021-02-23,-4,5,-13,-13,-18,7
AE,United Arab Emirates,Ajman,,,AE-AJ,,ChIJHwyp6rZXXz4RerixWbtcrRE,2021-02-24,-5,1,-15,-16,-16,8
AE,United Arab Emirates,Ajman,,,AE-AJ,,ChIJHwyp6rZXXz4RerixWbtcrRE,2021-02-25,-4,6,-19,-21,-16,8
AE,United Arab Emirates,Ajman,,,AE-AJ,,ChIJHwyp6rZXXz4RerixWbtcrRE,2021-02-26,-7,4,-24,,-9,5
AE,United Arab Emirates,Ajman,,,AE-AJ,,ChIJHwyp6rZXXz4RerixWbtcrRE,2021-02-27,-2,6,-19,-18,-7,4
AE,United Arab Emirates,Ajman,,,AE-AJ,,ChIJHwyp6rZXXz4RerixWbtcrRE,2021-02-28,5,8,-11,-11,-15,7
AE,United Arab Emirates,Ajman,,,AE-AJ,,ChIJHwyp6rZXXz4RerixWbtcrRE,2021-03-01,2,9,-18,-11,-18,7
AE,United Arab Emirates,Ajman,,,AE-AJ,,ChIJHwyp6rZXXz4RerixWbtcrRE,2021-03-02,3,13,-9,-4,-16,6
AE,United Arab Emirates,Ajman,,,AE-AJ,,ChIJHwyp6rZXXz4RerixWbtcrRE,2021-03-03,0,8,-19,-3,-16,7
AE,United Arab Emirates,Ajman,,,AE-AJ,,ChIJHwyp6rZXXz4RerixWbtcrRE,2021-03-04,0,11,-16,-6,-15,7
AE,United Arab Emirates,Ajman,,,AE-AJ,,ChIJHwyp6rZXXz4RerixWbtcrRE,2021-03-05,-2,10,-27,,-10,5
AE,United Arab Emirates,Ajman,,,AE-AJ,,ChIJHwyp6rZXXz4RerixWbtcrRE,2021-03-06,-1,7,-22,-3,-7,4
AE,United Arab Emirates,Ajman,,,AE-AJ,,ChIJHwyp6rZXXz4RerixWbtcrRE,2021-03-07,4,8,-12,-2,-15,6
AE,United Arab Emirates,Ajman,,,AE-AJ,,ChIJHwyp6rZXXz4RerixWbtcrRE,2021-03-08,0,8,-15,-6,-17,7
AE,United Arab Emirates,Ajman,,,AE-AJ,,ChIJHwyp6rZXXz4RerixWbtcrRE,2021-03-09,2,11,-10,-2,-16,6
AE,United Arab Emirates,Ajman,,,AE-AJ,,ChIJHwyp6rZXXz4RerixWbtcrRE,2021-03-10,1,6,-14,-6,-15,7
AE,United Arab Emirates,Ajman,,,AE-AJ,,ChIJHwyp6rZXXz4RerixWbtcrRE,2021-03-11,0,7,-12,-11,-14,8
AE,United Arab Emirates,Ajman,,,AE-AJ,,ChIJHwyp6rZXXz4RerixWbtcrRE,2021-03-12,-1,8,-24,,-9,5
AE,United Arab Emirates,Ajman,,,AE-AJ,,ChIJHwyp6rZXXz4RerixWbtcrRE,2021-03-13,0,6,-23,-7,-6,5
AE,United Arab Emirates,Ajman,,,AE-AJ,,ChIJHwyp6rZXXz4RerixWbtcrRE,2021-03-14,6,8,-7,-4,-14,7
AE,United Arab Emirates,Ajman,,,AE-AJ,,ChIJHwyp6rZXXz4RerixWbtcrRE,2021-03-15,2,8,-9,-7,-15,7
AE,United Arab Emirates,Ajman,,,AE-AJ,,ChIJHwyp6rZXXz4RerixWbtcrRE,2021-03-16,2,9,-8,3,-14,7
AE,United Arab Emirates,Ajman,,,AE-AJ,,ChIJHwyp6rZXXz4RerixWbtcrRE,2021-03-17,0,6,-12,-3,-13,7
AE,United Arab Emirates,Ajman,,,AE-AJ,,ChIJHwyp6rZXXz4RerixWbtcrRE,2021-03-18,0,10,-13,-7,-12,8
AE,United Arab Emirates,Ajman,,,AE-AJ,,ChIJHwyp6rZXXz4RerixWbtcrRE,2021-03-19,-1,9,-24,,-6,5
AE,United Arab Emirates,Ajman,,,AE-AJ,,ChIJHwyp6rZXXz4RerixWbtcrRE,2021-03-20,0,6,-12,-2,-5,5
AE,United Arab Emirates,Ajman,,,AE-AJ,,ChIJHwyp6rZXXz4RerixWbtcrRE,2021-03-21,6,9,-6,5,-13,7
AE,United Arab Emirates,Ajman,,,AE-AJ,,ChIJHwyp6rZXXz4RerixWbtcrRE,2021-03-22,0,9,-10,-1,-14,7
AE,United Arab Emirates,Ajman,,,AE-AJ,,ChIJHwyp6rZXXz4RerixWbtcrRE,2021-03-23,2,9,-3,1,-14,7
AE,United Arab Emirates,Ajman,,,AE-AJ,,ChIJHwyp6rZXXz4RerixWbtcrRE,2021-03-24,-1,6,-6,0,-13,7
AE,United Arab Emirates,Ajman,,,AE-AJ,,ChIJHwyp6rZXXz4RerixWbtcrRE,2021-03-25,4,11,-9,8,-14,8
AE,United Arab Emirates,Ajman,,,AE-AJ,,ChIJHwyp6rZXXz4RerixWbtcrRE,2021-03-26,0,10,-22,,-6,5
AE,United Arab Emirates,Ajman,,,AE-AJ,,ChIJHwyp6rZXXz4RerixWbtcrRE,2021-03-27,3,8,-7,18,-3,4
AE,United Arab Emirates,Dubai,,,AE-DU,,ChIJRcbZaklDXz4R6SkAK7_QznQ,2021-01-01,-21,-4,-16,-29,-20,5
AE,United Arab Emirates,Dubai,,,AE-DU,,ChIJRcbZaklDXz4R6SkAK7_QznQ,2021-01-02,-19,3,-27,-30,-13,6
AE,United Arab Emirates,Dubai,,,AE-DU,,ChIJRcbZaklDXz4R6SkAK7_QznQ,2021-01-03,-14,8,-24,-26,-19,9
AE,United Arab Emirates,Dubai,,,AE-DU,,ChIJRcbZaklDXz4R6SkAK7_QznQ,2021-01-04,-17,4,-27,-28,-19,9
AE,United Arab Emirates,Dubai,,,AE-DU,,ChIJRcbZaklDXz4R6SkAK7_QznQ,2021-01-05,-19,2,-30,-30,-20,9
AE,United Arab Emirates,Dubai,,,AE-DU,,ChIJRcbZaklDXz4R6SkAK7_QznQ,2021-01-06,-18,2,-31,-29,-20,9
AE,United Arab Emirates,Dubai,,,AE-DU,,ChIJRcbZaklDXz4R6SkAK7_QznQ,2021-01-07,-19,2,-30,-31,-20,10
AE,United Arab Emirates,Dubai,,,AE-DU,,ChIJRcbZaklDXz4R6SkAK7_QznQ,2021-01-08,-23,1,-26,-30,-13,6
AE,United Arab Emirates,Dubai,,,AE-DU,,ChIJRcbZaklDXz4R6SkAK7_QznQ,2021-01-09,-20,1,-31,-29,-12,6
AE,United Arab Emirates,Dubai,,,AE-DU,,ChIJRcbZaklDXz4R6SkAK7_QznQ,2021-01-10,-17,5,-28,-27,-19,9
AE,United Arab Emirates,Dubai,,,AE-DU,,ChIJRcbZaklDXz4R6SkAK7_QznQ,2021-01-11,-20,1,-29,-29,-20,9
AE,United Arab Emirates,Dubai,,,AE-DU,,ChIJRcbZaklDXz4R6SkAK7_QznQ,2021-01-12,-21,-1,-31,-32,-21,9
AE,United Arab Emirates,Dubai,,,AE-DU,,ChIJRcbZaklDXz4R6SkAK7_QznQ,2021-01-13,-21,-1,-31,-32,-22,8
AE,United Arab Emirates,Dubai,,,AE-DU,,ChIJRcbZaklDXz4R6SkAK7_QznQ,2021-01-14,-22,-2,-27,-34,-25,8
AE,United Arab Emirates,Dubai,,,AE-DU,,ChIJRcbZaklDXz4R6SkAK7_QznQ,2021-01-15,-26,-6,-22,-34,-21,4
AE,United Arab Emirates,Dubai,,,AE-DU,,ChIJRcbZaklDXz4R6SkAK7_QznQ,2021-01-16,-25,-7,-30,-34,-20,5
AE,United Arab Emirates,Dubai,,,AE-DU,,ChIJRcbZaklDXz4R6SkAK7_QznQ,2021-01-17,-21,-3,-28,-32,-26,8
AE,United Arab Emirates,Dubai,,,AE-DU,,ChIJRcbZaklDXz4R6SkAK7_QznQ,2021-01-18,-24,-6,-30,-34,-26,9
AE,United Arab Emirates,Dubai,,,AE-DU,,ChIJRcbZaklDXz4R6SkAK7_QznQ,2021-01-19,-25,-7,-30,-35,-27,9
AE,United Arab Emirates,Dubai,,,AE-DU,,ChIJRcbZaklDXz4R6SkAK7_QznQ,2021-01-20,-24,-5,-30,-34,-26,10
AE,United Arab Emirates,Dubai,,,AE-DU,,ChIJRcbZaklDXz4R6SkAK7_QznQ,2021-01-21,-24,-5,-30,-35,-26,10
AE,United Arab Emirates,Dubai,,,AE-DU,,ChIJRcbZaklDXz4R6SkAK7_QznQ,2021-01-22,-29,-7,-24,-36,-20,6
AE,United Arab Emirates,Dubai,,,AE-DU,,ChIJRcbZaklDXz4R6SkAK7_QznQ,2021-01-23,-26,-8,-35,-34,-18,7
AE,United Arab Emirates,Dubai,,,AE-DU,,ChIJRcbZaklDXz4R6SkAK7_QznQ,2021-01-24,-22,-3,-29,-33,-26,10
AE,United Arab Emirates,Dubai,,,AE-DU,,ChIJRcbZaklDXz4R6SkAK7_QznQ,2021-01-25,-24,-5,-30,-33,-26,10
AE,United Arab Emirates,Dubai,,,AE-DU,,ChIJRcbZaklDXz4R6SkAK7_QznQ,2021-01-26,-24,-5,-31,-35,-27,10
AE,United Arab Emirates,Dubai,,,AE-DU,,ChIJRcbZaklDXz4R6SkAK7_QznQ,2021-01-27,-23,-3,-33,-34,-26,10
AE,United Arab Emirates,Dubai,,,AE-DU,,ChIJRcbZaklDXz4R6SkAK7_QznQ,2021-01-28,-22,0,-31,-34,-27,11
AE,United Arab Emirates,Dubai,,,AE-DU,,ChIJRcbZaklDXz4R6SkAK7_QznQ,2021-01-29,-25,-1,-27,-34,-18,6
AE,United Arab Emirates,Dubai,,,AE-DU,,ChIJRcbZaklDXz4R6SkAK7_QznQ,2021-01-30,-20,1,-32,-32,-17,5
AE,United Arab Emirates,Dubai,,,AE-DU,,ChIJRcbZaklDXz4R6SkAK7_QznQ,2021-01-31,-17,6,-30,-31,-25,9
AE,United Arab Emirates,Dubai,,,AE-DU,,ChIJRcbZaklDXz4R6SkAK7_QznQ,2021-02-01,-20,4,-32,-33,-26,10
AE,United Arab Emirates,Dubai,,,AE-DU,,ChIJRcbZaklDXz4R6SkAK7_QznQ,2021-02-02,-21,3,-32,-34,-26,10
AE,United Arab Emirates,Dubai,,,AE-DU,,ChIJRcbZaklDXz4R6SkAK7_QznQ,2021-02-03,-23,-2,-35,-37,-26,10
AE,United Arab Emirates,Dubai,,,AE-DU,,ChIJRcbZaklDXz4R6SkAK7_QznQ,2021-02-04,-24,-2,-34,-38,-27,11
AE,United Arab Emirates,Dubai,,,AE-DU,,ChIJRcbZaklDXz4R6SkAK7_QznQ,2021-02-05,-28,-4,-30,-37,-20,6
AE,United Arab Emirates,Dubai,,,AE-DU,,ChIJRcbZaklDXz4R6SkAK7_QznQ,2021-02-06,-26,-5,-34,-36,-18,6
AE,United Arab Emirates,Dubai,,,AE-DU,,ChIJRcbZaklDXz4R6SkAK7_QznQ,2021-02-07,-22,-3,-31,-36,-25,9
AE,United Arab Emirates,Dubai,,,AE-DU,,ChIJRcbZaklDXz4R6SkAK7_QznQ,2021-02-08,-23,-2,-33,-36,-26,10
AE,United Arab Emirates,Dubai,,,AE-DU,,ChIJRcbZaklDXz4R6SkAK7_QznQ,2021-02-09,-23,1,-32,-35,-26,10
AE,United Arab Emirates,Dubai,,,AE-DU,,ChIJRcbZaklDXz4R6SkAK7_QznQ,2021-02-10,-22,1,-33,-35,-25,10
AE,United Arab Emirates,Dubai,,,AE-DU,,ChIJRcbZaklDXz4R6SkAK7_QznQ,2021-02-11,-22,2,-31,-35,-26,10
AE,United Arab Emirates,Dubai,,,AE-DU,,ChIJRcbZaklDXz4R6SkAK7_QznQ,2021-02-12,-26,-1,-27,-35,-18,6
AE,United Arab Emirates,Dubai,,,AE-DU,,ChIJRcbZaklDXz4R6SkAK7_QznQ,2021-02-13,-21,0,-32,-33,-17,6
AE,United Arab Emirates,Dubai,,,AE-DU,,ChIJRcbZaklDXz4R6SkAK7_QznQ,2021-02-14,-12,7,-24,-31,-24,9
AE,United Arab Emirates,Dubai,,,AE-DU,,ChIJRcbZaklDXz4R6SkAK7_QznQ,2021-02-15,-20,2,-29,-33,-25,10
AE,United Arab Emirates,Dubai,,,AE-DU,,ChIJRcbZaklDXz4R6SkAK7_QznQ,2021-02-16,-20,2,-28,-33,-25,10
AE,United Arab Emirates,Dubai,,,AE-DU,,ChIJRcbZaklDXz4R6SkAK7_QznQ,2021-02-17,-19,4,-29,-31,-24,10
AE,United Arab Emirates,Dubai,,,AE-DU,,ChIJRcbZaklDXz4R6SkAK7_QznQ,2021-02-18,-19,4,-28,-32,-25,11
AE,United Arab Emirates,Dubai,,,AE-DU,,ChIJRcbZaklDXz4R6SkAK7_QznQ,2021-02-19,-25,2,-25,-33,-16,6
AE,United Arab Emirates,Dubai,,,AE-DU,,ChIJRcbZaklDXz4R6SkAK7_QznQ,2021-02-20,-21,2,-30,-31,-15,6
AE,United Arab Emirates,Dubai,,,AE-DU,,ChIJRcbZaklDXz4R6SkAK7_QznQ,2021-02-21,-16,6,-24,-29,-22,9
AE,United Arab Emirates,Dubai,,,AE-DU,,ChIJRcbZaklDXz4R6SkAK7_QznQ,2021-02-22,-19,3,-28,-31,-22,9
AE,United Arab Emirates,Dubai,,,AE-DU,,ChIJRcbZaklDXz4R6SkAK7_QznQ,2021-02-23,-20,3,-28,-31,-23,9
AE,United Arab Emirates,Dubai,,,AE-DU,,ChIJRcbZaklDXz4R6SkAK7_QznQ,2021-02-24,-18,4,-29,-32,-22,9
AE,United Arab Emirates,Dubai,,,AE-DU,,ChIJRcbZaklDXz4R6SkAK7_QznQ,2021-02-25,-16,7,-27,-31,-22,9
AE,United Arab Emirates,Dubai,,,AE-DU,,ChIJRcbZaklDXz4R6SkAK7_QznQ,2021-02-26,-22,6,-24,-32,-14,6
AE,United Arab Emirates,Dubai,,,AE-DU,,ChIJRcbZaklDXz4R6SkAK7_QznQ,2021-02-27,-17,7,-29,-29,-13,5
AE,United Arab Emirates,Dubai,,,AE-DU,,ChIJRcbZaklDXz4R6SkAK7_QznQ,2021-02-28,-12,14,-25,-26,-20,7
AE,United Arab Emirates,Dubai,,,AE-DU,,ChIJRcbZaklDXz4R6SkAK7_QznQ,2021-03-01,-14,12,-27,-27,-21,8
AE,United Arab Emirates,Dubai,,,AE-DU,,ChIJRcbZaklDXz4R6SkAK7_QznQ,2021-03-02,-15,12,-27,-28,-22,8
AE,United Arab Emirates,Dubai,,,AE-DU,,ChIJRcbZaklDXz4R6SkAK7_QznQ,2021-03-03,-15,11,-28,-29,-21,8
AE,United Arab Emirates,Dubai,,,AE-DU,,ChIJRcbZaklDXz4R6SkAK7_QznQ,2021-03-04,-14,11,-26,-28,-22,9
AE,United Arab Emirates,Dubai,,,AE-DU,,ChIJRcbZaklDXz4R6SkAK7_QznQ,2021-03-05,-19,9,-24,-29,-15,5
AE,United Arab Emirates,Dubai,,,AE-DU,,ChIJRcbZaklDXz4R6SkAK7_QznQ,2021-03-06,-16,9,-27,-28,-14,5
AE,United Arab Emirates,Dubai,,,AE-DU,,ChIJRcbZaklDXz4R6SkAK7_QznQ,2021-03-07,-12,13,-23,-26,-20,8
AE,United Arab Emirates,Dubai,,,AE-DU,,ChIJRcbZaklDXz4R6SkAK7_QznQ,2021-03-08,-14,9,-25,-28,-21,8
AE,United Arab Emirates,Dubai,,,AE-DU,,ChIJRcbZaklDXz4R6SkAK7_QznQ,2021-03-09,-16,9,-25,-28,-21,8
AE,United Arab Emirates,Dubai,,,AE-DU,,ChIJRcbZaklDXz4R6SkAK7_QznQ,2021-03-10,-15,11,-26,-27,-20,9
AE,United Arab Emirates,Dubai,,,AE-DU,,ChIJRcbZaklDXz4R6SkAK7_QznQ,2021-03-11,-15,11,-24,-27,-21,9
AE,United Arab Emirates,Dubai,,,AE-DU,,ChIJRcbZaklDXz4R6SkAK7_QznQ,2021-03-12,-19,9,-22,-29,-14,5
AE,United Arab Emirates,Dubai,,,AE-DU,,ChIJRcbZaklDXz4R6SkAK7_QznQ,2021-03-13,-16,9,-30,-27,-13,5
AE,United Arab Emirates,Dubai,,,AE-DU,,ChIJRcbZaklDXz4R6SkAK7_QznQ,2021-03-14,-12,13,-21,-24,-19,8
AE,United Arab Emirates,Dubai,,,AE-DU,,ChIJRcbZaklDXz4R6SkAK7_QznQ,2021-03-15,-14,11,-24,-26,-19,8
AE,United Arab Emirates,Dubai,,,AE-DU,,ChIJRcbZaklDXz4R6SkAK7_QznQ,2021-03-16,-15,11,-25,-26,-20,8
AE,United Arab Emirates,Dubai,,,AE-DU,,ChIJRcbZaklDXz4R6SkAK7_QznQ,2021-03-17,-14,12,-25,-26,-18,8
AE,United Arab Emirates,Dubai,,,AE-DU,,ChIJRcbZaklDXz4R6SkAK7_QznQ,2021-03-18,-14,12,-24,-25,-19,9
AE,United Arab Emirates,Dubai,,,AE-DU,,ChIJRcbZaklDXz4R6SkAK7_QznQ,2021-03-19,-19,10,-23,-27,-12,5
AE,United Arab Emirates,Dubai,,,AE-DU,,ChIJRcbZaklDXz4R6SkAK7_QznQ,2021-03-20,-15,10,-27,-25,-11,5
AE,United Arab Emirates,Dubai,,,AE-DU,,ChIJRcbZaklDXz4R6SkAK7_QznQ,2021-03-21,-10,15,-22,-23,-18,8
AE,United Arab Emirates,Dubai,,,AE-DU,,ChIJRcbZaklDXz4R6SkAK7_QznQ,2021-03-22,-14,11,-24,-25,-18,8
AE,United Arab Emirates,Dubai,,,AE-DU,,ChIJRcbZaklDXz4R6SkAK7_QznQ,2021-03-23,-15,10,-25,-26,-18,8
AE,United Arab Emirates,Dubai,,,AE-DU,,ChIJRcbZaklDXz4R6SkAK7_QznQ,2021-03-24,-14,11,-26,-25,-18,8
AE,United Arab Emirates,Dubai,,,AE-DU,,ChIJRcbZaklDXz4R6SkAK7_QznQ,2021-03-25,-12,14,-25,-25,-21,9
AE,United Arab Emirates,Dubai,,,AE-DU,,ChIJRcbZaklDXz4R6SkAK7_QznQ,2021-03-26,-17,10,-27,-26,-12,5
AE,United Arab Emirates,Dubai,,,AE-DU,,ChIJRcbZaklDXz4R6SkAK7_QznQ,2021-03-27,-13,11,-29,-23,-11,4
AE,United Arab Emirates,Fujairah,,,AE-FU,,ChIJX7kokD0y9D4RvDyz2xuxwaY,2021-01-01,-13,-3,-1,,-4,6
AE,United Arab Emirates,Fujairah,,,AE-FU,,ChIJX7kokD0y9D4RvDyz2xuxwaY,2021-01-02,-10,0,-11,,-2,7
AE,United Arab Emirates,Fujairah,,,AE-FU,,ChIJX7kokD0y9D4RvDyz2xuxwaY,2021-01-03,-8,4,-10,,-10,8
AE,United Arab Emirates,Fujairah,,,AE-FU,,ChIJX7kokD0y9D4RvDyz2xuxwaY,2021-01-04,-12,5,-26,,-11,9
AE,United Arab Emirates,Fujairah,,,AE-FU,,ChIJX7kokD0y9D4RvDyz2xuxwaY,2021-01-05,-14,3,-21,,-10,9
AE,United Arab Emirates,Fujairah,,,AE-FU,,ChIJX7kokD0y9D4RvDyz2xuxwaY,2021-01-06,-10,3,-15,-5,-10,9
AE,United Arab Emirates,Fujairah,,,AE-FU,,ChIJX7kokD0y9D4RvDyz2xuxwaY,2021-01-07,-10,0,-14,,-9,10
AE,United Arab Emirates,Fujairah,,,AE-FU,,ChIJX7kokD0y9D4RvDyz2xuxwaY,2021-01-08,-12,-4,-16,,-1,8
AE,United Arab Emirates,Fujairah,,,AE-FU,,ChIJX7kokD0y9D4RvDyz2xuxwaY,2021-01-09,-10,-1,-13,,0,6
AE,United Arab Emirates,Fujairah,,,AE-FU,,ChIJX7kokD0y9D4RvDyz2xuxwaY,2021-01-10,-9,3,-8,,-8,7
AE,United Arab Emirates,Fujairah,,,AE-FU,,ChIJX7kokD0y9D4RvDyz2xuxwaY,2021-01-11,-12,4,-19,,-10,8
AE,United Arab Emirates,Fujairah,,,AE-FU,,ChIJX7kokD0y9D4RvDyz2xuxwaY,2021-01-12,-13,2,-21,,-10,7
AE,United Arab Emirates,Fujairah,,,AE-FU,,ChIJX7kokD0y9D4RvDyz2xuxwaY,2021-01-13,-13,-1,-20,-4,-12,6
AE,United Arab Emirates,Fujairah,,,AE-FU,,ChIJX7kokD0y9D4RvDyz2xuxwaY,2021-01-14,-16,-8,-15,,-14,7
AE,United Arab Emirates,Fujairah,,,AE-FU,,ChIJX7kokD0y9D4RvDyz2xuxwaY,2021-01-15,-16,-12,-12,7,-13,5
AE,United Arab Emirates,Fujairah,,,AE-FU,,ChIJX7kokD0y9D4RvDyz2xuxwaY,2021-01-16,-18,-11,-20,,-10,4
AE,United Arab Emirates,Fujairah,,,AE-FU,,ChIJX7kokD0y9D4RvDyz2xuxwaY,2021-01-17,-17,-8,-9,,-16,6
AE,United Arab Emirates,Fujairah,,,AE-FU,,ChIJX7kokD0y9D4RvDyz2xuxwaY,2021-01-18,-20,-8,-20,,-16,7
AE,United Arab Emirates,Fujairah,,,AE-FU,,ChIJX7kokD0y9D4RvDyz2xuxwaY,2021-01-19,-21,-7,-24,,-17,7
AE,United Arab Emirates,Fujairah,,,AE-FU,,ChIJX7kokD0y9D4RvDyz2xuxwaY,2021-01-20,-20,-9,-20,-9,-15,7
AE,United Arab Emirates,Fujairah,,,AE-FU,,ChIJX7kokD0y9D4RvDyz2xuxwaY,2021-01-21,-21,-11,-25,,-14,9
AE,United Arab Emirates,Fujairah,,,AE-FU,,ChIJX7kokD0y9D4RvDyz2xuxwaY,2021-01-22,-20,-13,-18,4,-8,7
AE,United Arab Emirates,Fujairah,,,AE-FU,,ChIJX7kokD0y9D4RvDyz2xuxwaY,2021-01-23,-18,-11,-19,,-7,6
AE,United Arab Emirates,Fujairah,,,AE-FU,,ChIJX7kokD0y9D4RvDyz2xuxwaY,2021-01-24,-16,-9,-11,,-13,8
AE,United Arab Emirates,Fujairah,,,AE-FU,,ChIJX7kokD0y9D4RvDyz2xuxwaY,2021-01-25,-18,-6,-26,,-15,8
AE,United Arab Emirates,Fujairah,,,AE-FU,,ChIJX7kokD0y9D4RvDyz2xuxwaY,2021-01-26,-18,-5,-30,,-15,8
AE,United Arab Emirates,Fujairah,,,AE-FU,,ChIJX7kokD0y9D4RvDyz2xuxwaY,2021-01-27,-15,-4,-19,-9,-15,8
AE,United Arab Emirates,Fujairah,,,AE-FU,,ChIJX7kokD0y9D4RvDyz2xuxwaY,2021-01-28,-15,-4,-17,,-14,8
AE,United Arab Emirates,Fujairah,,,AE-FU,,ChIJX7kokD0y9D4RvDyz2xuxwaY,2021-01-29,-14,-7,-14,1,-7,5
AE,United Arab Emirates,Fujairah,,,AE-FU,,ChIJX7kokD0y9D4RvDyz2xuxwaY,2021-01-30,-8,-2,-11,,-7,4
AE,United Arab Emirates,Fujairah,,,AE-FU,,ChIJX7kokD0y9D4RvDyz2xuxwaY,2021-01-31,-8,0,-17,,-16,5
AE,United Arab Emirates,Fujairah,,,AE-FU,,ChIJX7kokD0y9D4RvDyz2xuxwaY,2021-02-01,-11,3,-27,,-16,5
AE,United Arab Emirates,Fujairah,,,AE-FU,,ChIJX7kokD0y9D4RvDyz2xuxwaY,2021-02-02,-11,4,-26,,-16,5
AE,United Arab Emirates,Fujairah,,,AE-FU,,ChIJX7kokD0y9D4RvDyz2xuxwaY,2021-02-03,-15,-3,-24,-6,-17,6
AE,United Arab Emirates,Fujairah,,,AE-FU,,ChIJX7kokD0y9D4RvDyz2xuxwaY,2021-02-04,-17,-7,-21,,-19,6
AE,United Arab Emirates,Fujairah,,,AE-FU,,ChIJX7kokD0y9D4RvDyz2xuxwaY,2021-02-05,-19,-11,-18,8,-12,4
AE,United Arab Emirates,Fujairah,,,AE-FU,,ChIJX7kokD0y9D4RvDyz2xuxwaY,2021-02-06,-16,-9,-17,,-9,3
AE,United Arab Emirates,Fujairah,,,AE-FU,,ChIJX7kokD0y9D4RvDyz2xuxwaY,2021-02-07,-15,-8,-14,,-19,5
AE,United Arab Emirates,Fujairah,,,AE-FU,,ChIJX7kokD0y9D4RvDyz2xuxwaY,2021-02-08,-16,-2,-26,,-17,5
AE,United Arab Emirates,Fujairah,,,AE-FU,,ChIJX7kokD0y9D4RvDyz2xuxwaY,2021-02-09,-14,1,-23,,-17,6
AE,United Arab Emirates,Fujairah,,,AE-FU,,ChIJX7kokD0y9D4RvDyz2xuxwaY,2021-02-10,-14,-4,-19,-5,-16,6
AE,United Arab Emirates,Fujairah,,,AE-FU,,ChIJX7kokD0y9D4RvDyz2xuxwaY,2021-02-11,-14,-5,-13,,-17,7
AE,United Arab Emirates,Fujairah,,,AE-FU,,ChIJX7kokD0y9D4RvDyz2xuxwaY,2021-02-12,-13,-8,-16,,-11,5
AE,United Arab Emirates,Fujairah,,,AE-FU,,ChIJX7kokD0y9D4RvDyz2xuxwaY,2021-02-13,-10,-4,-12,,-10,4
AE,United Arab Emirates,Fujairah,,,AE-FU,,ChIJX7kokD0y9D4RvDyz2xuxwaY,2021-02-14,-7,0,-4,,-15,5
AE,United Arab Emirates,Fujairah,,,AE-FU,,ChIJX7kokD0y9D4RvDyz2xuxwaY,2021-02-15,-12,1,-15,,-17,6
AE,United Arab Emirates,Fujairah,,,AE-FU,,ChIJX7kokD0y9D4RvDyz2xuxwaY,2021-02-16,-10,1,-17,,-16,6
AE,United Arab Emirates,Fujairah,,,AE-FU,,ChIJX7kokD0y9D4RvDyz2xuxwaY,2021-02-17,-10,3,-9,-5,-14,6
AE,United Arab Emirates,Fujairah,,,AE-FU,,ChIJX7kokD0y9D4RvDyz2xuxwaY,2021-02-18,-12,0,-8,,-14,8
AE,United Arab Emirates,Fujairah,,,AE-FU,,ChIJX7kokD0y9D4RvDyz2xuxwaY,2021-02-19,-12,-7,-13,,-9,6
AE,United Arab Emirates,Fujairah,,,AE-FU,,ChIJX7kokD0y9D4RvDyz2xuxwaY,2021-02-20,-11,-4,-9,,-6,4
AE,United Arab Emirates,Fujairah,,,AE-FU,,ChIJX7kokD0y9D4RvDyz2xuxwaY,2021-02-21,-9,-2,-7,,-15,5
AE,United Arab Emirates,Fujairah,,,AE-FU,,ChIJX7kokD0y9D4RvDyz2xuxwaY,2021-02-22,-15,-1,-18,,-14,6
AE,United Arab Emirates,Fujairah,,,AE-FU,,ChIJX7kokD0y9D4RvDyz2xuxwaY,2021-02-23,-13,2,-17,,-14,6
AE,United Arab Emirates,Fujairah,,,AE-FU,,ChIJX7kokD0y9D4RvDyz2xuxwaY,2021-02-24,-11,-4,-12,-5,-12,6
AE,United Arab Emirates,Fujairah,,,AE-FU,,ChIJX7kokD0y9D4RvDyz2xuxwaY,2021-02-25,-9,0,-8,,-13,7
AE,United Arab Emirates,Fujairah,,,AE-FU,,ChIJX7kokD0y9D4RvDyz2xuxwaY,2021-02-26,-8,-3,-6,4,-6,6
AE,United Arab Emirates,Fujairah,,,AE-FU,,ChIJX7kokD0y9D4RvDyz2xuxwaY,2021-02-27,-4,2,-8,,-5,3
AE,United Arab Emirates,Fujairah,,,AE-FU,,ChIJX7kokD0y9D4RvDyz2xuxwaY,2021-02-28,-2,7,-5,,-13,4
AE,United Arab Emirates,Fujairah,,,AE-FU,,ChIJX7kokD0y9D4RvDyz2xuxwaY,2021-03-01,-4,8,-16,,-13,4
AE,United Arab Emirates,Fujairah,,,AE-FU,,ChIJX7kokD0y9D4RvDyz2xuxwaY,2021-03-02,-3,13,-11,,-14,5
AE,United Arab Emirates,Fujairah,,,AE-FU,,ChIJX7kokD0y9D4RvDyz2xuxwaY,2021-03-03,-3,9,-15,,-13,5
AE,United Arab Emirates,Fujairah,,,AE-FU,,ChIJX7kokD0y9D4RvDyz2xuxwaY,2021-03-04,-6,7,-8,,-12,6
AE,United Arab Emirates,Fujairah,,,AE-FU,,ChIJX7kokD0y9D4RvDyz2xuxwaY,2021-03-05,-7,2,-4,5,-6,4
AE,United Arab Emirates,Fujairah,,,AE-FU,,ChIJX7kokD0y9D4RvDyz2xuxwaY,2021-03-06,-7,4,-12,,-6,4
AE,United Arab Emirates,Fujairah,,,AE-FU,,ChIJX7kokD0y9D4RvDyz2xuxwaY,2021-03-07,-3,8,-9,,-13,5
AE,United Arab Emirates,Fujairah,,,AE-FU,,ChIJX7kokD0y9D4RvDyz2xuxwaY,2021-03-08,-7,7,-18,,-13,6
AE,United Arab Emirates,Fujairah,,,AE-FU,,ChIJX7kokD0y9D4RvDyz2xuxwaY,2021-03-09,-7,10,-10,,-14,6
AE,United Arab Emirates,Fujairah,,,AE-FU,,ChIJX7kokD0y9D4RvDyz2xuxwaY,2021-03-10,-6,9,-14,-1,-11,5
AE,United Arab Emirates,Fujairah,,,AE-FU,,ChIJX7kokD0y9D4RvDyz2xuxwaY,2021-03-11,-6,8,-11,,-11,7
AE,United Arab Emirates,Fujairah,,,AE-FU,,ChIJX7kokD0y9D4RvDyz2xuxwaY,2021-03-12,-5,2,-5,,-6,6
AE,United Arab Emirates,Fujairah,,,AE-FU,,ChIJX7kokD0y9D4RvDyz2xuxwaY,2021-03-13,-4,7,-1,,-4,3
AE,United Arab Emirates,Fujairah,,,AE-FU,,ChIJX7kokD0y9D4RvDyz2xuxwaY,2021-03-14,-4,8,-1,,-11,5
AE,United Arab Emirates,Fujairah,,,AE-FU,,ChIJX7kokD0y9D4RvDyz2xuxwaY,2021-03-15,-5,9,-6,,-11,5
AE,United Arab Emirates,Fujairah,,,AE-FU,,ChIJX7kokD0y9D4RvDyz2xuxwaY,2021-03-16,-6,11,-13,,-11,5
AE,United Arab Emirates,Fujairah,,,AE-FU,,ChIJX7kokD0y9D4RvDyz2xuxwaY,2021-03-17,-6,9,-5,-1,-10,6
AE,United Arab Emirates,Fujairah,,,AE-FU,,ChIJX7kokD0y9D4RvDyz2xuxwaY,2021-03-18,-6,6,-2,,-9,7
AE,United Arab Emirates,Fujairah,,,AE-FU,,ChIJX7kokD0y9D4RvDyz2xuxwaY,2021-03-19,-6,1,3,,-3,6
AE,United Arab Emirates,Fujairah,,,AE-FU,,ChIJX7kokD0y9D4RvDyz2xuxwaY,2021-03-20,-5,2,2,,0,4
AE,United Arab Emirates,Fujairah,,,AE-FU,,ChIJX7kokD0y9D4RvDyz2xuxwaY,2021-03-21,-5,7,-8,,-9,6
AE,United Arab Emirates,Fujairah,,,AE-FU,,ChIJX7kokD0y9D4RvDyz2xuxwaY,2021-03-22,-6,10,-10,,-9,6
AE,United Arab Emirates,Fujairah,,,AE-FU,,ChIJX7kokD0y9D4RvDyz2xuxwaY,2021-03-23,-5,9,-9,,-9,6
AE,United Arab Emirates,Fujairah,,,AE-FU,,ChIJX7kokD0y9D4RvDyz2xuxwaY,2021-03-24,-4,9,-3,-4,-9,5
AE,United Arab Emirates,Fujairah,,,AE-FU,,ChIJX7kokD0y9D4RvDyz2xuxwaY,2021-03-25,-1,14,-3,,-8,6
AE,United Arab Emirates,Fujairah,,,AE-FU,,ChIJX7kokD0y9D4RvDyz2xuxwaY,2021-03-26,-3,9,3,5,-1,6
AE,United Arab Emirates,Fujairah,,,AE-FU,,ChIJX7kokD0y9D4RvDyz2xuxwaY,2021-03-27,0,10,4,,1,4
AE,United Arab Emirates,Ras al Khaimah,,,AE-RK,,ChIJpwnSTA5x9j4RD-KEpgxnnrk,2021-01-01,-8,-1,38,-25,-6,5
AE,United Arab Emirates,Ras al Khaimah,,,AE-RK,,ChIJpwnSTA5x9j4RD-KEpgxnnrk,2021-01-02,-4,2,5,-7,-3,6
AE,United Arab Emirates,Ras al Khaimah,,,AE-RK,,ChIJpwnSTA5x9j4RD-KEpgxnnrk,2021-01-03,-2,1,0,-15,-10,7
AE,United Arab Emirates,Ras al Khaimah,,,AE-RK,,ChIJpwnSTA5x9j4RD-KEpgxnnrk,2021-01-04,-5,0,-9,-15,-10,8
AE,United Arab Emirates,Ras al Khaimah,,,AE-RK,,ChIJpwnSTA5x9j4RD-KEpgxnnrk,2021-01-05,-6,-1,-8,-19,-10,7
AE,United Arab Emirates,Ras al Khaimah,,,AE-RK,,ChIJpwnSTA5x9j4RD-KEpgxnnrk,2021-01-06,-5,-1,-3,-17,-10,8
AE,United Arab Emirates,Ras al Khaimah,,,AE-RK,,ChIJpwnSTA5x9j4RD-KEpgxnnrk,2021-01-07,-6,-2,2,-23,-9,9
AE,United Arab Emirates,Ras al Khaimah,,,AE-RK,,ChIJpwnSTA5x9j4RD-KEpgxnnrk,2021-01-08,-11,-2,30,-18,-4,7
AE,United Arab Emirates,Ras al Khaimah,,,AE-RK,,ChIJpwnSTA5x9j4RD-KEpgxnnrk,2021-01-09,-6,0,12,-17,-2,4
AE,United Arab Emirates,Ras al Khaimah,,,AE-RK,,ChIJpwnSTA5x9j4RD-KEpgxnnrk,2021-01-10,-5,-1,3,-18,-9,6
AE,United Arab Emirates,Ras al Khaimah,,,AE-RK,,ChIJpwnSTA5x9j4RD-KEpgxnnrk,2021-01-11,-7,-4,-2,-11,-10,6
AE,United Arab Emirates,Ras al Khaimah,,,AE-RK,,ChIJpwnSTA5x9j4RD-KEpgxnnrk,2021-01-12,-9,-7,-5,-14,-11,5
AE,United Arab Emirates,Ras al Khaimah,,,AE-RK,,ChIJpwnSTA5x9j4RD-KEpgxnnrk,2021-01-13,-6,-5,-7,-10,-11,5
AE,United Arab Emirates,Ras al Khaimah,,,AE-RK,,ChIJpwnSTA5x9j4RD-KEpgxnnrk,2021-01-14,-10,-10,-1,-29,-15,5
AE,United Arab Emirates,Ras al Khaimah,,,AE-RK,,ChIJpwnSTA5x9j4RD-KEpgxnnrk,2021-01-15,-15,-12,40,-31,-14,4
AE,United Arab Emirates,Ras al Khaimah,,,AE-RK,,ChIJpwnSTA5x9j4RD-KEpgxnnrk,2021-01-16,-13,-10,4,-32,-10,3
AE,United Arab Emirates,Ras al Khaimah,,,AE-RK,,ChIJpwnSTA5x9j4RD-KEpgxnnrk,2021-01-17,-11,-11,-11,-29,-17,4
AE,United Arab Emirates,Ras al Khaimah,,,AE-RK,,ChIJpwnSTA5x9j4RD-KEpgxnnrk,2021-01-18,-13,-13,-9,-33,-15,5
AE,United Arab Emirates,Ras al Khaimah,,,AE-RK,,ChIJpwnSTA5x9j4RD-KEpgxnnrk,2021-01-19,-15,-13,-10,-33,-16,5
AE,United Arab Emirates,Ras al Khaimah,,,AE-RK,,ChIJpwnSTA5x9j4RD-KEpgxnnrk,2021-01-20,-14,-14,-15,-23,-15,6
AE,United Arab Emirates,Ras al Khaimah,,,AE-RK,,ChIJpwnSTA5x9j4RD-KEpgxnnrk,2021-01-21,-16,-14,-3,-20,-15,7
AE,United Arab Emirates,Ras al Khaimah,,,AE-RK,,ChIJpwnSTA5x9j4RD-KEpgxnnrk,2021-01-22,-18,-13,33,-28,-12,5
AE,United Arab Emirates,Ras al Khaimah,,,AE-RK,,ChIJpwnSTA5x9j4RD-KEpgxnnrk,2021-01-23,-14,-12,1,-25,-10,4
AE,United Arab Emirates,Ras al Khaimah,,,AE-RK,,ChIJpwnSTA5x9j4RD-KEpgxnnrk,2021-01-24,-13,-12,-10,-40,-15,6
AE,United Arab Emirates,Ras al Khaimah,,,AE-RK,,ChIJpwnSTA5x9j4RD-KEpgxnnrk,2021-01-25,-14,-14,-13,-29,-15,6
AE,United Arab Emirates,Ras al Khaimah,,,AE-RK,,ChIJpwnSTA5x9j4RD-KEpgxnnrk,2021-01-26,-13,-12,-14,-32,-15,6
AE,United Arab Emirates,Ras al Khaimah,,,AE-RK,,ChIJpwnSTA5x9j4RD-KEpgxnnrk,2021-01-27,-11,-10,-17,-23,-15,6
AE,United Arab Emirates,Ras al Khaimah,,,AE-RK,,ChIJpwnSTA5x9j4RD-KEpgxnnrk,2021-01-28,-11,-9,-10,-24,-16,6
AE,United Arab Emirates,Ras al Khaimah,,,AE-RK,,ChIJpwnSTA5x9j4RD-KEpgxnnrk,2021-01-29,-13,-7,28,-26,-12,4
AE,United Arab Emirates,Ras al Khaimah,,,AE-RK,,ChIJpwnSTA5x9j4RD-KEpgxnnrk,2021-01-30,-7,-3,6,-28,-8,2
AE,United Arab Emirates,Ras al Khaimah,,,AE-RK,,ChIJpwnSTA5x9j4RD-KEpgxnnrk,2021-01-31,-6,-3,-11,-31,-15,4
AE,United Arab Emirates,Ras al Khaimah,,,AE-RK,,ChIJpwnSTA5x9j4RD-KEpgxnnrk,2021-02-01,-7,-4,-10,-28,-15,4
AE,United Arab Emirates,Ras al Khaimah,,,AE-RK,,ChIJpwnSTA5x9j4RD-KEpgxnnrk,2021-02-02,-7,-3,-12,-21,-16,4
AE,United Arab Emirates,Ras al Khaimah,,,AE-RK,,ChIJpwnSTA5x9j4RD-KEpgxnnrk,2021-02-03,-11,-11,-16,-9,-17,5
AE,United Arab Emirates,Ras al Khaimah,,,AE-RK,,ChIJpwnSTA5x9j4RD-KEpgxnnrk,2021-02-04,-12,-12,-8,-26,-19,5
AE,United Arab Emirates,Ras al Khaimah,,,AE-RK,,ChIJpwnSTA5x9j4RD-KEpgxnnrk,2021-02-05,-15,-11,31,-16,-16,3
AE,United Arab Emirates,Ras al Khaimah,,,AE-RK,,ChIJpwnSTA5x9j4RD-KEpgxnnrk,2021-02-06,-12,-11,7,-20,-12,2
AE,United Arab Emirates,Ras al Khaimah,,,AE-RK,,ChIJpwnSTA5x9j4RD-KEpgxnnrk,2021-02-07,-11,-12,-6,-26,-19,4
AE,United Arab Emirates,Ras al Khaimah,,,AE-RK,,ChIJpwnSTA5x9j4RD-KEpgxnnrk,2021-02-08,-10,-10,-7,-28,-19,4
AE,United Arab Emirates,Ras al Khaimah,,,AE-RK,,ChIJpwnSTA5x9j4RD-KEpgxnnrk,2021-02-09,-10,-7,-7,-28,-18,4
AE,United Arab Emirates,Ras al Khaimah,,,AE-RK,,ChIJpwnSTA5x9j4RD-KEpgxnnrk,2021-02-10,-9,-9,-11,-4,-18,4
AE,United Arab Emirates,Ras al Khaimah,,,AE-RK,,ChIJpwnSTA5x9j4RD-KEpgxnnrk,2021-02-11,-10,-10,-3,-27,-18,5
AE,United Arab Emirates,Ras al Khaimah,,,AE-RK,,ChIJpwnSTA5x9j4RD-KEpgxnnrk,2021-02-12,-13,-10,38,-21,-16,3
AE,United Arab Emirates,Ras al Khaimah,,,AE-RK,,ChIJpwnSTA5x9j4RD-KEpgxnnrk,2021-02-13,-7,-5,6,-25,-11,2
AE,United Arab Emirates,Ras al Khaimah,,,AE-RK,,ChIJpwnSTA5x9j4RD-KEpgxnnrk,2021-02-14,-4,-3,0,-15,-16,4
AE,United Arab Emirates,Ras al Khaimah,,,AE-RK,,ChIJpwnSTA5x9j4RD-KEpgxnnrk,2021-02-15,-8,-6,-11,-30,-19,4
AE,United Arab Emirates,Ras al Khaimah,,,AE-RK,,ChIJpwnSTA5x9j4RD-KEpgxnnrk,2021-02-16,-9,-6,-9,-26,-19,4
AE,United Arab Emirates,Ras al Khaimah,,,AE-RK,,ChIJpwnSTA5x9j4RD-KEpgxnnrk,2021-02-17,-6,-5,-2,-21,-18,5
AE,United Arab Emirates,Ras al Khaimah,,,AE-RK,,ChIJpwnSTA5x9j4RD-KEpgxnnrk,2021-02-18,-9,-6,1,-26,-19,6
AE,United Arab Emirates,Ras al Khaimah,,,AE-RK,,ChIJpwnSTA5x9j4RD-KEpgxnnrk,2021-02-19,-14,-8,42,-26,-15,3
AE,United Arab Emirates,Ras al Khaimah,,,AE-RK,,ChIJpwnSTA5x9j4RD-KEpgxnnrk,2021-02-20,-7,-4,8,-14,-11,2
AE,United Arab Emirates,Ras al Khaimah,,,AE-RK,,ChIJpwnSTA5x9j4RD-KEpgxnnrk,2021-02-21,-7,-4,1,-29,-19,4
AE,United Arab Emirates,Ras al Khaimah,,,AE-RK,,ChIJpwnSTA5x9j4RD-KEpgxnnrk,2021-02-22,-9,-7,-14,-31,-19,5
AE,United Arab Emirates,Ras al Khaimah,,,AE-RK,,ChIJpwnSTA5x9j4RD-KEpgxnnrk,2021-02-23,-7,-6,-9,-38,-18,4
AE,United Arab Emirates,Ras al Khaimah,,,AE-RK,,ChIJpwnSTA5x9j4RD-KEpgxnnrk,2021-02-24,-8,-7,-2,-30,-18,4
AE,United Arab Emirates,Ras al Khaimah,,,AE-RK,,ChIJpwnSTA5x9j4RD-KEpgxnnrk,2021-02-25,-5,-5,9,-15,-18,5
AE,United Arab Emirates,Ras al Khaimah,,,AE-RK,,ChIJpwnSTA5x9j4RD-KEpgxnnrk,2021-02-26,-11,-3,41,-23,-13,3
AE,United Arab Emirates,Ras al Khaimah,,,AE-RK,,ChIJpwnSTA5x9j4RD-KEpgxnnrk,2021-02-27,-3,3,6,-27,-10,1
AE,United Arab Emirates,Ras al Khaimah,,,AE-RK,,ChIJpwnSTA5x9j4RD-KEpgxnnrk,2021-02-28,0,5,-1,-24,-16,3
AE,United Arab Emirates,Ras al Khaimah,,,AE-RK,,ChIJpwnSTA5x9j4RD-KEpgxnnrk,2021-03-01,0,3,-4,-33,-17,3
AE,United Arab Emirates,Ras al Khaimah,,,AE-RK,,ChIJpwnSTA5x9j4RD-KEpgxnnrk,2021-03-02,-1,5,1,-22,-17,3
AE,United Arab Emirates,Ras al Khaimah,,,AE-RK,,ChIJpwnSTA5x9j4RD-KEpgxnnrk,2021-03-03,0,3,-5,-15,-16,3
AE,United Arab Emirates,Ras al Khaimah,,,AE-RK,,ChIJpwnSTA5x9j4RD-KEpgxnnrk,2021-03-04,-2,0,9,-11,-17,4
AE,United Arab Emirates,Ras al Khaimah,,,AE-RK,,ChIJpwnSTA5x9j4RD-KEpgxnnrk,2021-03-05,-6,1,37,-9,-12,3
AE,United Arab Emirates,Ras al Khaimah,,,AE-RK,,ChIJpwnSTA5x9j4RD-KEpgxnnrk,2021-03-06,-2,3,9,-22,-11,1
AE,United Arab Emirates,Ras al Khaimah,,,AE-RK,,ChIJpwnSTA5x9j4RD-KEpgxnnrk,2021-03-07,-1,2,5,-21,-16,4
AE,United Arab Emirates,Ras al Khaimah,,,AE-RK,,ChIJpwnSTA5x9j4RD-KEpgxnnrk,2021-03-08,-2,0,-2,-24,-17,4
AE,United Arab Emirates,Ras al Khaimah,,,AE-RK,,ChIJpwnSTA5x9j4RD-KEpgxnnrk,2021-03-09,-2,0,3,-22,-17,4
AE,United Arab Emirates,Ras al Khaimah,,,AE-RK,,ChIJpwnSTA5x9j4RD-KEpgxnnrk,2021-03-10,-1,0,-3,-14,-16,4
AE,United Arab Emirates,Ras al Khaimah,,,AE-RK,,ChIJpwnSTA5x9j4RD-KEpgxnnrk,2021-03-11,-3,-2,8,-14,-16,5
AE,United Arab Emirates,Ras al Khaimah,,,AE-RK,,ChIJpwnSTA5x9j4RD-KEpgxnnrk,2021-03-12,-5,0,38,-14,-12,3
AE,United Arab Emirates,Ras al Khaimah,,,AE-RK,,ChIJpwnSTA5x9j4RD-KEpgxnnrk,2021-03-13,-1,2,12,-25,-7,2
AE,United Arab Emirates,Ras al Khaimah,,,AE-RK,,ChIJpwnSTA5x9j4RD-KEpgxnnrk,2021-03-14,0,3,6,-26,-15,4
AE,United Arab Emirates,Ras al Khaimah,,,AE-RK,,ChIJpwnSTA5x9j4RD-KEpgxnnrk,2021-03-15,-2,-1,0,-20,-15,4
AE,United Arab Emirates,Ras al Khaimah,,,AE-RK,,ChIJpwnSTA5x9j4RD-KEpgxnnrk,2021-03-16,-2,0,1,-18,-16,4
AE,United Arab Emirates,Ras al Khaimah,,,AE-RK,,ChIJpwnSTA5x9j4RD-KEpgxnnrk,2021-03-17,-3,0,1,-29,-13,4
AE,United Arab Emirates,Ras al Khaimah,,,AE-RK,,ChIJpwnSTA5x9j4RD-KEpgxnnrk,2021-03-18,-3,0,10,-15,-14,5
AE,United Arab Emirates,Ras al Khaimah,,,AE-RK,,ChIJpwnSTA5x9j4RD-KEpgxnnrk,2021-03-19,-6,0,33,-17,-8,4
AE,United Arab Emirates,Ras al Khaimah,,,AE-RK,,ChIJpwnSTA5x9j4RD-KEpgxnnrk,2021-03-20,-2,2,13,-32,-6,2
AE,United Arab Emirates,Ras al Khaimah,,,AE-RK,,ChIJpwnSTA5x9j4RD-KEpgxnnrk,2021-03-21,2,4,6,-30,-13,3
AE,United Arab Emirates,Ras al Khaimah,,,AE-RK,,ChIJpwnSTA5x9j4RD-KEpgxnnrk,2021-03-22,0,0,2,-25,-13,4
AE,United Arab Emirates,Ras al Khaimah,,,AE-RK,,ChIJpwnSTA5x9j4RD-KEpgxnnrk,2021-03-23,-1,1,3,-18,-13,4
AE,United Arab Emirates,Ras al Khaimah,,,AE-RK,,ChIJpwnSTA5x9j4RD-KEpgxnnrk,2021-03-24,0,2,2,-19,-12,4
AE,United Arab Emirates,Ras al Khaimah,,,AE-RK,,ChIJpwnSTA5x9j4RD-KEpgxnnrk,2021-03-25,0,4,7,-17,-13,5
AE,United Arab Emirates,Ras al Khaimah,,,AE-RK,,ChIJpwnSTA5x9j4RD-KEpgxnnrk,2021-03-26,-5,1,27,-9,-10,4
AE,United Arab Emirates,Ras al Khaimah,,,AE-RK,,ChIJpwnSTA5x9j4RD-KEpgxnnrk,2021-03-27,3,8,13,-10,-4,1
AE,United Arab Emirates,Sharjah,,,AE-SH,,ChIJ0Zp9hY5ZXz4RZlq4HHZvx2g,2021-01-01,-10,4,-8,-27,-17,4
AE,United Arab Emirates,Sharjah,,,AE-SH,,ChIJ0Zp9hY5ZXz4RZlq4HHZvx2g,2021-01-02,-10,6,-21,-31,-12,6
AE,United Arab Emirates,Sharjah,,,AE-SH,,ChIJ0Zp9hY5ZXz4RZlq4HHZvx2g,2021-01-03,-5,11,-23,-28,-17,8
AE,United Arab Emirates,Sharjah,,,AE-SH,,ChIJ0Zp9hY5ZXz4RZlq4HHZvx2g,2021-01-04,-10,5,-24,-29,-15,8
AE,United Arab Emirates,Sharjah,,,AE-SH,,ChIJ0Zp9hY5ZXz4RZlq4HHZvx2g,2021-01-05,-11,4,-24,-29,-17,8
AE,United Arab Emirates,Sharjah,,,AE-SH,,ChIJ0Zp9hY5ZXz4RZlq4HHZvx2g,2021-01-06,-9,6,-26,-31,-16,8
AE,United Arab Emirates,Sharjah,,,AE-SH,,ChIJ0Zp9hY5ZXz4RZlq4HHZvx2g,2021-01-07,-9,6,-28,-34,-16,9
AE,United Arab Emirates,Sharjah,,,AE-SH,,ChIJ0Zp9hY5ZXz4RZlq4HHZvx2g,2021-01-08,-12,5,-26,-30,-13,6
AE,United Arab Emirates,Sharjah,,,AE-SH,,ChIJ0Zp9hY5ZXz4RZlq4HHZvx2g,2021-01-09,-12,3,-27,-32,-12,5
AE,United Arab Emirates,Sharjah,,,AE-SH,,ChIJ0Zp9hY5ZXz4RZlq4HHZvx2g,2021-01-10,-5,9,-29,-26,-17,7
AE,United Arab Emirates,Sharjah,,,AE-SH,,ChIJ0Zp9hY5ZXz4RZlq4HHZvx2g,2021-01-11,-11,4,-26,-29,-16,8
AE,United Arab Emirates,Sharjah,,,AE-SH,,ChIJ0Zp9hY5ZXz4RZlq4HHZvx2g,2021-01-12,-11,3,-28,-31,-18,7
AE,United Arab Emirates,Sharjah,,,AE-SH,,ChIJ0Zp9hY5ZXz4RZlq4HHZvx2g,2021-01-13,-11,2,-30,-32,-19,6
AE,United Arab Emirates,Sharjah,,,AE-SH,,ChIJ0Zp9hY5ZXz4RZlq4HHZvx2g,2021-01-14,-12,1,-32,-32,-21,6
AE,United Arab Emirates,Sharjah,,,AE-SH,,ChIJ0Zp9hY5ZXz4RZlq4HHZvx2g,2021-01-15,-16,-3,-28,-30,-21,3
AE,United Arab Emirates,Sharjah,,,AE-SH,,ChIJ0Zp9hY5ZXz4RZlq4HHZvx2g,2021-01-16,-16,-4,-32,-33,-18,4
AE,United Arab Emirates,Sharjah,,,AE-SH,,ChIJ0Zp9hY5ZXz4RZlq4HHZvx2g,2021-01-17,-6,6,-33,-30,-23,6
AE,United Arab Emirates,Sharjah,,,AE-SH,,ChIJ0Zp9hY5ZXz4RZlq4HHZvx2g,2021-01-18,-12,0,-32,-33,-21,6
AE,United Arab Emirates,Sharjah,,,AE-SH,,ChIJ0Zp9hY5ZXz4RZlq4HHZvx2g,2021-01-19,-12,-1,-31,-34,-23,7
AE,United Arab Emirates,Sharjah,,,AE-SH,,ChIJ0Zp9hY5ZXz4RZlq4HHZvx2g,2021-01-20,-13,-1,-33,-32,-22,7
AE,United Arab Emirates,Sharjah,,,AE-SH,,ChIJ0Zp9hY5ZXz4RZlq4HHZvx2g,2021-01-21,-14,-1,-34,-33,-23,8
AE,United Arab Emirates,Sharjah,,,AE-SH,,ChIJ0Zp9hY5ZXz4RZlq4HHZvx2g,2021-01-22,-16,-2,-30,-29,-19,5
AE,United Arab Emirates,Sharjah,,,AE-SH,,ChIJ0Zp9hY5ZXz4RZlq4HHZvx2g,2021-01-23,-15,-4,-36,-34,-16,5
AE,United Arab Emirates,Sharjah,,,AE-SH,,ChIJ0Zp9hY5ZXz4RZlq4HHZvx2g,2021-01-24,-9,2,-34,-29,-23,8
AE,United Arab Emirates,Sharjah,,,AE-SH,,ChIJ0Zp9hY5ZXz4RZlq4HHZvx2g,2021-01-25,-14,-1,-33,-33,-22,8
AE,United Arab Emirates,Sharjah,,,AE-SH,,ChIJ0Zp9hY5ZXz4RZlq4HHZvx2g,2021-01-26,-13,-2,-33,-33,-24,8
AE,United Arab Emirates,Sharjah,,,AE-SH,,ChIJ0Zp9hY5ZXz4RZlq4HHZvx2g,2021-01-27,-12,-1,-32,-33,-23,8
AE,United Arab Emirates,Sharjah,,,AE-SH,,ChIJ0Zp9hY5ZXz4RZlq4HHZvx2g,2021-01-28,-9,4,-32,-30,-23,9
AE,United Arab Emirates,Sharjah,,,AE-SH,,ChIJ0Zp9hY5ZXz4RZlq4HHZvx2g,2021-01-29,-10,3,-29,-26,-17,5
AE,United Arab Emirates,Sharjah,,,AE-SH,,ChIJ0Zp9hY5ZXz4RZlq4HHZvx2g,2021-01-30,-9,3,-31,-30,-16,4
AE,United Arab Emirates,Sharjah,,,AE-SH,,ChIJ0Zp9hY5ZXz4RZlq4HHZvx2g,2021-01-31,-4,9,-34,-27,-22,7
AE,United Arab Emirates,Sharjah,,,AE-SH,,ChIJ0Zp9hY5ZXz4RZlq4HHZvx2g,2021-02-01,-7,6,-29,-31,-21,7
AE,United Arab Emirates,Sharjah,,,AE-SH,,ChIJ0Zp9hY5ZXz4RZlq4HHZvx2g,2021-02-02,-6,6,-29,-33,-23,7
AE,United Arab Emirates,Sharjah,,,AE-SH,,ChIJ0Zp9hY5ZXz4RZlq4HHZvx2g,2021-02-03,-10,1,-33,-32,-23,8
AE,United Arab Emirates,Sharjah,,,AE-SH,,ChIJ0Zp9hY5ZXz4RZlq4HHZvx2g,2021-02-04,-12,3,-35,-33,-24,8
AE,United Arab Emirates,Sharjah,,,AE-SH,,ChIJ0Zp9hY5ZXz4RZlq4HHZvx2g,2021-02-05,-14,1,-28,-25,-20,5
AE,United Arab Emirates,Sharjah,,,AE-SH,,ChIJ0Zp9hY5ZXz4RZlq4HHZvx2g,2021-02-06,-13,0,-33,-29,-17,5
AE,United Arab Emirates,Sharjah,,,AE-SH,,ChIJ0Zp9hY5ZXz4RZlq4HHZvx2g,2021-02-07,-7,3,-34,-25,-24,7
AE,United Arab Emirates,Sharjah,,,AE-SH,,ChIJ0Zp9hY5ZXz4RZlq4HHZvx2g,2021-02-08,-10,2,-33,-28,-23,7
AE,United Arab Emirates,Sharjah,,,AE-SH,,ChIJ0Zp9hY5ZXz4RZlq4HHZvx2g,2021-02-09,-8,5,-32,-30,-23,8
AE,United Arab Emirates,Sharjah,,,AE-SH,,ChIJ0Zp9hY5ZXz4RZlq4HHZvx2g,2021-02-10,-7,5,-31,-24,-22,8
AE,United Arab Emirates,Sharjah,,,AE-SH,,ChIJ0Zp9hY5ZXz4RZlq4HHZvx2g,2021-02-11,-8,7,-32,-22,-23,8
AE,United Arab Emirates,Sharjah,,,AE-SH,,ChIJ0Zp9hY5ZXz4RZlq4HHZvx2g,2021-02-12,-10,3,-24,-15,-18,5
AE,United Arab Emirates,Sharjah,,,AE-SH,,ChIJ0Zp9hY5ZXz4RZlq4HHZvx2g,2021-02-13,-8,4,-28,-19,-16,4
AE,United Arab Emirates,Sharjah,,,AE-SH,,ChIJ0Zp9hY5ZXz4RZlq4HHZvx2g,2021-02-14,0,12,-28,-15,-22,7
AE,United Arab Emirates,Sharjah,,,AE-SH,,ChIJ0Zp9hY5ZXz4RZlq4HHZvx2g,2021-02-15,-7,7,-28,-18,-21,8
AE,United Arab Emirates,Sharjah,,,AE-SH,,ChIJ0Zp9hY5ZXz4RZlq4HHZvx2g,2021-02-16,-7,7,-26,-22,-23,8
AE,United Arab Emirates,Sharjah,,,AE-SH,,ChIJ0Zp9hY5ZXz4RZlq4HHZvx2g,2021-02-17,-6,8,-27,-22,-22,8
AE,United Arab Emirates,Sharjah,,,AE-SH,,ChIJ0Zp9hY5ZXz4RZlq4HHZvx2g,2021-02-18,-5,10,-27,-20,-22,9
AE,United Arab Emirates,Sharjah,,,AE-SH,,ChIJ0Zp9hY5ZXz4RZlq4HHZvx2g,2021-02-19,-9,6,-22,-13,-15,5
AE,United Arab Emirates,Sharjah,,,AE-SH,,ChIJ0Zp9hY5ZXz4RZlq4HHZvx2g,2021-02-20,-8,5,-27,-16,-14,5
AE,United Arab Emirates,Sharjah,,,AE-SH,,ChIJ0Zp9hY5ZXz4RZlq4HHZvx2g,2021-02-21,-1,11,-27,-15,-21,7
AE,United Arab Emirates,Sharjah,,,AE-SH,,ChIJ0Zp9hY5ZXz4RZlq4HHZvx2g,2021-02-22,-8,5,-27,-26,-19,8
AE,United Arab Emirates,Sharjah,,,AE-SH,,ChIJ0Zp9hY5ZXz4RZlq4HHZvx2g,2021-02-23,-8,5,-27,-27,-21,8
AE,United Arab Emirates,Sharjah,,,AE-SH,,ChIJ0Zp9hY5ZXz4RZlq4HHZvx2g,2021-02-24,-6,5,-27,-26,-20,8
AE,United Arab Emirates,Sharjah,,,AE-SH,,ChIJ0Zp9hY5ZXz4RZlq4HHZvx2g,2021-02-25,-4,12,-25,-19,-21,8
AE,United Arab Emirates,Sharjah,,,AE-SH,,ChIJ0Zp9hY5ZXz4RZlq4HHZvx2g,2021-02-26,-6,9,-22,-11,-16,5
AE,United Arab Emirates,Sharjah,,,AE-SH,,ChIJ0Zp9hY5ZXz4RZlq4HHZvx2g,2021-02-27,-3,11,-26,-17,-13,4
AE,United Arab Emirates,Sharjah,,,AE-SH,,ChIJ0Zp9hY5ZXz4RZlq4HHZvx2g,2021-02-28,4,19,-26,-4,-20,7
AE,United Arab Emirates,Sharjah,,,AE-SH,,ChIJ0Zp9hY5ZXz4RZlq4HHZvx2g,2021-03-01,-1,15,-23,-11,-19,7
AE,United Arab Emirates,Sharjah,,,AE-SH,,ChIJ0Zp9hY5ZXz4RZlq4HHZvx2g,2021-03-02,-1,14,-22,-20,-20,7
AE,United Arab Emirates,Sharjah,,,AE-SH,,ChIJ0Zp9hY5ZXz4RZlq4HHZvx2g,2021-03-03,0,13,-25,-17,-20,7
AE,United Arab Emirates,Sharjah,,,AE-SH,,ChIJ0Zp9hY5ZXz4RZlq4HHZvx2g,2021-03-04,2,15,-25,-15,-20,7
AE,United Arab Emirates,Sharjah,,,AE-SH,,ChIJ0Zp9hY5ZXz4RZlq4HHZvx2g,2021-03-05,-1,13,-18,-9,-16,5
AE,United Arab Emirates,Sharjah,,,AE-SH,,ChIJ0Zp9hY5ZXz4RZlq4HHZvx2g,2021-03-06,0,11,-26,-15,-13,4
AE,United Arab Emirates,Sharjah,,,AE-SH,,ChIJ0Zp9hY5ZXz4RZlq4HHZvx2g,2021-03-07,5,16,-28,-11,-20,7
AE,United Arab Emirates,Sharjah,,,AE-SH,,ChIJ0Zp9hY5ZXz4RZlq4HHZvx2g,2021-03-08,1,12,-25,-18,-18,7
AE,United Arab Emirates,Sharjah,,,AE-SH,,ChIJ0Zp9hY5ZXz4RZlq4HHZvx2g,2021-03-09,0,11,-24,-21,-20,7
AE,United Arab Emirates,Sharjah,,,AE-SH,,ChIJ0Zp9hY5ZXz4RZlq4HHZvx2g,2021-03-10,0,13,-26,-18,-19,7
AE,United Arab Emirates,Sharjah,,,AE-SH,,ChIJ0Zp9hY5ZXz4RZlq4HHZvx2g,2021-03-11,2,15,-27,-16,-19,8
AE,United Arab Emirates,Sharjah,,,AE-SH,,ChIJ0Zp9hY5ZXz4RZlq4HHZvx2g,2021-03-12,-1,12,-18,-11,-15,5
AE,United Arab Emirates,Sharjah,,,AE-SH,,ChIJ0Zp9hY5ZXz4RZlq4HHZvx2g,2021-03-13,0,11,-28,-17,-13,4
AE,United Arab Emirates,Sharjah,,,AE-SH,,ChIJ0Zp9hY5ZXz4RZlq4HHZvx2g,2021-03-14,6,17,-26,-9,-19,6
AE,United Arab Emirates,Sharjah,,,AE-SH,,ChIJ0Zp9hY5ZXz4RZlq4HHZvx2g,2021-03-15,1,13,-24,-13,-17,7
AE,United Arab Emirates,Sharjah,,,AE-SH,,ChIJ0Zp9hY5ZXz4RZlq4HHZvx2g,2021-03-16,-1,13,-23,-16,-19,7
AE,United Arab Emirates,Sharjah,,,AE-SH,,ChIJ0Zp9hY5ZXz4RZlq4HHZvx2g,2021-03-17,0,13,-26,-16,-17,7
AE,United Arab Emirates,Sharjah,,,AE-SH,,ChIJ0Zp9hY5ZXz4RZlq4HHZvx2g,2021-03-18,3,17,-25,-14,-17,8
AE,United Arab Emirates,Sharjah,,,AE-SH,,ChIJ0Zp9hY5ZXz4RZlq4HHZvx2g,2021-03-19,1,16,-18,-11,-13,5
AE,United Arab Emirates,Sharjah,,,AE-SH,,ChIJ0Zp9hY5ZXz4RZlq4HHZvx2g,2021-03-20,0,14,-24,-10,-11,4
AE,United Arab Emirates,Sharjah,,,AE-SH,,ChIJ0Zp9hY5ZXz4RZlq4HHZvx2g,2021-03-21,7,20,-26,-8,-18,7
AE,United Arab Emirates,Sharjah,,,AE-SH,,ChIJ0Zp9hY5ZXz4RZlq4HHZvx2g,2021-03-22,1,15,-23,-17,-16,7
AE,United Arab Emirates,Sharjah,,,AE-SH,,ChIJ0Zp9hY5ZXz4RZlq4HHZvx2g,2021-03-23,0,13,-23,-16,-17,7
AE,United Arab Emirates,Sharjah,,,AE-SH,,ChIJ0Zp9hY5ZXz4RZlq4HHZvx2g,2021-03-24,2,14,-24,-13,-17,7
AE,United Arab Emirates,Sharjah,,,AE-SH,,ChIJ0Zp9hY5ZXz4RZlq4HHZvx2g,2021-03-25,5,20,-24,-9,-19,8
AE,United Arab Emirates,Sharjah,,,AE-SH,,ChIJ0Zp9hY5ZXz4RZlq4HHZvx2g,2021-03-26,1,16,-18,-7,-12,5
AE,United Arab Emirates,Sharjah,,,AE-SH,,ChIJ0Zp9hY5ZXz4RZlq4HHZvx2g,2021-03-27,2,16,-23,-9,-10,4
AE,United Arab Emirates,Umm Al Quawain,,,AE-UQ,,ChIJP-14gXD99T4RGDyAmyB_vKE,2021-01-01,15,15,,,-6,
AE,United Arab Emirates,Umm Al Quawain,,,AE-UQ,,ChIJP-14gXD99T4RGDyAmyB_vKE,2021-01-02,11,15,,,2,9
AE,United Arab Emirates,Umm Al Quawain,,,AE-UQ,,ChIJP-14gXD99T4RGDyAmyB_vKE,2021-01-03,4,8,,,-2,11
AE,United Arab Emirates,Umm Al Quawain,,,AE-UQ,,ChIJP-14gXD99T4RGDyAmyB_vKE,2021-01-04,2,10,,,-4,10
AE,United Arab Emirates,Umm Al Quawain,,,AE-UQ,,ChIJP-14gXD99T4RGDyAmyB_vKE,2021-01-05,4,7,,,-4,10
AE,United Arab Emirates,Umm Al Quawain,,,AE-UQ,,ChIJP-14gXD99T4RGDyAmyB_vKE,2021-01-06,8,8,,,-4,10
AE,United Arab Emirates,Umm Al Quawain,,,AE-UQ,,ChIJP-14gXD99T4RGDyAmyB_vKE,2021-01-07,3,9,,,-5,11
AE,United Arab Emirates,Umm Al Quawain,,,AE-UQ,,ChIJP-14gXD99T4RGDyAmyB_vKE,2021-01-08,14,14,,,2,
AE,United Arab Emirates,Umm Al Quawain,,,AE-UQ,,ChIJP-14gXD99T4RGDyAmyB_vKE,2021-01-09,13,16,,,1,8
AE,United Arab Emirates,Umm Al Quawain,,,AE-UQ,,ChIJP-14gXD99T4RGDyAmyB_vKE,2021-01-10,7,9,,,-6,8
AE,United Arab Emirates,Umm Al Quawain,,,AE-UQ,,ChIJP-14gXD99T4RGDyAmyB_vKE,2021-01-11,2,8,,,-9,9
AE,United Arab Emirates,Umm Al Quawain,,,AE-UQ,,ChIJP-14gXD99T4RGDyAmyB_vKE,2021-01-12,5,7,,,-7,9
AE,United Arab Emirates,Umm Al Quawain,,,AE-UQ,,ChIJP-14gXD99T4RGDyAmyB_vKE,2021-01-13,2,0,,,-9,8
AE,United Arab Emirates,Umm Al Quawain,,,AE-UQ,,ChIJP-14gXD99T4RGDyAmyB_vKE,2021-01-14,3,4,,,-13,7
AE,United Arab Emirates,Umm Al Quawain,,,AE-UQ,,ChIJP-14gXD99T4RGDyAmyB_vKE,2021-01-15,9,4,,,-11,
AE,United Arab Emirates,Umm Al Quawain,,,AE-UQ,,ChIJP-14gXD99T4RGDyAmyB_vKE,2021-01-16,2,3,,,-8,6
AE,United Arab Emirates,Umm Al Quawain,,,AE-UQ,,ChIJP-14gXD99T4RGDyAmyB_vKE,2021-01-17,1,0,,,-13,8
AE,United Arab Emirates,Umm Al Quawain,,,AE-UQ,,ChIJP-14gXD99T4RGDyAmyB_vKE,2021-01-18,-1,1,,,-15,8
AE,United Arab Emirates,Umm Al Quawain,,,AE-UQ,,ChIJP-14gXD99T4RGDyAmyB_vKE,2021-01-19,1,-5,,,-14,8
AE,United Arab Emirates,Umm Al Quawain,,,AE-UQ,,ChIJP-14gXD99T4RGDyAmyB_vKE,2021-01-20,2,-7,,,-15,8
AE,United Arab Emirates,Umm Al Quawain,,,AE-UQ,,ChIJP-14gXD99T4RGDyAmyB_vKE,2021-01-21,-3,-1,,,-15,9
AE,United Arab Emirates,Umm Al Quawain,,,AE-UQ,,ChIJP-14gXD99T4RGDyAmyB_vKE,2021-01-22,6,1,,,-10,
AE,United Arab Emirates,Umm Al Quawain,,,AE-UQ,,ChIJP-14gXD99T4RGDyAmyB_vKE,2021-01-23,2,1,,,-10,8
AE,United Arab Emirates,Umm Al Quawain,,,AE-UQ,,ChIJP-14gXD99T4RGDyAmyB_vKE,2021-01-24,1,1,,,-13,9
AE,United Arab Emirates,Umm Al Quawain,,,AE-UQ,,ChIJP-14gXD99T4RGDyAmyB_vKE,2021-01-25,0,-1,,,-15,9
AE,United Arab Emirates,Umm Al Quawain,,,AE-UQ,,ChIJP-14gXD99T4RGDyAmyB_vKE,2021-01-26,2,-2,,,-14,9
AE,United Arab Emirates,Umm Al Quawain,,,AE-UQ,,ChIJP-14gXD99T4RGDyAmyB_vKE,2021-01-27,7,-3,,,-12,9
AE,United Arab Emirates,Umm Al Quawain,,,AE-UQ,,ChIJP-14gXD99T4RGDyAmyB_vKE,2021-01-28,6,3,,,-14,9
AE,United Arab Emirates,Umm Al Quawain,,,AE-UQ,,ChIJP-14gXD99T4RGDyAmyB_vKE,2021-01-29,14,6,,,-12,
AE,United Arab Emirates,Umm Al Quawain,,,AE-UQ,,ChIJP-14gXD99T4RGDyAmyB_vKE,2021-01-30,10,8,,,-5,5
AE,United Arab Emirates,Umm Al Quawain,,,AE-UQ,,ChIJP-14gXD99T4RGDyAmyB_vKE,2021-01-31,10,7,,,-10,6
AE,United Arab Emirates,Umm Al Quawain,,,AE-UQ,,ChIJP-14gXD99T4RGDyAmyB_vKE,2021-02-01,7,6,,,-11,5
AE,United Arab Emirates,Umm Al Quawain,,,AE-UQ,,ChIJP-14gXD99T4RGDyAmyB_vKE,2021-02-02,13,3,,,-10,6
AE,United Arab Emirates,Umm Al Quawain,,,AE-UQ,,ChIJP-14gXD99T4RGDyAmyB_vKE,2021-02-03,6,-1,,,-15,7
AE,United Arab Emirates,Umm Al Quawain,,,AE-UQ,,ChIJP-14gXD99T4RGDyAmyB_vKE,2021-02-04,7,1,,,-15,6
AE,United Arab Emirates,Umm Al Quawain,,,AE-UQ,,ChIJP-14gXD99T4RGDyAmyB_vKE,2021-02-05,14,3,,,-11,
AE,United Arab Emirates,Umm Al Quawain,,,AE-UQ,,ChIJP-14gXD99T4RGDyAmyB_vKE,2021-02-06,8,6,,,-7,4
AE,United Arab Emirates,Umm Al Quawain,,,AE-UQ,,ChIJP-14gXD99T4RGDyAmyB_vKE,2021-02-07,5,5,,,-13,6
AE,United Arab Emirates,Umm Al Quawain,,,AE-UQ,,ChIJP-14gXD99T4RGDyAmyB_vKE,2021-02-08,5,4,,,-14,5
AE,United Arab Emirates,Umm Al Quawain,,,AE-UQ,,ChIJP-14gXD99T4RGDyAmyB_vKE,2021-02-09,10,5,,,-11,6
AE,United Arab Emirates,Umm Al Quawain,,,AE-UQ,,ChIJP-14gXD99T4RGDyAmyB_vKE,2021-02-10,10,4,,,-13,5
AE,United Arab Emirates,Umm Al Quawain,,,AE-UQ,,ChIJP-14gXD99T4RGDyAmyB_vKE,2021-02-11,8,5,,,-10,6
AE,United Arab Emirates,Umm Al Quawain,,,AE-UQ,,ChIJP-14gXD99T4RGDyAmyB_vKE,2021-02-12,18,9,,,-11,
AE,United Arab Emirates,Umm Al Quawain,,,AE-UQ,,ChIJP-14gXD99T4RGDyAmyB_vKE,2021-02-13,19,12,,,-3,3
AE,United Arab Emirates,Umm Al Quawain,,,AE-UQ,,ChIJP-14gXD99T4RGDyAmyB_vKE,2021-02-14,15,11,,,-10,5
AE,United Arab Emirates,Umm Al Quawain,,,AE-UQ,,ChIJP-14gXD99T4RGDyAmyB_vKE,2021-02-15,8,7,,,-11,5
AE,United Arab Emirates,Umm Al Quawain,,,AE-UQ,,ChIJP-14gXD99T4RGDyAmyB_vKE,2021-02-16,13,5,,,-9,6
AE,United Arab Emirates,Umm Al Quawain,,,AE-UQ,,ChIJP-14gXD99T4RGDyAmyB_vKE,2021-02-17,15,9,,,-9,6
AE,United Arab Emirates,Umm Al Quawain,,,AE-UQ,,ChIJP-14gXD99T4RGDyAmyB_vKE,2021-02-18,12,9,,,-11,6
AE,United Arab Emirates,Umm Al Quawain,,,AE-UQ,,ChIJP-14gXD99T4RGDyAmyB_vKE,2021-02-19,17,9,,,-3,
AE,United Arab Emirates,Umm Al Quawain,,,AE-UQ,,ChIJP-14gXD99T4RGDyAmyB_vKE,2021-02-20,16,13,,,-3,3
AE,United Arab Emirates,Umm Al Quawain,,,AE-UQ,,ChIJP-14gXD99T4RGDyAmyB_vKE,2021-02-21,15,13,,,-9,5
AE,United Arab Emirates,Umm Al Quawain,,,AE-UQ,,ChIJP-14gXD99T4RGDyAmyB_vKE,2021-02-22,11,5,,,-8,5
AE,United Arab Emirates,Umm Al Quawain,,,AE-UQ,,ChIJP-14gXD99T4RGDyAmyB_vKE,2021-02-23,13,4,,,-8,5
AE,United Arab Emirates,Umm Al Quawain,,,AE-UQ,,ChIJP-14gXD99T4RGDyAmyB_vKE,2021-02-24,12,4,,,-8,6
AE,United Arab Emirates,Umm Al Quawain,,,AE-UQ,,ChIJP-14gXD99T4RGDyAmyB_vKE,2021-02-25,13,11,,,-9,6
AE,United Arab Emirates,Umm Al Quawain,,,AE-UQ,,ChIJP-14gXD99T4RGDyAmyB_vKE,2021-02-26,21,11,,,-2,
AE,United Arab Emirates,Umm Al Quawain,,,AE-UQ,,ChIJP-14gXD99T4RGDyAmyB_vKE,2021-02-27,20,21,,,1,4
AE,United Arab Emirates,Umm Al Quawain,,,AE-UQ,,ChIJP-14gXD99T4RGDyAmyB_vKE,2021-02-28,20,22,,,-9,5
AE,United Arab Emirates,Umm Al Quawain,,,AE-UQ,,ChIJP-14gXD99T4RGDyAmyB_vKE,2021-03-01,19,19,,,-10,5
AE,United Arab Emirates,Umm Al Quawain,,,AE-UQ,,ChIJP-14gXD99T4RGDyAmyB_vKE,2021-03-02,22,17,,,-5,5
AE,United Arab Emirates,Umm Al Quawain,,,AE-UQ,,ChIJP-14gXD99T4RGDyAmyB_vKE,2021-03-03,24,18,,,-7,5
AE,United Arab Emirates,Umm Al Quawain,,,AE-UQ,,ChIJP-14gXD99T4RGDyAmyB_vKE,2021-03-04,24,18,,,-8,6
AE,United Arab Emirates,Umm Al Quawain,,,AE-UQ,,ChIJP-14gXD99T4RGDyAmyB_vKE,2021-03-05,35,19,,,-2,
AE,United Arab Emirates,Umm Al Quawain,,,AE-UQ,,ChIJP-14gXD99T4RGDyAmyB_vKE,2021-03-06,27,20,,,0,4
AE,United Arab Emirates,Umm Al Quawain,,,AE-UQ,,ChIJP-14gXD99T4RGDyAmyB_vKE,2021-03-07,23,16,,,-6,5
AE,United Arab Emirates,Umm Al Quawain,,,AE-UQ,,ChIJP-14gXD99T4RGDyAmyB_vKE,2021-03-08,17,17,,,-9,6
AE,United Arab Emirates,Umm Al Quawain,,,AE-UQ,,ChIJP-14gXD99T4RGDyAmyB_vKE,2021-03-09,25,15,,,-7,5
AE,United Arab Emirates,Umm Al Quawain,,,AE-UQ,,ChIJP-14gXD99T4RGDyAmyB_vKE,2021-03-10,22,15,,,-6,5
AE,United Arab Emirates,Umm Al Quawain,,,AE-UQ,,ChIJP-14gXD99T4RGDyAmyB_vKE,2021-03-11,24,17,,,-7,6
AE,United Arab Emirates,Umm Al Quawain,,,AE-UQ,,ChIJP-14gXD99T4RGDyAmyB_vKE,2021-03-12,36,16,,,1,
AE,United Arab Emirates,Umm Al Quawain,,,AE-UQ,,ChIJP-14gXD99T4RGDyAmyB_vKE,2021-03-13,27,19,,,2,4
AE,United Arab Emirates,Umm Al Quawain,,,AE-UQ,,ChIJP-14gXD99T4RGDyAmyB_vKE,2021-03-14,23,21,,,-5,6
AE,United Arab Emirates,Umm Al Quawain,,,AE-UQ,,ChIJP-14gXD99T4RGDyAmyB_vKE,2021-03-15,20,16,,,-4,6
AE,United Arab Emirates,Umm Al Quawain,,,AE-UQ,,ChIJP-14gXD99T4RGDyAmyB_vKE,2021-03-16,23,14,,,-4,5
AE,United Arab Emirates,Umm Al Quawain,,,AE-UQ,,ChIJP-14gXD99T4RGDyAmyB_vKE,2021-03-17,24,12,,,-3,6
AE,United Arab Emirates,Umm Al Quawain,,,AE-UQ,,ChIJP-14gXD99T4RGDyAmyB_vKE,2021-03-18,22,15,,,-2,6
AE,United Arab Emirates,Umm Al Quawain,,,AE-UQ,,ChIJP-14gXD99T4RGDyAmyB_vKE,2021-03-19,34,13,,,4,
AE,United Arab Emirates,Umm Al Quawain,,,AE-UQ,,ChIJP-14gXD99T4RGDyAmyB_vKE,2021-03-20,28,20,,,7,4
AE,United Arab Emirates,Umm Al Quawain,,,AE-UQ,,ChIJP-14gXD99T4RGDyAmyB_vKE,2021-03-21,23,17,,,-3,6
AE,United Arab Emirates,Umm Al Quawain,,,AE-UQ,,ChIJP-14gXD99T4RGDyAmyB_vKE,2021-03-22,21,16,,,-2,6
AE,United Arab Emirates,Umm Al Quawain,,,AE-UQ,,ChIJP-14gXD99T4RGDyAmyB_vKE,2021-03-23,24,13,,,-2,5
AE,United Arab Emirates,Umm Al Quawain,,,AE-UQ,,ChIJP-14gXD99T4RGDyAmyB_vKE,2021-03-24,24,10,,,-2,6
AE,United Arab Emirates,Umm Al Quawain,,,AE-UQ,,ChIJP-14gXD99T4RGDyAmyB_vKE,2021-03-25,28,17,,,-4,7
AE,United Arab Emirates,Umm Al Quawain,,,AE-UQ,,ChIJP-14gXD99T4RGDyAmyB_vKE,2021-03-26,41,13,,,5,
AE,United Arab Emirates,Umm Al Quawain,,,AE-UQ,,ChIJP-14gXD99T4RGDyAmyB_vKE,2021-03-27,32,24,,,7,3
