country_region_code,country_region,sub_region_1,sub_region_2,metro_area,iso_3166_2_code,census_fips_code,place_id,date,retail_and_recreation_percent_change_from_baseline,grocery_and_pharmacy_percent_change_from_baseline,parks_percent_change_from_baseline,transit_stations_percent_change_from_baseline,workplaces_percent_change_from_baseline,residential_percent_change_from_baseline
HT,Haiti,,,,,,ChIJEbvLf_PGto4R0_ZUTLI4FLU,2021-01-01,-36,-46,-3,-30,-69,14
HT,Haiti,,,,,,ChIJEbvLf_PGto4R0_ZUTLI4FLU,2021-01-02,-34,-30,-6,-23,-48,13
HT,Haiti,,,,,,ChIJEbvLf_PGto4R0_ZUTLI4FLU,2021-01-03,-19,-17,-2,4,-32,6
HT,Haiti,,,,,,ChIJEbvLf_PGto4R0_ZUTLI4FLU,2021-01-04,-14,-11,0,8,-33,9
HT,Haiti,,,,,,ChIJEbvLf_PGto4R0_ZUTLI4FLU,2021-01-05,-12,-9,3,5,-28,9
HT,Haiti,,,,,,ChIJEbvLf_PGto4R0_ZUTLI4FLU,2021-01-06,-9,-8,-1,7,-26,9
HT,Haiti,,,,,,ChIJEbvLf_PGto4R0_ZUTLI4FLU,2021-01-07,-10,-9,-4,11,-24,9
HT,Haiti,,,,,,ChIJEbvLf_PGto4R0_ZUTLI4FLU,2021-01-08,-8,-6,-11,15,-22,8
HT,Haiti,,,,,,ChIJEbvLf_PGto4R0_ZUTLI4FLU,2021-01-09,-4,-9,-13,11,-19,6
HT,Haiti,,,,,,ChIJEbvLf_PGto4R0_ZUTLI4FLU,2021-01-10,-5,-10,-17,18,-23,5
HT,Haiti,,,,,,ChIJEbvLf_PGto4R0_ZUTLI4FLU,2021-01-11,-1,-4,-12,23,-17,4
HT,Haiti,,,,,,ChIJEbvLf_PGto4R0_ZUTLI4FLU,2021-01-12,-7,-9,-15,9,-21,4
HT,Haiti,,,,,,ChIJEbvLf_PGto4R0_ZUTLI4FLU,2021-01-13,-13,-21,-24,-1,-28,1
HT,Haiti,,,,,,ChIJEbvLf_PGto4R0_ZUTLI4FLU,2021-01-14,-22,-27,-33,-8,-35,2
HT,Haiti,,,,,,ChIJEbvLf_PGto4R0_ZUTLI4FLU,2021-01-15,-35,-38,-48,-25,-41,5
HT,Haiti,,,,,,ChIJEbvLf_PGto4R0_ZUTLI4FLU,2021-01-16,-29,-35,-43,-23,-42,4
HT,Haiti,,,,,,ChIJEbvLf_PGto4R0_ZUTLI4FLU,2021-01-17,-29,-33,-42,-20,-44,4
HT,Haiti,,,,,,ChIJEbvLf_PGto4R0_ZUTLI4FLU,2021-01-18,-26,-31,-36,-9,-36,4
HT,Haiti,,,,,,ChIJEbvLf_PGto4R0_ZUTLI4FLU,2021-01-19,-26,-31,-37,-19,-36,4
HT,Haiti,,,,,,ChIJEbvLf_PGto4R0_ZUTLI4FLU,2021-01-20,-29,-34,-35,-22,-35,6
HT,Haiti,,,,,,ChIJEbvLf_PGto4R0_ZUTLI4FLU,2021-01-21,-23,-27,-33,-11,-33,5
HT,Haiti,,,,,,ChIJEbvLf_PGto4R0_ZUTLI4FLU,2021-01-22,-25,-28,-36,-13,-34,5
HT,Haiti,,,,,,ChIJEbvLf_PGto4R0_ZUTLI4FLU,2021-01-23,-23,-29,-34,-18,-35,5
HT,Haiti,,,,,,ChIJEbvLf_PGto4R0_ZUTLI4FLU,2021-01-24,-25,-27,-34,-14,-39,4
HT,Haiti,,,,,,ChIJEbvLf_PGto4R0_ZUTLI4FLU,2021-01-25,-23,-29,-32,-7,-31,4
HT,Haiti,,,,,,ChIJEbvLf_PGto4R0_ZUTLI4FLU,2021-01-26,-24,-26,-31,-14,-32,5
HT,Haiti,,,,,,ChIJEbvLf_PGto4R0_ZUTLI4FLU,2021-01-27,-22,-26,-29,-11,-31,5
HT,Haiti,,,,,,ChIJEbvLf_PGto4R0_ZUTLI4FLU,2021-01-28,-22,-25,-29,-6,-31,4
HT,Haiti,,,,,,ChIJEbvLf_PGto4R0_ZUTLI4FLU,2021-01-29,-29,-23,-39,-19,-37,6
HT,Haiti,,,,,,ChIJEbvLf_PGto4R0_ZUTLI4FLU,2021-01-30,-27,-21,-36,-16,-37,4
HT,Haiti,,,,,,ChIJEbvLf_PGto4R0_ZUTLI4FLU,2021-01-31,-37,-31,-40,-20,-41,5
HT,Haiti,,,,,,ChIJEbvLf_PGto4R0_ZUTLI4FLU,2021-02-01,-61,-65,-51,-55,-68,20
HT,Haiti,,,,,,ChIJEbvLf_PGto4R0_ZUTLI4FLU,2021-02-02,-61,-61,-49,-56,-67,21
HT,Haiti,,,,,,ChIJEbvLf_PGto4R0_ZUTLI4FLU,2021-02-03,-37,-33,-38,-34,-46,12
HT,Haiti,,,,,,ChIJEbvLf_PGto4R0_ZUTLI4FLU,2021-02-04,-32,-27,-32,-26,-43,8
HT,Haiti,,,,,,ChIJEbvLf_PGto4R0_ZUTLI4FLU,2021-02-05,-33,-23,-33,-25,-44,9
HT,Haiti,,,,,,ChIJEbvLf_PGto4R0_ZUTLI4FLU,2021-02-06,-42,-35,-36,-42,-45,11
HT,Haiti,,,,,,ChIJEbvLf_PGto4R0_ZUTLI4FLU,2021-02-07,-65,-73,-45,-69,-59,19
HT,Haiti,,,,,,ChIJEbvLf_PGto4R0_ZUTLI4FLU,2021-02-08,-55,-55,-39,-59,-65,21
HT,Haiti,,,,,,ChIJEbvLf_PGto4R0_ZUTLI4FLU,2021-02-09,-40,-38,-35,-43,-49,14
HT,Haiti,,,,,,ChIJEbvLf_PGto4R0_ZUTLI4FLU,2021-02-10,-33,-30,-33,-31,-42,11
HT,Haiti,,,,,,ChIJEbvLf_PGto4R0_ZUTLI4FLU,2021-02-11,-31,-27,-35,-26,-40,9
HT,Haiti,,,,,,ChIJEbvLf_PGto4R0_ZUTLI4FLU,2021-02-12,-31,-23,-41,-21,-40,7
HT,Haiti,,,,,,ChIJEbvLf_PGto4R0_ZUTLI4FLU,2021-02-13,-26,-19,-31,-23,-38,3
HT,Haiti,,,,,,ChIJEbvLf_PGto4R0_ZUTLI4FLU,2021-02-14,-30,-16,-30,-32,-40,4
HT,Haiti,,,,,,ChIJEbvLf_PGto4R0_ZUTLI4FLU,2021-02-15,-34,-27,-35,-29,-54,9
HT,Haiti,,,,,,ChIJEbvLf_PGto4R0_ZUTLI4FLU,2021-02-16,-42,-36,-38,-42,-64,11
HT,Haiti,,,,,,ChIJEbvLf_PGto4R0_ZUTLI4FLU,2021-02-17,-40,-35,-40,-40,-60,11
HT,Haiti,,,,,,ChIJEbvLf_PGto4R0_ZUTLI4FLU,2021-02-18,-23,-18,-34,-17,-33,4
HT,Haiti,,,,,,ChIJEbvLf_PGto4R0_ZUTLI4FLU,2021-02-19,-24,-19,-36,-18,-33,5
HT,Haiti,,,,,,ChIJEbvLf_PGto4R0_ZUTLI4FLU,2021-02-20,-22,-21,-30,-22,-32,3
HT,Haiti,,,,,,ChIJEbvLf_PGto4R0_ZUTLI4FLU,2021-02-21,-31,-24,-35,-26,-38,4
HT,Haiti,,,,,,ChIJEbvLf_PGto4R0_ZUTLI4FLU,2021-02-22,-21,-15,-31,-11,-30,2
HT,Haiti,,,,,,ChIJEbvLf_PGto4R0_ZUTLI4FLU,2021-02-23,-21,-18,-32,-16,-29,2
HT,Haiti,,,,,,ChIJEbvLf_PGto4R0_ZUTLI4FLU,2021-02-24,-18,-17,-32,-12,-27,2
HT,Haiti,,,,,,ChIJEbvLf_PGto4R0_ZUTLI4FLU,2021-02-25,-19,-18,-32,-8,-26,2
HT,Haiti,,,,,,ChIJEbvLf_PGto4R0_ZUTLI4FLU,2021-02-26,-18,-12,-35,-9,-27,2
HT,Haiti,,,,,,ChIJEbvLf_PGto4R0_ZUTLI4FLU,2021-02-27,-15,-13,-28,-16,-29,1
HT,Haiti,,,,,,ChIJEbvLf_PGto4R0_ZUTLI4FLU,2021-02-28,-28,-23,-31,-22,-36,3
HT,Haiti,,,,,,ChIJEbvLf_PGto4R0_ZUTLI4FLU,2021-03-01,-18,-11,-31,-9,-26,1
HT,Haiti,,,,,,ChIJEbvLf_PGto4R0_ZUTLI4FLU,2021-03-02,-16,-11,-29,-12,-24,1
HT,Haiti,,,,,,ChIJEbvLf_PGto4R0_ZUTLI4FLU,2021-03-03,-18,-13,-32,-15,-25,2
HT,Haiti,,,,,,ChIJEbvLf_PGto4R0_ZUTLI4FLU,2021-03-04,-19,-15,-32,-11,-24,2
HT,Haiti,,,,,,ChIJEbvLf_PGto4R0_ZUTLI4FLU,2021-03-05,-17,-16,-34,-9,-24,2
HT,Haiti,,,,,,ChIJEbvLf_PGto4R0_ZUTLI4FLU,2021-03-06,-18,-20,-30,-17,-27,1
HT,Haiti,,,,,,ChIJEbvLf_PGto4R0_ZUTLI4FLU,2021-03-07,-27,-22,-31,-19,-34,2
HT,Haiti,,,,,,ChIJEbvLf_PGto4R0_ZUTLI4FLU,2021-03-08,-19,-18,-31,-5,-27,1
HT,Haiti,,,,,,ChIJEbvLf_PGto4R0_ZUTLI4FLU,2021-03-09,-18,-19,-32,-13,-25,2
HT,Haiti,,,,,,ChIJEbvLf_PGto4R0_ZUTLI4FLU,2021-03-10,-15,-18,-33,-10,-23,2
HT,Haiti,,,,,,ChIJEbvLf_PGto4R0_ZUTLI4FLU,2021-03-11,-13,-16,-31,-7,-22,1
HT,Haiti,,,,,,ChIJEbvLf_PGto4R0_ZUTLI4FLU,2021-03-12,-17,-16,-32,-6,-26,3
HT,Haiti,,,,,,ChIJEbvLf_PGto4R0_ZUTLI4FLU,2021-03-13,-14,-17,-26,-10,-26,1
HT,Haiti,,,,,,ChIJEbvLf_PGto4R0_ZUTLI4FLU,2021-03-14,-22,-20,-29,-17,-32,2
HT,Haiti,,,,,,ChIJEbvLf_PGto4R0_ZUTLI4FLU,2021-03-15,-20,-20,-32,-10,-24,2
HT,Haiti,,,,,,ChIJEbvLf_PGto4R0_ZUTLI4FLU,2021-03-16,-11,-13,-30,-3,-21,1
HT,Haiti,,,,,,ChIJEbvLf_PGto4R0_ZUTLI4FLU,2021-03-17,-38,-41,-35,-35,-35,9
HT,Haiti,,,,,,ChIJEbvLf_PGto4R0_ZUTLI4FLU,2021-03-18,-29,-22,-36,-27,-35,9
HT,Haiti,,,,,,ChIJEbvLf_PGto4R0_ZUTLI4FLU,2021-03-19,-19,-11,-34,-10,-27,5
HT,Haiti,,,,,,ChIJEbvLf_PGto4R0_ZUTLI4FLU,2021-03-20,-12,-8,-24,-9,-25,2
HT,Haiti,,,,,,ChIJEbvLf_PGto4R0_ZUTLI4FLU,2021-03-21,-21,-13,-28,-14,-32,2
HT,Haiti,,,,,,ChIJEbvLf_PGto4R0_ZUTLI4FLU,2021-03-22,-20,-15,-34,-9,-23,3
HT,Haiti,,,,,,ChIJEbvLf_PGto4R0_ZUTLI4FLU,2021-03-23,-13,-8,-30,-3,-20,2
HT,Haiti,,,,,,ChIJEbvLf_PGto4R0_ZUTLI4FLU,2021-03-24,-9,-8,-26,-5,-20,1
HT,Haiti,,,,,,ChIJEbvLf_PGto4R0_ZUTLI4FLU,2021-03-25,-10,-9,-27,-2,-19,1
HT,Haiti,,,,,,ChIJEbvLf_PGto4R0_ZUTLI4FLU,2021-03-26,-9,-4,-27,8,-21,1
HT,Haiti,,,,,,ChIJEbvLf_PGto4R0_ZUTLI4FLU,2021-03-27,-8,-6,-19,5,-24,-1
HT,Haiti,,,Port-au-Prince Metropolitan Area,,,ChIJ45pR8ETmuY4RNy5Kt_6DgXE,2021-01-01,-46,-53,-34,-42,-73,18
HT,Haiti,,,Port-au-Prince Metropolitan Area,,,ChIJ45pR8ETmuY4RNy5Kt_6DgXE,2021-01-02,-41,-32,-35,-32,-51,16
HT,Haiti,,,Port-au-Prince Metropolitan Area,,,ChIJ45pR8ETmuY4RNy5Kt_6DgXE,2021-01-03,-21,-21,-31,-7,-30,8
HT,Haiti,,,Port-au-Prince Metropolitan Area,,,ChIJ45pR8ETmuY4RNy5Kt_6DgXE,2021-01-04,-14,-15,-21,-2,-32,11
HT,Haiti,,,Port-au-Prince Metropolitan Area,,,ChIJ45pR8ETmuY4RNy5Kt_6DgXE,2021-01-05,-11,-12,-9,-3,-26,11
HT,Haiti,,,Port-au-Prince Metropolitan Area,,,ChIJ45pR8ETmuY4RNy5Kt_6DgXE,2021-01-06,-9,-8,-14,0,-25,12
HT,Haiti,,,Port-au-Prince Metropolitan Area,,,ChIJ45pR8ETmuY4RNy5Kt_6DgXE,2021-01-07,-9,-10,-18,2,-24,11
HT,Haiti,,,Port-au-Prince Metropolitan Area,,,ChIJ45pR8ETmuY4RNy5Kt_6DgXE,2021-01-08,-9,-8,-20,6,-23,10
HT,Haiti,,,Port-au-Prince Metropolitan Area,,,ChIJ45pR8ETmuY4RNy5Kt_6DgXE,2021-01-09,-3,-8,-19,1,-18,8
HT,Haiti,,,Port-au-Prince Metropolitan Area,,,ChIJ45pR8ETmuY4RNy5Kt_6DgXE,2021-01-10,-4,-11,-27,5,-20,6
HT,Haiti,,,Port-au-Prince Metropolitan Area,,,ChIJ45pR8ETmuY4RNy5Kt_6DgXE,2021-01-11,3,-8,-18,9,-15,6
HT,Haiti,,,Port-au-Prince Metropolitan Area,,,ChIJ45pR8ETmuY4RNy5Kt_6DgXE,2021-01-12,-6,-12,-19,-2,-19,6
HT,Haiti,,,Port-au-Prince Metropolitan Area,,,ChIJ45pR8ETmuY4RNy5Kt_6DgXE,2021-01-13,-13,-20,-26,-8,-27,3
HT,Haiti,,,Port-au-Prince Metropolitan Area,,,ChIJ45pR8ETmuY4RNy5Kt_6DgXE,2021-01-14,-21,-26,-33,-15,-34,3
HT,Haiti,,,Port-au-Prince Metropolitan Area,,,ChIJ45pR8ETmuY4RNy5Kt_6DgXE,2021-01-15,-36,-38,-54,-32,-41,7
HT,Haiti,,,Port-au-Prince Metropolitan Area,,,ChIJ45pR8ETmuY4RNy5Kt_6DgXE,2021-01-16,-27,-32,-47,-28,-40,6
HT,Haiti,,,Port-au-Prince Metropolitan Area,,,ChIJ45pR8ETmuY4RNy5Kt_6DgXE,2021-01-17,-27,-35,-46,-26,-41,5
HT,Haiti,,,Port-au-Prince Metropolitan Area,,,ChIJ45pR8ETmuY4RNy5Kt_6DgXE,2021-01-18,-23,-31,-38,-16,-33,5
HT,Haiti,,,Port-au-Prince Metropolitan Area,,,ChIJ45pR8ETmuY4RNy5Kt_6DgXE,2021-01-19,-24,-32,-38,-28,-33,6
HT,Haiti,,,Port-au-Prince Metropolitan Area,,,ChIJ45pR8ETmuY4RNy5Kt_6DgXE,2021-01-20,-30,-33,-40,-30,-33,8
HT,Haiti,,,Port-au-Prince Metropolitan Area,,,ChIJ45pR8ETmuY4RNy5Kt_6DgXE,2021-01-21,-21,-24,-34,-18,-33,7
HT,Haiti,,,Port-au-Prince Metropolitan Area,,,ChIJ45pR8ETmuY4RNy5Kt_6DgXE,2021-01-22,-25,-28,-40,-21,-33,7
HT,Haiti,,,Port-au-Prince Metropolitan Area,,,ChIJ45pR8ETmuY4RNy5Kt_6DgXE,2021-01-23,-21,-26,-38,-25,-33,7
HT,Haiti,,,Port-au-Prince Metropolitan Area,,,ChIJ45pR8ETmuY4RNy5Kt_6DgXE,2021-01-24,-25,-29,-37,-24,-37,6
HT,Haiti,,,Port-au-Prince Metropolitan Area,,,ChIJ45pR8ETmuY4RNy5Kt_6DgXE,2021-01-25,-21,-30,-37,-15,-29,6
HT,Haiti,,,Port-au-Prince Metropolitan Area,,,ChIJ45pR8ETmuY4RNy5Kt_6DgXE,2021-01-26,-23,-27,-33,-21,-30,7
HT,Haiti,,,Port-au-Prince Metropolitan Area,,,ChIJ45pR8ETmuY4RNy5Kt_6DgXE,2021-01-27,-22,-24,-32,-17,-29,7
HT,Haiti,,,Port-au-Prince Metropolitan Area,,,ChIJ45pR8ETmuY4RNy5Kt_6DgXE,2021-01-28,-22,-24,-27,-12,-30,6
HT,Haiti,,,Port-au-Prince Metropolitan Area,,,ChIJ45pR8ETmuY4RNy5Kt_6DgXE,2021-01-29,-27,-20,-37,-24,-37,8
HT,Haiti,,,Port-au-Prince Metropolitan Area,,,ChIJ45pR8ETmuY4RNy5Kt_6DgXE,2021-01-30,-23,-16,-38,-21,-36,5
HT,Haiti,,,Port-au-Prince Metropolitan Area,,,ChIJ45pR8ETmuY4RNy5Kt_6DgXE,2021-01-31,-37,-32,-51,-29,-39,8
HT,Haiti,,,Port-au-Prince Metropolitan Area,,,ChIJ45pR8ETmuY4RNy5Kt_6DgXE,2021-02-01,-68,-72,-67,-66,-74,27
HT,Haiti,,,Port-au-Prince Metropolitan Area,,,ChIJ45pR8ETmuY4RNy5Kt_6DgXE,2021-02-02,-67,-67,-64,-65,-72,28
HT,Haiti,,,Port-au-Prince Metropolitan Area,,,ChIJ45pR8ETmuY4RNy5Kt_6DgXE,2021-02-03,-37,-29,-47,-37,-44,15
HT,Haiti,,,Port-au-Prince Metropolitan Area,,,ChIJ45pR8ETmuY4RNy5Kt_6DgXE,2021-02-04,-31,-23,-45,-30,-43,11
HT,Haiti,,,Port-au-Prince Metropolitan Area,,,ChIJ45pR8ETmuY4RNy5Kt_6DgXE,2021-02-05,-32,-22,-43,-30,-43,12
HT,Haiti,,,Port-au-Prince Metropolitan Area,,,ChIJ45pR8ETmuY4RNy5Kt_6DgXE,2021-02-06,-42,-30,-50,-47,-45,14
HT,Haiti,,,Port-au-Prince Metropolitan Area,,,ChIJ45pR8ETmuY4RNy5Kt_6DgXE,2021-02-07,-72,-80,-65,-76,-62,23
HT,Haiti,,,Port-au-Prince Metropolitan Area,,,ChIJ45pR8ETmuY4RNy5Kt_6DgXE,2021-02-08,-62,-61,-59,-66,-69,27
HT,Haiti,,,Port-au-Prince Metropolitan Area,,,ChIJ45pR8ETmuY4RNy5Kt_6DgXE,2021-02-09,-40,-39,-52,-49,-49,18
HT,Haiti,,,Port-au-Prince Metropolitan Area,,,ChIJ45pR8ETmuY4RNy5Kt_6DgXE,2021-02-10,-33,-29,-45,-35,-41,15
HT,Haiti,,,Port-au-Prince Metropolitan Area,,,ChIJ45pR8ETmuY4RNy5Kt_6DgXE,2021-02-11,-29,-26,-42,-30,-40,12
HT,Haiti,,,Port-au-Prince Metropolitan Area,,,ChIJ45pR8ETmuY4RNy5Kt_6DgXE,2021-02-12,-28,-22,-45,-26,-40,10
HT,Haiti,,,Port-au-Prince Metropolitan Area,,,ChIJ45pR8ETmuY4RNy5Kt_6DgXE,2021-02-13,-22,-15,-39,-26,-36,6
HT,Haiti,,,Port-au-Prince Metropolitan Area,,,ChIJ45pR8ETmuY4RNy5Kt_6DgXE,2021-02-14,-31,-18,-40,-40,-38,6
HT,Haiti,,,Port-au-Prince Metropolitan Area,,,ChIJ45pR8ETmuY4RNy5Kt_6DgXE,2021-02-15,-35,-32,-49,-35,-55,12
HT,Haiti,,,Port-au-Prince Metropolitan Area,,,ChIJ45pR8ETmuY4RNy5Kt_6DgXE,2021-02-16,-48,-43,-50,-49,-67,16
HT,Haiti,,,Port-au-Prince Metropolitan Area,,,ChIJ45pR8ETmuY4RNy5Kt_6DgXE,2021-02-17,-44,-35,-50,-45,-62,16
HT,Haiti,,,Port-au-Prince Metropolitan Area,,,ChIJ45pR8ETmuY4RNy5Kt_6DgXE,2021-02-18,-20,-15,-32,-22,-32,7
HT,Haiti,,,Port-au-Prince Metropolitan Area,,,ChIJ45pR8ETmuY4RNy5Kt_6DgXE,2021-02-19,-22,-18,-38,-22,-32,7
HT,Haiti,,,Port-au-Prince Metropolitan Area,,,ChIJ45pR8ETmuY4RNy5Kt_6DgXE,2021-02-20,-18,-16,-34,-25,-29,5
HT,Haiti,,,Port-au-Prince Metropolitan Area,,,ChIJ45pR8ETmuY4RNy5Kt_6DgXE,2021-02-21,-29,-25,-43,-31,-35,6
HT,Haiti,,,Port-au-Prince Metropolitan Area,,,ChIJ45pR8ETmuY4RNy5Kt_6DgXE,2021-02-22,-16,-16,-30,-16,-26,4
HT,Haiti,,,Port-au-Prince Metropolitan Area,,,ChIJ45pR8ETmuY4RNy5Kt_6DgXE,2021-02-23,-16,-18,-33,-20,-25,4
HT,Haiti,,,Port-au-Prince Metropolitan Area,,,ChIJ45pR8ETmuY4RNy5Kt_6DgXE,2021-02-24,-15,-14,-31,-15,-24,4
HT,Haiti,,,Port-au-Prince Metropolitan Area,,,ChIJ45pR8ETmuY4RNy5Kt_6DgXE,2021-02-25,-17,-16,-31,-11,-24,4
HT,Haiti,,,Port-au-Prince Metropolitan Area,,,ChIJ45pR8ETmuY4RNy5Kt_6DgXE,2021-02-26,-14,-11,-35,-14,-24,4
HT,Haiti,,,Port-au-Prince Metropolitan Area,,,ChIJ45pR8ETmuY4RNy5Kt_6DgXE,2021-02-27,-10,-9,-31,-19,-26,4
HT,Haiti,,,Port-au-Prince Metropolitan Area,,,ChIJ45pR8ETmuY4RNy5Kt_6DgXE,2021-02-28,-25,-24,-40,-27,-34,5
HT,Haiti,,,Port-au-Prince Metropolitan Area,,,ChIJ45pR8ETmuY4RNy5Kt_6DgXE,2021-03-01,-11,-12,-31,-13,-22,3
HT,Haiti,,,Port-au-Prince Metropolitan Area,,,ChIJ45pR8ETmuY4RNy5Kt_6DgXE,2021-03-02,-12,-11,-26,-18,-21,3
HT,Haiti,,,Port-au-Prince Metropolitan Area,,,ChIJ45pR8ETmuY4RNy5Kt_6DgXE,2021-03-03,-16,-10,-33,-20,-22,5
HT,Haiti,,,Port-au-Prince Metropolitan Area,,,ChIJ45pR8ETmuY4RNy5Kt_6DgXE,2021-03-04,-16,-13,-31,-15,-23,4
HT,Haiti,,,Port-au-Prince Metropolitan Area,,,ChIJ45pR8ETmuY4RNy5Kt_6DgXE,2021-03-05,-13,-17,-32,-12,-22,4
HT,Haiti,,,Port-au-Prince Metropolitan Area,,,ChIJ45pR8ETmuY4RNy5Kt_6DgXE,2021-03-06,-13,-17,-28,-20,-25,3
HT,Haiti,,,Port-au-Prince Metropolitan Area,,,ChIJ45pR8ETmuY4RNy5Kt_6DgXE,2021-03-07,-25,-24,-36,-24,-32,4
HT,Haiti,,,Port-au-Prince Metropolitan Area,,,ChIJ45pR8ETmuY4RNy5Kt_6DgXE,2021-03-08,-13,-19,-26,-11,-23,3
HT,Haiti,,,Port-au-Prince Metropolitan Area,,,ChIJ45pR8ETmuY4RNy5Kt_6DgXE,2021-03-09,-12,-19,-25,-17,-21,4
HT,Haiti,,,Port-au-Prince Metropolitan Area,,,ChIJ45pR8ETmuY4RNy5Kt_6DgXE,2021-03-10,-11,-16,-26,-11,-20,4
HT,Haiti,,,Port-au-Prince Metropolitan Area,,,ChIJ45pR8ETmuY4RNy5Kt_6DgXE,2021-03-11,-7,-14,-22,-9,-19,3
HT,Haiti,,,Port-au-Prince Metropolitan Area,,,ChIJ45pR8ETmuY4RNy5Kt_6DgXE,2021-03-12,-14,-18,-28,-9,-25,6
HT,Haiti,,,Port-au-Prince Metropolitan Area,,,ChIJ45pR8ETmuY4RNy5Kt_6DgXE,2021-03-13,-8,-15,-26,-12,-24,4
HT,Haiti,,,Port-au-Prince Metropolitan Area,,,ChIJ45pR8ETmuY4RNy5Kt_6DgXE,2021-03-14,-18,-23,-35,-21,-29,4
HT,Haiti,,,Port-au-Prince Metropolitan Area,,,ChIJ45pR8ETmuY4RNy5Kt_6DgXE,2021-03-15,-19,-25,-34,-15,-22,6
HT,Haiti,,,Port-au-Prince Metropolitan Area,,,ChIJ45pR8ETmuY4RNy5Kt_6DgXE,2021-03-16,-6,-15,-26,-8,-18,4
HT,Haiti,,,Port-au-Prince Metropolitan Area,,,ChIJ45pR8ETmuY4RNy5Kt_6DgXE,2021-03-17,-45,-50,-39,-43,-38,15
HT,Haiti,,,Port-au-Prince Metropolitan Area,,,ChIJ45pR8ETmuY4RNy5Kt_6DgXE,2021-03-18,-33,-23,-41,-36,-38,14
HT,Haiti,,,Port-au-Prince Metropolitan Area,,,ChIJ45pR8ETmuY4RNy5Kt_6DgXE,2021-03-19,-19,-12,-36,-16,-28,8
HT,Haiti,,,Port-au-Prince Metropolitan Area,,,ChIJ45pR8ETmuY4RNy5Kt_6DgXE,2021-03-20,-8,-4,-21,-12,-24,4
HT,Haiti,,,Port-au-Prince Metropolitan Area,,,ChIJ45pR8ETmuY4RNy5Kt_6DgXE,2021-03-21,-18,-16,-33,-20,-30,4
HT,Haiti,,,Port-au-Prince Metropolitan Area,,,ChIJ45pR8ETmuY4RNy5Kt_6DgXE,2021-03-22,-19,-20,-36,-16,-21,6
HT,Haiti,,,Port-au-Prince Metropolitan Area,,,ChIJ45pR8ETmuY4RNy5Kt_6DgXE,2021-03-23,-9,-9,-29,-9,-17,5
HT,Haiti,,,Port-au-Prince Metropolitan Area,,,ChIJ45pR8ETmuY4RNy5Kt_6DgXE,2021-03-24,-7,-8,-22,-8,-17,4
HT,Haiti,,,Port-au-Prince Metropolitan Area,,,ChIJ45pR8ETmuY4RNy5Kt_6DgXE,2021-03-25,-7,-7,-22,-8,-17,4
HT,Haiti,,,Port-au-Prince Metropolitan Area,,,ChIJ45pR8ETmuY4RNy5Kt_6DgXE,2021-03-26,-5,-4,-23,3,-19,3
HT,Haiti,,,Port-au-Prince Metropolitan Area,,,ChIJ45pR8ETmuY4RNy5Kt_6DgXE,2021-03-27,-3,-4,-17,2,-22,2
HT,Haiti,Artibonite Department,,,HT-AR,,ChIJVcUt-o73to4REwd4nnQdFWY,2021-01-01,,,11,,-55,2
HT,Haiti,Artibonite Department,,,HT-AR,,ChIJVcUt-o73to4REwd4nnQdFWY,2021-01-02,,,5,,-42,
HT,Haiti,Artibonite Department,,,HT-AR,,ChIJVcUt-o73to4REwd4nnQdFWY,2021-01-03,,,18,,-33,
HT,Haiti,Artibonite Department,,,HT-AR,,ChIJVcUt-o73to4REwd4nnQdFWY,2021-01-04,,,6,,-34,2
HT,Haiti,Artibonite Department,,,HT-AR,,ChIJVcUt-o73to4REwd4nnQdFWY,2021-01-05,,,14,,-32,3
HT,Haiti,Artibonite Department,,,HT-AR,,ChIJVcUt-o73to4REwd4nnQdFWY,2021-01-06,,,12,,-28,4
HT,Haiti,Artibonite Department,,,HT-AR,,ChIJVcUt-o73to4REwd4nnQdFWY,2021-01-07,,,5,,-31,3
HT,Haiti,Artibonite Department,,,HT-AR,,ChIJVcUt-o73to4REwd4nnQdFWY,2021-01-08,,,-1,,-23,3
HT,Haiti,Artibonite Department,,,HT-AR,,ChIJVcUt-o73to4REwd4nnQdFWY,2021-01-09,,,-8,,-18,
HT,Haiti,Artibonite Department,,,HT-AR,,ChIJVcUt-o73to4REwd4nnQdFWY,2021-01-10,,,-4,,-26,
HT,Haiti,Artibonite Department,,,HT-AR,,ChIJVcUt-o73to4REwd4nnQdFWY,2021-01-11,,,-5,,-17,1
HT,Haiti,Artibonite Department,,,HT-AR,,ChIJVcUt-o73to4REwd4nnQdFWY,2021-01-12,,,-7,,-24,2
HT,Haiti,Artibonite Department,,,HT-AR,,ChIJVcUt-o73to4REwd4nnQdFWY,2021-01-13,,,-16,,-31,-2
HT,Haiti,Artibonite Department,,,HT-AR,,ChIJVcUt-o73to4REwd4nnQdFWY,2021-01-14,,,-32,,-41,-1
HT,Haiti,Artibonite Department,,,HT-AR,,ChIJVcUt-o73to4REwd4nnQdFWY,2021-01-15,,,-41,,-48,3
HT,Haiti,Artibonite Department,,,HT-AR,,ChIJVcUt-o73to4REwd4nnQdFWY,2021-01-16,,,-43,-66,-47,
HT,Haiti,Artibonite Department,,,HT-AR,,ChIJVcUt-o73to4REwd4nnQdFWY,2021-01-17,,,-41,,-49,
HT,Haiti,Artibonite Department,,,HT-AR,,ChIJVcUt-o73to4REwd4nnQdFWY,2021-01-18,,,-37,,-42,2
HT,Haiti,Artibonite Department,,,HT-AR,,ChIJVcUt-o73to4REwd4nnQdFWY,2021-01-19,,,-33,,-43,2
HT,Haiti,Artibonite Department,,,HT-AR,,ChIJVcUt-o73to4REwd4nnQdFWY,2021-01-20,,,-30,,-41,2
HT,Haiti,Artibonite Department,,,HT-AR,,ChIJVcUt-o73to4REwd4nnQdFWY,2021-01-21,,,-30,,-40,4
HT,Haiti,Artibonite Department,,,HT-AR,,ChIJVcUt-o73to4REwd4nnQdFWY,2021-01-22,,,-32,,-38,3
HT,Haiti,Artibonite Department,,,HT-AR,,ChIJVcUt-o73to4REwd4nnQdFWY,2021-01-23,,,-32,,-37,
HT,Haiti,Artibonite Department,,,HT-AR,,ChIJVcUt-o73to4REwd4nnQdFWY,2021-01-24,,,-31,,-43,
HT,Haiti,Artibonite Department,,,HT-AR,,ChIJVcUt-o73to4REwd4nnQdFWY,2021-01-25,,,-28,,-38,2
HT,Haiti,Artibonite Department,,,HT-AR,,ChIJVcUt-o73to4REwd4nnQdFWY,2021-01-26,,,-28,,-40,4
HT,Haiti,Artibonite Department,,,HT-AR,,ChIJVcUt-o73to4REwd4nnQdFWY,2021-01-27,,,-22,,-39,2
HT,Haiti,Artibonite Department,,,HT-AR,,ChIJVcUt-o73to4REwd4nnQdFWY,2021-01-28,,,-27,,-37,2
HT,Haiti,Artibonite Department,,,HT-AR,,ChIJVcUt-o73to4REwd4nnQdFWY,2021-01-29,,,-40,,-41,0
HT,Haiti,Artibonite Department,,,HT-AR,,ChIJVcUt-o73to4REwd4nnQdFWY,2021-01-30,,,-35,-67,-42,
HT,Haiti,Artibonite Department,,,HT-AR,,ChIJVcUt-o73to4REwd4nnQdFWY,2021-01-31,,,-40,,-46,
HT,Haiti,Artibonite Department,,,HT-AR,,ChIJVcUt-o73to4REwd4nnQdFWY,2021-02-01,,,-39,,-58,5
HT,Haiti,Artibonite Department,,,HT-AR,,ChIJVcUt-o73to4REwd4nnQdFWY,2021-02-02,,,-37,,-63,10
HT,Haiti,Artibonite Department,,,HT-AR,,ChIJVcUt-o73to4REwd4nnQdFWY,2021-02-03,,,-30,,-58,6
HT,Haiti,Artibonite Department,,,HT-AR,,ChIJVcUt-o73to4REwd4nnQdFWY,2021-02-04,,,-23,,-53,2
HT,Haiti,Artibonite Department,,,HT-AR,,ChIJVcUt-o73to4REwd4nnQdFWY,2021-02-05,,,-31,,-50,3
HT,Haiti,Artibonite Department,,,HT-AR,,ChIJVcUt-o73to4REwd4nnQdFWY,2021-02-06,,,-30,-73,-50,
HT,Haiti,Artibonite Department,,,HT-AR,,ChIJVcUt-o73to4REwd4nnQdFWY,2021-02-07,,,-36,,-63,
HT,Haiti,Artibonite Department,,,HT-AR,,ChIJVcUt-o73to4REwd4nnQdFWY,2021-02-08,,,-30,,-59,9
HT,Haiti,Artibonite Department,,,HT-AR,,ChIJVcUt-o73to4REwd4nnQdFWY,2021-02-09,,,-24,,-58,8
HT,Haiti,Artibonite Department,,,HT-AR,,ChIJVcUt-o73to4REwd4nnQdFWY,2021-02-10,,,-30,,-52,4
HT,Haiti,Artibonite Department,,,HT-AR,,ChIJVcUt-o73to4REwd4nnQdFWY,2021-02-11,,,-34,,-49,2
HT,Haiti,Artibonite Department,,,HT-AR,,ChIJVcUt-o73to4REwd4nnQdFWY,2021-02-12,,,-47,,-51,2
HT,Haiti,Artibonite Department,,,HT-AR,,ChIJVcUt-o73to4REwd4nnQdFWY,2021-02-13,,,-43,-69,-45,
HT,Haiti,Artibonite Department,,,HT-AR,,ChIJVcUt-o73to4REwd4nnQdFWY,2021-02-14,,,-45,,-47,
HT,Haiti,Artibonite Department,,,HT-AR,,ChIJVcUt-o73to4REwd4nnQdFWY,2021-02-15,,,-46,,-55,1
HT,Haiti,Artibonite Department,,,HT-AR,,ChIJVcUt-o73to4REwd4nnQdFWY,2021-02-16,,,-42,,-57,3
HT,Haiti,Artibonite Department,,,HT-AR,,ChIJVcUt-o73to4REwd4nnQdFWY,2021-02-17,,,-38,,-53,0
HT,Haiti,Artibonite Department,,,HT-AR,,ChIJVcUt-o73to4REwd4nnQdFWY,2021-02-18,,,-43,,-44,-1
HT,Haiti,Artibonite Department,,,HT-AR,,ChIJVcUt-o73to4REwd4nnQdFWY,2021-02-19,,,-44,,-42,0
HT,Haiti,Artibonite Department,,,HT-AR,,ChIJVcUt-o73to4REwd4nnQdFWY,2021-02-20,,,-41,-66,-39,
HT,Haiti,Artibonite Department,,,HT-AR,,ChIJVcUt-o73to4REwd4nnQdFWY,2021-02-21,,,-40,,-42,
HT,Haiti,Artibonite Department,,,HT-AR,,ChIJVcUt-o73to4REwd4nnQdFWY,2021-02-22,,,-46,,-43,-1
HT,Haiti,Artibonite Department,,,HT-AR,,ChIJVcUt-o73to4REwd4nnQdFWY,2021-02-23,,,-39,,-44,1
HT,Haiti,Artibonite Department,,,HT-AR,,ChIJVcUt-o73to4REwd4nnQdFWY,2021-02-24,,,-43,,-42,0
HT,Haiti,Artibonite Department,,,HT-AR,,ChIJVcUt-o73to4REwd4nnQdFWY,2021-02-25,,,-39,,-41,0
HT,Haiti,Artibonite Department,,,HT-AR,,ChIJVcUt-o73to4REwd4nnQdFWY,2021-02-26,,,-46,,-40,0
HT,Haiti,Artibonite Department,,,HT-AR,,ChIJVcUt-o73to4REwd4nnQdFWY,2021-02-27,,,-43,-68,-38,
HT,Haiti,Artibonite Department,,,HT-AR,,ChIJVcUt-o73to4REwd4nnQdFWY,2021-02-28,,,-42,,-41,
HT,Haiti,Artibonite Department,,,HT-AR,,ChIJVcUt-o73to4REwd4nnQdFWY,2021-03-01,,,-42,,-38,-3
HT,Haiti,Artibonite Department,,,HT-AR,,ChIJVcUt-o73to4REwd4nnQdFWY,2021-03-02,,,-40,,-38,-2
HT,Haiti,Artibonite Department,,,HT-AR,,ChIJVcUt-o73to4REwd4nnQdFWY,2021-03-03,,,-43,,-35,-2
HT,Haiti,Artibonite Department,,,HT-AR,,ChIJVcUt-o73to4REwd4nnQdFWY,2021-03-04,,,-43,,-35,-2
HT,Haiti,Artibonite Department,,,HT-AR,,ChIJVcUt-o73to4REwd4nnQdFWY,2021-03-05,,,-43,,-33,-3
HT,Haiti,Artibonite Department,,,HT-AR,,ChIJVcUt-o73to4REwd4nnQdFWY,2021-03-06,,,-43,-68,-35,
HT,Haiti,Artibonite Department,,,HT-AR,,ChIJVcUt-o73to4REwd4nnQdFWY,2021-03-07,,,-37,,-40,
HT,Haiti,Artibonite Department,,,HT-AR,,ChIJVcUt-o73to4REwd4nnQdFWY,2021-03-08,,,-42,,-33,-3
HT,Haiti,Artibonite Department,,,HT-AR,,ChIJVcUt-o73to4REwd4nnQdFWY,2021-03-09,,,-41,,-35,-1
HT,Haiti,Artibonite Department,,,HT-AR,,ChIJVcUt-o73to4REwd4nnQdFWY,2021-03-10,,,-38,,-31,-2
HT,Haiti,Artibonite Department,,,HT-AR,,ChIJVcUt-o73to4REwd4nnQdFWY,2021-03-11,,,-41,,-32,-3
HT,Haiti,Artibonite Department,,,HT-AR,,ChIJVcUt-o73to4REwd4nnQdFWY,2021-03-12,,,-43,,-27,-2
HT,Haiti,Artibonite Department,,,HT-AR,,ChIJVcUt-o73to4REwd4nnQdFWY,2021-03-13,,,-38,-69,-30,-3
HT,Haiti,Artibonite Department,,,HT-AR,,ChIJVcUt-o73to4REwd4nnQdFWY,2021-03-14,,,-37,,-38,
HT,Haiti,Artibonite Department,,,HT-AR,,ChIJVcUt-o73to4REwd4nnQdFWY,2021-03-15,,,-42,,-30,-5
HT,Haiti,Artibonite Department,,,HT-AR,,ChIJVcUt-o73to4REwd4nnQdFWY,2021-03-16,,,-38,,-31,-4
HT,Haiti,Artibonite Department,,,HT-AR,,ChIJVcUt-o73to4REwd4nnQdFWY,2021-03-17,,,-38,,-28,-4
HT,Haiti,Artibonite Department,,,HT-AR,,ChIJVcUt-o73to4REwd4nnQdFWY,2021-03-18,,,-40,,-30,-2
HT,Haiti,Artibonite Department,,,HT-AR,,ChIJVcUt-o73to4REwd4nnQdFWY,2021-03-19,,,-41,,-26,-4
HT,Haiti,Artibonite Department,,,HT-AR,,ChIJVcUt-o73to4REwd4nnQdFWY,2021-03-20,,,-38,,-27,-3
HT,Haiti,Artibonite Department,,,HT-AR,,ChIJVcUt-o73to4REwd4nnQdFWY,2021-03-21,,,-36,,-36,
HT,Haiti,Artibonite Department,,,HT-AR,,ChIJVcUt-o73to4REwd4nnQdFWY,2021-03-22,,,-42,,-28,-5
HT,Haiti,Artibonite Department,,,HT-AR,,ChIJVcUt-o73to4REwd4nnQdFWY,2021-03-23,,,-35,,-29,-3
HT,Haiti,Artibonite Department,,,HT-AR,,ChIJVcUt-o73to4REwd4nnQdFWY,2021-03-24,,,-33,,-29,-5
HT,Haiti,Artibonite Department,,,HT-AR,,ChIJVcUt-o73to4REwd4nnQdFWY,2021-03-25,,,-36,,-29,-4
HT,Haiti,Artibonite Department,,,HT-AR,,ChIJVcUt-o73to4REwd4nnQdFWY,2021-03-26,,,-40,,-28,-4
HT,Haiti,Artibonite Department,,,HT-AR,,ChIJVcUt-o73to4REwd4nnQdFWY,2021-03-27,,,-36,,-29,-4
HT,Haiti,Centre Department,,,HT-CE,,ChIJu2Zd54Mzt44R8UGZNXfc5eQ,2021-01-01,,,11,,-72,
HT,Haiti,Centre Department,,,HT-CE,,ChIJu2Zd54Mzt44R8UGZNXfc5eQ,2021-01-02,,,0,,-52,
HT,Haiti,Centre Department,,,HT-CE,,ChIJu2Zd54Mzt44R8UGZNXfc5eQ,2021-01-03,,,9,,-52,
HT,Haiti,Centre Department,,,HT-CE,,ChIJu2Zd54Mzt44R8UGZNXfc5eQ,2021-01-04,,,-5,,-44,
HT,Haiti,Centre Department,,,HT-CE,,ChIJu2Zd54Mzt44R8UGZNXfc5eQ,2021-01-05,,,-9,,-40,
HT,Haiti,Centre Department,,,HT-CE,,ChIJu2Zd54Mzt44R8UGZNXfc5eQ,2021-01-06,,,-6,,-44,
HT,Haiti,Centre Department,,,HT-CE,,ChIJu2Zd54Mzt44R8UGZNXfc5eQ,2021-01-07,,,-11,,-44,
HT,Haiti,Centre Department,,,HT-CE,,ChIJu2Zd54Mzt44R8UGZNXfc5eQ,2021-01-08,,,-20,,-41,
HT,Haiti,Centre Department,,,HT-CE,,ChIJu2Zd54Mzt44R8UGZNXfc5eQ,2021-01-09,,,-23,,-37,
HT,Haiti,Centre Department,,,HT-CE,,ChIJu2Zd54Mzt44R8UGZNXfc5eQ,2021-01-10,,,-24,,-48,
HT,Haiti,Centre Department,,,HT-CE,,ChIJu2Zd54Mzt44R8UGZNXfc5eQ,2021-01-11,,,-16,,-37,
HT,Haiti,Centre Department,,,HT-CE,,ChIJu2Zd54Mzt44R8UGZNXfc5eQ,2021-01-12,,,-23,,-38,
HT,Haiti,Centre Department,,,HT-CE,,ChIJu2Zd54Mzt44R8UGZNXfc5eQ,2021-01-13,,,-30,,-46,
HT,Haiti,Centre Department,,,HT-CE,,ChIJu2Zd54Mzt44R8UGZNXfc5eQ,2021-01-14,,,-36,,-50,
HT,Haiti,Centre Department,,,HT-CE,,ChIJu2Zd54Mzt44R8UGZNXfc5eQ,2021-01-15,,,-51,,-54,
HT,Haiti,Centre Department,,,HT-CE,,ChIJu2Zd54Mzt44R8UGZNXfc5eQ,2021-01-16,,,-45,,-55,
HT,Haiti,Centre Department,,,HT-CE,,ChIJu2Zd54Mzt44R8UGZNXfc5eQ,2021-01-17,,,-42,,-52,
HT,Haiti,Centre Department,,,HT-CE,,ChIJu2Zd54Mzt44R8UGZNXfc5eQ,2021-01-18,,,-34,,-49,
HT,Haiti,Centre Department,,,HT-CE,,ChIJu2Zd54Mzt44R8UGZNXfc5eQ,2021-01-19,,,-41,,-47,
HT,Haiti,Centre Department,,,HT-CE,,ChIJu2Zd54Mzt44R8UGZNXfc5eQ,2021-01-20,,,-39,,-49,
HT,Haiti,Centre Department,,,HT-CE,,ChIJu2Zd54Mzt44R8UGZNXfc5eQ,2021-01-21,,,-31,,-48,
HT,Haiti,Centre Department,,,HT-CE,,ChIJu2Zd54Mzt44R8UGZNXfc5eQ,2021-01-22,,,-39,,-52,
HT,Haiti,Centre Department,,,HT-CE,,ChIJu2Zd54Mzt44R8UGZNXfc5eQ,2021-01-23,,,-40,,-50,
HT,Haiti,Centre Department,,,HT-CE,,ChIJu2Zd54Mzt44R8UGZNXfc5eQ,2021-01-24,,,-38,,-51,
HT,Haiti,Centre Department,,,HT-CE,,ChIJu2Zd54Mzt44R8UGZNXfc5eQ,2021-01-25,,,-36,,-48,
HT,Haiti,Centre Department,,,HT-CE,,ChIJu2Zd54Mzt44R8UGZNXfc5eQ,2021-01-26,,,-30,,-45,
HT,Haiti,Centre Department,,,HT-CE,,ChIJu2Zd54Mzt44R8UGZNXfc5eQ,2021-01-27,,,-24,,-49,
HT,Haiti,Centre Department,,,HT-CE,,ChIJu2Zd54Mzt44R8UGZNXfc5eQ,2021-01-28,,,-31,,-46,
HT,Haiti,Centre Department,,,HT-CE,,ChIJu2Zd54Mzt44R8UGZNXfc5eQ,2021-01-29,,,-40,,-47,
HT,Haiti,Centre Department,,,HT-CE,,ChIJu2Zd54Mzt44R8UGZNXfc5eQ,2021-01-30,,,-37,,-46,
HT,Haiti,Centre Department,,,HT-CE,,ChIJu2Zd54Mzt44R8UGZNXfc5eQ,2021-01-31,,,-37,,-44,
HT,Haiti,Centre Department,,,HT-CE,,ChIJu2Zd54Mzt44R8UGZNXfc5eQ,2021-02-01,,,-44,,-44,
HT,Haiti,Centre Department,,,HT-CE,,ChIJu2Zd54Mzt44R8UGZNXfc5eQ,2021-02-02,,,-34,,-51,
HT,Haiti,Centre Department,,,HT-CE,,ChIJu2Zd54Mzt44R8UGZNXfc5eQ,2021-02-03,,,-37,,-53,
HT,Haiti,Centre Department,,,HT-CE,,ChIJu2Zd54Mzt44R8UGZNXfc5eQ,2021-02-04,,,-25,,-56,
HT,Haiti,Centre Department,,,HT-CE,,ChIJu2Zd54Mzt44R8UGZNXfc5eQ,2021-02-05,,,-33,,-53,
HT,Haiti,Centre Department,,,HT-CE,,ChIJu2Zd54Mzt44R8UGZNXfc5eQ,2021-02-06,,,-38,,-51,
HT,Haiti,Centre Department,,,HT-CE,,ChIJu2Zd54Mzt44R8UGZNXfc5eQ,2021-02-07,,,-31,,-61,
HT,Haiti,Centre Department,,,HT-CE,,ChIJu2Zd54Mzt44R8UGZNXfc5eQ,2021-02-08,,,-30,,-53,
HT,Haiti,Centre Department,,,HT-CE,,ChIJu2Zd54Mzt44R8UGZNXfc5eQ,2021-02-09,,,-27,,-51,
HT,Haiti,Centre Department,,,HT-CE,,ChIJu2Zd54Mzt44R8UGZNXfc5eQ,2021-02-10,,,-25,,-49,
HT,Haiti,Centre Department,,,HT-CE,,ChIJu2Zd54Mzt44R8UGZNXfc5eQ,2021-02-11,,,-34,,-46,
HT,Haiti,Centre Department,,,HT-CE,,ChIJu2Zd54Mzt44R8UGZNXfc5eQ,2021-02-12,,,-39,,-49,
HT,Haiti,Centre Department,,,HT-CE,,ChIJu2Zd54Mzt44R8UGZNXfc5eQ,2021-02-13,,,-30,,-44,
HT,Haiti,Centre Department,,,HT-CE,,ChIJu2Zd54Mzt44R8UGZNXfc5eQ,2021-02-14,,,-25,,-46,
HT,Haiti,Centre Department,,,HT-CE,,ChIJu2Zd54Mzt44R8UGZNXfc5eQ,2021-02-15,,,-32,,-57,
HT,Haiti,Centre Department,,,HT-CE,,ChIJu2Zd54Mzt44R8UGZNXfc5eQ,2021-02-16,,,-35,,-60,
HT,Haiti,Centre Department,,,HT-CE,,ChIJu2Zd54Mzt44R8UGZNXfc5eQ,2021-02-17,,,-34,,-58,
HT,Haiti,Centre Department,,,HT-CE,,ChIJu2Zd54Mzt44R8UGZNXfc5eQ,2021-02-18,,,-38,,-48,
HT,Haiti,Centre Department,,,HT-CE,,ChIJu2Zd54Mzt44R8UGZNXfc5eQ,2021-02-19,,,-40,,-43,
HT,Haiti,Centre Department,,,HT-CE,,ChIJu2Zd54Mzt44R8UGZNXfc5eQ,2021-02-20,,,-35,,-41,
HT,Haiti,Centre Department,,,HT-CE,,ChIJu2Zd54Mzt44R8UGZNXfc5eQ,2021-02-21,,,-35,,-44,
HT,Haiti,Centre Department,,,HT-CE,,ChIJu2Zd54Mzt44R8UGZNXfc5eQ,2021-02-22,,,-33,,-46,
HT,Haiti,Centre Department,,,HT-CE,,ChIJu2Zd54Mzt44R8UGZNXfc5eQ,2021-02-23,,,-42,,-44,
HT,Haiti,Centre Department,,,HT-CE,,ChIJu2Zd54Mzt44R8UGZNXfc5eQ,2021-02-24,,,-37,,-43,
HT,Haiti,Centre Department,,,HT-CE,,ChIJu2Zd54Mzt44R8UGZNXfc5eQ,2021-02-25,,,-35,,-41,
HT,Haiti,Centre Department,,,HT-CE,,ChIJu2Zd54Mzt44R8UGZNXfc5eQ,2021-02-26,,,-30,,-39,
HT,Haiti,Centre Department,,,HT-CE,,ChIJu2Zd54Mzt44R8UGZNXfc5eQ,2021-02-27,,,-31,,-36,
HT,Haiti,Centre Department,,,HT-CE,,ChIJu2Zd54Mzt44R8UGZNXfc5eQ,2021-02-28,,,-28,,-44,
HT,Haiti,Centre Department,,,HT-CE,,ChIJu2Zd54Mzt44R8UGZNXfc5eQ,2021-03-01,,,-34,,-37,
HT,Haiti,Centre Department,,,HT-CE,,ChIJu2Zd54Mzt44R8UGZNXfc5eQ,2021-03-02,,,-37,,-41,
HT,Haiti,Centre Department,,,HT-CE,,ChIJu2Zd54Mzt44R8UGZNXfc5eQ,2021-03-03,,,-36,,-42,
HT,Haiti,Centre Department,,,HT-CE,,ChIJu2Zd54Mzt44R8UGZNXfc5eQ,2021-03-04,,,-36,,-40,
HT,Haiti,Centre Department,,,HT-CE,,ChIJu2Zd54Mzt44R8UGZNXfc5eQ,2021-03-05,,,-41,,-46,
HT,Haiti,Centre Department,,,HT-CE,,ChIJu2Zd54Mzt44R8UGZNXfc5eQ,2021-03-06,,,-41,,-40,
HT,Haiti,Centre Department,,,HT-CE,,ChIJu2Zd54Mzt44R8UGZNXfc5eQ,2021-03-07,,,-32,,-45,
HT,Haiti,Centre Department,,,HT-CE,,ChIJu2Zd54Mzt44R8UGZNXfc5eQ,2021-03-08,,,-32,,-41,
HT,Haiti,Centre Department,,,HT-CE,,ChIJu2Zd54Mzt44R8UGZNXfc5eQ,2021-03-09,,,-36,,-44,
HT,Haiti,Centre Department,,,HT-CE,,ChIJu2Zd54Mzt44R8UGZNXfc5eQ,2021-03-10,,,-33,,-43,
HT,Haiti,Centre Department,,,HT-CE,,ChIJu2Zd54Mzt44R8UGZNXfc5eQ,2021-03-11,,,-30,,-41,
HT,Haiti,Centre Department,,,HT-CE,,ChIJu2Zd54Mzt44R8UGZNXfc5eQ,2021-03-12,,,-35,,-50,
HT,Haiti,Centre Department,,,HT-CE,,ChIJu2Zd54Mzt44R8UGZNXfc5eQ,2021-03-13,,,-29,,-31,
HT,Haiti,Centre Department,,,HT-CE,,ChIJu2Zd54Mzt44R8UGZNXfc5eQ,2021-03-14,,,-25,,-36,
HT,Haiti,Centre Department,,,HT-CE,,ChIJu2Zd54Mzt44R8UGZNXfc5eQ,2021-03-15,,,-35,,-34,
HT,Haiti,Centre Department,,,HT-CE,,ChIJu2Zd54Mzt44R8UGZNXfc5eQ,2021-03-16,,,-39,,-42,
HT,Haiti,Centre Department,,,HT-CE,,ChIJu2Zd54Mzt44R8UGZNXfc5eQ,2021-03-17,,,-31,,-41,
HT,Haiti,Centre Department,,,HT-CE,,ChIJu2Zd54Mzt44R8UGZNXfc5eQ,2021-03-18,,,-31,,-35,
HT,Haiti,Centre Department,,,HT-CE,,ChIJu2Zd54Mzt44R8UGZNXfc5eQ,2021-03-19,,,-35,,-37,
HT,Haiti,Centre Department,,,HT-CE,,ChIJu2Zd54Mzt44R8UGZNXfc5eQ,2021-03-20,,,-26,,-32,
HT,Haiti,Centre Department,,,HT-CE,,ChIJu2Zd54Mzt44R8UGZNXfc5eQ,2021-03-21,,,-30,,-45,
HT,Haiti,Centre Department,,,HT-CE,,ChIJu2Zd54Mzt44R8UGZNXfc5eQ,2021-03-22,,,-34,,-38,
HT,Haiti,Centre Department,,,HT-CE,,ChIJu2Zd54Mzt44R8UGZNXfc5eQ,2021-03-23,,,-39,,-40,
HT,Haiti,Centre Department,,,HT-CE,,ChIJu2Zd54Mzt44R8UGZNXfc5eQ,2021-03-24,,,-23,,-43,
HT,Haiti,Centre Department,,,HT-CE,,ChIJu2Zd54Mzt44R8UGZNXfc5eQ,2021-03-25,,,-29,,-39,
HT,Haiti,Centre Department,,,HT-CE,,ChIJu2Zd54Mzt44R8UGZNXfc5eQ,2021-03-26,,,-28,,-36,
HT,Haiti,Centre Department,,,HT-CE,,ChIJu2Zd54Mzt44R8UGZNXfc5eQ,2021-03-27,,,-28,,-39,
HT,Haiti,Nord Department,,,HT-ND,,ChIJs8fY3gLHto4RE_Or3ZYIAEs,2021-01-01,,,27,,-64,
HT,Haiti,Nord Department,,,HT-ND,,ChIJs8fY3gLHto4RE_Or3ZYIAEs,2021-01-02,,,19,,-42,
HT,Haiti,Nord Department,,,HT-ND,,ChIJs8fY3gLHto4RE_Or3ZYIAEs,2021-01-03,,,23,,-31,
HT,Haiti,Nord Department,,,HT-ND,,ChIJs8fY3gLHto4RE_Or3ZYIAEs,2021-01-04,,,28,,-31,
HT,Haiti,Nord Department,,,HT-ND,,ChIJs8fY3gLHto4RE_Or3ZYIAEs,2021-01-05,,,16,,-27,
HT,Haiti,Nord Department,,,HT-ND,,ChIJs8fY3gLHto4RE_Or3ZYIAEs,2021-01-06,,,20,-15,-23,
HT,Haiti,Nord Department,,,HT-ND,,ChIJs8fY3gLHto4RE_Or3ZYIAEs,2021-01-07,,,24,,-21,
HT,Haiti,Nord Department,,,HT-ND,,ChIJs8fY3gLHto4RE_Or3ZYIAEs,2021-01-08,,,-1,,-17,
HT,Haiti,Nord Department,,,HT-ND,,ChIJs8fY3gLHto4RE_Or3ZYIAEs,2021-01-09,,,-9,,-20,
HT,Haiti,Nord Department,,,HT-ND,,ChIJs8fY3gLHto4RE_Or3ZYIAEs,2021-01-10,,,-8,,-25,
HT,Haiti,Nord Department,,,HT-ND,,ChIJs8fY3gLHto4RE_Or3ZYIAEs,2021-01-11,,,-5,,-16,
HT,Haiti,Nord Department,,,HT-ND,,ChIJs8fY3gLHto4RE_Or3ZYIAEs,2021-01-12,,,-13,,-20,
HT,Haiti,Nord Department,,,HT-ND,,ChIJs8fY3gLHto4RE_Or3ZYIAEs,2021-01-13,,,-21,-30,-28,
HT,Haiti,Nord Department,,,HT-ND,,ChIJs8fY3gLHto4RE_Or3ZYIAEs,2021-01-14,,,-27,,-38,
HT,Haiti,Nord Department,,,HT-ND,,ChIJs8fY3gLHto4RE_Or3ZYIAEs,2021-01-15,,,-43,,-41,
HT,Haiti,Nord Department,,,HT-ND,,ChIJs8fY3gLHto4RE_Or3ZYIAEs,2021-01-16,,,-39,,-47,
HT,Haiti,Nord Department,,,HT-ND,,ChIJs8fY3gLHto4RE_Or3ZYIAEs,2021-01-17,,,-40,,-49,
HT,Haiti,Nord Department,,,HT-ND,,ChIJs8fY3gLHto4RE_Or3ZYIAEs,2021-01-18,,,-30,,-42,
HT,Haiti,Nord Department,,,HT-ND,,ChIJs8fY3gLHto4RE_Or3ZYIAEs,2021-01-19,,,-36,-26,-42,
HT,Haiti,Nord Department,,,HT-ND,,ChIJs8fY3gLHto4RE_Or3ZYIAEs,2021-01-20,,,-30,-37,-38,
HT,Haiti,Nord Department,,,HT-ND,,ChIJs8fY3gLHto4RE_Or3ZYIAEs,2021-01-21,,,-29,,-38,
HT,Haiti,Nord Department,,,HT-ND,,ChIJs8fY3gLHto4RE_Or3ZYIAEs,2021-01-22,,,-32,,-36,
HT,Haiti,Nord Department,,,HT-ND,,ChIJs8fY3gLHto4RE_Or3ZYIAEs,2021-01-23,,,-29,,-37,
HT,Haiti,Nord Department,,,HT-ND,,ChIJs8fY3gLHto4RE_Or3ZYIAEs,2021-01-24,,,-28,,-37,
HT,Haiti,Nord Department,,,HT-ND,,ChIJs8fY3gLHto4RE_Or3ZYIAEs,2021-01-25,,,-24,,-33,
HT,Haiti,Nord Department,,,HT-ND,,ChIJs8fY3gLHto4RE_Or3ZYIAEs,2021-01-26,,,-30,,-35,
HT,Haiti,Nord Department,,,HT-ND,,ChIJs8fY3gLHto4RE_Or3ZYIAEs,2021-01-27,,,-23,-34,-35,
HT,Haiti,Nord Department,,,HT-ND,,ChIJs8fY3gLHto4RE_Or3ZYIAEs,2021-01-28,,,-22,,-32,
HT,Haiti,Nord Department,,,HT-ND,,ChIJs8fY3gLHto4RE_Or3ZYIAEs,2021-01-29,,,-41,,-38,
HT,Haiti,Nord Department,,,HT-ND,,ChIJs8fY3gLHto4RE_Or3ZYIAEs,2021-01-30,,,-35,,-44,
HT,Haiti,Nord Department,,,HT-ND,,ChIJs8fY3gLHto4RE_Or3ZYIAEs,2021-01-31,,,-30,,-45,
HT,Haiti,Nord Department,,,HT-ND,,ChIJs8fY3gLHto4RE_Or3ZYIAEs,2021-02-01,,,-41,,-52,
HT,Haiti,Nord Department,,,HT-ND,,ChIJs8fY3gLHto4RE_Or3ZYIAEs,2021-02-02,,,-43,-44,-56,
HT,Haiti,Nord Department,,,HT-ND,,ChIJs8fY3gLHto4RE_Or3ZYIAEs,2021-02-03,,,-25,-53,-50,
HT,Haiti,Nord Department,,,HT-ND,,ChIJs8fY3gLHto4RE_Or3ZYIAEs,2021-02-04,,,-16,,-51,
HT,Haiti,Nord Department,,,HT-ND,,ChIJs8fY3gLHto4RE_Or3ZYIAEs,2021-02-05,,,-19,,-49,
HT,Haiti,Nord Department,,,HT-ND,,ChIJs8fY3gLHto4RE_Or3ZYIAEs,2021-02-06,,,-27,,-46,
HT,Haiti,Nord Department,,,HT-ND,,ChIJs8fY3gLHto4RE_Or3ZYIAEs,2021-02-07,,,-34,-52,-58,
HT,Haiti,Nord Department,,,HT-ND,,ChIJs8fY3gLHto4RE_Or3ZYIAEs,2021-02-08,,,-27,,-58,
HT,Haiti,Nord Department,,,HT-ND,,ChIJs8fY3gLHto4RE_Or3ZYIAEs,2021-02-09,,,-21,-45,-50,
HT,Haiti,Nord Department,,,HT-ND,,ChIJs8fY3gLHto4RE_Or3ZYIAEs,2021-02-10,,,-18,-58,-43,
HT,Haiti,Nord Department,,,HT-ND,,ChIJs8fY3gLHto4RE_Or3ZYIAEs,2021-02-11,,,-23,,-44,
HT,Haiti,Nord Department,,,HT-ND,,ChIJs8fY3gLHto4RE_Or3ZYIAEs,2021-02-12,,,-32,,-43,
HT,Haiti,Nord Department,,,HT-ND,,ChIJs8fY3gLHto4RE_Or3ZYIAEs,2021-02-13,,,-23,,-41,
HT,Haiti,Nord Department,,,HT-ND,,ChIJs8fY3gLHto4RE_Or3ZYIAEs,2021-02-14,,,-19,,-43,
HT,Haiti,Nord Department,,,HT-ND,,ChIJs8fY3gLHto4RE_Or3ZYIAEs,2021-02-15,,,-21,,-49,
HT,Haiti,Nord Department,,,HT-ND,,ChIJs8fY3gLHto4RE_Or3ZYIAEs,2021-02-16,,,-30,-48,-54,
HT,Haiti,Nord Department,,,HT-ND,,ChIJs8fY3gLHto4RE_Or3ZYIAEs,2021-02-17,,,-29,-52,-55,
HT,Haiti,Nord Department,,,HT-ND,,ChIJs8fY3gLHto4RE_Or3ZYIAEs,2021-02-18,,,-23,,-36,
HT,Haiti,Nord Department,,,HT-ND,,ChIJs8fY3gLHto4RE_Or3ZYIAEs,2021-02-19,,,-25,,-32,
HT,Haiti,Nord Department,,,HT-ND,,ChIJs8fY3gLHto4RE_Or3ZYIAEs,2021-02-20,,,-18,,-32,
HT,Haiti,Nord Department,,,HT-ND,,ChIJs8fY3gLHto4RE_Or3ZYIAEs,2021-02-21,,,-21,,-43,
HT,Haiti,Nord Department,,,HT-ND,,ChIJs8fY3gLHto4RE_Or3ZYIAEs,2021-02-22,,,-25,,-30,
HT,Haiti,Nord Department,,,HT-ND,,ChIJs8fY3gLHto4RE_Or3ZYIAEs,2021-02-23,,,-26,-42,-31,
HT,Haiti,Nord Department,,,HT-ND,,ChIJs8fY3gLHto4RE_Or3ZYIAEs,2021-02-24,,,-22,-43,-28,
HT,Haiti,Nord Department,,,HT-ND,,ChIJs8fY3gLHto4RE_Or3ZYIAEs,2021-02-25,,,-22,,-31,
HT,Haiti,Nord Department,,,HT-ND,,ChIJs8fY3gLHto4RE_Or3ZYIAEs,2021-02-26,,,-26,,-30,
HT,Haiti,Nord Department,,,HT-ND,,ChIJs8fY3gLHto4RE_Or3ZYIAEs,2021-02-27,,,-16,,-33,
HT,Haiti,Nord Department,,,HT-ND,,ChIJs8fY3gLHto4RE_Or3ZYIAEs,2021-02-28,,,-13,,-37,
HT,Haiti,Nord Department,,,HT-ND,,ChIJs8fY3gLHto4RE_Or3ZYIAEs,2021-03-01,,,-17,,-27,
HT,Haiti,Nord Department,,,HT-ND,,ChIJs8fY3gLHto4RE_Or3ZYIAEs,2021-03-02,,,-25,-25,-24,
HT,Haiti,Nord Department,,,HT-ND,,ChIJs8fY3gLHto4RE_Or3ZYIAEs,2021-03-03,,,-17,-44,-24,
HT,Haiti,Nord Department,,,HT-ND,,ChIJs8fY3gLHto4RE_Or3ZYIAEs,2021-03-04,,,-20,,-29,
HT,Haiti,Nord Department,,,HT-ND,,ChIJs8fY3gLHto4RE_Or3ZYIAEs,2021-03-05,,,-36,,-24,
HT,Haiti,Nord Department,,,HT-ND,,ChIJs8fY3gLHto4RE_Or3ZYIAEs,2021-03-06,,,-24,,-31,
HT,Haiti,Nord Department,,,HT-ND,,ChIJs8fY3gLHto4RE_Or3ZYIAEs,2021-03-07,,,-26,,-35,
HT,Haiti,Nord Department,,,HT-ND,,ChIJs8fY3gLHto4RE_Or3ZYIAEs,2021-03-08,,,-37,,-29,
HT,Haiti,Nord Department,,,HT-ND,,ChIJs8fY3gLHto4RE_Or3ZYIAEs,2021-03-09,,,-44,-37,-32,
HT,Haiti,Nord Department,,,HT-ND,,ChIJs8fY3gLHto4RE_Or3ZYIAEs,2021-03-10,,,-39,-52,-27,
HT,Haiti,Nord Department,,,HT-ND,,ChIJs8fY3gLHto4RE_Or3ZYIAEs,2021-03-11,,,-37,,-30,
HT,Haiti,Nord Department,,,HT-ND,,ChIJs8fY3gLHto4RE_Or3ZYIAEs,2021-03-12,,,-29,,-24,
HT,Haiti,Nord Department,,,HT-ND,,ChIJs8fY3gLHto4RE_Or3ZYIAEs,2021-03-13,,,-20,,-28,
HT,Haiti,Nord Department,,,HT-ND,,ChIJs8fY3gLHto4RE_Or3ZYIAEs,2021-03-14,,,-16,,-34,
HT,Haiti,Nord Department,,,HT-ND,,ChIJs8fY3gLHto4RE_Or3ZYIAEs,2021-03-15,,,-23,,-21,
HT,Haiti,Nord Department,,,HT-ND,,ChIJs8fY3gLHto4RE_Or3ZYIAEs,2021-03-16,,,-30,-33,-25,
HT,Haiti,Nord Department,,,HT-ND,,ChIJs8fY3gLHto4RE_Or3ZYIAEs,2021-03-17,,,-29,-46,-26,
HT,Haiti,Nord Department,,,HT-ND,,ChIJs8fY3gLHto4RE_Or3ZYIAEs,2021-03-18,,,-29,,-27,
HT,Haiti,Nord Department,,,HT-ND,,ChIJs8fY3gLHto4RE_Or3ZYIAEs,2021-03-19,,,-28,,-24,
HT,Haiti,Nord Department,,,HT-ND,,ChIJs8fY3gLHto4RE_Or3ZYIAEs,2021-03-20,,,-16,,-24,
HT,Haiti,Nord Department,,,HT-ND,,ChIJs8fY3gLHto4RE_Or3ZYIAEs,2021-03-21,,,-12,,-31,
HT,Haiti,Nord Department,,,HT-ND,,ChIJs8fY3gLHto4RE_Or3ZYIAEs,2021-03-22,,,-28,,-19,
HT,Haiti,Nord Department,,,HT-ND,,ChIJs8fY3gLHto4RE_Or3ZYIAEs,2021-03-23,,,-27,,-21,
HT,Haiti,Nord Department,,,HT-ND,,ChIJs8fY3gLHto4RE_Or3ZYIAEs,2021-03-24,,,-25,-46,-23,
HT,Haiti,Nord Department,,,HT-ND,,ChIJs8fY3gLHto4RE_Or3ZYIAEs,2021-03-25,,,-25,,-25,
HT,Haiti,Nord Department,,,HT-ND,,ChIJs8fY3gLHto4RE_Or3ZYIAEs,2021-03-26,,,-20,,-26,
HT,Haiti,Nord Department,,,HT-ND,,ChIJs8fY3gLHto4RE_Or3ZYIAEs,2021-03-27,,,-7,,-25,
HT,Haiti,Nord-Est Department,,,HT-NE,,ChIJAxiDkiQlsY4R_DIgGcTFBPE,2021-01-01,,,,,-67,
HT,Haiti,Nord-Est Department,,,HT-NE,,ChIJAxiDkiQlsY4R_DIgGcTFBPE,2021-01-02,,,,,-48,
HT,Haiti,Nord-Est Department,,,HT-NE,,ChIJAxiDkiQlsY4R_DIgGcTFBPE,2021-01-03,,,,,-48,
HT,Haiti,Nord-Est Department,,,HT-NE,,ChIJAxiDkiQlsY4R_DIgGcTFBPE,2021-01-04,,,,,-48,
HT,Haiti,Nord-Est Department,,,HT-NE,,ChIJAxiDkiQlsY4R_DIgGcTFBPE,2021-01-05,,,,,-47,
HT,Haiti,Nord-Est Department,,,HT-NE,,ChIJAxiDkiQlsY4R_DIgGcTFBPE,2021-01-06,,,,,-45,
HT,Haiti,Nord-Est Department,,,HT-NE,,ChIJAxiDkiQlsY4R_DIgGcTFBPE,2021-01-07,,,,,-36,
HT,Haiti,Nord-Est Department,,,HT-NE,,ChIJAxiDkiQlsY4R_DIgGcTFBPE,2021-01-08,,,,,-38,
HT,Haiti,Nord-Est Department,,,HT-NE,,ChIJAxiDkiQlsY4R_DIgGcTFBPE,2021-01-09,,,,,-36,
HT,Haiti,Nord-Est Department,,,HT-NE,,ChIJAxiDkiQlsY4R_DIgGcTFBPE,2021-01-11,,,,,-29,
HT,Haiti,Nord-Est Department,,,HT-NE,,ChIJAxiDkiQlsY4R_DIgGcTFBPE,2021-01-12,,,,,-31,
HT,Haiti,Nord-Est Department,,,HT-NE,,ChIJAxiDkiQlsY4R_DIgGcTFBPE,2021-01-13,,,,,-43,
HT,Haiti,Nord-Est Department,,,HT-NE,,ChIJAxiDkiQlsY4R_DIgGcTFBPE,2021-01-14,,,,,-38,
HT,Haiti,Nord-Est Department,,,HT-NE,,ChIJAxiDkiQlsY4R_DIgGcTFBPE,2021-01-15,,,,,-46,
HT,Haiti,Nord-Est Department,,,HT-NE,,ChIJAxiDkiQlsY4R_DIgGcTFBPE,2021-01-16,,,,,-50,
HT,Haiti,Nord-Est Department,,,HT-NE,,ChIJAxiDkiQlsY4R_DIgGcTFBPE,2021-01-17,,,,,-51,
HT,Haiti,Nord-Est Department,,,HT-NE,,ChIJAxiDkiQlsY4R_DIgGcTFBPE,2021-01-18,,,,,-44,
HT,Haiti,Nord-Est Department,,,HT-NE,,ChIJAxiDkiQlsY4R_DIgGcTFBPE,2021-01-19,,,,,-45,
HT,Haiti,Nord-Est Department,,,HT-NE,,ChIJAxiDkiQlsY4R_DIgGcTFBPE,2021-01-20,,,,,-47,
HT,Haiti,Nord-Est Department,,,HT-NE,,ChIJAxiDkiQlsY4R_DIgGcTFBPE,2021-01-21,,,,,-46,
HT,Haiti,Nord-Est Department,,,HT-NE,,ChIJAxiDkiQlsY4R_DIgGcTFBPE,2021-01-22,,,,,-42,
HT,Haiti,Nord-Est Department,,,HT-NE,,ChIJAxiDkiQlsY4R_DIgGcTFBPE,2021-01-23,,,,,-54,
HT,Haiti,Nord-Est Department,,,HT-NE,,ChIJAxiDkiQlsY4R_DIgGcTFBPE,2021-01-24,,,,,-49,
HT,Haiti,Nord-Est Department,,,HT-NE,,ChIJAxiDkiQlsY4R_DIgGcTFBPE,2021-01-25,,,,,-43,
HT,Haiti,Nord-Est Department,,,HT-NE,,ChIJAxiDkiQlsY4R_DIgGcTFBPE,2021-01-26,,,,,-43,
HT,Haiti,Nord-Est Department,,,HT-NE,,ChIJAxiDkiQlsY4R_DIgGcTFBPE,2021-01-27,,,,,-44,
HT,Haiti,Nord-Est Department,,,HT-NE,,ChIJAxiDkiQlsY4R_DIgGcTFBPE,2021-01-28,,,,,-41,
HT,Haiti,Nord-Est Department,,,HT-NE,,ChIJAxiDkiQlsY4R_DIgGcTFBPE,2021-01-29,,,,,-43,
HT,Haiti,Nord-Est Department,,,HT-NE,,ChIJAxiDkiQlsY4R_DIgGcTFBPE,2021-01-30,,,,,-48,
HT,Haiti,Nord-Est Department,,,HT-NE,,ChIJAxiDkiQlsY4R_DIgGcTFBPE,2021-01-31,,,,,-52,
HT,Haiti,Nord-Est Department,,,HT-NE,,ChIJAxiDkiQlsY4R_DIgGcTFBPE,2021-02-01,,,,,-43,
HT,Haiti,Nord-Est Department,,,HT-NE,,ChIJAxiDkiQlsY4R_DIgGcTFBPE,2021-02-02,,,,,-43,
HT,Haiti,Nord-Est Department,,,HT-NE,,ChIJAxiDkiQlsY4R_DIgGcTFBPE,2021-02-03,,,,,-52,
HT,Haiti,Nord-Est Department,,,HT-NE,,ChIJAxiDkiQlsY4R_DIgGcTFBPE,2021-02-04,,,,,-45,
HT,Haiti,Nord-Est Department,,,HT-NE,,ChIJAxiDkiQlsY4R_DIgGcTFBPE,2021-02-05,,,,,-44,
HT,Haiti,Nord-Est Department,,,HT-NE,,ChIJAxiDkiQlsY4R_DIgGcTFBPE,2021-02-06,,,,,-50,
HT,Haiti,Nord-Est Department,,,HT-NE,,ChIJAxiDkiQlsY4R_DIgGcTFBPE,2021-02-07,,,,,-55,
HT,Haiti,Nord-Est Department,,,HT-NE,,ChIJAxiDkiQlsY4R_DIgGcTFBPE,2021-02-08,,,,,-45,
HT,Haiti,Nord-Est Department,,,HT-NE,,ChIJAxiDkiQlsY4R_DIgGcTFBPE,2021-02-09,,,,,-47,
HT,Haiti,Nord-Est Department,,,HT-NE,,ChIJAxiDkiQlsY4R_DIgGcTFBPE,2021-02-10,,,,,-48,
HT,Haiti,Nord-Est Department,,,HT-NE,,ChIJAxiDkiQlsY4R_DIgGcTFBPE,2021-02-11,,,,,-52,
HT,Haiti,Nord-Est Department,,,HT-NE,,ChIJAxiDkiQlsY4R_DIgGcTFBPE,2021-02-12,,,,,-48,
HT,Haiti,Nord-Est Department,,,HT-NE,,ChIJAxiDkiQlsY4R_DIgGcTFBPE,2021-02-13,,,,,-46,
HT,Haiti,Nord-Est Department,,,HT-NE,,ChIJAxiDkiQlsY4R_DIgGcTFBPE,2021-02-14,,,,,-53,
HT,Haiti,Nord-Est Department,,,HT-NE,,ChIJAxiDkiQlsY4R_DIgGcTFBPE,2021-02-15,,,,,-60,
HT,Haiti,Nord-Est Department,,,HT-NE,,ChIJAxiDkiQlsY4R_DIgGcTFBPE,2021-02-16,,,,,-64,
HT,Haiti,Nord-Est Department,,,HT-NE,,ChIJAxiDkiQlsY4R_DIgGcTFBPE,2021-02-17,,,,,-66,
HT,Haiti,Nord-Est Department,,,HT-NE,,ChIJAxiDkiQlsY4R_DIgGcTFBPE,2021-02-18,,,,,-43,
HT,Haiti,Nord-Est Department,,,HT-NE,,ChIJAxiDkiQlsY4R_DIgGcTFBPE,2021-02-19,,,,,-41,
HT,Haiti,Nord-Est Department,,,HT-NE,,ChIJAxiDkiQlsY4R_DIgGcTFBPE,2021-02-20,,,,,-41,
HT,Haiti,Nord-Est Department,,,HT-NE,,ChIJAxiDkiQlsY4R_DIgGcTFBPE,2021-02-22,,,,,-41,
HT,Haiti,Nord-Est Department,,,HT-NE,,ChIJAxiDkiQlsY4R_DIgGcTFBPE,2021-02-23,,,,,-43,
HT,Haiti,Nord-Est Department,,,HT-NE,,ChIJAxiDkiQlsY4R_DIgGcTFBPE,2021-02-24,,,,,-41,
HT,Haiti,Nord-Est Department,,,HT-NE,,ChIJAxiDkiQlsY4R_DIgGcTFBPE,2021-02-25,,,,,-39,
HT,Haiti,Nord-Est Department,,,HT-NE,,ChIJAxiDkiQlsY4R_DIgGcTFBPE,2021-02-26,,,,,-43,
HT,Haiti,Nord-Est Department,,,HT-NE,,ChIJAxiDkiQlsY4R_DIgGcTFBPE,2021-02-27,,,,,-43,
HT,Haiti,Nord-Est Department,,,HT-NE,,ChIJAxiDkiQlsY4R_DIgGcTFBPE,2021-02-28,,,,,-51,
HT,Haiti,Nord-Est Department,,,HT-NE,,ChIJAxiDkiQlsY4R_DIgGcTFBPE,2021-03-01,,,,,-43,
HT,Haiti,Nord-Est Department,,,HT-NE,,ChIJAxiDkiQlsY4R_DIgGcTFBPE,2021-03-02,,,,,-42,
HT,Haiti,Nord-Est Department,,,HT-NE,,ChIJAxiDkiQlsY4R_DIgGcTFBPE,2021-03-03,,,,,-44,
HT,Haiti,Nord-Est Department,,,HT-NE,,ChIJAxiDkiQlsY4R_DIgGcTFBPE,2021-03-04,,,,,-46,
HT,Haiti,Nord-Est Department,,,HT-NE,,ChIJAxiDkiQlsY4R_DIgGcTFBPE,2021-03-05,,,,,-39,
HT,Haiti,Nord-Est Department,,,HT-NE,,ChIJAxiDkiQlsY4R_DIgGcTFBPE,2021-03-06,,,,,-37,
HT,Haiti,Nord-Est Department,,,HT-NE,,ChIJAxiDkiQlsY4R_DIgGcTFBPE,2021-03-07,,,,,-46,
HT,Haiti,Nord-Est Department,,,HT-NE,,ChIJAxiDkiQlsY4R_DIgGcTFBPE,2021-03-08,,,,,-41,
HT,Haiti,Nord-Est Department,,,HT-NE,,ChIJAxiDkiQlsY4R_DIgGcTFBPE,2021-03-09,,,,,-46,
HT,Haiti,Nord-Est Department,,,HT-NE,,ChIJAxiDkiQlsY4R_DIgGcTFBPE,2021-03-10,,,,,-43,
HT,Haiti,Nord-Est Department,,,HT-NE,,ChIJAxiDkiQlsY4R_DIgGcTFBPE,2021-03-11,,,,,-39,
HT,Haiti,Nord-Est Department,,,HT-NE,,ChIJAxiDkiQlsY4R_DIgGcTFBPE,2021-03-12,,,,,-40,
HT,Haiti,Nord-Est Department,,,HT-NE,,ChIJAxiDkiQlsY4R_DIgGcTFBPE,2021-03-13,,,,,-34,
HT,Haiti,Nord-Est Department,,,HT-NE,,ChIJAxiDkiQlsY4R_DIgGcTFBPE,2021-03-15,,,,,-43,
HT,Haiti,Nord-Est Department,,,HT-NE,,ChIJAxiDkiQlsY4R_DIgGcTFBPE,2021-03-16,,,,,-40,
HT,Haiti,Nord-Est Department,,,HT-NE,,ChIJAxiDkiQlsY4R_DIgGcTFBPE,2021-03-17,,,,,-41,
HT,Haiti,Nord-Est Department,,,HT-NE,,ChIJAxiDkiQlsY4R_DIgGcTFBPE,2021-03-18,,,,,-35,
HT,Haiti,Nord-Est Department,,,HT-NE,,ChIJAxiDkiQlsY4R_DIgGcTFBPE,2021-03-19,,,,,-39,
HT,Haiti,Nord-Est Department,,,HT-NE,,ChIJAxiDkiQlsY4R_DIgGcTFBPE,2021-03-20,,,,,-34,
HT,Haiti,Nord-Est Department,,,HT-NE,,ChIJAxiDkiQlsY4R_DIgGcTFBPE,2021-03-22,,,,,-40,
HT,Haiti,Nord-Est Department,,,HT-NE,,ChIJAxiDkiQlsY4R_DIgGcTFBPE,2021-03-23,,,,,-39,
HT,Haiti,Nord-Est Department,,,HT-NE,,ChIJAxiDkiQlsY4R_DIgGcTFBPE,2021-03-24,,,,,-43,
HT,Haiti,Nord-Est Department,,,HT-NE,,ChIJAxiDkiQlsY4R_DIgGcTFBPE,2021-03-25,,,,,-39,
HT,Haiti,Nord-Est Department,,,HT-NE,,ChIJAxiDkiQlsY4R_DIgGcTFBPE,2021-03-26,,,,,-36,
HT,Haiti,Nord-Est Department,,,HT-NE,,ChIJAxiDkiQlsY4R_DIgGcTFBPE,2021-03-27,,,,,-40,
HT,Haiti,Nord-Ouest Department,,,HT-NO,,ChIJDz6EaOphto4RW89-GB7XZi8,2021-01-01,,,,,-52,
HT,Haiti,Nord-Ouest Department,,,HT-NO,,ChIJDz6EaOphto4RW89-GB7XZi8,2021-01-04,,,,,-36,
HT,Haiti,Nord-Ouest Department,,,HT-NO,,ChIJDz6EaOphto4RW89-GB7XZi8,2021-01-05,,,,,-26,
HT,Haiti,Nord-Ouest Department,,,HT-NO,,ChIJDz6EaOphto4RW89-GB7XZi8,2021-01-06,,,,,-31,
HT,Haiti,Nord-Ouest Department,,,HT-NO,,ChIJDz6EaOphto4RW89-GB7XZi8,2021-01-07,,,,,-31,
HT,Haiti,Nord-Ouest Department,,,HT-NO,,ChIJDz6EaOphto4RW89-GB7XZi8,2021-01-08,,,,,-19,
HT,Haiti,Nord-Ouest Department,,,HT-NO,,ChIJDz6EaOphto4RW89-GB7XZi8,2021-01-11,,,,,-9,
HT,Haiti,Nord-Ouest Department,,,HT-NO,,ChIJDz6EaOphto4RW89-GB7XZi8,2021-01-12,,,,,-14,
HT,Haiti,Nord-Ouest Department,,,HT-NO,,ChIJDz6EaOphto4RW89-GB7XZi8,2021-01-13,,,,,-33,
HT,Haiti,Nord-Ouest Department,,,HT-NO,,ChIJDz6EaOphto4RW89-GB7XZi8,2021-01-14,,,,,-37,
HT,Haiti,Nord-Ouest Department,,,HT-NO,,ChIJDz6EaOphto4RW89-GB7XZi8,2021-01-15,,,,,-40,
HT,Haiti,Nord-Ouest Department,,,HT-NO,,ChIJDz6EaOphto4RW89-GB7XZi8,2021-01-18,,,,,-47,
HT,Haiti,Nord-Ouest Department,,,HT-NO,,ChIJDz6EaOphto4RW89-GB7XZi8,2021-01-19,,,,,-37,
HT,Haiti,Nord-Ouest Department,,,HT-NO,,ChIJDz6EaOphto4RW89-GB7XZi8,2021-01-20,,,,,-43,
HT,Haiti,Nord-Ouest Department,,,HT-NO,,ChIJDz6EaOphto4RW89-GB7XZi8,2021-01-21,,,,,-41,
HT,Haiti,Nord-Ouest Department,,,HT-NO,,ChIJDz6EaOphto4RW89-GB7XZi8,2021-01-22,,,,,-33,
HT,Haiti,Nord-Ouest Department,,,HT-NO,,ChIJDz6EaOphto4RW89-GB7XZi8,2021-01-25,,,,,-36,
HT,Haiti,Nord-Ouest Department,,,HT-NO,,ChIJDz6EaOphto4RW89-GB7XZi8,2021-01-26,,,,,-35,
HT,Haiti,Nord-Ouest Department,,,HT-NO,,ChIJDz6EaOphto4RW89-GB7XZi8,2021-01-27,,,,,-35,
HT,Haiti,Nord-Ouest Department,,,HT-NO,,ChIJDz6EaOphto4RW89-GB7XZi8,2021-01-28,,,,,-36,
HT,Haiti,Nord-Ouest Department,,,HT-NO,,ChIJDz6EaOphto4RW89-GB7XZi8,2021-01-29,,,,,-41,
HT,Haiti,Nord-Ouest Department,,,HT-NO,,ChIJDz6EaOphto4RW89-GB7XZi8,2021-02-01,,,,,-34,
HT,Haiti,Nord-Ouest Department,,,HT-NO,,ChIJDz6EaOphto4RW89-GB7XZi8,2021-02-02,,,,,-39,
HT,Haiti,Nord-Ouest Department,,,HT-NO,,ChIJDz6EaOphto4RW89-GB7XZi8,2021-02-03,,,,,-39,
HT,Haiti,Nord-Ouest Department,,,HT-NO,,ChIJDz6EaOphto4RW89-GB7XZi8,2021-02-04,,,,,-37,
HT,Haiti,Nord-Ouest Department,,,HT-NO,,ChIJDz6EaOphto4RW89-GB7XZi8,2021-02-05,,,,,-33,
HT,Haiti,Nord-Ouest Department,,,HT-NO,,ChIJDz6EaOphto4RW89-GB7XZi8,2021-02-08,,,,,-34,
HT,Haiti,Nord-Ouest Department,,,HT-NO,,ChIJDz6EaOphto4RW89-GB7XZi8,2021-02-09,,,,,-34,
HT,Haiti,Nord-Ouest Department,,,HT-NO,,ChIJDz6EaOphto4RW89-GB7XZi8,2021-02-10,,,,,-39,
HT,Haiti,Nord-Ouest Department,,,HT-NO,,ChIJDz6EaOphto4RW89-GB7XZi8,2021-02-11,,,,,-39,
HT,Haiti,Nord-Ouest Department,,,HT-NO,,ChIJDz6EaOphto4RW89-GB7XZi8,2021-02-12,,,,,-35,
HT,Haiti,Nord-Ouest Department,,,HT-NO,,ChIJDz6EaOphto4RW89-GB7XZi8,2021-02-15,,,,,-53,
HT,Haiti,Nord-Ouest Department,,,HT-NO,,ChIJDz6EaOphto4RW89-GB7XZi8,2021-02-16,,,,,-55,
HT,Haiti,Nord-Ouest Department,,,HT-NO,,ChIJDz6EaOphto4RW89-GB7XZi8,2021-02-17,,,,,-55,
HT,Haiti,Nord-Ouest Department,,,HT-NO,,ChIJDz6EaOphto4RW89-GB7XZi8,2021-02-18,,,,,-39,
HT,Haiti,Nord-Ouest Department,,,HT-NO,,ChIJDz6EaOphto4RW89-GB7XZi8,2021-02-19,,,,,-35,
HT,Haiti,Nord-Ouest Department,,,HT-NO,,ChIJDz6EaOphto4RW89-GB7XZi8,2021-02-22,,,,,-30,
HT,Haiti,Nord-Ouest Department,,,HT-NO,,ChIJDz6EaOphto4RW89-GB7XZi8,2021-02-23,,,,,-24,
HT,Haiti,Nord-Ouest Department,,,HT-NO,,ChIJDz6EaOphto4RW89-GB7XZi8,2021-02-24,,,,,-30,
HT,Haiti,Nord-Ouest Department,,,HT-NO,,ChIJDz6EaOphto4RW89-GB7XZi8,2021-02-25,,,,,-30,
HT,Haiti,Nord-Ouest Department,,,HT-NO,,ChIJDz6EaOphto4RW89-GB7XZi8,2021-02-26,,,,,-27,
HT,Haiti,Nord-Ouest Department,,,HT-NO,,ChIJDz6EaOphto4RW89-GB7XZi8,2021-03-01,,,,,-31,
HT,Haiti,Nord-Ouest Department,,,HT-NO,,ChIJDz6EaOphto4RW89-GB7XZi8,2021-03-02,,,,,-19,
HT,Haiti,Nord-Ouest Department,,,HT-NO,,ChIJDz6EaOphto4RW89-GB7XZi8,2021-03-03,,,,,-21,
HT,Haiti,Nord-Ouest Department,,,HT-NO,,ChIJDz6EaOphto4RW89-GB7XZi8,2021-03-04,,,,,-27,
HT,Haiti,Nord-Ouest Department,,,HT-NO,,ChIJDz6EaOphto4RW89-GB7XZi8,2021-03-05,,,,,-22,
HT,Haiti,Nord-Ouest Department,,,HT-NO,,ChIJDz6EaOphto4RW89-GB7XZi8,2021-03-08,,,,,-31,
HT,Haiti,Nord-Ouest Department,,,HT-NO,,ChIJDz6EaOphto4RW89-GB7XZi8,2021-03-09,,,,,-24,
HT,Haiti,Nord-Ouest Department,,,HT-NO,,ChIJDz6EaOphto4RW89-GB7XZi8,2021-03-10,,,,,-36,
HT,Haiti,Nord-Ouest Department,,,HT-NO,,ChIJDz6EaOphto4RW89-GB7XZi8,2021-03-11,,,,,-44,
HT,Haiti,Nord-Ouest Department,,,HT-NO,,ChIJDz6EaOphto4RW89-GB7XZi8,2021-03-12,,,,,-35,
HT,Haiti,Nord-Ouest Department,,,HT-NO,,ChIJDz6EaOphto4RW89-GB7XZi8,2021-03-15,,,,,-20,
HT,Haiti,Nord-Ouest Department,,,HT-NO,,ChIJDz6EaOphto4RW89-GB7XZi8,2021-03-16,,,,,-20,
HT,Haiti,Nord-Ouest Department,,,HT-NO,,ChIJDz6EaOphto4RW89-GB7XZi8,2021-03-17,,,,,-17,
HT,Haiti,Nord-Ouest Department,,,HT-NO,,ChIJDz6EaOphto4RW89-GB7XZi8,2021-03-18,,,,,-15,
HT,Haiti,Nord-Ouest Department,,,HT-NO,,ChIJDz6EaOphto4RW89-GB7XZi8,2021-03-19,,,,,-11,
HT,Haiti,Nord-Ouest Department,,,HT-NO,,ChIJDz6EaOphto4RW89-GB7XZi8,2021-03-22,,,,,-19,
HT,Haiti,Nord-Ouest Department,,,HT-NO,,ChIJDz6EaOphto4RW89-GB7XZi8,2021-03-23,,,,,-16,
HT,Haiti,Nord-Ouest Department,,,HT-NO,,ChIJDz6EaOphto4RW89-GB7XZi8,2021-03-24,,,,,-18,
HT,Haiti,Nord-Ouest Department,,,HT-NO,,ChIJDz6EaOphto4RW89-GB7XZi8,2021-03-25,,,,,-16,
HT,Haiti,Nord-Ouest Department,,,HT-NO,,ChIJDz6EaOphto4RW89-GB7XZi8,2021-03-26,,,,,-23,
HT,Haiti,Ouest Department,,,HT-OU,,ChIJkao-UFfduY4R9GOpH9gyDRY,2021-01-01,-46,-53,-23,-34,-73,17
HT,Haiti,Ouest Department,,,HT-OU,,ChIJkao-UFfduY4R9GOpH9gyDRY,2021-01-02,-41,-31,-25,-22,-51,15
HT,Haiti,Ouest Department,,,HT-OU,,ChIJkao-UFfduY4R9GOpH9gyDRY,2021-01-03,-23,-21,-21,7,-30,7
HT,Haiti,Ouest Department,,,HT-OU,,ChIJkao-UFfduY4R9GOpH9gyDRY,2021-01-04,-18,-15,-14,11,-33,11
HT,Haiti,Ouest Department,,,HT-OU,,ChIJkao-UFfduY4R9GOpH9gyDRY,2021-01-05,-15,-12,-5,10,-26,10
HT,Haiti,Ouest Department,,,HT-OU,,ChIJkao-UFfduY4R9GOpH9gyDRY,2021-01-06,-12,-12,-10,13,-24,11
HT,Haiti,Ouest Department,,,HT-OU,,ChIJkao-UFfduY4R9GOpH9gyDRY,2021-01-07,-12,-11,-13,15,-22,10
HT,Haiti,Ouest Department,,,HT-OU,,ChIJkao-UFfduY4R9GOpH9gyDRY,2021-01-08,-11,-9,-15,20,-24,8
HT,Haiti,Ouest Department,,,HT-OU,,ChIJkao-UFfduY4R9GOpH9gyDRY,2021-01-09,-5,-6,-14,15,-19,7
HT,Haiti,Ouest Department,,,HT-OU,,ChIJkao-UFfduY4R9GOpH9gyDRY,2021-01-10,-6,-11,-21,20,-21,6
HT,Haiti,Ouest Department,,,HT-OU,,ChIJkao-UFfduY4R9GOpH9gyDRY,2021-01-11,-2,-9,-14,24,-17,5
HT,Haiti,Ouest Department,,,HT-OU,,ChIJkao-UFfduY4R9GOpH9gyDRY,2021-01-12,-9,-13,-15,11,-20,5
HT,Haiti,Ouest Department,,,HT-OU,,ChIJkao-UFfduY4R9GOpH9gyDRY,2021-01-13,-15,-23,-24,4,-26,2
HT,Haiti,Ouest Department,,,HT-OU,,ChIJkao-UFfduY4R9GOpH9gyDRY,2021-01-14,-24,-27,-30,-4,-33,2
HT,Haiti,Ouest Department,,,HT-OU,,ChIJkao-UFfduY4R9GOpH9gyDRY,2021-01-15,-37,-39,-49,-22,-42,6
HT,Haiti,Ouest Department,,,HT-OU,,ChIJkao-UFfduY4R9GOpH9gyDRY,2021-01-16,-29,-31,-43,-18,-41,5
HT,Haiti,Ouest Department,,,HT-OU,,ChIJkao-UFfduY4R9GOpH9gyDRY,2021-01-17,-29,-35,-42,-16,-42,5
HT,Haiti,Ouest Department,,,HT-OU,,ChIJkao-UFfduY4R9GOpH9gyDRY,2021-01-18,-27,-33,-35,-5,-35,4
HT,Haiti,Ouest Department,,,HT-OU,,ChIJkao-UFfduY4R9GOpH9gyDRY,2021-01-19,-27,-32,-35,-18,-33,5
HT,Haiti,Ouest Department,,,HT-OU,,ChIJkao-UFfduY4R9GOpH9gyDRY,2021-01-20,-32,-36,-36,-20,-33,7
HT,Haiti,Ouest Department,,,HT-OU,,ChIJkao-UFfduY4R9GOpH9gyDRY,2021-01-21,-24,-26,-31,-8,-31,6
HT,Haiti,Ouest Department,,,HT-OU,,ChIJkao-UFfduY4R9GOpH9gyDRY,2021-01-22,-27,-28,-37,-10,-34,6
HT,Haiti,Ouest Department,,,HT-OU,,ChIJkao-UFfduY4R9GOpH9gyDRY,2021-01-23,-24,-25,-35,-15,-34,6
HT,Haiti,Ouest Department,,,HT-OU,,ChIJkao-UFfduY4R9GOpH9gyDRY,2021-01-24,-26,-30,-34,-13,-38,5
HT,Haiti,Ouest Department,,,HT-OU,,ChIJkao-UFfduY4R9GOpH9gyDRY,2021-01-25,-24,-31,-34,-4,-30,5
HT,Haiti,Ouest Department,,,HT-OU,,ChIJkao-UFfduY4R9GOpH9gyDRY,2021-01-26,-26,-27,-30,-11,-30,6
HT,Haiti,Ouest Department,,,HT-OU,,ChIJkao-UFfduY4R9GOpH9gyDRY,2021-01-27,-24,-27,-29,-6,-28,6
HT,Haiti,Ouest Department,,,HT-OU,,ChIJkao-UFfduY4R9GOpH9gyDRY,2021-01-28,-25,-25,-25,0,-29,5
HT,Haiti,Ouest Department,,,HT-OU,,ChIJkao-UFfduY4R9GOpH9gyDRY,2021-01-29,-28,-21,-33,-15,-38,7
HT,Haiti,Ouest Department,,,HT-OU,,ChIJkao-UFfduY4R9GOpH9gyDRY,2021-01-30,-25,-15,-35,-11,-37,4
HT,Haiti,Ouest Department,,,HT-OU,,ChIJkao-UFfduY4R9GOpH9gyDRY,2021-01-31,-37,-32,-46,-18,-40,7
HT,Haiti,Ouest Department,,,HT-OU,,ChIJkao-UFfduY4R9GOpH9gyDRY,2021-02-01,-68,-72,-62,-61,-74,25
HT,Haiti,Ouest Department,,,HT-OU,,ChIJkao-UFfduY4R9GOpH9gyDRY,2021-02-02,-67,-66,-59,-60,-71,26
HT,Haiti,Ouest Department,,,HT-OU,,ChIJkao-UFfduY4R9GOpH9gyDRY,2021-02-03,-38,-32,-45,-29,-44,13
HT,Haiti,Ouest Department,,,HT-OU,,ChIJkao-UFfduY4R9GOpH9gyDRY,2021-02-04,-33,-25,-40,-21,-41,9
HT,Haiti,Ouest Department,,,HT-OU,,ChIJkao-UFfduY4R9GOpH9gyDRY,2021-02-05,-33,-23,-37,-20,-44,11
HT,Haiti,Ouest Department,,,HT-OU,,ChIJkao-UFfduY4R9GOpH9gyDRY,2021-02-06,-43,-30,-46,-40,-46,13
HT,Haiti,Ouest Department,,,HT-OU,,ChIJkao-UFfduY4R9GOpH9gyDRY,2021-02-07,-71,-80,-59,-73,-61,22
HT,Haiti,Ouest Department,,,HT-OU,,ChIJkao-UFfduY4R9GOpH9gyDRY,2021-02-08,-62,-61,-53,-62,-69,26
HT,Haiti,Ouest Department,,,HT-OU,,ChIJkao-UFfduY4R9GOpH9gyDRY,2021-02-09,-42,-39,-47,-42,-49,16
HT,Haiti,Ouest Department,,,HT-OU,,ChIJkao-UFfduY4R9GOpH9gyDRY,2021-02-10,-34,-32,-42,-27,-41,13
HT,Haiti,Ouest Department,,,HT-OU,,ChIJkao-UFfduY4R9GOpH9gyDRY,2021-02-11,-32,-28,-38,-22,-39,11
HT,Haiti,Ouest Department,,,HT-OU,,ChIJkao-UFfduY4R9GOpH9gyDRY,2021-02-12,-30,-23,-42,-16,-41,9
HT,Haiti,Ouest Department,,,HT-OU,,ChIJkao-UFfduY4R9GOpH9gyDRY,2021-02-13,-25,-14,-35,-16,-37,5
HT,Haiti,Ouest Department,,,HT-OU,,ChIJkao-UFfduY4R9GOpH9gyDRY,2021-02-14,-33,-19,-36,-32,-39,5
HT,Haiti,Ouest Department,,,HT-OU,,ChIJkao-UFfduY4R9GOpH9gyDRY,2021-02-15,-37,-32,-45,-27,-55,12
HT,Haiti,Ouest Department,,,HT-OU,,ChIJkao-UFfduY4R9GOpH9gyDRY,2021-02-16,-49,-43,-46,-43,-67,15
HT,Haiti,Ouest Department,,,HT-OU,,ChIJkao-UFfduY4R9GOpH9gyDRY,2021-02-17,-44,-38,-47,-39,-62,14
HT,Haiti,Ouest Department,,,HT-OU,,ChIJkao-UFfduY4R9GOpH9gyDRY,2021-02-18,-23,-17,-31,-12,-31,6
HT,Haiti,Ouest Department,,,HT-OU,,ChIJkao-UFfduY4R9GOpH9gyDRY,2021-02-19,-24,-19,-34,-13,-34,6
HT,Haiti,Ouest Department,,,HT-OU,,ChIJkao-UFfduY4R9GOpH9gyDRY,2021-02-20,-21,-14,-31,-16,-31,4
HT,Haiti,Ouest Department,,,HT-OU,,ChIJkao-UFfduY4R9GOpH9gyDRY,2021-02-21,-31,-25,-39,-22,-37,5
HT,Haiti,Ouest Department,,,HT-OU,,ChIJkao-UFfduY4R9GOpH9gyDRY,2021-02-22,-21,-16,-28,-7,-28,3
HT,Haiti,Ouest Department,,,HT-OU,,ChIJkao-UFfduY4R9GOpH9gyDRY,2021-02-23,-20,-18,-31,-11,-26,3
HT,Haiti,Ouest Department,,,HT-OU,,ChIJkao-UFfduY4R9GOpH9gyDRY,2021-02-24,-18,-17,-30,-5,-24,3
HT,Haiti,Ouest Department,,,HT-OU,,ChIJkao-UFfduY4R9GOpH9gyDRY,2021-02-25,-20,-18,-29,-1,-23,2
HT,Haiti,Ouest Department,,,HT-OU,,ChIJkao-UFfduY4R9GOpH9gyDRY,2021-02-26,-17,-11,-32,-4,-26,3
HT,Haiti,Ouest Department,,,HT-OU,,ChIJkao-UFfduY4R9GOpH9gyDRY,2021-02-27,-13,-8,-29,-10,-28,3
HT,Haiti,Ouest Department,,,HT-OU,,ChIJkao-UFfduY4R9GOpH9gyDRY,2021-02-28,-27,-24,-36,-18,-35,4
HT,Haiti,Ouest Department,,,HT-OU,,ChIJkao-UFfduY4R9GOpH9gyDRY,2021-03-01,-16,-13,-29,-3,-24,3
HT,Haiti,Ouest Department,,,HT-OU,,ChIJkao-UFfduY4R9GOpH9gyDRY,2021-03-02,-15,-11,-24,-8,-22,2
HT,Haiti,Ouest Department,,,HT-OU,,ChIJkao-UFfduY4R9GOpH9gyDRY,2021-03-03,-19,-14,-33,-10,-22,4
HT,Haiti,Ouest Department,,,HT-OU,,ChIJkao-UFfduY4R9GOpH9gyDRY,2021-03-04,-19,-15,-30,-5,-22,3
HT,Haiti,Ouest Department,,,HT-OU,,ChIJkao-UFfduY4R9GOpH9gyDRY,2021-03-05,-16,-18,-30,-1,-24,3
HT,Haiti,Ouest Department,,,HT-OU,,ChIJkao-UFfduY4R9GOpH9gyDRY,2021-03-06,-16,-15,-26,-11,-27,2
HT,Haiti,Ouest Department,,,HT-OU,,ChIJkao-UFfduY4R9GOpH9gyDRY,2021-03-07,-27,-24,-33,-14,-33,3
HT,Haiti,Ouest Department,,,HT-OU,,ChIJkao-UFfduY4R9GOpH9gyDRY,2021-03-08,-18,-20,-24,0,-25,2
HT,Haiti,Ouest Department,,,HT-OU,,ChIJkao-UFfduY4R9GOpH9gyDRY,2021-03-09,-16,-19,-23,-7,-22,3
HT,Haiti,Ouest Department,,,HT-OU,,ChIJkao-UFfduY4R9GOpH9gyDRY,2021-03-10,-14,-19,-25,-1,-20,3
HT,Haiti,Ouest Department,,,HT-OU,,ChIJkao-UFfduY4R9GOpH9gyDRY,2021-03-11,-11,-16,-21,1,-19,1
HT,Haiti,Ouest Department,,,HT-OU,,ChIJkao-UFfduY4R9GOpH9gyDRY,2021-03-12,-17,-18,-26,2,-26,4
HT,Haiti,Ouest Department,,,HT-OU,,ChIJkao-UFfduY4R9GOpH9gyDRY,2021-03-13,-12,-14,-25,-1,-26,3
HT,Haiti,Ouest Department,,,HT-OU,,ChIJkao-UFfduY4R9GOpH9gyDRY,2021-03-14,-20,-23,-32,-12,-31,3
HT,Haiti,Ouest Department,,,HT-OU,,ChIJkao-UFfduY4R9GOpH9gyDRY,2021-03-15,-22,-25,-32,-5,-24,5
HT,Haiti,Ouest Department,,,HT-OU,,ChIJkao-UFfduY4R9GOpH9gyDRY,2021-03-16,-10,-16,-24,3,-18,3
HT,Haiti,Ouest Department,,,HT-OU,,ChIJkao-UFfduY4R9GOpH9gyDRY,2021-03-17,-46,-50,-37,-36,-38,13
HT,Haiti,Ouest Department,,,HT-OU,,ChIJkao-UFfduY4R9GOpH9gyDRY,2021-03-18,-34,-24,-38,-28,-37,13
HT,Haiti,Ouest Department,,,HT-OU,,ChIJkao-UFfduY4R9GOpH9gyDRY,2021-03-19,-20,-12,-33,-6,-29,7
HT,Haiti,Ouest Department,,,HT-OU,,ChIJkao-UFfduY4R9GOpH9gyDRY,2021-03-20,-11,-2,-20,-1,-25,3
HT,Haiti,Ouest Department,,,HT-OU,,ChIJkao-UFfduY4R9GOpH9gyDRY,2021-03-21,-20,-16,-30,-11,-31,3
HT,Haiti,Ouest Department,,,HT-OU,,ChIJkao-UFfduY4R9GOpH9gyDRY,2021-03-22,-22,-20,-33,-7,-22,6
HT,Haiti,Ouest Department,,,HT-OU,,ChIJkao-UFfduY4R9GOpH9gyDRY,2021-03-23,-12,-10,-27,1,-18,4
HT,Haiti,Ouest Department,,,HT-OU,,ChIJkao-UFfduY4R9GOpH9gyDRY,2021-03-24,-9,-11,-21,2,-17,3
HT,Haiti,Ouest Department,,,HT-OU,,ChIJkao-UFfduY4R9GOpH9gyDRY,2021-03-25,-11,-9,-20,3,-16,3
HT,Haiti,Ouest Department,,,HT-OU,,ChIJkao-UFfduY4R9GOpH9gyDRY,2021-03-26,-8,-5,-20,16,-21,2
HT,Haiti,Ouest Department,,,HT-OU,,ChIJkao-UFfduY4R9GOpH9gyDRY,2021-03-27,-6,-2,-15,14,-23,1
HT,Haiti,Sud Department,,,HT-SD,,ChIJdQey26mex44RdC41WGddg9U,2021-01-01,,,,,-67,
HT,Haiti,Sud Department,,,HT-SD,,ChIJdQey26mex44RdC41WGddg9U,2021-01-02,,,,,-52,
HT,Haiti,Sud Department,,,HT-SD,,ChIJdQey26mex44RdC41WGddg9U,2021-01-03,,,,,-32,
HT,Haiti,Sud Department,,,HT-SD,,ChIJdQey26mex44RdC41WGddg9U,2021-01-04,,,,,-29,
HT,Haiti,Sud Department,,,HT-SD,,ChIJdQey26mex44RdC41WGddg9U,2021-01-05,,,,,-22,
HT,Haiti,Sud Department,,,HT-SD,,ChIJdQey26mex44RdC41WGddg9U,2021-01-06,,,,,-16,
HT,Haiti,Sud Department,,,HT-SD,,ChIJdQey26mex44RdC41WGddg9U,2021-01-07,,,,,-23,
HT,Haiti,Sud Department,,,HT-SD,,ChIJdQey26mex44RdC41WGddg9U,2021-01-08,,,,,-20,
HT,Haiti,Sud Department,,,HT-SD,,ChIJdQey26mex44RdC41WGddg9U,2021-01-09,,,,,-23,
HT,Haiti,Sud Department,,,HT-SD,,ChIJdQey26mex44RdC41WGddg9U,2021-01-10,,,,,-15,
HT,Haiti,Sud Department,,,HT-SD,,ChIJdQey26mex44RdC41WGddg9U,2021-01-11,,,,,-17,
HT,Haiti,Sud Department,,,HT-SD,,ChIJdQey26mex44RdC41WGddg9U,2021-01-12,,,,,-16,
HT,Haiti,Sud Department,,,HT-SD,,ChIJdQey26mex44RdC41WGddg9U,2021-01-13,,,,,-18,
HT,Haiti,Sud Department,,,HT-SD,,ChIJdQey26mex44RdC41WGddg9U,2021-01-14,,,,,-38,
HT,Haiti,Sud Department,,,HT-SD,,ChIJdQey26mex44RdC41WGddg9U,2021-01-15,,,,,-36,
HT,Haiti,Sud Department,,,HT-SD,,ChIJdQey26mex44RdC41WGddg9U,2021-01-16,,,-44,,-37,
HT,Haiti,Sud Department,,,HT-SD,,ChIJdQey26mex44RdC41WGddg9U,2021-01-17,,,-37,,-42,
HT,Haiti,Sud Department,,,HT-SD,,ChIJdQey26mex44RdC41WGddg9U,2021-01-18,,,,,-32,
HT,Haiti,Sud Department,,,HT-SD,,ChIJdQey26mex44RdC41WGddg9U,2021-01-19,,,,,-34,
HT,Haiti,Sud Department,,,HT-SD,,ChIJdQey26mex44RdC41WGddg9U,2021-01-20,,,,,-26,
HT,Haiti,Sud Department,,,HT-SD,,ChIJdQey26mex44RdC41WGddg9U,2021-01-21,,,,,-29,
HT,Haiti,Sud Department,,,HT-SD,,ChIJdQey26mex44RdC41WGddg9U,2021-01-22,,,,,-24,
HT,Haiti,Sud Department,,,HT-SD,,ChIJdQey26mex44RdC41WGddg9U,2021-01-23,,,,,-30,
HT,Haiti,Sud Department,,,HT-SD,,ChIJdQey26mex44RdC41WGddg9U,2021-01-24,,,,,-42,
HT,Haiti,Sud Department,,,HT-SD,,ChIJdQey26mex44RdC41WGddg9U,2021-01-25,,,,,-27,
HT,Haiti,Sud Department,,,HT-SD,,ChIJdQey26mex44RdC41WGddg9U,2021-01-26,,,,,-28,
HT,Haiti,Sud Department,,,HT-SD,,ChIJdQey26mex44RdC41WGddg9U,2021-01-27,,,,,-26,
HT,Haiti,Sud Department,,,HT-SD,,ChIJdQey26mex44RdC41WGddg9U,2021-01-28,,,,,-32,
HT,Haiti,Sud Department,,,HT-SD,,ChIJdQey26mex44RdC41WGddg9U,2021-01-29,,,,,-37,
HT,Haiti,Sud Department,,,HT-SD,,ChIJdQey26mex44RdC41WGddg9U,2021-01-30,,,,,-36,
HT,Haiti,Sud Department,,,HT-SD,,ChIJdQey26mex44RdC41WGddg9U,2021-01-31,,,,,-37,
HT,Haiti,Sud Department,,,HT-SD,,ChIJdQey26mex44RdC41WGddg9U,2021-02-01,,,,,-54,
HT,Haiti,Sud Department,,,HT-SD,,ChIJdQey26mex44RdC41WGddg9U,2021-02-02,,,,,-57,
HT,Haiti,Sud Department,,,HT-SD,,ChIJdQey26mex44RdC41WGddg9U,2021-02-03,,,,,-46,
HT,Haiti,Sud Department,,,HT-SD,,ChIJdQey26mex44RdC41WGddg9U,2021-02-04,,,,,-49,
HT,Haiti,Sud Department,,,HT-SD,,ChIJdQey26mex44RdC41WGddg9U,2021-02-05,,,,,-49,
HT,Haiti,Sud Department,,,HT-SD,,ChIJdQey26mex44RdC41WGddg9U,2021-02-06,,,,,-49,
HT,Haiti,Sud Department,,,HT-SD,,ChIJdQey26mex44RdC41WGddg9U,2021-02-07,,,-42,,-52,
HT,Haiti,Sud Department,,,HT-SD,,ChIJdQey26mex44RdC41WGddg9U,2021-02-08,,,,,-56,
HT,Haiti,Sud Department,,,HT-SD,,ChIJdQey26mex44RdC41WGddg9U,2021-02-09,,,,,-43,
HT,Haiti,Sud Department,,,HT-SD,,ChIJdQey26mex44RdC41WGddg9U,2021-02-10,,,,,-36,
HT,Haiti,Sud Department,,,HT-SD,,ChIJdQey26mex44RdC41WGddg9U,2021-02-11,,,,,-38,
HT,Haiti,Sud Department,,,HT-SD,,ChIJdQey26mex44RdC41WGddg9U,2021-02-12,,,,,-37,
HT,Haiti,Sud Department,,,HT-SD,,ChIJdQey26mex44RdC41WGddg9U,2021-02-13,,,,,-43,
HT,Haiti,Sud Department,,,HT-SD,,ChIJdQey26mex44RdC41WGddg9U,2021-02-14,,,,,-38,
HT,Haiti,Sud Department,,,HT-SD,,ChIJdQey26mex44RdC41WGddg9U,2021-02-15,,,,,-44,
HT,Haiti,Sud Department,,,HT-SD,,ChIJdQey26mex44RdC41WGddg9U,2021-02-16,,,,,-55,
HT,Haiti,Sud Department,,,HT-SD,,ChIJdQey26mex44RdC41WGddg9U,2021-02-17,,,,,-44,
HT,Haiti,Sud Department,,,HT-SD,,ChIJdQey26mex44RdC41WGddg9U,2021-02-18,,,,,-26,
HT,Haiti,Sud Department,,,HT-SD,,ChIJdQey26mex44RdC41WGddg9U,2021-02-19,,,,,-28,
HT,Haiti,Sud Department,,,HT-SD,,ChIJdQey26mex44RdC41WGddg9U,2021-02-20,,,,,-33,
HT,Haiti,Sud Department,,,HT-SD,,ChIJdQey26mex44RdC41WGddg9U,2021-02-21,,,,,-37,
HT,Haiti,Sud Department,,,HT-SD,,ChIJdQey26mex44RdC41WGddg9U,2021-02-22,,,,,-28,
HT,Haiti,Sud Department,,,HT-SD,,ChIJdQey26mex44RdC41WGddg9U,2021-02-23,,,,,-28,
HT,Haiti,Sud Department,,,HT-SD,,ChIJdQey26mex44RdC41WGddg9U,2021-02-24,,,,,-22,
HT,Haiti,Sud Department,,,HT-SD,,ChIJdQey26mex44RdC41WGddg9U,2021-02-25,,,,,-28,
HT,Haiti,Sud Department,,,HT-SD,,ChIJdQey26mex44RdC41WGddg9U,2021-02-26,,,,,-21,
HT,Haiti,Sud Department,,,HT-SD,,ChIJdQey26mex44RdC41WGddg9U,2021-02-27,,,,,-28,
HT,Haiti,Sud Department,,,HT-SD,,ChIJdQey26mex44RdC41WGddg9U,2021-02-28,,,,,-32,
HT,Haiti,Sud Department,,,HT-SD,,ChIJdQey26mex44RdC41WGddg9U,2021-03-01,,,,,-30,
HT,Haiti,Sud Department,,,HT-SD,,ChIJdQey26mex44RdC41WGddg9U,2021-03-02,,,,,-23,
HT,Haiti,Sud Department,,,HT-SD,,ChIJdQey26mex44RdC41WGddg9U,2021-03-03,,,,,-22,
HT,Haiti,Sud Department,,,HT-SD,,ChIJdQey26mex44RdC41WGddg9U,2021-03-04,,,,,-26,
HT,Haiti,Sud Department,,,HT-SD,,ChIJdQey26mex44RdC41WGddg9U,2021-03-05,,,,,-19,
HT,Haiti,Sud Department,,,HT-SD,,ChIJdQey26mex44RdC41WGddg9U,2021-03-06,,,,,-25,
HT,Haiti,Sud Department,,,HT-SD,,ChIJdQey26mex44RdC41WGddg9U,2021-03-07,,,,,-38,
HT,Haiti,Sud Department,,,HT-SD,,ChIJdQey26mex44RdC41WGddg9U,2021-03-08,,,,,-23,
HT,Haiti,Sud Department,,,HT-SD,,ChIJdQey26mex44RdC41WGddg9U,2021-03-09,,,,,-28,
HT,Haiti,Sud Department,,,HT-SD,,ChIJdQey26mex44RdC41WGddg9U,2021-03-10,,,,,-21,
HT,Haiti,Sud Department,,,HT-SD,,ChIJdQey26mex44RdC41WGddg9U,2021-03-11,,,,,-29,
HT,Haiti,Sud Department,,,HT-SD,,ChIJdQey26mex44RdC41WGddg9U,2021-03-12,,,,,-24,
HT,Haiti,Sud Department,,,HT-SD,,ChIJdQey26mex44RdC41WGddg9U,2021-03-13,,,,,-32,
HT,Haiti,Sud Department,,,HT-SD,,ChIJdQey26mex44RdC41WGddg9U,2021-03-14,,,-36,,-39,
HT,Haiti,Sud Department,,,HT-SD,,ChIJdQey26mex44RdC41WGddg9U,2021-03-15,,,,,-24,
HT,Haiti,Sud Department,,,HT-SD,,ChIJdQey26mex44RdC41WGddg9U,2021-03-16,,,,,-21,
HT,Haiti,Sud Department,,,HT-SD,,ChIJdQey26mex44RdC41WGddg9U,2021-03-17,,,,,-19,
HT,Haiti,Sud Department,,,HT-SD,,ChIJdQey26mex44RdC41WGddg9U,2021-03-18,,,,,-29,
HT,Haiti,Sud Department,,,HT-SD,,ChIJdQey26mex44RdC41WGddg9U,2021-03-19,,,,,-24,
HT,Haiti,Sud Department,,,HT-SD,,ChIJdQey26mex44RdC41WGddg9U,2021-03-20,,,,,-27,
HT,Haiti,Sud Department,,,HT-SD,,ChIJdQey26mex44RdC41WGddg9U,2021-03-21,,,,,-32,
HT,Haiti,Sud Department,,,HT-SD,,ChIJdQey26mex44RdC41WGddg9U,2021-03-22,,,,,-16,
HT,Haiti,Sud Department,,,HT-SD,,ChIJdQey26mex44RdC41WGddg9U,2021-03-23,,,,,-17,
HT,Haiti,Sud Department,,,HT-SD,,ChIJdQey26mex44RdC41WGddg9U,2021-03-24,,,,,-11,
HT,Haiti,Sud Department,,,HT-SD,,ChIJdQey26mex44RdC41WGddg9U,2021-03-25,,,,,-18,
HT,Haiti,Sud Department,,,HT-SD,,ChIJdQey26mex44RdC41WGddg9U,2021-03-26,,,,,-17,
HT,Haiti,Sud Department,,,HT-SD,,ChIJdQey26mex44RdC41WGddg9U,2021-03-27,,,,,-24,
HT,Haiti,Sud-Est Department,,,HT-SE,,ChIJw2-UIJCwuY4RCea_ntvfuMs,2021-01-01,,,,,-61,
HT,Haiti,Sud-Est Department,,,HT-SE,,ChIJw2-UIJCwuY4RCea_ntvfuMs,2021-01-02,,,,,-48,
HT,Haiti,Sud-Est Department,,,HT-SE,,ChIJw2-UIJCwuY4RCea_ntvfuMs,2021-01-03,,,,,-41,
HT,Haiti,Sud-Est Department,,,HT-SE,,ChIJw2-UIJCwuY4RCea_ntvfuMs,2021-01-04,,,,,-44,
HT,Haiti,Sud-Est Department,,,HT-SE,,ChIJw2-UIJCwuY4RCea_ntvfuMs,2021-01-05,,,,,-38,
HT,Haiti,Sud-Est Department,,,HT-SE,,ChIJw2-UIJCwuY4RCea_ntvfuMs,2021-01-06,,,,,-37,
HT,Haiti,Sud-Est Department,,,HT-SE,,ChIJw2-UIJCwuY4RCea_ntvfuMs,2021-01-07,,,,,-36,
HT,Haiti,Sud-Est Department,,,HT-SE,,ChIJw2-UIJCwuY4RCea_ntvfuMs,2021-01-08,,,,,-31,
HT,Haiti,Sud-Est Department,,,HT-SE,,ChIJw2-UIJCwuY4RCea_ntvfuMs,2021-01-09,,,,,-36,
HT,Haiti,Sud-Est Department,,,HT-SE,,ChIJw2-UIJCwuY4RCea_ntvfuMs,2021-01-10,,,,,-37,
HT,Haiti,Sud-Est Department,,,HT-SE,,ChIJw2-UIJCwuY4RCea_ntvfuMs,2021-01-11,,,,,-26,
HT,Haiti,Sud-Est Department,,,HT-SE,,ChIJw2-UIJCwuY4RCea_ntvfuMs,2021-01-12,,,,,-31,
HT,Haiti,Sud-Est Department,,,HT-SE,,ChIJw2-UIJCwuY4RCea_ntvfuMs,2021-01-13,,,,,-39,
HT,Haiti,Sud-Est Department,,,HT-SE,,ChIJw2-UIJCwuY4RCea_ntvfuMs,2021-01-14,,,,,-48,
HT,Haiti,Sud-Est Department,,,HT-SE,,ChIJw2-UIJCwuY4RCea_ntvfuMs,2021-01-15,,,,,-47,
HT,Haiti,Sud-Est Department,,,HT-SE,,ChIJw2-UIJCwuY4RCea_ntvfuMs,2021-01-16,,,,,-49,
HT,Haiti,Sud-Est Department,,,HT-SE,,ChIJw2-UIJCwuY4RCea_ntvfuMs,2021-01-17,,,,,-45,
HT,Haiti,Sud-Est Department,,,HT-SE,,ChIJw2-UIJCwuY4RCea_ntvfuMs,2021-01-18,,,,,-45,
HT,Haiti,Sud-Est Department,,,HT-SE,,ChIJw2-UIJCwuY4RCea_ntvfuMs,2021-01-19,,,,,-43,
HT,Haiti,Sud-Est Department,,,HT-SE,,ChIJw2-UIJCwuY4RCea_ntvfuMs,2021-01-20,,,,,-49,
HT,Haiti,Sud-Est Department,,,HT-SE,,ChIJw2-UIJCwuY4RCea_ntvfuMs,2021-01-21,,,,,-46,
HT,Haiti,Sud-Est Department,,,HT-SE,,ChIJw2-UIJCwuY4RCea_ntvfuMs,2021-01-22,,,,,-35,
HT,Haiti,Sud-Est Department,,,HT-SE,,ChIJw2-UIJCwuY4RCea_ntvfuMs,2021-01-23,,,,,-38,
HT,Haiti,Sud-Est Department,,,HT-SE,,ChIJw2-UIJCwuY4RCea_ntvfuMs,2021-01-24,,,,,-39,
HT,Haiti,Sud-Est Department,,,HT-SE,,ChIJw2-UIJCwuY4RCea_ntvfuMs,2021-01-25,,,,,-40,
HT,Haiti,Sud-Est Department,,,HT-SE,,ChIJw2-UIJCwuY4RCea_ntvfuMs,2021-01-26,,,,,-42,
HT,Haiti,Sud-Est Department,,,HT-SE,,ChIJw2-UIJCwuY4RCea_ntvfuMs,2021-01-27,,,,,-42,
HT,Haiti,Sud-Est Department,,,HT-SE,,ChIJw2-UIJCwuY4RCea_ntvfuMs,2021-01-28,,,,,-38,
HT,Haiti,Sud-Est Department,,,HT-SE,,ChIJw2-UIJCwuY4RCea_ntvfuMs,2021-01-29,,,,,-38,
HT,Haiti,Sud-Est Department,,,HT-SE,,ChIJw2-UIJCwuY4RCea_ntvfuMs,2021-01-30,,,,,-35,
HT,Haiti,Sud-Est Department,,,HT-SE,,ChIJw2-UIJCwuY4RCea_ntvfuMs,2021-01-31,,,,,-43,
HT,Haiti,Sud-Est Department,,,HT-SE,,ChIJw2-UIJCwuY4RCea_ntvfuMs,2021-02-01,,,,,-54,
HT,Haiti,Sud-Est Department,,,HT-SE,,ChIJw2-UIJCwuY4RCea_ntvfuMs,2021-02-02,,,,,-52,
HT,Haiti,Sud-Est Department,,,HT-SE,,ChIJw2-UIJCwuY4RCea_ntvfuMs,2021-02-03,,,,,-43,
HT,Haiti,Sud-Est Department,,,HT-SE,,ChIJw2-UIJCwuY4RCea_ntvfuMs,2021-02-04,,,,,-45,
HT,Haiti,Sud-Est Department,,,HT-SE,,ChIJw2-UIJCwuY4RCea_ntvfuMs,2021-02-05,,,,,-42,
HT,Haiti,Sud-Est Department,,,HT-SE,,ChIJw2-UIJCwuY4RCea_ntvfuMs,2021-02-06,,,,,-39,
HT,Haiti,Sud-Est Department,,,HT-SE,,ChIJw2-UIJCwuY4RCea_ntvfuMs,2021-02-07,,,,,-48,
HT,Haiti,Sud-Est Department,,,HT-SE,,ChIJw2-UIJCwuY4RCea_ntvfuMs,2021-02-08,,,,,-56,
HT,Haiti,Sud-Est Department,,,HT-SE,,ChIJw2-UIJCwuY4RCea_ntvfuMs,2021-02-09,,,,,-39,
HT,Haiti,Sud-Est Department,,,HT-SE,,ChIJw2-UIJCwuY4RCea_ntvfuMs,2021-02-10,,,,,-36,
HT,Haiti,Sud-Est Department,,,HT-SE,,ChIJw2-UIJCwuY4RCea_ntvfuMs,2021-02-11,,,,,-38,
HT,Haiti,Sud-Est Department,,,HT-SE,,ChIJw2-UIJCwuY4RCea_ntvfuMs,2021-02-12,,,,,-39,
HT,Haiti,Sud-Est Department,,,HT-SE,,ChIJw2-UIJCwuY4RCea_ntvfuMs,2021-02-13,,,,,-37,
HT,Haiti,Sud-Est Department,,,HT-SE,,ChIJw2-UIJCwuY4RCea_ntvfuMs,2021-02-14,,,,,-39,
HT,Haiti,Sud-Est Department,,,HT-SE,,ChIJw2-UIJCwuY4RCea_ntvfuMs,2021-02-15,,,,,-48,
HT,Haiti,Sud-Est Department,,,HT-SE,,ChIJw2-UIJCwuY4RCea_ntvfuMs,2021-02-16,,,,,-52,
HT,Haiti,Sud-Est Department,,,HT-SE,,ChIJw2-UIJCwuY4RCea_ntvfuMs,2021-02-17,,,,,-58,
HT,Haiti,Sud-Est Department,,,HT-SE,,ChIJw2-UIJCwuY4RCea_ntvfuMs,2021-02-18,,,,,-37,
HT,Haiti,Sud-Est Department,,,HT-SE,,ChIJw2-UIJCwuY4RCea_ntvfuMs,2021-02-19,,,,,-31,
HT,Haiti,Sud-Est Department,,,HT-SE,,ChIJw2-UIJCwuY4RCea_ntvfuMs,2021-02-20,,,,,-35,
HT,Haiti,Sud-Est Department,,,HT-SE,,ChIJw2-UIJCwuY4RCea_ntvfuMs,2021-02-21,,,,,-43,
HT,Haiti,Sud-Est Department,,,HT-SE,,ChIJw2-UIJCwuY4RCea_ntvfuMs,2021-02-22,,,,,-37,
HT,Haiti,Sud-Est Department,,,HT-SE,,ChIJw2-UIJCwuY4RCea_ntvfuMs,2021-02-23,,,,,-36,
HT,Haiti,Sud-Est Department,,,HT-SE,,ChIJw2-UIJCwuY4RCea_ntvfuMs,2021-02-24,,,,,-35,
HT,Haiti,Sud-Est Department,,,HT-SE,,ChIJw2-UIJCwuY4RCea_ntvfuMs,2021-02-25,,,,,-31,
HT,Haiti,Sud-Est Department,,,HT-SE,,ChIJw2-UIJCwuY4RCea_ntvfuMs,2021-02-26,,,,,-35,
HT,Haiti,Sud-Est Department,,,HT-SE,,ChIJw2-UIJCwuY4RCea_ntvfuMs,2021-02-27,,,,,-32,
HT,Haiti,Sud-Est Department,,,HT-SE,,ChIJw2-UIJCwuY4RCea_ntvfuMs,2021-02-28,,,,,-43,
HT,Haiti,Sud-Est Department,,,HT-SE,,ChIJw2-UIJCwuY4RCea_ntvfuMs,2021-03-01,,,,,-36,
HT,Haiti,Sud-Est Department,,,HT-SE,,ChIJw2-UIJCwuY4RCea_ntvfuMs,2021-03-02,,,,,-33,
HT,Haiti,Sud-Est Department,,,HT-SE,,ChIJw2-UIJCwuY4RCea_ntvfuMs,2021-03-03,,,,,-36,
HT,Haiti,Sud-Est Department,,,HT-SE,,ChIJw2-UIJCwuY4RCea_ntvfuMs,2021-03-04,,,,,-38,
HT,Haiti,Sud-Est Department,,,HT-SE,,ChIJw2-UIJCwuY4RCea_ntvfuMs,2021-03-05,,,,,-34,
HT,Haiti,Sud-Est Department,,,HT-SE,,ChIJw2-UIJCwuY4RCea_ntvfuMs,2021-03-06,,,,,-34,
HT,Haiti,Sud-Est Department,,,HT-SE,,ChIJw2-UIJCwuY4RCea_ntvfuMs,2021-03-07,,,,,-46,
HT,Haiti,Sud-Est Department,,,HT-SE,,ChIJw2-UIJCwuY4RCea_ntvfuMs,2021-03-08,,,,,-33,
HT,Haiti,Sud-Est Department,,,HT-SE,,ChIJw2-UIJCwuY4RCea_ntvfuMs,2021-03-09,,,,,-33,
HT,Haiti,Sud-Est Department,,,HT-SE,,ChIJw2-UIJCwuY4RCea_ntvfuMs,2021-03-10,,,,,-31,
HT,Haiti,Sud-Est Department,,,HT-SE,,ChIJw2-UIJCwuY4RCea_ntvfuMs,2021-03-11,,,,,-33,
HT,Haiti,Sud-Est Department,,,HT-SE,,ChIJw2-UIJCwuY4RCea_ntvfuMs,2021-03-12,,,,,-34,
HT,Haiti,Sud-Est Department,,,HT-SE,,ChIJw2-UIJCwuY4RCea_ntvfuMs,2021-03-13,,,,,-32,
HT,Haiti,Sud-Est Department,,,HT-SE,,ChIJw2-UIJCwuY4RCea_ntvfuMs,2021-03-14,,,,,-42,
HT,Haiti,Sud-Est Department,,,HT-SE,,ChIJw2-UIJCwuY4RCea_ntvfuMs,2021-03-15,,,,,-34,
HT,Haiti,Sud-Est Department,,,HT-SE,,ChIJw2-UIJCwuY4RCea_ntvfuMs,2021-03-16,,,,,-22,
HT,Haiti,Sud-Est Department,,,HT-SE,,ChIJw2-UIJCwuY4RCea_ntvfuMs,2021-03-17,,,,,-30,
HT,Haiti,Sud-Est Department,,,HT-SE,,ChIJw2-UIJCwuY4RCea_ntvfuMs,2021-03-18,,,,,-31,
HT,Haiti,Sud-Est Department,,,HT-SE,,ChIJw2-UIJCwuY4RCea_ntvfuMs,2021-03-19,,,,,-30,
HT,Haiti,Sud-Est Department,,,HT-SE,,ChIJw2-UIJCwuY4RCea_ntvfuMs,2021-03-20,,,,,-31,
HT,Haiti,Sud-Est Department,,,HT-SE,,ChIJw2-UIJCwuY4RCea_ntvfuMs,2021-03-21,,,,,-41,
HT,Haiti,Sud-Est Department,,,HT-SE,,ChIJw2-UIJCwuY4RCea_ntvfuMs,2021-03-22,,,,,-29,
HT,Haiti,Sud-Est Department,,,HT-SE,,ChIJw2-UIJCwuY4RCea_ntvfuMs,2021-03-23,,,,,-31,
HT,Haiti,Sud-Est Department,,,HT-SE,,ChIJw2-UIJCwuY4RCea_ntvfuMs,2021-03-24,,,,,-29,
HT,Haiti,Sud-Est Department,,,HT-SE,,ChIJw2-UIJCwuY4RCea_ntvfuMs,2021-03-25,,,,,-29,
HT,Haiti,Sud-Est Department,,,HT-SE,,ChIJw2-UIJCwuY4RCea_ntvfuMs,2021-03-26,,,,,-30,
HT,Haiti,Sud-Est Department,,,HT-SE,,ChIJw2-UIJCwuY4RCea_ntvfuMs,2021-03-27,,,,,-37,
