country_region_code,country_region,sub_region_1,sub_region_2,metro_area,iso_3166_2_code,census_fips_code,place_id,date,retail_and_recreation_percent_change_from_baseline,grocery_and_pharmacy_percent_change_from_baseline,parks_percent_change_from_baseline,transit_stations_percent_change_from_baseline,workplaces_percent_change_from_baseline,residential_percent_change_from_baseline
TT,Trinidad and Tobago,,,,,,ChIJxbZQY5cHNowRJ_E5xlUoCP8,2021-01-01,-70,-58,-22,-75,-77,23
TT,Trinidad and Tobago,,,,,,ChIJxbZQY5cHNowRJ_E5xlUoCP8,2021-01-02,-32,-7,-20,-36,-21,7
TT,Trinidad and Tobago,,,,,,ChIJxbZQY5cHNowRJ_E5xlUoCP8,2021-01-03,-29,-10,-11,-47,-7,2
TT,Trinidad and Tobago,,,,,,ChIJxbZQY5cHNowRJ_E5xlUoCP8,2021-01-04,-20,3,-11,-30,-25,8
TT,Trinidad and Tobago,,,,,,ChIJxbZQY5cHNowRJ_E5xlUoCP8,2021-01-05,-24,-3,-21,-33,-26,9
TT,Trinidad and Tobago,,,,,,ChIJxbZQY5cHNowRJ_E5xlUoCP8,2021-01-06,-25,-3,-24,-33,-25,9
TT,Trinidad and Tobago,,,,,,ChIJxbZQY5cHNowRJ_E5xlUoCP8,2021-01-07,-27,-6,-24,-33,-26,10
TT,Trinidad and Tobago,,,,,,ChIJxbZQY5cHNowRJ_E5xlUoCP8,2021-01-08,-23,-1,-20,-33,-20,8
TT,Trinidad and Tobago,,,,,,ChIJxbZQY5cHNowRJ_E5xlUoCP8,2021-01-09,-25,-1,-26,-35,-7,4
TT,Trinidad and Tobago,,,,,,ChIJxbZQY5cHNowRJ_E5xlUoCP8,2021-01-10,-25,-3,-18,-49,-5,1
TT,Trinidad and Tobago,,,,,,ChIJxbZQY5cHNowRJ_E5xlUoCP8,2021-01-11,-24,-2,-17,-34,-24,6
TT,Trinidad and Tobago,,,,,,ChIJxbZQY5cHNowRJ_E5xlUoCP8,2021-01-12,-25,-6,-19,-35,-25,6
TT,Trinidad and Tobago,,,,,,ChIJxbZQY5cHNowRJ_E5xlUoCP8,2021-01-13,-27,-7,-24,-36,-26,5
TT,Trinidad and Tobago,,,,,,ChIJxbZQY5cHNowRJ_E5xlUoCP8,2021-01-14,-30,-12,-26,-36,-29,6
TT,Trinidad and Tobago,,,,,,ChIJxbZQY5cHNowRJ_E5xlUoCP8,2021-01-15,-25,-5,-23,-36,-25,5
TT,Trinidad and Tobago,,,,,,ChIJxbZQY5cHNowRJ_E5xlUoCP8,2021-01-16,-26,-4,-23,-39,-11,1
TT,Trinidad and Tobago,,,,,,ChIJxbZQY5cHNowRJ_E5xlUoCP8,2021-01-17,-25,-5,-13,-50,-10,-1
TT,Trinidad and Tobago,,,,,,ChIJxbZQY5cHNowRJ_E5xlUoCP8,2021-01-18,-27,-7,-22,-36,-29,5
TT,Trinidad and Tobago,,,,,,ChIJxbZQY5cHNowRJ_E5xlUoCP8,2021-01-19,-28,-11,-27,-38,-29,6
TT,Trinidad and Tobago,,,,,,ChIJxbZQY5cHNowRJ_E5xlUoCP8,2021-01-20,-28,-9,-26,-38,-28,6
TT,Trinidad and Tobago,,,,,,ChIJxbZQY5cHNowRJ_E5xlUoCP8,2021-01-21,-28,-11,-24,-40,-28,6
TT,Trinidad and Tobago,,,,,,ChIJxbZQY5cHNowRJ_E5xlUoCP8,2021-01-22,-23,-3,-21,-37,-23,5
TT,Trinidad and Tobago,,,,,,ChIJxbZQY5cHNowRJ_E5xlUoCP8,2021-01-23,-22,2,-19,-33,-8,1
TT,Trinidad and Tobago,,,,,,ChIJxbZQY5cHNowRJ_E5xlUoCP8,2021-01-24,-20,4,-11,-45,-7,-2
TT,Trinidad and Tobago,,,,,,ChIJxbZQY5cHNowRJ_E5xlUoCP8,2021-01-25,-20,2,-14,-35,-27,4
TT,Trinidad and Tobago,,,,,,ChIJxbZQY5cHNowRJ_E5xlUoCP8,2021-01-26,-20,0,-19,-36,-27,5
TT,Trinidad and Tobago,,,,,,ChIJxbZQY5cHNowRJ_E5xlUoCP8,2021-01-27,-21,1,-21,-32,-26,4
TT,Trinidad and Tobago,,,,,,ChIJxbZQY5cHNowRJ_E5xlUoCP8,2021-01-28,-22,-1,-20,-31,-27,4
TT,Trinidad and Tobago,,,,,,ChIJxbZQY5cHNowRJ_E5xlUoCP8,2021-01-29,-17,6,-16,-29,-22,2
TT,Trinidad and Tobago,,,,,,ChIJxbZQY5cHNowRJ_E5xlUoCP8,2021-01-30,-17,9,-16,-23,-7,-3
TT,Trinidad and Tobago,,,,,,ChIJxbZQY5cHNowRJ_E5xlUoCP8,2021-01-31,-16,10,-8,-42,-5,-5
TT,Trinidad and Tobago,,,,,,ChIJxbZQY5cHNowRJ_E5xlUoCP8,2021-02-01,-18,8,-14,-28,-25,0
TT,Trinidad and Tobago,,,,,,ChIJxbZQY5cHNowRJ_E5xlUoCP8,2021-02-02,-18,6,-15,-29,-25,1
TT,Trinidad and Tobago,,,,,,ChIJxbZQY5cHNowRJ_E5xlUoCP8,2021-02-03,-24,-3,-25,-32,-26,2
TT,Trinidad and Tobago,,,,,,ChIJxbZQY5cHNowRJ_E5xlUoCP8,2021-02-04,-25,-8,-19,-37,-27,3
TT,Trinidad and Tobago,,,,,,ChIJxbZQY5cHNowRJ_E5xlUoCP8,2021-02-05,-21,0,-15,-34,-21,3
TT,Trinidad and Tobago,,,,,,ChIJxbZQY5cHNowRJ_E5xlUoCP8,2021-02-06,-21,2,-14,-34,-7,-2
TT,Trinidad and Tobago,,,,,,ChIJxbZQY5cHNowRJ_E5xlUoCP8,2021-02-07,-21,0,-3,-46,-5,-4
TT,Trinidad and Tobago,,,,,,ChIJxbZQY5cHNowRJ_E5xlUoCP8,2021-02-08,-21,-2,-12,-34,-26,2
TT,Trinidad and Tobago,,,,,,ChIJxbZQY5cHNowRJ_E5xlUoCP8,2021-02-09,-19,0,-14,-32,-25,2
TT,Trinidad and Tobago,,,,,,ChIJxbZQY5cHNowRJ_E5xlUoCP8,2021-02-10,-20,0,-15,-31,-24,2
TT,Trinidad and Tobago,,,,,,ChIJxbZQY5cHNowRJ_E5xlUoCP8,2021-02-11,-21,-1,-18,-30,-26,0
TT,Trinidad and Tobago,,,,,,ChIJxbZQY5cHNowRJ_E5xlUoCP8,2021-02-12,-22,-1,-19,-30,-24,-1
TT,Trinidad and Tobago,,,,,,ChIJxbZQY5cHNowRJ_E5xlUoCP8,2021-02-13,-14,16,-14,-26,-8,-7
TT,Trinidad and Tobago,,,,,,ChIJxbZQY5cHNowRJ_E5xlUoCP8,2021-02-14,-3,16,-5,-40,-3,-9
TT,Trinidad and Tobago,,,,,,ChIJxbZQY5cHNowRJ_E5xlUoCP8,2021-02-15,-20,2,-10,-33,-28,-3
TT,Trinidad and Tobago,,,,,,ChIJxbZQY5cHNowRJ_E5xlUoCP8,2021-02-16,-17,4,-13,-31,-27,-2
TT,Trinidad and Tobago,,,,,,ChIJxbZQY5cHNowRJ_E5xlUoCP8,2021-02-17,-20,3,-18,-28,-25,-3
TT,Trinidad and Tobago,,,,,,ChIJxbZQY5cHNowRJ_E5xlUoCP8,2021-02-18,-22,0,-21,-31,-27,-2
TT,Trinidad and Tobago,,,,,,ChIJxbZQY5cHNowRJ_E5xlUoCP8,2021-02-19,-18,6,-20,-27,-22,-2
TT,Trinidad and Tobago,,,,,,ChIJxbZQY5cHNowRJ_E5xlUoCP8,2021-02-20,-17,8,-15,-32,-8,-6
TT,Trinidad and Tobago,,,,,,ChIJxbZQY5cHNowRJ_E5xlUoCP8,2021-02-21,-15,9,-5,-41,-9,-7
TT,Trinidad and Tobago,,,,,,ChIJxbZQY5cHNowRJ_E5xlUoCP8,2021-02-22,-21,2,-21,-32,-25,-2
TT,Trinidad and Tobago,,,,,,ChIJxbZQY5cHNowRJ_E5xlUoCP8,2021-02-23,-18,3,-20,-30,-24,-2
TT,Trinidad and Tobago,,,,,,ChIJxbZQY5cHNowRJ_E5xlUoCP8,2021-02-24,-18,6,-23,-33,-24,-2
TT,Trinidad and Tobago,,,,,,ChIJxbZQY5cHNowRJ_E5xlUoCP8,2021-02-25,-13,10,-19,-30,-25,-2
TT,Trinidad and Tobago,,,,,,ChIJxbZQY5cHNowRJ_E5xlUoCP8,2021-02-26,-7,21,-13,-25,-20,-4
TT,Trinidad and Tobago,,,,,,ChIJxbZQY5cHNowRJ_E5xlUoCP8,2021-02-27,-6,25,-10,-24,-6,-8
TT,Trinidad and Tobago,,,,,,ChIJxbZQY5cHNowRJ_E5xlUoCP8,2021-02-28,-2,27,3,-38,-3,-9
TT,Trinidad and Tobago,,,,,,ChIJxbZQY5cHNowRJ_E5xlUoCP8,2021-03-01,-7,23,-12,-26,-24,-5
TT,Trinidad and Tobago,,,,,,ChIJxbZQY5cHNowRJ_E5xlUoCP8,2021-03-02,-7,20,-12,-28,-23,-4
TT,Trinidad and Tobago,,,,,,ChIJxbZQY5cHNowRJ_E5xlUoCP8,2021-03-03,-10,17,-16,-28,-24,-4
TT,Trinidad and Tobago,,,,,,ChIJxbZQY5cHNowRJ_E5xlUoCP8,2021-03-04,-18,6,-27,-31,-26,-1
TT,Trinidad and Tobago,,,,,,ChIJxbZQY5cHNowRJ_E5xlUoCP8,2021-03-05,-14,13,-19,-30,-21,-3
TT,Trinidad and Tobago,,,,,,ChIJxbZQY5cHNowRJ_E5xlUoCP8,2021-03-06,-10,18,-11,-27,-7,-7
TT,Trinidad and Tobago,,,,,,ChIJxbZQY5cHNowRJ_E5xlUoCP8,2021-03-07,-11,17,-7,-45,-6,-8
TT,Trinidad and Tobago,,,,,,ChIJxbZQY5cHNowRJ_E5xlUoCP8,2021-03-08,-12,12,-14,-30,-24,-3
TT,Trinidad and Tobago,,,,,,ChIJxbZQY5cHNowRJ_E5xlUoCP8,2021-03-09,-13,10,-15,-29,-24,-3
TT,Trinidad and Tobago,,,,,,ChIJxbZQY5cHNowRJ_E5xlUoCP8,2021-03-10,-15,10,-18,-28,-23,-2
TT,Trinidad and Tobago,,,,,,ChIJxbZQY5cHNowRJ_E5xlUoCP8,2021-03-11,-19,5,-22,-31,-24,-2
TT,Trinidad and Tobago,,,,,,ChIJxbZQY5cHNowRJ_E5xlUoCP8,2021-03-12,-13,11,-17,-29,-20,-2
TT,Trinidad and Tobago,,,,,,ChIJxbZQY5cHNowRJ_E5xlUoCP8,2021-03-13,-18,9,-23,-30,-8,-5
TT,Trinidad and Tobago,,,,,,ChIJxbZQY5cHNowRJ_E5xlUoCP8,2021-03-14,-19,8,-29,-43,-9,-5
TT,Trinidad and Tobago,,,,,,ChIJxbZQY5cHNowRJ_E5xlUoCP8,2021-03-15,-12,14,-12,-27,-23,-3
TT,Trinidad and Tobago,,,,,,ChIJxbZQY5cHNowRJ_E5xlUoCP8,2021-03-16,-11,14,-14,-26,-23,-3
TT,Trinidad and Tobago,,,,,,ChIJxbZQY5cHNowRJ_E5xlUoCP8,2021-03-17,-13,13,-16,-26,-22,-3
TT,Trinidad and Tobago,,,,,,ChIJxbZQY5cHNowRJ_E5xlUoCP8,2021-03-18,-14,10,-14,-25,-23,-2
TT,Trinidad and Tobago,,,,,,ChIJxbZQY5cHNowRJ_E5xlUoCP8,2021-03-19,-12,15,-16,-25,-18,-3
TT,Trinidad and Tobago,,,,,,ChIJxbZQY5cHNowRJ_E5xlUoCP8,2021-03-20,-11,17,-12,-25,-4,-7
TT,Trinidad and Tobago,,,,,,ChIJxbZQY5cHNowRJ_E5xlUoCP8,2021-03-21,-10,19,-2,-38,-3,-8
TT,Trinidad and Tobago,,,,,,ChIJxbZQY5cHNowRJ_E5xlUoCP8,2021-03-22,-13,14,-9,-26,-22,-3
TT,Trinidad and Tobago,,,,,,ChIJxbZQY5cHNowRJ_E5xlUoCP8,2021-03-23,-12,13,-13,-26,-22,-3
TT,Trinidad and Tobago,,,,,,ChIJxbZQY5cHNowRJ_E5xlUoCP8,2021-03-24,-13,13,-22,-27,-22,-3
TT,Trinidad and Tobago,,,,,,ChIJxbZQY5cHNowRJ_E5xlUoCP8,2021-03-25,-8,18,-11,-25,-22,-4
TT,Trinidad and Tobago,,,,,,ChIJxbZQY5cHNowRJ_E5xlUoCP8,2021-03-26,-4,24,-12,-22,-17,-4
TT,Trinidad and Tobago,,,,,,ChIJxbZQY5cHNowRJ_E5xlUoCP8,2021-03-27,-3,29,-12,-17,-3,-8
