country_region_code,country_region,sub_region_1,sub_region_2,metro_area,iso_3166_2_code,census_fips_code,place_id,date,retail_and_recreation_percent_change_from_baseline,grocery_and_pharmacy_percent_change_from_baseline,parks_percent_change_from_baseline,transit_stations_percent_change_from_baseline,workplaces_percent_change_from_baseline,residential_percent_change_from_baseline
NA,Namibia,,,,,,ChIJIXXTbn489RsRYbLsqKXludM,2021-01-01,-62,-51,-10,-70,-80,22
NA,Namibia,,,,,,ChIJIXXTbn489RsRYbLsqKXludM,2021-01-02,-24,-5,3,-46,-27,5
NA,Namibia,,,,,,ChIJIXXTbn489RsRYbLsqKXludM,2021-01-03,-23,-4,15,-46,-20,0
NA,Namibia,,,,,,ChIJIXXTbn489RsRYbLsqKXludM,2021-01-04,-12,6,1,-31,-41,7
NA,Namibia,,,,,,ChIJIXXTbn489RsRYbLsqKXludM,2021-01-05,-20,-2,-8,-33,-40,8
NA,Namibia,,,,,,ChIJIXXTbn489RsRYbLsqKXludM,2021-01-06,-19,-1,-10,-37,-35,7
NA,Namibia,,,,,,ChIJIXXTbn489RsRYbLsqKXludM,2021-01-07,-22,-4,-11,-28,-35,9
NA,Namibia,,,,,,ChIJIXXTbn489RsRYbLsqKXludM,2021-01-08,-24,-5,-19,-35,-32,9
NA,Namibia,,,,,,ChIJIXXTbn489RsRYbLsqKXludM,2021-01-09,-21,-7,-20,-40,-12,4
NA,Namibia,,,,,,ChIJIXXTbn489RsRYbLsqKXludM,2021-01-10,-27,-12,-11,-47,-17,3
NA,Namibia,,,,,,ChIJIXXTbn489RsRYbLsqKXludM,2021-01-11,-19,-5,-15,-32,-25,6
NA,Namibia,,,,,,ChIJIXXTbn489RsRYbLsqKXludM,2021-01-12,-25,-10,-22,-31,-27,5
NA,Namibia,,,,,,ChIJIXXTbn489RsRYbLsqKXludM,2021-01-13,-26,-14,-26,-32,-26,3
NA,Namibia,,,,,,ChIJIXXTbn489RsRYbLsqKXludM,2021-01-14,-30,-19,-24,-31,-27,2
NA,Namibia,,,,,,ChIJIXXTbn489RsRYbLsqKXludM,2021-01-15,-31,-19,-32,-37,-26,2
NA,Namibia,,,,,,ChIJIXXTbn489RsRYbLsqKXludM,2021-01-16,-30,-21,-26,-45,-22,2
NA,Namibia,,,,,,ChIJIXXTbn489RsRYbLsqKXludM,2021-01-17,-37,-26,-20,-53,-26,2
NA,Namibia,,,,,,ChIJIXXTbn489RsRYbLsqKXludM,2021-01-18,-31,-22,-28,-32,-25,2
NA,Namibia,,,,,,ChIJIXXTbn489RsRYbLsqKXludM,2021-01-19,-34,-25,-29,-35,-26,3
NA,Namibia,,,,,,ChIJIXXTbn489RsRYbLsqKXludM,2021-01-20,-25,-13,-29,-36,-23,1
NA,Namibia,,,,,,ChIJIXXTbn489RsRYbLsqKXludM,2021-01-21,-26,-13,-25,-29,-24,1
NA,Namibia,,,,,,ChIJIXXTbn489RsRYbLsqKXludM,2021-01-22,-24,-9,-32,-32,-20,1
NA,Namibia,,,,,,ChIJIXXTbn489RsRYbLsqKXludM,2021-01-23,-17,-4,-25,-37,-16,0
NA,Namibia,,,,,,ChIJIXXTbn489RsRYbLsqKXludM,2021-01-24,-21,-5,-11,-47,-18,-1
NA,Namibia,,,,,,ChIJIXXTbn489RsRYbLsqKXludM,2021-01-25,-14,2,-20,-31,-19,0
NA,Namibia,,,,,,ChIJIXXTbn489RsRYbLsqKXludM,2021-01-26,-23,-8,-26,-29,-20,-1
NA,Namibia,,,,,,ChIJIXXTbn489RsRYbLsqKXludM,2021-01-27,-18,-7,-24,-29,-17,-1
NA,Namibia,,,,,,ChIJIXXTbn489RsRYbLsqKXludM,2021-01-28,-20,-6,-22,-20,-18,-1
NA,Namibia,,,,,,ChIJIXXTbn489RsRYbLsqKXludM,2021-01-29,-9,10,-23,-23,-13,-6
NA,Namibia,,,,,,ChIJIXXTbn489RsRYbLsqKXludM,2021-01-30,-1,15,-11,-26,-9,-8
NA,Namibia,,,,,,ChIJIXXTbn489RsRYbLsqKXludM,2021-01-31,-9,13,-9,-46,-15,-7
NA,Namibia,,,,,,ChIJIXXTbn489RsRYbLsqKXludM,2021-02-01,-12,6,-19,-28,-15,-7
NA,Namibia,,,,,,ChIJIXXTbn489RsRYbLsqKXludM,2021-02-02,-17,1,-20,-24,-17,-6
NA,Namibia,,,,,,ChIJIXXTbn489RsRYbLsqKXludM,2021-02-03,-19,-9,-21,-32,-14,-5
NA,Namibia,,,,,,ChIJIXXTbn489RsRYbLsqKXludM,2021-02-04,-21,-8,-14,-25,-16,-4
NA,Namibia,,,,,,ChIJIXXTbn489RsRYbLsqKXludM,2021-02-05,-19,-6,-19,-29,-13,-4
NA,Namibia,,,,,,ChIJIXXTbn489RsRYbLsqKXludM,2021-02-06,-15,-6,-12,-29,-13,-3
NA,Namibia,,,,,,ChIJIXXTbn489RsRYbLsqKXludM,2021-02-07,-26,-11,-12,-52,-20,-2
NA,Namibia,,,,,,ChIJIXXTbn489RsRYbLsqKXludM,2021-02-08,-23,-12,-19,-35,-16,-3
NA,Namibia,,,,,,ChIJIXXTbn489RsRYbLsqKXludM,2021-02-09,-25,-11,-22,-30,-18,-2
NA,Namibia,,,,,,ChIJIXXTbn489RsRYbLsqKXludM,2021-02-10,-24,-12,-24,-31,-15,-3
NA,Namibia,,,,,,ChIJIXXTbn489RsRYbLsqKXludM,2021-02-11,-23,-11,-26,-23,-17,-5
NA,Namibia,,,,,,ChIJIXXTbn489RsRYbLsqKXludM,2021-02-12,-22,-8,-33,-30,-14,-7
NA,Namibia,,,,,,ChIJIXXTbn489RsRYbLsqKXludM,2021-02-13,-16,-4,-26,-34,-17,-6
NA,Namibia,,,,,,ChIJIXXTbn489RsRYbLsqKXludM,2021-02-14,-18,-5,-13,-51,-23,-6
NA,Namibia,,,,,,ChIJIXXTbn489RsRYbLsqKXludM,2021-02-15,-23,-11,-31,-36,-16,-8
NA,Namibia,,,,,,ChIJIXXTbn489RsRYbLsqKXludM,2021-02-16,-25,-12,-33,-29,-18,-7
NA,Namibia,,,,,,ChIJIXXTbn489RsRYbLsqKXludM,2021-02-17,-24,-12,-30,-36,-15,-7
NA,Namibia,,,,,,ChIJIXXTbn489RsRYbLsqKXludM,2021-02-18,-24,-11,-31,-27,-16,-7
NA,Namibia,,,,,,ChIJIXXTbn489RsRYbLsqKXludM,2021-02-19,-14,5,-31,-26,-12,-9
NA,Namibia,,,,,,ChIJIXXTbn489RsRYbLsqKXludM,2021-02-20,-11,6,-22,-32,-12,-8
NA,Namibia,,,,,,ChIJIXXTbn489RsRYbLsqKXludM,2021-02-21,-22,1,-22,-49,-20,-6
NA,Namibia,,,,,,ChIJIXXTbn489RsRYbLsqKXludM,2021-02-22,-20,-6,-27,-31,-14,-8
NA,Namibia,,,,,,ChIJIXXTbn489RsRYbLsqKXludM,2021-02-23,-22,-8,-30,-25,-16,-8
NA,Namibia,,,,,,ChIJIXXTbn489RsRYbLsqKXludM,2021-02-24,-19,-5,-31,-30,-13,-8
NA,Namibia,,,,,,ChIJIXXTbn489RsRYbLsqKXludM,2021-02-25,-9,7,-23,-16,-14,-10
NA,Namibia,,,,,,ChIJIXXTbn489RsRYbLsqKXludM,2021-02-26,2,24,-23,-18,-11,-13
NA,Namibia,,,,,,ChIJIXXTbn489RsRYbLsqKXludM,2021-02-27,11,31,-9,-17,-8,-13
NA,Namibia,,,,,,ChIJIXXTbn489RsRYbLsqKXludM,2021-02-28,6,30,-6,-36,-13,-11
NA,Namibia,,,,,,ChIJIXXTbn489RsRYbLsqKXludM,2021-03-01,-1,18,-19,-19,-12,-11
NA,Namibia,,,,,,ChIJIXXTbn489RsRYbLsqKXludM,2021-03-02,-6,14,-23,-16,-14,-11
NA,Namibia,,,,,,ChIJIXXTbn489RsRYbLsqKXludM,2021-03-03,-5,10,-25,-27,-11,-10
NA,Namibia,,,,,,ChIJIXXTbn489RsRYbLsqKXludM,2021-03-04,-7,10,-16,-9,-12,-10
NA,Namibia,,,,,,ChIJIXXTbn489RsRYbLsqKXludM,2021-03-05,-5,11,-24,-21,-10,-11
NA,Namibia,,,,,,ChIJIXXTbn489RsRYbLsqKXludM,2021-03-06,0,12,-11,-27,-9,-9
NA,Namibia,,,,,,ChIJIXXTbn489RsRYbLsqKXludM,2021-03-07,-12,4,-13,-46,-17,-7
NA,Namibia,,,,,,ChIJIXXTbn489RsRYbLsqKXludM,2021-03-08,-13,1,-23,-27,-12,-9
NA,Namibia,,,,,,ChIJIXXTbn489RsRYbLsqKXludM,2021-03-09,-17,-3,-26,-20,-14,-8
NA,Namibia,,,,,,ChIJIXXTbn489RsRYbLsqKXludM,2021-03-10,-14,-2,-26,-30,-11,-8
NA,Namibia,,,,,,ChIJIXXTbn489RsRYbLsqKXludM,2021-03-11,-14,-1,-21,-16,-12,-8
NA,Namibia,,,,,,ChIJIXXTbn489RsRYbLsqKXludM,2021-03-12,-13,3,-25,-20,-8,-9
NA,Namibia,,,,,,ChIJIXXTbn489RsRYbLsqKXludM,2021-03-13,-7,3,-15,-27,-10,-7
NA,Namibia,,,,,,ChIJIXXTbn489RsRYbLsqKXludM,2021-03-14,-21,-1,-17,-44,-17,-5
NA,Namibia,,,,,,ChIJIXXTbn489RsRYbLsqKXludM,2021-03-15,-17,-5,-22,-21,-10,-8
NA,Namibia,,,,,,ChIJIXXTbn489RsRYbLsqKXludM,2021-03-16,-20,-8,-25,-15,-13,-7
NA,Namibia,,,,,,ChIJIXXTbn489RsRYbLsqKXludM,2021-03-17,-17,-6,-27,-22,-9,-8
NA,Namibia,,,,,,ChIJIXXTbn489RsRYbLsqKXludM,2021-03-18,-15,-1,-23,-10,-11,-8
NA,Namibia,,,,,,ChIJIXXTbn489RsRYbLsqKXludM,2021-03-19,-6,16,-23,-14,-10,-11
NA,Namibia,,,,,,ChIJIXXTbn489RsRYbLsqKXludM,2021-03-20,-1,16,-6,-25,-12,-9
NA,Namibia,,,,,,ChIJIXXTbn489RsRYbLsqKXludM,2021-03-21,-17,0,-4,-46,-22,-6
NA,Namibia,,,,,,ChIJIXXTbn489RsRYbLsqKXludM,2021-03-22,-36,-20,-26,-49,-74,8
NA,Namibia,,,,,,ChIJIXXTbn489RsRYbLsqKXludM,2021-03-23,-16,3,-29,-15,-11,-9
NA,Namibia,,,,,,ChIJIXXTbn489RsRYbLsqKXludM,2021-03-24,-13,1,-29,-26,-9,-8
NA,Namibia,,,,,,ChIJIXXTbn489RsRYbLsqKXludM,2021-03-25,-5,15,-18,-9,-9,-9
NA,Namibia,,,,,,ChIJIXXTbn489RsRYbLsqKXludM,2021-03-26,0,20,-26,-10,-6,-11
NA,Namibia,,,,,,ChIJIXXTbn489RsRYbLsqKXludM,2021-03-27,9,23,-12,-20,-3,-10
NA,Namibia,Erongo Region,,,NA-ER,,ChIJUeRAkFZ1dhwRKGqYcDR9VVQ,2021-01-01,-41,-29,54,,-79,19
NA,Namibia,Erongo Region,,,NA-ER,,ChIJUeRAkFZ1dhwRKGqYcDR9VVQ,2021-01-02,4,9,,,-27,3
NA,Namibia,Erongo Region,,,NA-ER,,ChIJUeRAkFZ1dhwRKGqYcDR9VVQ,2021-01-03,8,6,,,-23,
NA,Namibia,Erongo Region,,,NA-ER,,ChIJUeRAkFZ1dhwRKGqYcDR9VVQ,2021-01-04,14,23,,,-34,2
NA,Namibia,Erongo Region,,,NA-ER,,ChIJUeRAkFZ1dhwRKGqYcDR9VVQ,2021-01-05,3,7,21,,-32,3
NA,Namibia,Erongo Region,,,NA-ER,,ChIJUeRAkFZ1dhwRKGqYcDR9VVQ,2021-01-06,0,9,19,,-29,3
NA,Namibia,Erongo Region,,,NA-ER,,ChIJUeRAkFZ1dhwRKGqYcDR9VVQ,2021-01-07,-2,10,8,,-29,5
NA,Namibia,Erongo Region,,,NA-ER,,ChIJUeRAkFZ1dhwRKGqYcDR9VVQ,2021-01-08,-18,1,5,,-27,5
NA,Namibia,Erongo Region,,,NA-ER,,ChIJUeRAkFZ1dhwRKGqYcDR9VVQ,2021-01-09,-17,-10,-4,,-14,1
NA,Namibia,Erongo Region,,,NA-ER,,ChIJUeRAkFZ1dhwRKGqYcDR9VVQ,2021-01-10,-16,-12,-4,,-24,
NA,Namibia,Erongo Region,,,NA-ER,,ChIJUeRAkFZ1dhwRKGqYcDR9VVQ,2021-01-11,-11,1,5,,-23,1
NA,Namibia,Erongo Region,,,NA-ER,,ChIJUeRAkFZ1dhwRKGqYcDR9VVQ,2021-01-12,-19,-10,-12,,-24,1
NA,Namibia,Erongo Region,,,NA-ER,,ChIJUeRAkFZ1dhwRKGqYcDR9VVQ,2021-01-13,-21,-14,-9,,-22,0
NA,Namibia,Erongo Region,,,NA-ER,,ChIJUeRAkFZ1dhwRKGqYcDR9VVQ,2021-01-14,-20,-19,-14,,-24,1
NA,Namibia,Erongo Region,,,NA-ER,,ChIJUeRAkFZ1dhwRKGqYcDR9VVQ,2021-01-15,-33,-22,-18,,-25,-1
NA,Namibia,Erongo Region,,,NA-ER,,ChIJUeRAkFZ1dhwRKGqYcDR9VVQ,2021-01-16,-36,-32,-17,,-24,-1
NA,Namibia,Erongo Region,,,NA-ER,,ChIJUeRAkFZ1dhwRKGqYcDR9VVQ,2021-01-17,-36,-36,-17,,-32,
NA,Namibia,Erongo Region,,,NA-ER,,ChIJUeRAkFZ1dhwRKGqYcDR9VVQ,2021-01-18,-29,-25,-15,,-26,0
NA,Namibia,Erongo Region,,,NA-ER,,ChIJUeRAkFZ1dhwRKGqYcDR9VVQ,2021-01-19,-32,-31,-23,,-24,0
NA,Namibia,Erongo Region,,,NA-ER,,ChIJUeRAkFZ1dhwRKGqYcDR9VVQ,2021-01-20,-25,-22,-19,,-22,-1
NA,Namibia,Erongo Region,,,NA-ER,,ChIJUeRAkFZ1dhwRKGqYcDR9VVQ,2021-01-21,-22,-18,-19,,-23,0
NA,Namibia,Erongo Region,,,NA-ER,,ChIJUeRAkFZ1dhwRKGqYcDR9VVQ,2021-01-22,-29,-16,-21,,-23,-2
NA,Namibia,Erongo Region,,,NA-ER,,ChIJUeRAkFZ1dhwRKGqYcDR9VVQ,2021-01-23,-24,-18,-24,,-16,-3
NA,Namibia,Erongo Region,,,NA-ER,,ChIJUeRAkFZ1dhwRKGqYcDR9VVQ,2021-01-24,-25,-19,-13,,-25,
NA,Namibia,Erongo Region,,,NA-ER,,ChIJUeRAkFZ1dhwRKGqYcDR9VVQ,2021-01-25,-11,-1,-10,,-20,-3
NA,Namibia,Erongo Region,,,NA-ER,,ChIJUeRAkFZ1dhwRKGqYcDR9VVQ,2021-01-26,-17,-10,-18,,-19,-4
NA,Namibia,Erongo Region,,,NA-ER,,ChIJUeRAkFZ1dhwRKGqYcDR9VVQ,2021-01-27,-14,-7,-14,,-15,-4
NA,Namibia,Erongo Region,,,NA-ER,,ChIJUeRAkFZ1dhwRKGqYcDR9VVQ,2021-01-28,-11,-3,-16,,-16,-4
NA,Namibia,Erongo Region,,,NA-ER,,ChIJUeRAkFZ1dhwRKGqYcDR9VVQ,2021-01-29,-17,3,-22,,-18,-8
NA,Namibia,Erongo Region,,,NA-ER,,ChIJUeRAkFZ1dhwRKGqYcDR9VVQ,2021-01-30,-10,1,-15,,-14,-11
NA,Namibia,Erongo Region,,,NA-ER,,ChIJUeRAkFZ1dhwRKGqYcDR9VVQ,2021-01-31,-10,0,-20,,-27,
NA,Namibia,Erongo Region,,,NA-ER,,ChIJUeRAkFZ1dhwRKGqYcDR9VVQ,2021-02-01,-11,6,-18,,-16,-10
NA,Namibia,Erongo Region,,,NA-ER,,ChIJUeRAkFZ1dhwRKGqYcDR9VVQ,2021-02-02,-16,-4,-20,,-16,-10
NA,Namibia,Erongo Region,,,NA-ER,,ChIJUeRAkFZ1dhwRKGqYcDR9VVQ,2021-02-03,-19,-13,-20,,-14,-7
NA,Namibia,Erongo Region,,,NA-ER,,ChIJUeRAkFZ1dhwRKGqYcDR9VVQ,2021-02-04,-19,-9,-16,,-17,-5
NA,Namibia,Erongo Region,,,NA-ER,,ChIJUeRAkFZ1dhwRKGqYcDR9VVQ,2021-02-05,-27,-12,-15,,-15,-6
NA,Namibia,Erongo Region,,,NA-ER,,ChIJUeRAkFZ1dhwRKGqYcDR9VVQ,2021-02-06,-22,-20,-16,,-19,-4
NA,Namibia,Erongo Region,,,NA-ER,,ChIJUeRAkFZ1dhwRKGqYcDR9VVQ,2021-02-07,-27,-23,-25,,-30,
NA,Namibia,Erongo Region,,,NA-ER,,ChIJUeRAkFZ1dhwRKGqYcDR9VVQ,2021-02-08,-24,-13,-13,,-18,-6
NA,Namibia,Erongo Region,,,NA-ER,,ChIJUeRAkFZ1dhwRKGqYcDR9VVQ,2021-02-09,-23,-19,-26,,-19,-6
NA,Namibia,Erongo Region,,,NA-ER,,ChIJUeRAkFZ1dhwRKGqYcDR9VVQ,2021-02-10,-21,-14,-20,,-17,-5
NA,Namibia,Erongo Region,,,NA-ER,,ChIJUeRAkFZ1dhwRKGqYcDR9VVQ,2021-02-11,-18,-12,-28,,-19,-6
NA,Namibia,Erongo Region,,,NA-ER,,ChIJUeRAkFZ1dhwRKGqYcDR9VVQ,2021-02-12,-29,-14,-29,,-17,-10
NA,Namibia,Erongo Region,,,NA-ER,,ChIJUeRAkFZ1dhwRKGqYcDR9VVQ,2021-02-13,-22,-18,-31,,-23,-9
NA,Namibia,Erongo Region,,,NA-ER,,ChIJUeRAkFZ1dhwRKGqYcDR9VVQ,2021-02-14,-19,-17,-28,,-26,
NA,Namibia,Erongo Region,,,NA-ER,,ChIJUeRAkFZ1dhwRKGqYcDR9VVQ,2021-02-15,-24,-14,-32,,-19,-11
NA,Namibia,Erongo Region,,,NA-ER,,ChIJUeRAkFZ1dhwRKGqYcDR9VVQ,2021-02-16,-27,-20,-38,,-21,-10
NA,Namibia,Erongo Region,,,NA-ER,,ChIJUeRAkFZ1dhwRKGqYcDR9VVQ,2021-02-17,-24,-19,-31,,-17,-9
NA,Namibia,Erongo Region,,,NA-ER,,ChIJUeRAkFZ1dhwRKGqYcDR9VVQ,2021-02-18,-20,-17,-36,,-20,-8
NA,Namibia,Erongo Region,,,NA-ER,,ChIJUeRAkFZ1dhwRKGqYcDR9VVQ,2021-02-19,-26,-9,-30,,-18,-10
NA,Namibia,Erongo Region,,,NA-ER,,ChIJUeRAkFZ1dhwRKGqYcDR9VVQ,2021-02-20,-23,-15,-25,,-21,-9
NA,Namibia,Erongo Region,,,NA-ER,,ChIJUeRAkFZ1dhwRKGqYcDR9VVQ,2021-02-21,-27,-20,-36,,-28,
NA,Namibia,Erongo Region,,,NA-ER,,ChIJUeRAkFZ1dhwRKGqYcDR9VVQ,2021-02-22,-24,-15,-25,,-17,-10
NA,Namibia,Erongo Region,,,NA-ER,,ChIJUeRAkFZ1dhwRKGqYcDR9VVQ,2021-02-23,-23,-19,-31,,-17,-9
NA,Namibia,Erongo Region,,,NA-ER,,ChIJUeRAkFZ1dhwRKGqYcDR9VVQ,2021-02-24,-23,-13,-32,,-15,-9
NA,Namibia,Erongo Region,,,NA-ER,,ChIJUeRAkFZ1dhwRKGqYcDR9VVQ,2021-02-25,-8,1,-29,,-16,-11
NA,Namibia,Erongo Region,,,NA-ER,,ChIJUeRAkFZ1dhwRKGqYcDR9VVQ,2021-02-26,-10,16,-24,,-15,-15
NA,Namibia,Erongo Region,,,NA-ER,,ChIJUeRAkFZ1dhwRKGqYcDR9VVQ,2021-02-27,1,14,-10,,-13,-15
NA,Namibia,Erongo Region,,,NA-ER,,ChIJUeRAkFZ1dhwRKGqYcDR9VVQ,2021-02-28,4,17,-22,,-19,
NA,Namibia,Erongo Region,,,NA-ER,,ChIJUeRAkFZ1dhwRKGqYcDR9VVQ,2021-03-01,-3,18,-22,,-15,-14
NA,Namibia,Erongo Region,,,NA-ER,,ChIJUeRAkFZ1dhwRKGqYcDR9VVQ,2021-03-02,-7,8,-26,,-15,-14
NA,Namibia,Erongo Region,,,NA-ER,,ChIJUeRAkFZ1dhwRKGqYcDR9VVQ,2021-03-03,-3,7,-22,,-13,-13
NA,Namibia,Erongo Region,,,NA-ER,,ChIJUeRAkFZ1dhwRKGqYcDR9VVQ,2021-03-04,-5,9,-19,,-14,-12
NA,Namibia,Erongo Region,,,NA-ER,,ChIJUeRAkFZ1dhwRKGqYcDR9VVQ,2021-03-05,-15,5,-22,,-17,-12
NA,Namibia,Erongo Region,,,NA-ER,,ChIJUeRAkFZ1dhwRKGqYcDR9VVQ,2021-03-06,-11,0,-19,,-13,-12
NA,Namibia,Erongo Region,,,NA-ER,,ChIJUeRAkFZ1dhwRKGqYcDR9VVQ,2021-03-07,-12,-7,-21,,-22,
NA,Namibia,Erongo Region,,,NA-ER,,ChIJUeRAkFZ1dhwRKGqYcDR9VVQ,2021-03-08,-16,-4,-23,,-15,-10
NA,Namibia,Erongo Region,,,NA-ER,,ChIJUeRAkFZ1dhwRKGqYcDR9VVQ,2021-03-09,-17,-7,-30,,-16,-11
NA,Namibia,Erongo Region,,,NA-ER,,ChIJUeRAkFZ1dhwRKGqYcDR9VVQ,2021-03-10,-15,-5,-19,,-14,-11
NA,Namibia,Erongo Region,,,NA-ER,,ChIJUeRAkFZ1dhwRKGqYcDR9VVQ,2021-03-11,-12,-4,-21,,-16,-10
NA,Namibia,Erongo Region,,,NA-ER,,ChIJUeRAkFZ1dhwRKGqYcDR9VVQ,2021-03-12,-24,-5,-23,,-15,-11
NA,Namibia,Erongo Region,,,NA-ER,,ChIJUeRAkFZ1dhwRKGqYcDR9VVQ,2021-03-13,-15,-12,-10,,-17,-9
NA,Namibia,Erongo Region,,,NA-ER,,ChIJUeRAkFZ1dhwRKGqYcDR9VVQ,2021-03-14,-21,-16,-29,,-26,
NA,Namibia,Erongo Region,,,NA-ER,,ChIJUeRAkFZ1dhwRKGqYcDR9VVQ,2021-03-15,-16,-8,-20,,-15,-10
NA,Namibia,Erongo Region,,,NA-ER,,ChIJUeRAkFZ1dhwRKGqYcDR9VVQ,2021-03-16,-18,-15,-28,,-16,-11
NA,Namibia,Erongo Region,,,NA-ER,,ChIJUeRAkFZ1dhwRKGqYcDR9VVQ,2021-03-17,-16,-8,-17,,-13,-11
NA,Namibia,Erongo Region,,,NA-ER,,ChIJUeRAkFZ1dhwRKGqYcDR9VVQ,2021-03-18,-11,-1,-26,,-15,-9
NA,Namibia,Erongo Region,,,NA-ER,,ChIJUeRAkFZ1dhwRKGqYcDR9VVQ,2021-03-19,-14,8,-17,,-14,-13
NA,Namibia,Erongo Region,,,NA-ER,,ChIJUeRAkFZ1dhwRKGqYcDR9VVQ,2021-03-20,-6,3,13,,-15,-11
NA,Namibia,Erongo Region,,,NA-ER,,ChIJUeRAkFZ1dhwRKGqYcDR9VVQ,2021-03-21,-8,-5,6,,-27,
NA,Namibia,Erongo Region,,,NA-ER,,ChIJUeRAkFZ1dhwRKGqYcDR9VVQ,2021-03-22,-32,-23,-21,,-73,7
NA,Namibia,Erongo Region,,,NA-ER,,ChIJUeRAkFZ1dhwRKGqYcDR9VVQ,2021-03-23,-18,-7,-29,,-15,-10
NA,Namibia,Erongo Region,,,NA-ER,,ChIJUeRAkFZ1dhwRKGqYcDR9VVQ,2021-03-24,-17,-8,-27,,-12,-10
NA,Namibia,Erongo Region,,,NA-ER,,ChIJUeRAkFZ1dhwRKGqYcDR9VVQ,2021-03-25,-2,11,-25,,-13,-11
NA,Namibia,Erongo Region,,,NA-ER,,ChIJUeRAkFZ1dhwRKGqYcDR9VVQ,2021-03-26,-5,14,-24,,-13,-14
NA,Namibia,Erongo Region,,,NA-ER,,ChIJUeRAkFZ1dhwRKGqYcDR9VVQ,2021-03-27,-2,4,-18,,-9,-14
NA,Namibia,Hardap Region,,,NA-HA,,ChIJg3HumstlEhwR3bDMQ42_PX4,2021-01-01,,,,,-83,
NA,Namibia,Hardap Region,,,NA-HA,,ChIJg3HumstlEhwR3bDMQ42_PX4,2021-01-04,,,,,-41,
NA,Namibia,Hardap Region,,,NA-HA,,ChIJg3HumstlEhwR3bDMQ42_PX4,2021-01-05,,,,,-40,
NA,Namibia,Hardap Region,,,NA-HA,,ChIJg3HumstlEhwR3bDMQ42_PX4,2021-01-06,,,,,-31,
NA,Namibia,Hardap Region,,,NA-HA,,ChIJg3HumstlEhwR3bDMQ42_PX4,2021-01-07,,,,,-35,
NA,Namibia,Hardap Region,,,NA-HA,,ChIJg3HumstlEhwR3bDMQ42_PX4,2021-01-08,,,,,-28,
NA,Namibia,Hardap Region,,,NA-HA,,ChIJg3HumstlEhwR3bDMQ42_PX4,2021-01-11,,,,,-27,
NA,Namibia,Hardap Region,,,NA-HA,,ChIJg3HumstlEhwR3bDMQ42_PX4,2021-01-12,,,,,-31,
NA,Namibia,Hardap Region,,,NA-HA,,ChIJg3HumstlEhwR3bDMQ42_PX4,2021-01-13,,,,,-30,
NA,Namibia,Hardap Region,,,NA-HA,,ChIJg3HumstlEhwR3bDMQ42_PX4,2021-01-14,,,,,-30,
NA,Namibia,Hardap Region,,,NA-HA,,ChIJg3HumstlEhwR3bDMQ42_PX4,2021-01-15,,,,,-23,
NA,Namibia,Hardap Region,,,NA-HA,,ChIJg3HumstlEhwR3bDMQ42_PX4,2021-01-18,,,,,-24,
NA,Namibia,Hardap Region,,,NA-HA,,ChIJg3HumstlEhwR3bDMQ42_PX4,2021-01-19,,,,,-26,
NA,Namibia,Hardap Region,,,NA-HA,,ChIJg3HumstlEhwR3bDMQ42_PX4,2021-01-20,,,,,-21,
NA,Namibia,Hardap Region,,,NA-HA,,ChIJg3HumstlEhwR3bDMQ42_PX4,2021-01-21,,,,,-24,
NA,Namibia,Hardap Region,,,NA-HA,,ChIJg3HumstlEhwR3bDMQ42_PX4,2021-01-22,,,,,-21,
NA,Namibia,Hardap Region,,,NA-HA,,ChIJg3HumstlEhwR3bDMQ42_PX4,2021-01-25,,,,,-20,
NA,Namibia,Hardap Region,,,NA-HA,,ChIJg3HumstlEhwR3bDMQ42_PX4,2021-01-26,,,,,-23,
NA,Namibia,Hardap Region,,,NA-HA,,ChIJg3HumstlEhwR3bDMQ42_PX4,2021-01-27,,,,,-13,
NA,Namibia,Hardap Region,,,NA-HA,,ChIJg3HumstlEhwR3bDMQ42_PX4,2021-01-28,,,,,-18,
NA,Namibia,Hardap Region,,,NA-HA,,ChIJg3HumstlEhwR3bDMQ42_PX4,2021-01-29,,,,,-11,
NA,Namibia,Hardap Region,,,NA-HA,,ChIJg3HumstlEhwR3bDMQ42_PX4,2021-02-01,,,,,-17,
NA,Namibia,Hardap Region,,,NA-HA,,ChIJg3HumstlEhwR3bDMQ42_PX4,2021-02-02,,,,,-16,
NA,Namibia,Hardap Region,,,NA-HA,,ChIJg3HumstlEhwR3bDMQ42_PX4,2021-02-03,,,,,-13,
NA,Namibia,Hardap Region,,,NA-HA,,ChIJg3HumstlEhwR3bDMQ42_PX4,2021-02-04,,,,,-20,
NA,Namibia,Hardap Region,,,NA-HA,,ChIJg3HumstlEhwR3bDMQ42_PX4,2021-02-05,,,,,-17,
NA,Namibia,Hardap Region,,,NA-HA,,ChIJg3HumstlEhwR3bDMQ42_PX4,2021-02-08,,,,,-17,
NA,Namibia,Hardap Region,,,NA-HA,,ChIJg3HumstlEhwR3bDMQ42_PX4,2021-02-09,,,,,-18,
NA,Namibia,Hardap Region,,,NA-HA,,ChIJg3HumstlEhwR3bDMQ42_PX4,2021-02-10,,,,,-15,
NA,Namibia,Hardap Region,,,NA-HA,,ChIJg3HumstlEhwR3bDMQ42_PX4,2021-02-11,,,,,-20,
NA,Namibia,Hardap Region,,,NA-HA,,ChIJg3HumstlEhwR3bDMQ42_PX4,2021-02-12,,,,,-16,
NA,Namibia,Hardap Region,,,NA-HA,,ChIJg3HumstlEhwR3bDMQ42_PX4,2021-02-15,,,,,-14,
NA,Namibia,Hardap Region,,,NA-HA,,ChIJg3HumstlEhwR3bDMQ42_PX4,2021-02-16,,,,,-19,
NA,Namibia,Hardap Region,,,NA-HA,,ChIJg3HumstlEhwR3bDMQ42_PX4,2021-02-17,,,,,-13,
NA,Namibia,Hardap Region,,,NA-HA,,ChIJg3HumstlEhwR3bDMQ42_PX4,2021-02-18,,,,,-17,
NA,Namibia,Hardap Region,,,NA-HA,,ChIJg3HumstlEhwR3bDMQ42_PX4,2021-02-19,,,,,-6,
NA,Namibia,Hardap Region,,,NA-HA,,ChIJg3HumstlEhwR3bDMQ42_PX4,2021-02-22,,,,,-17,
NA,Namibia,Hardap Region,,,NA-HA,,ChIJg3HumstlEhwR3bDMQ42_PX4,2021-02-23,,,,,-20,
NA,Namibia,Hardap Region,,,NA-HA,,ChIJg3HumstlEhwR3bDMQ42_PX4,2021-02-24,,,,,-9,
NA,Namibia,Hardap Region,,,NA-HA,,ChIJg3HumstlEhwR3bDMQ42_PX4,2021-02-25,,,,,-14,
NA,Namibia,Hardap Region,,,NA-HA,,ChIJg3HumstlEhwR3bDMQ42_PX4,2021-02-26,,,,,-13,
NA,Namibia,Hardap Region,,,NA-HA,,ChIJg3HumstlEhwR3bDMQ42_PX4,2021-03-01,,,,,-13,
NA,Namibia,Hardap Region,,,NA-HA,,ChIJg3HumstlEhwR3bDMQ42_PX4,2021-03-02,,,,,-14,
NA,Namibia,Hardap Region,,,NA-HA,,ChIJg3HumstlEhwR3bDMQ42_PX4,2021-03-03,,,,,-11,
NA,Namibia,Hardap Region,,,NA-HA,,ChIJg3HumstlEhwR3bDMQ42_PX4,2021-03-04,,,,,-15,
NA,Namibia,Hardap Region,,,NA-HA,,ChIJg3HumstlEhwR3bDMQ42_PX4,2021-03-05,,,,,-12,
NA,Namibia,Hardap Region,,,NA-HA,,ChIJg3HumstlEhwR3bDMQ42_PX4,2021-03-08,,,,,-10,
NA,Namibia,Hardap Region,,,NA-HA,,ChIJg3HumstlEhwR3bDMQ42_PX4,2021-03-09,,,,,-16,
NA,Namibia,Hardap Region,,,NA-HA,,ChIJg3HumstlEhwR3bDMQ42_PX4,2021-03-10,,,,,-11,
NA,Namibia,Hardap Region,,,NA-HA,,ChIJg3HumstlEhwR3bDMQ42_PX4,2021-03-11,,,,,-17,
NA,Namibia,Hardap Region,,,NA-HA,,ChIJg3HumstlEhwR3bDMQ42_PX4,2021-03-12,,,,,-14,
NA,Namibia,Hardap Region,,,NA-HA,,ChIJg3HumstlEhwR3bDMQ42_PX4,2021-03-15,,,,,-12,
NA,Namibia,Hardap Region,,,NA-HA,,ChIJg3HumstlEhwR3bDMQ42_PX4,2021-03-16,,,,,-16,
NA,Namibia,Hardap Region,,,NA-HA,,ChIJg3HumstlEhwR3bDMQ42_PX4,2021-03-17,,,,,-6,
NA,Namibia,Hardap Region,,,NA-HA,,ChIJg3HumstlEhwR3bDMQ42_PX4,2021-03-18,,,,,-11,
NA,Namibia,Hardap Region,,,NA-HA,,ChIJg3HumstlEhwR3bDMQ42_PX4,2021-03-19,,,,,-9,
NA,Namibia,Hardap Region,,,NA-HA,,ChIJg3HumstlEhwR3bDMQ42_PX4,2021-03-22,,,,,-83,
NA,Namibia,Hardap Region,,,NA-HA,,ChIJg3HumstlEhwR3bDMQ42_PX4,2021-03-23,,,,,-11,
NA,Namibia,Hardap Region,,,NA-HA,,ChIJg3HumstlEhwR3bDMQ42_PX4,2021-03-24,,,,,-7,
NA,Namibia,Hardap Region,,,NA-HA,,ChIJg3HumstlEhwR3bDMQ42_PX4,2021-03-25,,,,,-13,
NA,Namibia,Hardap Region,,,NA-HA,,ChIJg3HumstlEhwR3bDMQ42_PX4,2021-03-26,,,,,-7,
NA,Namibia,Karas Region,,,NA-KA,,ChIJOXAYCPJOFBwReYfMOAG9Bcg,2021-01-01,,,-58,,-79,
NA,Namibia,Karas Region,,,NA-KA,,ChIJOXAYCPJOFBwReYfMOAG9Bcg,2021-01-02,,,,,-26,
NA,Namibia,Karas Region,,,NA-KA,,ChIJOXAYCPJOFBwReYfMOAG9Bcg,2021-01-04,,,,,-43,
NA,Namibia,Karas Region,,,NA-KA,,ChIJOXAYCPJOFBwReYfMOAG9Bcg,2021-01-05,,,,,-41,
NA,Namibia,Karas Region,,,NA-KA,,ChIJOXAYCPJOFBwReYfMOAG9Bcg,2021-01-06,,,,,-38,
NA,Namibia,Karas Region,,,NA-KA,,ChIJOXAYCPJOFBwReYfMOAG9Bcg,2021-01-07,,,,,-33,
NA,Namibia,Karas Region,,,NA-KA,,ChIJOXAYCPJOFBwReYfMOAG9Bcg,2021-01-08,,,,,-36,
NA,Namibia,Karas Region,,,NA-KA,,ChIJOXAYCPJOFBwReYfMOAG9Bcg,2021-01-09,,,,,-24,
NA,Namibia,Karas Region,,,NA-KA,,ChIJOXAYCPJOFBwReYfMOAG9Bcg,2021-01-11,,,,,-33,
NA,Namibia,Karas Region,,,NA-KA,,ChIJOXAYCPJOFBwReYfMOAG9Bcg,2021-01-12,,,,,-35,
NA,Namibia,Karas Region,,,NA-KA,,ChIJOXAYCPJOFBwReYfMOAG9Bcg,2021-01-13,,,-45,,-35,
NA,Namibia,Karas Region,,,NA-KA,,ChIJOXAYCPJOFBwReYfMOAG9Bcg,2021-01-14,,,,,-33,
NA,Namibia,Karas Region,,,NA-KA,,ChIJOXAYCPJOFBwReYfMOAG9Bcg,2021-01-15,,,-48,,-38,
NA,Namibia,Karas Region,,,NA-KA,,ChIJOXAYCPJOFBwReYfMOAG9Bcg,2021-01-16,,,,,-32,
NA,Namibia,Karas Region,,,NA-KA,,ChIJOXAYCPJOFBwReYfMOAG9Bcg,2021-01-18,,,,,-34,
NA,Namibia,Karas Region,,,NA-KA,,ChIJOXAYCPJOFBwReYfMOAG9Bcg,2021-01-19,,,,,-35,
NA,Namibia,Karas Region,,,NA-KA,,ChIJOXAYCPJOFBwReYfMOAG9Bcg,2021-01-20,,,-52,,-34,
NA,Namibia,Karas Region,,,NA-KA,,ChIJOXAYCPJOFBwReYfMOAG9Bcg,2021-01-21,,,,,-32,
NA,Namibia,Karas Region,,,NA-KA,,ChIJOXAYCPJOFBwReYfMOAG9Bcg,2021-01-22,,,-49,,-32,
NA,Namibia,Karas Region,,,NA-KA,,ChIJOXAYCPJOFBwReYfMOAG9Bcg,2021-01-23,,,,,-30,
NA,Namibia,Karas Region,,,NA-KA,,ChIJOXAYCPJOFBwReYfMOAG9Bcg,2021-01-25,,,,,-26,
NA,Namibia,Karas Region,,,NA-KA,,ChIJOXAYCPJOFBwReYfMOAG9Bcg,2021-01-26,,,,,-28,
NA,Namibia,Karas Region,,,NA-KA,,ChIJOXAYCPJOFBwReYfMOAG9Bcg,2021-01-27,,,,,-29,
NA,Namibia,Karas Region,,,NA-KA,,ChIJOXAYCPJOFBwReYfMOAG9Bcg,2021-01-28,,,,,-24,
NA,Namibia,Karas Region,,,NA-KA,,ChIJOXAYCPJOFBwReYfMOAG9Bcg,2021-01-29,,,,,-23,
NA,Namibia,Karas Region,,,NA-KA,,ChIJOXAYCPJOFBwReYfMOAG9Bcg,2021-01-30,,,,,-14,
NA,Namibia,Karas Region,,,NA-KA,,ChIJOXAYCPJOFBwReYfMOAG9Bcg,2021-02-01,,,,,-25,
NA,Namibia,Karas Region,,,NA-KA,,ChIJOXAYCPJOFBwReYfMOAG9Bcg,2021-02-02,,,,,-25,
NA,Namibia,Karas Region,,,NA-KA,,ChIJOXAYCPJOFBwReYfMOAG9Bcg,2021-02-03,,,,,-28,
NA,Namibia,Karas Region,,,NA-KA,,ChIJOXAYCPJOFBwReYfMOAG9Bcg,2021-02-04,,,,,-25,
NA,Namibia,Karas Region,,,NA-KA,,ChIJOXAYCPJOFBwReYfMOAG9Bcg,2021-02-05,,,-48,,-28,
NA,Namibia,Karas Region,,,NA-KA,,ChIJOXAYCPJOFBwReYfMOAG9Bcg,2021-02-06,,,,,-18,
NA,Namibia,Karas Region,,,NA-KA,,ChIJOXAYCPJOFBwReYfMOAG9Bcg,2021-02-08,,,,,-26,
NA,Namibia,Karas Region,,,NA-KA,,ChIJOXAYCPJOFBwReYfMOAG9Bcg,2021-02-09,,,,,-30,
NA,Namibia,Karas Region,,,NA-KA,,ChIJOXAYCPJOFBwReYfMOAG9Bcg,2021-02-10,,,-50,,-28,
NA,Namibia,Karas Region,,,NA-KA,,ChIJOXAYCPJOFBwReYfMOAG9Bcg,2021-02-11,,,,,-28,
NA,Namibia,Karas Region,,,NA-KA,,ChIJOXAYCPJOFBwReYfMOAG9Bcg,2021-02-12,,,-54,,-29,
NA,Namibia,Karas Region,,,NA-KA,,ChIJOXAYCPJOFBwReYfMOAG9Bcg,2021-02-13,,,,,-28,
NA,Namibia,Karas Region,,,NA-KA,,ChIJOXAYCPJOFBwReYfMOAG9Bcg,2021-02-15,,,-65,,-30,
NA,Namibia,Karas Region,,,NA-KA,,ChIJOXAYCPJOFBwReYfMOAG9Bcg,2021-02-16,,,,,-31,
NA,Namibia,Karas Region,,,NA-KA,,ChIJOXAYCPJOFBwReYfMOAG9Bcg,2021-02-17,,,-58,,-33,
NA,Namibia,Karas Region,,,NA-KA,,ChIJOXAYCPJOFBwReYfMOAG9Bcg,2021-02-18,,,,,-30,
NA,Namibia,Karas Region,,,NA-KA,,ChIJOXAYCPJOFBwReYfMOAG9Bcg,2021-02-19,,,-56,,-31,
NA,Namibia,Karas Region,,,NA-KA,,ChIJOXAYCPJOFBwReYfMOAG9Bcg,2021-02-20,,,,,-26,
NA,Namibia,Karas Region,,,NA-KA,,ChIJOXAYCPJOFBwReYfMOAG9Bcg,2021-02-22,,,-58,,-35,
NA,Namibia,Karas Region,,,NA-KA,,ChIJOXAYCPJOFBwReYfMOAG9Bcg,2021-02-23,,,,,-34,
NA,Namibia,Karas Region,,,NA-KA,,ChIJOXAYCPJOFBwReYfMOAG9Bcg,2021-02-24,,,-60,,-31,
NA,Namibia,Karas Region,,,NA-KA,,ChIJOXAYCPJOFBwReYfMOAG9Bcg,2021-02-25,,,,,-31,
NA,Namibia,Karas Region,,,NA-KA,,ChIJOXAYCPJOFBwReYfMOAG9Bcg,2021-02-26,,,-50,,-32,
NA,Namibia,Karas Region,,,NA-KA,,ChIJOXAYCPJOFBwReYfMOAG9Bcg,2021-02-27,,,,,-18,
NA,Namibia,Karas Region,,,NA-KA,,ChIJOXAYCPJOFBwReYfMOAG9Bcg,2021-03-01,,,,,-29,
NA,Namibia,Karas Region,,,NA-KA,,ChIJOXAYCPJOFBwReYfMOAG9Bcg,2021-03-02,,,,,-27,
NA,Namibia,Karas Region,,,NA-KA,,ChIJOXAYCPJOFBwReYfMOAG9Bcg,2021-03-03,,,-50,,-29,
NA,Namibia,Karas Region,,,NA-KA,,ChIJOXAYCPJOFBwReYfMOAG9Bcg,2021-03-04,,,,,-27,
NA,Namibia,Karas Region,,,NA-KA,,ChIJOXAYCPJOFBwReYfMOAG9Bcg,2021-03-05,,,-47,,-28,
NA,Namibia,Karas Region,,,NA-KA,,ChIJOXAYCPJOFBwReYfMOAG9Bcg,2021-03-06,,,,,-22,
NA,Namibia,Karas Region,,,NA-KA,,ChIJOXAYCPJOFBwReYfMOAG9Bcg,2021-03-08,,,,,-28,
NA,Namibia,Karas Region,,,NA-KA,,ChIJOXAYCPJOFBwReYfMOAG9Bcg,2021-03-09,,,,,-32,
NA,Namibia,Karas Region,,,NA-KA,,ChIJOXAYCPJOFBwReYfMOAG9Bcg,2021-03-10,,,-59,,-27,
NA,Namibia,Karas Region,,,NA-KA,,ChIJOXAYCPJOFBwReYfMOAG9Bcg,2021-03-11,,,,,-24,
NA,Namibia,Karas Region,,,NA-KA,,ChIJOXAYCPJOFBwReYfMOAG9Bcg,2021-03-12,,,-59,,-25,
NA,Namibia,Karas Region,,,NA-KA,,ChIJOXAYCPJOFBwReYfMOAG9Bcg,2021-03-13,,,,,-22,
NA,Namibia,Karas Region,,,NA-KA,,ChIJOXAYCPJOFBwReYfMOAG9Bcg,2021-03-15,,,,,-27,
NA,Namibia,Karas Region,,,NA-KA,,ChIJOXAYCPJOFBwReYfMOAG9Bcg,2021-03-16,,,,,-26,
NA,Namibia,Karas Region,,,NA-KA,,ChIJOXAYCPJOFBwReYfMOAG9Bcg,2021-03-17,,,-50,,-27,
NA,Namibia,Karas Region,,,NA-KA,,ChIJOXAYCPJOFBwReYfMOAG9Bcg,2021-03-18,,,,,-24,
NA,Namibia,Karas Region,,,NA-KA,,ChIJOXAYCPJOFBwReYfMOAG9Bcg,2021-03-19,,,-48,,-26,
NA,Namibia,Karas Region,,,NA-KA,,ChIJOXAYCPJOFBwReYfMOAG9Bcg,2021-03-20,,,,,-22,
NA,Namibia,Karas Region,,,NA-KA,,ChIJOXAYCPJOFBwReYfMOAG9Bcg,2021-03-22,,,,,-72,
NA,Namibia,Karas Region,,,NA-KA,,ChIJOXAYCPJOFBwReYfMOAG9Bcg,2021-03-23,,,,,-25,
NA,Namibia,Karas Region,,,NA-KA,,ChIJOXAYCPJOFBwReYfMOAG9Bcg,2021-03-24,,,-54,,-25,
NA,Namibia,Karas Region,,,NA-KA,,ChIJOXAYCPJOFBwReYfMOAG9Bcg,2021-03-25,,,,,-23,
NA,Namibia,Karas Region,,,NA-KA,,ChIJOXAYCPJOFBwReYfMOAG9Bcg,2021-03-26,,,,,-26,
NA,Namibia,Karas Region,,,NA-KA,,ChIJOXAYCPJOFBwReYfMOAG9Bcg,2021-03-27,,,,,-22,
NA,Namibia,Kavango Region,,,NA-OK,,ChIJ5feJ_97X5BsRT38D25eYAiE,2021-01-01,,,,,-73,
NA,Namibia,Kavango Region,,,NA-OK,,ChIJ5feJ_97X5BsRT38D25eYAiE,2021-01-04,,,,,-37,
NA,Namibia,Kavango Region,,,NA-OK,,ChIJ5feJ_97X5BsRT38D25eYAiE,2021-01-05,,,,,-33,
NA,Namibia,Kavango Region,,,NA-OK,,ChIJ5feJ_97X5BsRT38D25eYAiE,2021-01-06,,,,,-33,
NA,Namibia,Kavango Region,,,NA-OK,,ChIJ5feJ_97X5BsRT38D25eYAiE,2021-01-07,,,,,-34,
NA,Namibia,Kavango Region,,,NA-OK,,ChIJ5feJ_97X5BsRT38D25eYAiE,2021-01-08,,,,,-29,
NA,Namibia,Kavango Region,,,NA-OK,,ChIJ5feJ_97X5BsRT38D25eYAiE,2021-01-11,,,,,-29,
NA,Namibia,Kavango Region,,,NA-OK,,ChIJ5feJ_97X5BsRT38D25eYAiE,2021-01-12,,,,,-25,
NA,Namibia,Kavango Region,,,NA-OK,,ChIJ5feJ_97X5BsRT38D25eYAiE,2021-01-13,,,,,-29,
NA,Namibia,Kavango Region,,,NA-OK,,ChIJ5feJ_97X5BsRT38D25eYAiE,2021-01-14,,,,,-19,
NA,Namibia,Kavango Region,,,NA-OK,,ChIJ5feJ_97X5BsRT38D25eYAiE,2021-01-15,,,,,-17,
NA,Namibia,Kavango Region,,,NA-OK,,ChIJ5feJ_97X5BsRT38D25eYAiE,2021-01-18,,,,,-27,
NA,Namibia,Kavango Region,,,NA-OK,,ChIJ5feJ_97X5BsRT38D25eYAiE,2021-01-19,,,,,-26,
NA,Namibia,Kavango Region,,,NA-OK,,ChIJ5feJ_97X5BsRT38D25eYAiE,2021-01-20,,,,,-19,
NA,Namibia,Kavango Region,,,NA-OK,,ChIJ5feJ_97X5BsRT38D25eYAiE,2021-01-21,,,,,-19,
NA,Namibia,Kavango Region,,,NA-OK,,ChIJ5feJ_97X5BsRT38D25eYAiE,2021-01-22,,,,,-15,
NA,Namibia,Kavango Region,,,NA-OK,,ChIJ5feJ_97X5BsRT38D25eYAiE,2021-01-25,,,,,-18,
NA,Namibia,Kavango Region,,,NA-OK,,ChIJ5feJ_97X5BsRT38D25eYAiE,2021-01-26,,,,,-14,
NA,Namibia,Kavango Region,,,NA-OK,,ChIJ5feJ_97X5BsRT38D25eYAiE,2021-01-27,,,,,-16,
NA,Namibia,Kavango Region,,,NA-OK,,ChIJ5feJ_97X5BsRT38D25eYAiE,2021-01-28,,,,,-19,
NA,Namibia,Kavango Region,,,NA-OK,,ChIJ5feJ_97X5BsRT38D25eYAiE,2021-01-29,,,,,-7,
NA,Namibia,Kavango Region,,,NA-OK,,ChIJ5feJ_97X5BsRT38D25eYAiE,2021-02-01,,,,,-15,
NA,Namibia,Kavango Region,,,NA-OK,,ChIJ5feJ_97X5BsRT38D25eYAiE,2021-02-02,,,,,-16,
NA,Namibia,Kavango Region,,,NA-OK,,ChIJ5feJ_97X5BsRT38D25eYAiE,2021-02-03,,,,,-16,
NA,Namibia,Kavango Region,,,NA-OK,,ChIJ5feJ_97X5BsRT38D25eYAiE,2021-02-04,,,,,-8,
NA,Namibia,Kavango Region,,,NA-OK,,ChIJ5feJ_97X5BsRT38D25eYAiE,2021-02-05,,,,,-7,
NA,Namibia,Kavango Region,,,NA-OK,,ChIJ5feJ_97X5BsRT38D25eYAiE,2021-02-08,,,,,-17,
NA,Namibia,Kavango Region,,,NA-OK,,ChIJ5feJ_97X5BsRT38D25eYAiE,2021-02-09,,,,,-17,
NA,Namibia,Kavango Region,,,NA-OK,,ChIJ5feJ_97X5BsRT38D25eYAiE,2021-02-10,,,,,-18,
NA,Namibia,Kavango Region,,,NA-OK,,ChIJ5feJ_97X5BsRT38D25eYAiE,2021-02-11,,,,,-23,
NA,Namibia,Kavango Region,,,NA-OK,,ChIJ5feJ_97X5BsRT38D25eYAiE,2021-02-12,,,,,-12,
NA,Namibia,Kavango Region,,,NA-OK,,ChIJ5feJ_97X5BsRT38D25eYAiE,2021-02-15,,,,,-19,
NA,Namibia,Kavango Region,,,NA-OK,,ChIJ5feJ_97X5BsRT38D25eYAiE,2021-02-16,,,,,-13,
NA,Namibia,Kavango Region,,,NA-OK,,ChIJ5feJ_97X5BsRT38D25eYAiE,2021-02-17,,,,,-16,
NA,Namibia,Kavango Region,,,NA-OK,,ChIJ5feJ_97X5BsRT38D25eYAiE,2021-02-18,,,,,-14,
NA,Namibia,Kavango Region,,,NA-OK,,ChIJ5feJ_97X5BsRT38D25eYAiE,2021-02-19,,,,,-9,
NA,Namibia,Kavango Region,,,NA-OK,,ChIJ5feJ_97X5BsRT38D25eYAiE,2021-02-22,,,,,-18,
NA,Namibia,Kavango Region,,,NA-OK,,ChIJ5feJ_97X5BsRT38D25eYAiE,2021-02-23,,,,,-16,
NA,Namibia,Kavango Region,,,NA-OK,,ChIJ5feJ_97X5BsRT38D25eYAiE,2021-02-24,,,,,-13,
NA,Namibia,Kavango Region,,,NA-OK,,ChIJ5feJ_97X5BsRT38D25eYAiE,2021-02-25,,,,,-14,
NA,Namibia,Kavango Region,,,NA-OK,,ChIJ5feJ_97X5BsRT38D25eYAiE,2021-02-26,,,,,-10,
NA,Namibia,Kavango Region,,,NA-OK,,ChIJ5feJ_97X5BsRT38D25eYAiE,2021-03-01,,,,,-9,
NA,Namibia,Kavango Region,,,NA-OK,,ChIJ5feJ_97X5BsRT38D25eYAiE,2021-03-02,,,,,-10,
NA,Namibia,Kavango Region,,,NA-OK,,ChIJ5feJ_97X5BsRT38D25eYAiE,2021-03-03,,,,,-12,
NA,Namibia,Kavango Region,,,NA-OK,,ChIJ5feJ_97X5BsRT38D25eYAiE,2021-03-04,,,,,-4,
NA,Namibia,Kavango Region,,,NA-OK,,ChIJ5feJ_97X5BsRT38D25eYAiE,2021-03-05,,,,,3,
NA,Namibia,Kavango Region,,,NA-OK,,ChIJ5feJ_97X5BsRT38D25eYAiE,2021-03-08,,,,,-9,
NA,Namibia,Kavango Region,,,NA-OK,,ChIJ5feJ_97X5BsRT38D25eYAiE,2021-03-09,,,,,-11,
NA,Namibia,Kavango Region,,,NA-OK,,ChIJ5feJ_97X5BsRT38D25eYAiE,2021-03-10,,,,,-10,
NA,Namibia,Kavango Region,,,NA-OK,,ChIJ5feJ_97X5BsRT38D25eYAiE,2021-03-11,,,,,-2,
NA,Namibia,Kavango Region,,,NA-OK,,ChIJ5feJ_97X5BsRT38D25eYAiE,2021-03-12,,,,,4,
NA,Namibia,Kavango Region,,,NA-OK,,ChIJ5feJ_97X5BsRT38D25eYAiE,2021-03-15,,,,,-5,
NA,Namibia,Kavango Region,,,NA-OK,,ChIJ5feJ_97X5BsRT38D25eYAiE,2021-03-16,,,,,-7,
NA,Namibia,Kavango Region,,,NA-OK,,ChIJ5feJ_97X5BsRT38D25eYAiE,2021-03-17,,,,,-4,
NA,Namibia,Kavango Region,,,NA-OK,,ChIJ5feJ_97X5BsRT38D25eYAiE,2021-03-18,,,,,-6,
NA,Namibia,Kavango Region,,,NA-OK,,ChIJ5feJ_97X5BsRT38D25eYAiE,2021-03-19,,,,,3,
NA,Namibia,Kavango Region,,,NA-OK,,ChIJ5feJ_97X5BsRT38D25eYAiE,2021-03-22,,,,,-72,
NA,Namibia,Kavango Region,,,NA-OK,,ChIJ5feJ_97X5BsRT38D25eYAiE,2021-03-23,,,,,-1,
NA,Namibia,Kavango Region,,,NA-OK,,ChIJ5feJ_97X5BsRT38D25eYAiE,2021-03-24,,,,,0,
NA,Namibia,Kavango Region,,,NA-OK,,ChIJ5feJ_97X5BsRT38D25eYAiE,2021-03-25,,,,,3,
NA,Namibia,Kavango Region,,,NA-OK,,ChIJ5feJ_97X5BsRT38D25eYAiE,2021-03-26,,,,,9,
NA,Namibia,Khomas Region,,,NA-KH,,ChIJf8ozTv4NCxwRVM1-FtmyAyk,2021-01-01,-72,-64,-51,-77,-84,27
NA,Namibia,Khomas Region,,,NA-KH,,ChIJf8ozTv4NCxwRVM1-FtmyAyk,2021-01-02,-45,-24,-33,-56,-34,8
NA,Namibia,Khomas Region,,,NA-KH,,ChIJf8ozTv4NCxwRVM1-FtmyAyk,2021-01-03,-37,-17,2,-48,-20,1
NA,Namibia,Khomas Region,,,NA-KH,,ChIJf8ozTv4NCxwRVM1-FtmyAyk,2021-01-04,-24,-7,-19,-40,-49,11
NA,Namibia,Khomas Region,,,NA-KH,,ChIJf8ozTv4NCxwRVM1-FtmyAyk,2021-01-05,-32,-14,-23,-39,-47,13
NA,Namibia,Khomas Region,,,NA-KH,,ChIJf8ozTv4NCxwRVM1-FtmyAyk,2021-01-06,-26,-8,-15,-49,-42,12
NA,Namibia,Khomas Region,,,NA-KH,,ChIJf8ozTv4NCxwRVM1-FtmyAyk,2021-01-07,-28,-10,-28,-41,-41,13
NA,Namibia,Khomas Region,,,NA-KH,,ChIJf8ozTv4NCxwRVM1-FtmyAyk,2021-01-08,-29,-6,-38,-44,-37,13
NA,Namibia,Khomas Region,,,NA-KH,,ChIJf8ozTv4NCxwRVM1-FtmyAyk,2021-01-09,-31,-8,-30,-48,-16,8
NA,Namibia,Khomas Region,,,NA-KH,,ChIJf8ozTv4NCxwRVM1-FtmyAyk,2021-01-10,-31,-11,-14,-47,-12,5
NA,Namibia,Khomas Region,,,NA-KH,,ChIJf8ozTv4NCxwRVM1-FtmyAyk,2021-01-11,-22,-6,-27,-37,-27,10
NA,Namibia,Khomas Region,,,NA-KH,,ChIJf8ozTv4NCxwRVM1-FtmyAyk,2021-01-12,-30,-14,-27,-37,-28,9
NA,Namibia,Khomas Region,,,NA-KH,,ChIJf8ozTv4NCxwRVM1-FtmyAyk,2021-01-13,-28,-13,-34,-42,-28,7
NA,Namibia,Khomas Region,,,NA-KH,,ChIJf8ozTv4NCxwRVM1-FtmyAyk,2021-01-14,-31,-19,-38,-37,-29,7
NA,Namibia,Khomas Region,,,NA-KH,,ChIJf8ozTv4NCxwRVM1-FtmyAyk,2021-01-15,-29,-15,-42,-41,-26,6
NA,Namibia,Khomas Region,,,NA-KH,,ChIJf8ozTv4NCxwRVM1-FtmyAyk,2021-01-16,-30,-12,-21,-44,-21,4
NA,Namibia,Khomas Region,,,NA-KH,,ChIJf8ozTv4NCxwRVM1-FtmyAyk,2021-01-17,-34,-17,0,-46,-20,3
NA,Namibia,Khomas Region,,,NA-KH,,ChIJf8ozTv4NCxwRVM1-FtmyAyk,2021-01-18,-29,-18,-31,-38,-26,6
NA,Namibia,Khomas Region,,,NA-KH,,ChIJf8ozTv4NCxwRVM1-FtmyAyk,2021-01-19,-35,-23,-32,-37,-26,6
NA,Namibia,Khomas Region,,,NA-KH,,ChIJf8ozTv4NCxwRVM1-FtmyAyk,2021-01-20,-25,-11,-23,-43,-24,5
NA,Namibia,Khomas Region,,,NA-KH,,ChIJf8ozTv4NCxwRVM1-FtmyAyk,2021-01-21,-24,-10,-33,-32,-25,5
NA,Namibia,Khomas Region,,,NA-KH,,ChIJf8ozTv4NCxwRVM1-FtmyAyk,2021-01-22,-23,-4,-36,-42,-20,4
NA,Namibia,Khomas Region,,,NA-KH,,ChIJf8ozTv4NCxwRVM1-FtmyAyk,2021-01-23,-21,0,-19,-44,-18,2
NA,Namibia,Khomas Region,,,NA-KH,,ChIJf8ozTv4NCxwRVM1-FtmyAyk,2021-01-24,-22,-3,,-46,-14,1
NA,Namibia,Khomas Region,,,NA-KH,,ChIJf8ozTv4NCxwRVM1-FtmyAyk,2021-01-25,-15,3,-23,-40,-20,4
NA,Namibia,Khomas Region,,,NA-KH,,ChIJf8ozTv4NCxwRVM1-FtmyAyk,2021-01-26,-25,-9,-30,-32,-20,3
NA,Namibia,Khomas Region,,,NA-KH,,ChIJf8ozTv4NCxwRVM1-FtmyAyk,2021-01-27,-16,-2,-21,-37,-19,3
NA,Namibia,Khomas Region,,,NA-KH,,ChIJf8ozTv4NCxwRVM1-FtmyAyk,2021-01-28,-16,-1,-25,-23,-20,2
NA,Namibia,Khomas Region,,,NA-KH,,ChIJf8ozTv4NCxwRVM1-FtmyAyk,2021-01-29,-5,16,-13,-32,-13,-3
NA,Namibia,Khomas Region,,,NA-KH,,ChIJf8ozTv4NCxwRVM1-FtmyAyk,2021-01-30,-1,22,18,-34,-11,-5
NA,Namibia,Khomas Region,,,NA-KH,,ChIJf8ozTv4NCxwRVM1-FtmyAyk,2021-01-31,-4,21,,-45,-11,-5
NA,Namibia,Khomas Region,,,NA-KH,,ChIJf8ozTv4NCxwRVM1-FtmyAyk,2021-02-01,-10,9,-9,-33,-15,-4
NA,Namibia,Khomas Region,,,NA-KH,,ChIJf8ozTv4NCxwRVM1-FtmyAyk,2021-02-02,-16,0,-7,-30,-16,-3
NA,Namibia,Khomas Region,,,NA-KH,,ChIJf8ozTv4NCxwRVM1-FtmyAyk,2021-02-03,-14,-2,-10,-40,-14,-2
NA,Namibia,Khomas Region,,,NA-KH,,ChIJf8ozTv4NCxwRVM1-FtmyAyk,2021-02-04,-14,-1,-10,-32,-16,-1
NA,Namibia,Khomas Region,,,NA-KH,,ChIJf8ozTv4NCxwRVM1-FtmyAyk,2021-02-05,-11,4,-7,-35,-11,-2
NA,Namibia,Khomas Region,,,NA-KH,,ChIJf8ozTv4NCxwRVM1-FtmyAyk,2021-02-06,-13,4,11,-35,-9,-1
NA,Namibia,Khomas Region,,,NA-KH,,ChIJf8ozTv4NCxwRVM1-FtmyAyk,2021-02-07,-20,-1,,-54,-16,-1
NA,Namibia,Khomas Region,,,NA-KH,,ChIJf8ozTv4NCxwRVM1-FtmyAyk,2021-02-08,-18,-7,-7,-40,-15,0
NA,Namibia,Khomas Region,,,NA-KH,,ChIJf8ozTv4NCxwRVM1-FtmyAyk,2021-02-09,-23,-8,-8,-36,-15,0
NA,Namibia,Khomas Region,,,NA-KH,,ChIJf8ozTv4NCxwRVM1-FtmyAyk,2021-02-10,-19,-6,-10,-35,-14,0
NA,Namibia,Khomas Region,,,NA-KH,,ChIJf8ozTv4NCxwRVM1-FtmyAyk,2021-02-11,-16,-2,-21,-25,-14,-2
NA,Namibia,Khomas Region,,,NA-KH,,ChIJf8ozTv4NCxwRVM1-FtmyAyk,2021-02-12,-15,2,-27,-37,-10,-5
NA,Namibia,Khomas Region,,,NA-KH,,ChIJf8ozTv4NCxwRVM1-FtmyAyk,2021-02-13,-13,7,-4,-44,-10,-4
NA,Namibia,Khomas Region,,,NA-KH,,ChIJf8ozTv4NCxwRVM1-FtmyAyk,2021-02-14,-12,4,,-51,-14,-4
NA,Namibia,Khomas Region,,,NA-KH,,ChIJf8ozTv4NCxwRVM1-FtmyAyk,2021-02-15,-17,-4,-20,-40,-11,-5
NA,Namibia,Khomas Region,,,NA-KH,,ChIJf8ozTv4NCxwRVM1-FtmyAyk,2021-02-16,-23,-7,-18,-33,-12,-5
NA,Namibia,Khomas Region,,,NA-KH,,ChIJf8ozTv4NCxwRVM1-FtmyAyk,2021-02-17,-18,-3,-10,-43,-10,-4
NA,Namibia,Khomas Region,,,NA-KH,,ChIJf8ozTv4NCxwRVM1-FtmyAyk,2021-02-18,-17,-1,-22,-30,-11,-4
NA,Namibia,Khomas Region,,,NA-KH,,ChIJf8ozTv4NCxwRVM1-FtmyAyk,2021-02-19,-7,13,-18,-35,-5,-8
NA,Namibia,Khomas Region,,,NA-KH,,ChIJf8ozTv4NCxwRVM1-FtmyAyk,2021-02-20,-11,13,4,-36,-4,-6
NA,Namibia,Khomas Region,,,NA-KH,,ChIJf8ozTv4NCxwRVM1-FtmyAyk,2021-02-21,-17,8,,-49,-11,-4
NA,Namibia,Khomas Region,,,NA-KH,,ChIJf8ozTv4NCxwRVM1-FtmyAyk,2021-02-22,-15,1,-13,-38,-9,-6
NA,Namibia,Khomas Region,,,NA-KH,,ChIJf8ozTv4NCxwRVM1-FtmyAyk,2021-02-23,-20,-5,-19,-30,-10,-6
NA,Namibia,Khomas Region,,,NA-KH,,ChIJf8ozTv4NCxwRVM1-FtmyAyk,2021-02-24,-12,3,-18,-44,-10,-6
NA,Namibia,Khomas Region,,,NA-KH,,ChIJf8ozTv4NCxwRVM1-FtmyAyk,2021-02-25,1,17,-8,-18,-10,-8
NA,Namibia,Khomas Region,,,NA-KH,,ChIJf8ozTv4NCxwRVM1-FtmyAyk,2021-02-26,11,35,-5,-30,-6,-11
NA,Namibia,Khomas Region,,,NA-KH,,ChIJf8ozTv4NCxwRVM1-FtmyAyk,2021-02-27,13,40,14,-30,-4,-11
NA,Namibia,Khomas Region,,,NA-KH,,ChIJf8ozTv4NCxwRVM1-FtmyAyk,2021-02-28,13,38,,-41,-3,-10
NA,Namibia,Khomas Region,,,NA-KH,,ChIJf8ozTv4NCxwRVM1-FtmyAyk,2021-03-01,6,24,1,-30,-9,-8
NA,Namibia,Khomas Region,,,NA-KH,,ChIJf8ozTv4NCxwRVM1-FtmyAyk,2021-03-02,-3,15,-4,-28,-9,-8
NA,Namibia,Khomas Region,,,NA-KH,,ChIJf8ozTv4NCxwRVM1-FtmyAyk,2021-03-03,2,19,-6,-39,-7,-7
NA,Namibia,Khomas Region,,,NA-KH,,ChIJf8ozTv4NCxwRVM1-FtmyAyk,2021-03-04,4,18,-1,-22,-9,-7
NA,Namibia,Khomas Region,,,NA-KH,,ChIJf8ozTv4NCxwRVM1-FtmyAyk,2021-03-05,5,21,-11,-33,-4,-9
NA,Namibia,Khomas Region,,,NA-KH,,ChIJf8ozTv4NCxwRVM1-FtmyAyk,2021-03-06,5,23,23,-37,-3,-7
NA,Namibia,Khomas Region,,,NA-KH,,ChIJf8ozTv4NCxwRVM1-FtmyAyk,2021-03-07,-4,14,,-48,-8,-6
NA,Namibia,Khomas Region,,,NA-KH,,ChIJf8ozTv4NCxwRVM1-FtmyAyk,2021-03-08,-5,8,-2,-37,-8,-7
NA,Namibia,Khomas Region,,,NA-KH,,ChIJf8ozTv4NCxwRVM1-FtmyAyk,2021-03-09,-13,1,-6,-26,-9,-6
NA,Namibia,Khomas Region,,,NA-KH,,ChIJf8ozTv4NCxwRVM1-FtmyAyk,2021-03-10,-6,7,-8,-42,-7,-6
NA,Namibia,Khomas Region,,,NA-KH,,ChIJf8ozTv4NCxwRVM1-FtmyAyk,2021-03-11,-4,8,-9,-26,-7,-5
NA,Namibia,Khomas Region,,,NA-KH,,ChIJf8ozTv4NCxwRVM1-FtmyAyk,2021-03-12,-2,16,-8,-33,-2,-7
NA,Namibia,Khomas Region,,,NA-KH,,ChIJf8ozTv4NCxwRVM1-FtmyAyk,2021-03-13,-3,16,18,-42,-2,-6
NA,Namibia,Khomas Region,,,NA-KH,,ChIJf8ozTv4NCxwRVM1-FtmyAyk,2021-03-14,-13,10,,-44,-8,-3
NA,Namibia,Khomas Region,,,NA-KH,,ChIJf8ozTv4NCxwRVM1-FtmyAyk,2021-03-15,-10,4,-10,-34,-5,-6
NA,Namibia,Khomas Region,,,NA-KH,,ChIJf8ozTv4NCxwRVM1-FtmyAyk,2021-03-16,-16,-2,-9,-21,-7,-6
NA,Namibia,Khomas Region,,,NA-KH,,ChIJf8ozTv4NCxwRVM1-FtmyAyk,2021-03-17,-9,3,-13,-33,-6,-5
NA,Namibia,Khomas Region,,,NA-KH,,ChIJf8ozTv4NCxwRVM1-FtmyAyk,2021-03-18,-5,10,-15,-24,-7,-6
NA,Namibia,Khomas Region,,,NA-KH,,ChIJf8ozTv4NCxwRVM1-FtmyAyk,2021-03-19,0,24,-16,-31,-4,-8
NA,Namibia,Khomas Region,,,NA-KH,,ChIJf8ozTv4NCxwRVM1-FtmyAyk,2021-03-20,-5,18,2,-39,-10,-7
NA,Namibia,Khomas Region,,,NA-KH,,ChIJf8ozTv4NCxwRVM1-FtmyAyk,2021-03-21,-16,2,,-52,-14,-4
NA,Namibia,Khomas Region,,,NA-KH,,ChIJf8ozTv4NCxwRVM1-FtmyAyk,2021-03-22,-34,-17,-25,-57,-77,11
NA,Namibia,Khomas Region,,,NA-KH,,ChIJf8ozTv4NCxwRVM1-FtmyAyk,2021-03-23,-15,3,-17,-31,-6,-7
NA,Namibia,Khomas Region,,,NA-KH,,ChIJf8ozTv4NCxwRVM1-FtmyAyk,2021-03-24,-6,9,-15,-41,-5,-5
NA,Namibia,Khomas Region,,,NA-KH,,ChIJf8ozTv4NCxwRVM1-FtmyAyk,2021-03-25,6,24,-9,-24,-5,-7
NA,Namibia,Khomas Region,,,NA-KH,,ChIJf8ozTv4NCxwRVM1-FtmyAyk,2021-03-26,11,32,-9,-27,1,-9
NA,Namibia,Khomas Region,,,NA-KH,,ChIJf8ozTv4NCxwRVM1-FtmyAyk,2021-03-27,15,38,22,-35,2,-9
NA,Namibia,Ohangwena Region,,,NA-OW,,ChIJzSuq73-37BsRCclBLbpy_4E,2021-01-01,,,,,-73,
NA,Namibia,Ohangwena Region,,,NA-OW,,ChIJzSuq73-37BsRCclBLbpy_4E,2021-03-22,,,,,-74,
NA,Namibia,Omusati Region,,,NA-OS,,ChIJKVwOPd93kRsRknpawZUFHtE,2021-01-01,,,,,-72,
NA,Namibia,Omusati Region,,,NA-OS,,ChIJKVwOPd93kRsRknpawZUFHtE,2021-03-22,,,,,-67,
NA,Namibia,Oshana Region,,,NA-ON,,ChIJ351td3tQkhsRSSlO9bvIDQA,2021-01-01,-60,-47,,,-76,
NA,Namibia,Oshana Region,,,NA-ON,,ChIJ351td3tQkhsRSSlO9bvIDQA,2021-01-02,,19,,,-25,
NA,Namibia,Oshana Region,,,NA-ON,,ChIJ351td3tQkhsRSSlO9bvIDQA,2021-01-03,,,,,-23,
NA,Namibia,Oshana Region,,,NA-ON,,ChIJ351td3tQkhsRSSlO9bvIDQA,2021-01-04,,29,,,-29,
NA,Namibia,Oshana Region,,,NA-ON,,ChIJ351td3tQkhsRSSlO9bvIDQA,2021-01-05,,15,,,-34,
NA,Namibia,Oshana Region,,,NA-ON,,ChIJ351td3tQkhsRSSlO9bvIDQA,2021-01-06,,16,,,-29,
NA,Namibia,Oshana Region,,,NA-ON,,ChIJ351td3tQkhsRSSlO9bvIDQA,2021-01-07,,10,,,-29,
NA,Namibia,Oshana Region,,,NA-ON,,ChIJ351td3tQkhsRSSlO9bvIDQA,2021-01-08,,-7,,,-27,
NA,Namibia,Oshana Region,,,NA-ON,,ChIJ351td3tQkhsRSSlO9bvIDQA,2021-01-09,,-6,,,-10,
NA,Namibia,Oshana Region,,,NA-ON,,ChIJ351td3tQkhsRSSlO9bvIDQA,2021-01-10,,,,,-20,
NA,Namibia,Oshana Region,,,NA-ON,,ChIJ351td3tQkhsRSSlO9bvIDQA,2021-01-11,,0,,,-24,
NA,Namibia,Oshana Region,,,NA-ON,,ChIJ351td3tQkhsRSSlO9bvIDQA,2021-01-12,,-7,,,-26,
NA,Namibia,Oshana Region,,,NA-ON,,ChIJ351td3tQkhsRSSlO9bvIDQA,2021-01-13,,0,,,-26,
NA,Namibia,Oshana Region,,,NA-ON,,ChIJ351td3tQkhsRSSlO9bvIDQA,2021-01-14,,-10,,,-26,
NA,Namibia,Oshana Region,,,NA-ON,,ChIJ351td3tQkhsRSSlO9bvIDQA,2021-01-15,-30,-19,,,-22,
NA,Namibia,Oshana Region,,,NA-ON,,ChIJ351td3tQkhsRSSlO9bvIDQA,2021-01-16,,-24,,,-22,
NA,Namibia,Oshana Region,,,NA-ON,,ChIJ351td3tQkhsRSSlO9bvIDQA,2021-01-17,,,,,-31,
NA,Namibia,Oshana Region,,,NA-ON,,ChIJ351td3tQkhsRSSlO9bvIDQA,2021-01-18,,-20,,,-23,
NA,Namibia,Oshana Region,,,NA-ON,,ChIJ351td3tQkhsRSSlO9bvIDQA,2021-01-19,,-21,,,-25,
NA,Namibia,Oshana Region,,,NA-ON,,ChIJ351td3tQkhsRSSlO9bvIDQA,2021-01-20,,-1,,,-23,
NA,Namibia,Oshana Region,,,NA-ON,,ChIJ351td3tQkhsRSSlO9bvIDQA,2021-01-21,,-3,,,-26,
NA,Namibia,Oshana Region,,,NA-ON,,ChIJ351td3tQkhsRSSlO9bvIDQA,2021-01-22,,-3,,,-17,
NA,Namibia,Oshana Region,,,NA-ON,,ChIJ351td3tQkhsRSSlO9bvIDQA,2021-01-23,,3,,,-13,
NA,Namibia,Oshana Region,,,NA-ON,,ChIJ351td3tQkhsRSSlO9bvIDQA,2021-01-24,,,,,-13,
NA,Namibia,Oshana Region,,,NA-ON,,ChIJ351td3tQkhsRSSlO9bvIDQA,2021-01-25,,12,,,-16,
NA,Namibia,Oshana Region,,,NA-ON,,ChIJ351td3tQkhsRSSlO9bvIDQA,2021-01-26,,-9,,,-20,
NA,Namibia,Oshana Region,,,NA-ON,,ChIJ351td3tQkhsRSSlO9bvIDQA,2021-01-27,,-4,,,-16,
NA,Namibia,Oshana Region,,,NA-ON,,ChIJ351td3tQkhsRSSlO9bvIDQA,2021-01-28,,-3,,,-17,
NA,Namibia,Oshana Region,,,NA-ON,,ChIJ351td3tQkhsRSSlO9bvIDQA,2021-01-29,,7,,,-13,
NA,Namibia,Oshana Region,,,NA-ON,,ChIJ351td3tQkhsRSSlO9bvIDQA,2021-01-30,,13,,,-11,
NA,Namibia,Oshana Region,,,NA-ON,,ChIJ351td3tQkhsRSSlO9bvIDQA,2021-01-31,,,,,-16,
NA,Namibia,Oshana Region,,,NA-ON,,ChIJ351td3tQkhsRSSlO9bvIDQA,2021-02-01,,10,,,-14,
NA,Namibia,Oshana Region,,,NA-ON,,ChIJ351td3tQkhsRSSlO9bvIDQA,2021-02-02,,2,,,-20,
NA,Namibia,Oshana Region,,,NA-ON,,ChIJ351td3tQkhsRSSlO9bvIDQA,2021-02-03,,-3,,,-17,
NA,Namibia,Oshana Region,,,NA-ON,,ChIJ351td3tQkhsRSSlO9bvIDQA,2021-02-04,,-3,,,-16,
NA,Namibia,Oshana Region,,,NA-ON,,ChIJ351td3tQkhsRSSlO9bvIDQA,2021-02-05,,-8,,,-10,
NA,Namibia,Oshana Region,,,NA-ON,,ChIJ351td3tQkhsRSSlO9bvIDQA,2021-02-06,,-5,,,-15,
NA,Namibia,Oshana Region,,,NA-ON,,ChIJ351td3tQkhsRSSlO9bvIDQA,2021-02-07,,,,,-17,
NA,Namibia,Oshana Region,,,NA-ON,,ChIJ351td3tQkhsRSSlO9bvIDQA,2021-02-08,,-10,,,-15,
NA,Namibia,Oshana Region,,,NA-ON,,ChIJ351td3tQkhsRSSlO9bvIDQA,2021-02-09,,-13,,,-18,
NA,Namibia,Oshana Region,,,NA-ON,,ChIJ351td3tQkhsRSSlO9bvIDQA,2021-02-10,,-3,,,-17,
NA,Namibia,Oshana Region,,,NA-ON,,ChIJ351td3tQkhsRSSlO9bvIDQA,2021-02-11,,-3,,,-17,
NA,Namibia,Oshana Region,,,NA-ON,,ChIJ351td3tQkhsRSSlO9bvIDQA,2021-02-12,,-9,,,-14,
NA,Namibia,Oshana Region,,,NA-ON,,ChIJ351td3tQkhsRSSlO9bvIDQA,2021-02-13,,-10,,,-19,
NA,Namibia,Oshana Region,,,NA-ON,,ChIJ351td3tQkhsRSSlO9bvIDQA,2021-02-14,,,,,-21,
NA,Namibia,Oshana Region,,,NA-ON,,ChIJ351td3tQkhsRSSlO9bvIDQA,2021-02-15,,-4,,,-19,
NA,Namibia,Oshana Region,,,NA-ON,,ChIJ351td3tQkhsRSSlO9bvIDQA,2021-02-16,,-11,,,-24,
NA,Namibia,Oshana Region,,,NA-ON,,ChIJ351td3tQkhsRSSlO9bvIDQA,2021-02-17,,-1,,,-18,
NA,Namibia,Oshana Region,,,NA-ON,,ChIJ351td3tQkhsRSSlO9bvIDQA,2021-02-18,,-3,,,-20,
NA,Namibia,Oshana Region,,,NA-ON,,ChIJ351td3tQkhsRSSlO9bvIDQA,2021-02-19,,14,,,-10,
NA,Namibia,Oshana Region,,,NA-ON,,ChIJ351td3tQkhsRSSlO9bvIDQA,2021-02-20,,20,,,-14,
NA,Namibia,Oshana Region,,,NA-ON,,ChIJ351td3tQkhsRSSlO9bvIDQA,2021-02-21,,,,,-17,
NA,Namibia,Oshana Region,,,NA-ON,,ChIJ351td3tQkhsRSSlO9bvIDQA,2021-02-22,,8,,,-17,
NA,Namibia,Oshana Region,,,NA-ON,,ChIJ351td3tQkhsRSSlO9bvIDQA,2021-02-23,,2,,,-20,
NA,Namibia,Oshana Region,,,NA-ON,,ChIJ351td3tQkhsRSSlO9bvIDQA,2021-02-24,,8,,,-17,
NA,Namibia,Oshana Region,,,NA-ON,,ChIJ351td3tQkhsRSSlO9bvIDQA,2021-02-25,,16,,,-17,
NA,Namibia,Oshana Region,,,NA-ON,,ChIJ351td3tQkhsRSSlO9bvIDQA,2021-02-26,,24,,,-10,
NA,Namibia,Oshana Region,,,NA-ON,,ChIJ351td3tQkhsRSSlO9bvIDQA,2021-02-27,,33,,,-5,
NA,Namibia,Oshana Region,,,NA-ON,,ChIJ351td3tQkhsRSSlO9bvIDQA,2021-02-28,,,,,-16,
NA,Namibia,Oshana Region,,,NA-ON,,ChIJ351td3tQkhsRSSlO9bvIDQA,2021-03-01,,24,,,-14,
NA,Namibia,Oshana Region,,,NA-ON,,ChIJ351td3tQkhsRSSlO9bvIDQA,2021-03-02,,23,,,-15,
NA,Namibia,Oshana Region,,,NA-ON,,ChIJ351td3tQkhsRSSlO9bvIDQA,2021-03-03,,19,,,-13,
NA,Namibia,Oshana Region,,,NA-ON,,ChIJ351td3tQkhsRSSlO9bvIDQA,2021-03-04,,20,,,-14,
NA,Namibia,Oshana Region,,,NA-ON,,ChIJ351td3tQkhsRSSlO9bvIDQA,2021-03-05,,10,,,-9,
NA,Namibia,Oshana Region,,,NA-ON,,ChIJ351td3tQkhsRSSlO9bvIDQA,2021-03-06,,12,,,-19,
NA,Namibia,Oshana Region,,,NA-ON,,ChIJ351td3tQkhsRSSlO9bvIDQA,2021-03-07,,,,,-19,
NA,Namibia,Oshana Region,,,NA-ON,,ChIJ351td3tQkhsRSSlO9bvIDQA,2021-03-08,,5,,,-13,
NA,Namibia,Oshana Region,,,NA-ON,,ChIJ351td3tQkhsRSSlO9bvIDQA,2021-03-09,,-1,,,-16,
NA,Namibia,Oshana Region,,,NA-ON,,ChIJ351td3tQkhsRSSlO9bvIDQA,2021-03-10,-8,6,,,-13,
NA,Namibia,Oshana Region,,,NA-ON,,ChIJ351td3tQkhsRSSlO9bvIDQA,2021-03-11,,5,,,-11,
NA,Namibia,Oshana Region,,,NA-ON,,ChIJ351td3tQkhsRSSlO9bvIDQA,2021-03-12,,0,,,-8,
NA,Namibia,Oshana Region,,,NA-ON,,ChIJ351td3tQkhsRSSlO9bvIDQA,2021-03-13,,-2,,,-13,
NA,Namibia,Oshana Region,,,NA-ON,,ChIJ351td3tQkhsRSSlO9bvIDQA,2021-03-14,,,,,-20,
NA,Namibia,Oshana Region,,,NA-ON,,ChIJ351td3tQkhsRSSlO9bvIDQA,2021-03-15,,-5,,,-10,
NA,Namibia,Oshana Region,,,NA-ON,,ChIJ351td3tQkhsRSSlO9bvIDQA,2021-03-16,,-11,,,-17,
NA,Namibia,Oshana Region,,,NA-ON,,ChIJ351td3tQkhsRSSlO9bvIDQA,2021-03-17,,-2,,,-6,
NA,Namibia,Oshana Region,,,NA-ON,,ChIJ351td3tQkhsRSSlO9bvIDQA,2021-03-18,,3,,,-10,
NA,Namibia,Oshana Region,,,NA-ON,,ChIJ351td3tQkhsRSSlO9bvIDQA,2021-03-19,0,14,,,-12,
NA,Namibia,Oshana Region,,,NA-ON,,ChIJ351td3tQkhsRSSlO9bvIDQA,2021-03-20,,28,,,-14,
NA,Namibia,Oshana Region,,,NA-ON,,ChIJ351td3tQkhsRSSlO9bvIDQA,2021-03-21,,,,,-33,
NA,Namibia,Oshana Region,,,NA-ON,,ChIJ351td3tQkhsRSSlO9bvIDQA,2021-03-22,,-9,,,-68,
NA,Namibia,Oshana Region,,,NA-ON,,ChIJ351td3tQkhsRSSlO9bvIDQA,2021-03-23,,11,,,-9,
NA,Namibia,Oshana Region,,,NA-ON,,ChIJ351td3tQkhsRSSlO9bvIDQA,2021-03-24,-3,13,,,-4,
NA,Namibia,Oshana Region,,,NA-ON,,ChIJ351td3tQkhsRSSlO9bvIDQA,2021-03-25,,25,,,-7,
NA,Namibia,Oshana Region,,,NA-ON,,ChIJ351td3tQkhsRSSlO9bvIDQA,2021-03-26,,9,,,-1,
NA,Namibia,Oshana Region,,,NA-ON,,ChIJ351td3tQkhsRSSlO9bvIDQA,2021-03-27,,14,,,-4,
NA,Namibia,Oshikoto Region,,,NA-OT,,ChIJM6s7YUpk7RsR83RcPyC3lVs,2021-01-01,,,,,-73,
NA,Namibia,Oshikoto Region,,,NA-OT,,ChIJM6s7YUpk7RsR83RcPyC3lVs,2021-01-04,,,,,-32,
NA,Namibia,Oshikoto Region,,,NA-OT,,ChIJM6s7YUpk7RsR83RcPyC3lVs,2021-01-05,,,,,-31,
NA,Namibia,Oshikoto Region,,,NA-OT,,ChIJM6s7YUpk7RsR83RcPyC3lVs,2021-01-06,,,,,-26,
NA,Namibia,Oshikoto Region,,,NA-OT,,ChIJM6s7YUpk7RsR83RcPyC3lVs,2021-01-07,,,,,-30,
NA,Namibia,Oshikoto Region,,,NA-OT,,ChIJM6s7YUpk7RsR83RcPyC3lVs,2021-01-08,,,,,-24,
NA,Namibia,Oshikoto Region,,,NA-OT,,ChIJM6s7YUpk7RsR83RcPyC3lVs,2021-01-11,,,,,-25,
NA,Namibia,Oshikoto Region,,,NA-OT,,ChIJM6s7YUpk7RsR83RcPyC3lVs,2021-01-12,,,,,-24,
NA,Namibia,Oshikoto Region,,,NA-OT,,ChIJM6s7YUpk7RsR83RcPyC3lVs,2021-01-13,,,,,-27,
NA,Namibia,Oshikoto Region,,,NA-OT,,ChIJM6s7YUpk7RsR83RcPyC3lVs,2021-01-14,,,,,-29,
NA,Namibia,Oshikoto Region,,,NA-OT,,ChIJM6s7YUpk7RsR83RcPyC3lVs,2021-01-15,,,,,-28,
NA,Namibia,Oshikoto Region,,,NA-OT,,ChIJM6s7YUpk7RsR83RcPyC3lVs,2021-01-18,,,,,-28,
NA,Namibia,Oshikoto Region,,,NA-OT,,ChIJM6s7YUpk7RsR83RcPyC3lVs,2021-01-19,,,,,-30,
NA,Namibia,Oshikoto Region,,,NA-OT,,ChIJM6s7YUpk7RsR83RcPyC3lVs,2021-01-20,,,,,-27,
NA,Namibia,Oshikoto Region,,,NA-OT,,ChIJM6s7YUpk7RsR83RcPyC3lVs,2021-01-21,,,,,-26,
NA,Namibia,Oshikoto Region,,,NA-OT,,ChIJM6s7YUpk7RsR83RcPyC3lVs,2021-01-22,,,,,-23,
NA,Namibia,Oshikoto Region,,,NA-OT,,ChIJM6s7YUpk7RsR83RcPyC3lVs,2021-01-25,,,,,-23,
NA,Namibia,Oshikoto Region,,,NA-OT,,ChIJM6s7YUpk7RsR83RcPyC3lVs,2021-01-26,,,,,-27,
NA,Namibia,Oshikoto Region,,,NA-OT,,ChIJM6s7YUpk7RsR83RcPyC3lVs,2021-01-27,,,,,-18,
NA,Namibia,Oshikoto Region,,,NA-OT,,ChIJM6s7YUpk7RsR83RcPyC3lVs,2021-01-28,,,,,-17,
NA,Namibia,Oshikoto Region,,,NA-OT,,ChIJM6s7YUpk7RsR83RcPyC3lVs,2021-01-29,,,,,-14,
NA,Namibia,Oshikoto Region,,,NA-OT,,ChIJM6s7YUpk7RsR83RcPyC3lVs,2021-02-01,,,,,-16,
NA,Namibia,Oshikoto Region,,,NA-OT,,ChIJM6s7YUpk7RsR83RcPyC3lVs,2021-02-02,,,,,-19,
NA,Namibia,Oshikoto Region,,,NA-OT,,ChIJM6s7YUpk7RsR83RcPyC3lVs,2021-02-03,,,,,-15,
NA,Namibia,Oshikoto Region,,,NA-OT,,ChIJM6s7YUpk7RsR83RcPyC3lVs,2021-02-04,,,,,-16,
NA,Namibia,Oshikoto Region,,,NA-OT,,ChIJM6s7YUpk7RsR83RcPyC3lVs,2021-02-05,,,,,-14,
NA,Namibia,Oshikoto Region,,,NA-OT,,ChIJM6s7YUpk7RsR83RcPyC3lVs,2021-02-08,,,,,-20,
NA,Namibia,Oshikoto Region,,,NA-OT,,ChIJM6s7YUpk7RsR83RcPyC3lVs,2021-02-09,,,,,-23,
NA,Namibia,Oshikoto Region,,,NA-OT,,ChIJM6s7YUpk7RsR83RcPyC3lVs,2021-02-10,,,,,-16,
NA,Namibia,Oshikoto Region,,,NA-OT,,ChIJM6s7YUpk7RsR83RcPyC3lVs,2021-02-11,,,,,-19,
NA,Namibia,Oshikoto Region,,,NA-OT,,ChIJM6s7YUpk7RsR83RcPyC3lVs,2021-02-12,,,,,-16,
NA,Namibia,Oshikoto Region,,,NA-OT,,ChIJM6s7YUpk7RsR83RcPyC3lVs,2021-02-15,,,,,-27,
NA,Namibia,Oshikoto Region,,,NA-OT,,ChIJM6s7YUpk7RsR83RcPyC3lVs,2021-02-16,,,,,-21,
NA,Namibia,Oshikoto Region,,,NA-OT,,ChIJM6s7YUpk7RsR83RcPyC3lVs,2021-02-17,,,,,-21,
NA,Namibia,Oshikoto Region,,,NA-OT,,ChIJM6s7YUpk7RsR83RcPyC3lVs,2021-02-18,,,,,-21,
NA,Namibia,Oshikoto Region,,,NA-OT,,ChIJM6s7YUpk7RsR83RcPyC3lVs,2021-02-19,,,,,-20,
NA,Namibia,Oshikoto Region,,,NA-OT,,ChIJM6s7YUpk7RsR83RcPyC3lVs,2021-02-22,,,,,-21,
NA,Namibia,Oshikoto Region,,,NA-OT,,ChIJM6s7YUpk7RsR83RcPyC3lVs,2021-02-23,,,,,-21,
NA,Namibia,Oshikoto Region,,,NA-OT,,ChIJM6s7YUpk7RsR83RcPyC3lVs,2021-02-24,,,,,-18,
NA,Namibia,Oshikoto Region,,,NA-OT,,ChIJM6s7YUpk7RsR83RcPyC3lVs,2021-02-25,,,,,-15,
NA,Namibia,Oshikoto Region,,,NA-OT,,ChIJM6s7YUpk7RsR83RcPyC3lVs,2021-02-26,,,,,-15,
NA,Namibia,Oshikoto Region,,,NA-OT,,ChIJM6s7YUpk7RsR83RcPyC3lVs,2021-03-01,,,,,-17,
NA,Namibia,Oshikoto Region,,,NA-OT,,ChIJM6s7YUpk7RsR83RcPyC3lVs,2021-03-02,,,,,-18,
NA,Namibia,Oshikoto Region,,,NA-OT,,ChIJM6s7YUpk7RsR83RcPyC3lVs,2021-03-03,,,,,-18,
NA,Namibia,Oshikoto Region,,,NA-OT,,ChIJM6s7YUpk7RsR83RcPyC3lVs,2021-03-04,,,,,-15,
NA,Namibia,Oshikoto Region,,,NA-OT,,ChIJM6s7YUpk7RsR83RcPyC3lVs,2021-03-05,,,,,-14,
NA,Namibia,Oshikoto Region,,,NA-OT,,ChIJM6s7YUpk7RsR83RcPyC3lVs,2021-03-08,,,,,-20,
NA,Namibia,Oshikoto Region,,,NA-OT,,ChIJM6s7YUpk7RsR83RcPyC3lVs,2021-03-09,,,,,-18,
NA,Namibia,Oshikoto Region,,,NA-OT,,ChIJM6s7YUpk7RsR83RcPyC3lVs,2021-03-10,,,,,-15,
NA,Namibia,Oshikoto Region,,,NA-OT,,ChIJM6s7YUpk7RsR83RcPyC3lVs,2021-03-11,,,,,-20,
NA,Namibia,Oshikoto Region,,,NA-OT,,ChIJM6s7YUpk7RsR83RcPyC3lVs,2021-03-12,,,,,-14,
NA,Namibia,Oshikoto Region,,,NA-OT,,ChIJM6s7YUpk7RsR83RcPyC3lVs,2021-03-15,,,,,-21,
NA,Namibia,Oshikoto Region,,,NA-OT,,ChIJM6s7YUpk7RsR83RcPyC3lVs,2021-03-16,,,,,-15,
NA,Namibia,Oshikoto Region,,,NA-OT,,ChIJM6s7YUpk7RsR83RcPyC3lVs,2021-03-17,,,,,-19,
NA,Namibia,Oshikoto Region,,,NA-OT,,ChIJM6s7YUpk7RsR83RcPyC3lVs,2021-03-18,,,,,-15,
NA,Namibia,Oshikoto Region,,,NA-OT,,ChIJM6s7YUpk7RsR83RcPyC3lVs,2021-03-19,,,,,-15,
NA,Namibia,Oshikoto Region,,,NA-OT,,ChIJM6s7YUpk7RsR83RcPyC3lVs,2021-03-22,,,,,-66,
NA,Namibia,Oshikoto Region,,,NA-OT,,ChIJM6s7YUpk7RsR83RcPyC3lVs,2021-03-23,,,,,-14,
NA,Namibia,Oshikoto Region,,,NA-OT,,ChIJM6s7YUpk7RsR83RcPyC3lVs,2021-03-24,,,,,-17,
NA,Namibia,Oshikoto Region,,,NA-OT,,ChIJM6s7YUpk7RsR83RcPyC3lVs,2021-03-25,,,,,-15,
NA,Namibia,Oshikoto Region,,,NA-OT,,ChIJM6s7YUpk7RsR83RcPyC3lVs,2021-03-26,,,,,-13,
NA,Namibia,Otjozondjupa Region,,,NA-OD,,ChIJ_7SqpVK99hsRJoAG7f5HMeY,2021-01-01,,-53,,,-76,
NA,Namibia,Otjozondjupa Region,,,NA-OD,,ChIJ_7SqpVK99hsRJoAG7f5HMeY,2021-01-02,,,,,-20,
NA,Namibia,Otjozondjupa Region,,,NA-OD,,ChIJ_7SqpVK99hsRJoAG7f5HMeY,2021-01-04,,,,,-34,
NA,Namibia,Otjozondjupa Region,,,NA-OD,,ChIJ_7SqpVK99hsRJoAG7f5HMeY,2021-01-05,,,,,-34,
NA,Namibia,Otjozondjupa Region,,,NA-OD,,ChIJ_7SqpVK99hsRJoAG7f5HMeY,2021-01-06,,,,,-29,
NA,Namibia,Otjozondjupa Region,,,NA-OD,,ChIJ_7SqpVK99hsRJoAG7f5HMeY,2021-01-07,,,,,-32,
NA,Namibia,Otjozondjupa Region,,,NA-OD,,ChIJ_7SqpVK99hsRJoAG7f5HMeY,2021-01-08,,,,,-27,
NA,Namibia,Otjozondjupa Region,,,NA-OD,,ChIJ_7SqpVK99hsRJoAG7f5HMeY,2021-01-09,,,,,-11,
NA,Namibia,Otjozondjupa Region,,,NA-OD,,ChIJ_7SqpVK99hsRJoAG7f5HMeY,2021-01-11,,,,,-23,
NA,Namibia,Otjozondjupa Region,,,NA-OD,,ChIJ_7SqpVK99hsRJoAG7f5HMeY,2021-01-12,,,,,-26,
NA,Namibia,Otjozondjupa Region,,,NA-OD,,ChIJ_7SqpVK99hsRJoAG7f5HMeY,2021-01-13,,,,,-28,
NA,Namibia,Otjozondjupa Region,,,NA-OD,,ChIJ_7SqpVK99hsRJoAG7f5HMeY,2021-01-14,,,,,-26,
NA,Namibia,Otjozondjupa Region,,,NA-OD,,ChIJ_7SqpVK99hsRJoAG7f5HMeY,2021-01-15,,,,,-23,
NA,Namibia,Otjozondjupa Region,,,NA-OD,,ChIJ_7SqpVK99hsRJoAG7f5HMeY,2021-01-16,,,,,-24,
NA,Namibia,Otjozondjupa Region,,,NA-OD,,ChIJ_7SqpVK99hsRJoAG7f5HMeY,2021-01-18,,,,,-23,
NA,Namibia,Otjozondjupa Region,,,NA-OD,,ChIJ_7SqpVK99hsRJoAG7f5HMeY,2021-01-19,,,,,-27,
NA,Namibia,Otjozondjupa Region,,,NA-OD,,ChIJ_7SqpVK99hsRJoAG7f5HMeY,2021-01-20,,,,,-21,
NA,Namibia,Otjozondjupa Region,,,NA-OD,,ChIJ_7SqpVK99hsRJoAG7f5HMeY,2021-01-21,,,,,-21,
NA,Namibia,Otjozondjupa Region,,,NA-OD,,ChIJ_7SqpVK99hsRJoAG7f5HMeY,2021-01-22,,,,,-19,
NA,Namibia,Otjozondjupa Region,,,NA-OD,,ChIJ_7SqpVK99hsRJoAG7f5HMeY,2021-01-23,,,,,-19,
NA,Namibia,Otjozondjupa Region,,,NA-OD,,ChIJ_7SqpVK99hsRJoAG7f5HMeY,2021-01-25,,,,,-17,
NA,Namibia,Otjozondjupa Region,,,NA-OD,,ChIJ_7SqpVK99hsRJoAG7f5HMeY,2021-01-26,,,,,-19,
NA,Namibia,Otjozondjupa Region,,,NA-OD,,ChIJ_7SqpVK99hsRJoAG7f5HMeY,2021-01-27,,,,,-11,
NA,Namibia,Otjozondjupa Region,,,NA-OD,,ChIJ_7SqpVK99hsRJoAG7f5HMeY,2021-01-28,,,,,-12,
NA,Namibia,Otjozondjupa Region,,,NA-OD,,ChIJ_7SqpVK99hsRJoAG7f5HMeY,2021-01-29,,,,,-7,
NA,Namibia,Otjozondjupa Region,,,NA-OD,,ChIJ_7SqpVK99hsRJoAG7f5HMeY,2021-01-30,,,,,-4,
NA,Namibia,Otjozondjupa Region,,,NA-OD,,ChIJ_7SqpVK99hsRJoAG7f5HMeY,2021-02-01,,,,,-13,
NA,Namibia,Otjozondjupa Region,,,NA-OD,,ChIJ_7SqpVK99hsRJoAG7f5HMeY,2021-02-02,,,,,-14,
NA,Namibia,Otjozondjupa Region,,,NA-OD,,ChIJ_7SqpVK99hsRJoAG7f5HMeY,2021-02-03,,,,,-14,
NA,Namibia,Otjozondjupa Region,,,NA-OD,,ChIJ_7SqpVK99hsRJoAG7f5HMeY,2021-02-04,,,,,-14,
NA,Namibia,Otjozondjupa Region,,,NA-OD,,ChIJ_7SqpVK99hsRJoAG7f5HMeY,2021-02-05,,,,,-13,
NA,Namibia,Otjozondjupa Region,,,NA-OD,,ChIJ_7SqpVK99hsRJoAG7f5HMeY,2021-02-06,,,,,-13,
NA,Namibia,Otjozondjupa Region,,,NA-OD,,ChIJ_7SqpVK99hsRJoAG7f5HMeY,2021-02-08,,,,,-17,
NA,Namibia,Otjozondjupa Region,,,NA-OD,,ChIJ_7SqpVK99hsRJoAG7f5HMeY,2021-02-09,,,,,-24,
NA,Namibia,Otjozondjupa Region,,,NA-OD,,ChIJ_7SqpVK99hsRJoAG7f5HMeY,2021-02-10,,,,,-18,
NA,Namibia,Otjozondjupa Region,,,NA-OD,,ChIJ_7SqpVK99hsRJoAG7f5HMeY,2021-02-11,,,,,-20,
NA,Namibia,Otjozondjupa Region,,,NA-OD,,ChIJ_7SqpVK99hsRJoAG7f5HMeY,2021-02-12,,,,,-19,
NA,Namibia,Otjozondjupa Region,,,NA-OD,,ChIJ_7SqpVK99hsRJoAG7f5HMeY,2021-02-13,,,,,-26,
NA,Namibia,Otjozondjupa Region,,,NA-OD,,ChIJ_7SqpVK99hsRJoAG7f5HMeY,2021-02-15,,,,,-17,
NA,Namibia,Otjozondjupa Region,,,NA-OD,,ChIJ_7SqpVK99hsRJoAG7f5HMeY,2021-02-16,,,,,-23,
NA,Namibia,Otjozondjupa Region,,,NA-OD,,ChIJ_7SqpVK99hsRJoAG7f5HMeY,2021-02-17,,,,,-15,
NA,Namibia,Otjozondjupa Region,,,NA-OD,,ChIJ_7SqpVK99hsRJoAG7f5HMeY,2021-02-18,,,,,-18,
NA,Namibia,Otjozondjupa Region,,,NA-OD,,ChIJ_7SqpVK99hsRJoAG7f5HMeY,2021-02-19,,,,,-14,
NA,Namibia,Otjozondjupa Region,,,NA-OD,,ChIJ_7SqpVK99hsRJoAG7f5HMeY,2021-02-20,,,,,-17,
NA,Namibia,Otjozondjupa Region,,,NA-OD,,ChIJ_7SqpVK99hsRJoAG7f5HMeY,2021-02-22,,,,,-13,
NA,Namibia,Otjozondjupa Region,,,NA-OD,,ChIJ_7SqpVK99hsRJoAG7f5HMeY,2021-02-23,,,,,-16,
NA,Namibia,Otjozondjupa Region,,,NA-OD,,ChIJ_7SqpVK99hsRJoAG7f5HMeY,2021-02-24,,,,,-11,
NA,Namibia,Otjozondjupa Region,,,NA-OD,,ChIJ_7SqpVK99hsRJoAG7f5HMeY,2021-02-25,,,,,-11,
NA,Namibia,Otjozondjupa Region,,,NA-OD,,ChIJ_7SqpVK99hsRJoAG7f5HMeY,2021-02-26,,,,,-7,
NA,Namibia,Otjozondjupa Region,,,NA-OD,,ChIJ_7SqpVK99hsRJoAG7f5HMeY,2021-02-27,,,,,-7,
NA,Namibia,Otjozondjupa Region,,,NA-OD,,ChIJ_7SqpVK99hsRJoAG7f5HMeY,2021-03-01,,,,,-7,
NA,Namibia,Otjozondjupa Region,,,NA-OD,,ChIJ_7SqpVK99hsRJoAG7f5HMeY,2021-03-02,,,,,-16,
NA,Namibia,Otjozondjupa Region,,,NA-OD,,ChIJ_7SqpVK99hsRJoAG7f5HMeY,2021-03-03,,,,,-9,
NA,Namibia,Otjozondjupa Region,,,NA-OD,,ChIJ_7SqpVK99hsRJoAG7f5HMeY,2021-03-04,,,,,-11,
NA,Namibia,Otjozondjupa Region,,,NA-OD,,ChIJ_7SqpVK99hsRJoAG7f5HMeY,2021-03-05,,,,,-6,
NA,Namibia,Otjozondjupa Region,,,NA-OD,,ChIJ_7SqpVK99hsRJoAG7f5HMeY,2021-03-06,,,,,-9,
NA,Namibia,Otjozondjupa Region,,,NA-OD,,ChIJ_7SqpVK99hsRJoAG7f5HMeY,2021-03-08,,,,,-11,
NA,Namibia,Otjozondjupa Region,,,NA-OD,,ChIJ_7SqpVK99hsRJoAG7f5HMeY,2021-03-09,,,,,-14,
NA,Namibia,Otjozondjupa Region,,,NA-OD,,ChIJ_7SqpVK99hsRJoAG7f5HMeY,2021-03-10,,,,,-11,
NA,Namibia,Otjozondjupa Region,,,NA-OD,,ChIJ_7SqpVK99hsRJoAG7f5HMeY,2021-03-11,,,,,-9,
NA,Namibia,Otjozondjupa Region,,,NA-OD,,ChIJ_7SqpVK99hsRJoAG7f5HMeY,2021-03-12,,,,,-8,
NA,Namibia,Otjozondjupa Region,,,NA-OD,,ChIJ_7SqpVK99hsRJoAG7f5HMeY,2021-03-13,,,,,-20,
NA,Namibia,Otjozondjupa Region,,,NA-OD,,ChIJ_7SqpVK99hsRJoAG7f5HMeY,2021-03-15,,,,,-9,
NA,Namibia,Otjozondjupa Region,,,NA-OD,,ChIJ_7SqpVK99hsRJoAG7f5HMeY,2021-03-16,,,,,-12,
NA,Namibia,Otjozondjupa Region,,,NA-OD,,ChIJ_7SqpVK99hsRJoAG7f5HMeY,2021-03-17,,,,,-9,
NA,Namibia,Otjozondjupa Region,,,NA-OD,,ChIJ_7SqpVK99hsRJoAG7f5HMeY,2021-03-18,,,,,-6,
NA,Namibia,Otjozondjupa Region,,,NA-OD,,ChIJ_7SqpVK99hsRJoAG7f5HMeY,2021-03-19,,,,,-5,
NA,Namibia,Otjozondjupa Region,,,NA-OD,,ChIJ_7SqpVK99hsRJoAG7f5HMeY,2021-03-20,,,,,-14,
NA,Namibia,Otjozondjupa Region,,,NA-OD,,ChIJ_7SqpVK99hsRJoAG7f5HMeY,2021-03-22,,,,,-72,
NA,Namibia,Otjozondjupa Region,,,NA-OD,,ChIJ_7SqpVK99hsRJoAG7f5HMeY,2021-03-23,,,,,-10,
NA,Namibia,Otjozondjupa Region,,,NA-OD,,ChIJ_7SqpVK99hsRJoAG7f5HMeY,2021-03-24,,,,,-7,
NA,Namibia,Otjozondjupa Region,,,NA-OD,,ChIJ_7SqpVK99hsRJoAG7f5HMeY,2021-03-25,,,,,-7,
NA,Namibia,Otjozondjupa Region,,,NA-OD,,ChIJ_7SqpVK99hsRJoAG7f5HMeY,2021-03-26,,,,,-3,
NA,Namibia,Otjozondjupa Region,,,NA-OD,,ChIJ_7SqpVK99hsRJoAG7f5HMeY,2021-03-27,,,,,-3,
NA,Namibia,Zambezi Region,,,NA-CA,,ChIJ6ZWCJLviWRkR7vczZyMxxu4,2021-01-01,,,,,-68,
NA,Namibia,Zambezi Region,,,NA-CA,,ChIJ6ZWCJLviWRkR7vczZyMxxu4,2021-03-22,,,,,-59,
