country_region_code,country_region,sub_region_1,sub_region_2,metro_area,iso_3166_2_code,census_fips_code,place_id,date,retail_and_recreation_percent_change_from_baseline,grocery_and_pharmacy_percent_change_from_baseline,parks_percent_change_from_baseline,transit_stations_percent_change_from_baseline,workplaces_percent_change_from_baseline,residential_percent_change_from_baseline
BW,Botswana,,,,,,ChIJESJF0SFDpB4Re68Vhyp8ZPE,2021-01-01,-51,-22,52,-37,-84,23
BW,Botswana,,,,,,ChIJESJF0SFDpB4Re68Vhyp8ZPE,2021-01-02,-28,-3,47,-12,-48,10
BW,Botswana,,,,,,ChIJESJF0SFDpB4Re68Vhyp8ZPE,2021-01-03,-7,23,66,21,-19,8
BW,Botswana,,,,,,ChIJESJF0SFDpB4Re68Vhyp8ZPE,2021-01-04,8,33,58,32,-43,11
BW,Botswana,,,,,,ChIJESJF0SFDpB4Re68Vhyp8ZPE,2021-01-05,2,25,60,23,-37,11
BW,Botswana,,,,,,ChIJESJF0SFDpB4Re68Vhyp8ZPE,2021-01-06,3,28,50,21,-34,11
BW,Botswana,,,,,,ChIJESJF0SFDpB4Re68Vhyp8ZPE,2021-01-07,3,29,47,25,-29,12
BW,Botswana,,,,,,ChIJESJF0SFDpB4Re68Vhyp8ZPE,2021-01-08,-5,35,45,23,-24,11
BW,Botswana,,,,,,ChIJESJF0SFDpB4Re68Vhyp8ZPE,2021-01-09,4,32,41,32,-2,4
BW,Botswana,,,,,,ChIJESJF0SFDpB4Re68Vhyp8ZPE,2021-01-10,2,40,50,26,-6,6
BW,Botswana,,,,,,ChIJESJF0SFDpB4Re68Vhyp8ZPE,2021-01-11,9,34,47,37,-19,5
BW,Botswana,,,,,,ChIJESJF0SFDpB4Re68Vhyp8ZPE,2021-01-12,2,22,42,16,-18,5
BW,Botswana,,,,,,ChIJESJF0SFDpB4Re68Vhyp8ZPE,2021-01-13,-3,16,30,10,-19,5
BW,Botswana,,,,,,ChIJESJF0SFDpB4Re68Vhyp8ZPE,2021-01-14,-8,8,24,6,-21,6
BW,Botswana,,,,,,ChIJESJF0SFDpB4Re68Vhyp8ZPE,2021-01-15,-15,16,23,7,-20,5
BW,Botswana,,,,,,ChIJESJF0SFDpB4Re68Vhyp8ZPE,2021-01-16,-4,17,24,9,-13,3
BW,Botswana,,,,,,ChIJESJF0SFDpB4Re68Vhyp8ZPE,2021-01-17,-11,18,30,-4,-15,7
BW,Botswana,,,,,,ChIJESJF0SFDpB4Re68Vhyp8ZPE,2021-01-18,-9,7,23,5,-22,4
BW,Botswana,,,,,,ChIJESJF0SFDpB4Re68Vhyp8ZPE,2021-01-19,-11,3,22,-6,-24,5
BW,Botswana,,,,,,ChIJESJF0SFDpB4Re68Vhyp8ZPE,2021-01-20,-6,11,20,3,-22,5
BW,Botswana,,,,,,ChIJESJF0SFDpB4Re68Vhyp8ZPE,2021-01-21,-1,19,22,9,-19,6
BW,Botswana,,,,,,ChIJESJF0SFDpB4Re68Vhyp8ZPE,2021-01-22,-7,26,26,12,-14,5
BW,Botswana,,,,,,ChIJESJF0SFDpB4Re68Vhyp8ZPE,2021-01-23,6,31,32,16,-7,3
BW,Botswana,,,,,,ChIJESJF0SFDpB4Re68Vhyp8ZPE,2021-01-24,3,38,36,9,-10,6
BW,Botswana,,,,,,ChIJESJF0SFDpB4Re68Vhyp8ZPE,2021-01-25,-8,13,24,3,-19,7
BW,Botswana,,,,,,ChIJESJF0SFDpB4Re68Vhyp8ZPE,2021-01-26,-4,11,28,5,-19,6
BW,Botswana,,,,,,ChIJESJF0SFDpB4Re68Vhyp8ZPE,2021-01-27,-3,18,23,9,-18,6
BW,Botswana,,,,,,ChIJESJF0SFDpB4Re68Vhyp8ZPE,2021-01-28,3,27,22,17,-14,6
BW,Botswana,,,,,,ChIJESJF0SFDpB4Re68Vhyp8ZPE,2021-01-29,-3,36,22,20,-12,4
BW,Botswana,,,,,,ChIJESJF0SFDpB4Re68Vhyp8ZPE,2021-01-30,15,48,26,29,-7,0
BW,Botswana,,,,,,ChIJESJF0SFDpB4Re68Vhyp8ZPE,2021-01-31,5,43,17,9,-10,5
BW,Botswana,,,,,,ChIJESJF0SFDpB4Re68Vhyp8ZPE,2021-02-01,6,29,17,26,-16,-1
BW,Botswana,,,,,,ChIJESJF0SFDpB4Re68Vhyp8ZPE,2021-02-02,0,21,21,8,-18,2
BW,Botswana,,,,,,ChIJESJF0SFDpB4Re68Vhyp8ZPE,2021-02-03,-1,17,19,4,-17,3
BW,Botswana,,,,,,ChIJESJF0SFDpB4Re68Vhyp8ZPE,2021-02-04,-6,14,20,0,-16,7
BW,Botswana,,,,,,ChIJESJF0SFDpB4Re68Vhyp8ZPE,2021-02-05,-11,22,25,6,-12,7
BW,Botswana,,,,,,ChIJESJF0SFDpB4Re68Vhyp8ZPE,2021-02-06,1,28,31,9,-8,5
BW,Botswana,,,,,,ChIJESJF0SFDpB4Re68Vhyp8ZPE,2021-02-07,-5,29,34,0,-14,8
BW,Botswana,,,,,,ChIJESJF0SFDpB4Re68Vhyp8ZPE,2021-02-08,-2,14,30,12,-16,4
BW,Botswana,,,,,,ChIJESJF0SFDpB4Re68Vhyp8ZPE,2021-02-09,-3,15,24,7,-16,5
BW,Botswana,,,,,,ChIJESJF0SFDpB4Re68Vhyp8ZPE,2021-02-10,-4,15,22,3,-17,6
BW,Botswana,,,,,,ChIJESJF0SFDpB4Re68Vhyp8ZPE,2021-02-11,-6,16,15,1,-15,5
BW,Botswana,,,,,,ChIJESJF0SFDpB4Re68Vhyp8ZPE,2021-02-12,-10,29,10,6,-13,3
BW,Botswana,,,,,,ChIJESJF0SFDpB4Re68Vhyp8ZPE,2021-02-13,7,39,15,13,-8,0
BW,Botswana,,,,,,ChIJESJF0SFDpB4Re68Vhyp8ZPE,2021-02-14,14,51,14,6,-15,3
BW,Botswana,,,,,,ChIJESJF0SFDpB4Re68Vhyp8ZPE,2021-02-15,-7,14,3,4,-18,1
BW,Botswana,,,,,,ChIJESJF0SFDpB4Re68Vhyp8ZPE,2021-02-16,-6,15,1,-1,-20,2
BW,Botswana,,,,,,ChIJESJF0SFDpB4Re68Vhyp8ZPE,2021-02-17,-5,19,-1,2,-18,3
BW,Botswana,,,,,,ChIJESJF0SFDpB4Re68Vhyp8ZPE,2021-02-18,-5,22,0,-1,-16,3
BW,Botswana,,,,,,ChIJESJF0SFDpB4Re68Vhyp8ZPE,2021-02-19,-4,39,6,9,-14,2
BW,Botswana,,,,,,ChIJESJF0SFDpB4Re68Vhyp8ZPE,2021-02-20,10,45,19,8,-7,-1
BW,Botswana,,,,,,ChIJESJF0SFDpB4Re68Vhyp8ZPE,2021-02-21,3,45,15,2,-13,4
BW,Botswana,,,,,,ChIJESJF0SFDpB4Re68Vhyp8ZPE,2021-02-22,-3,20,6,4,-17,2
BW,Botswana,,,,,,ChIJESJF0SFDpB4Re68Vhyp8ZPE,2021-02-23,4,31,10,3,-16,1
BW,Botswana,,,,,,ChIJESJF0SFDpB4Re68Vhyp8ZPE,2021-02-24,8,32,4,5,-16,2
BW,Botswana,,,,,,ChIJESJF0SFDpB4Re68Vhyp8ZPE,2021-02-25,10,40,5,10,-15,3
BW,Botswana,,,,,,ChIJESJF0SFDpB4Re68Vhyp8ZPE,2021-02-26,12,62,16,32,-13,1
BW,Botswana,,,,,,ChIJESJF0SFDpB4Re68Vhyp8ZPE,2021-02-27,41,80,29,55,-5,-4
BW,Botswana,,,,,,ChIJESJF0SFDpB4Re68Vhyp8ZPE,2021-02-28,41,92,27,50,-4,-2
BW,Botswana,,,,,,ChIJESJF0SFDpB4Re68Vhyp8ZPE,2021-03-01,32,68,20,44,-14,-2
BW,Botswana,,,,,,ChIJESJF0SFDpB4Re68Vhyp8ZPE,2021-03-02,23,55,17,32,-14,-1
BW,Botswana,,,,,,ChIJESJF0SFDpB4Re68Vhyp8ZPE,2021-03-03,18,52,12,27,-16,0
BW,Botswana,,,,,,ChIJESJF0SFDpB4Re68Vhyp8ZPE,2021-03-04,12,45,9,20,-13,1
BW,Botswana,,,,,,ChIJESJF0SFDpB4Re68Vhyp8ZPE,2021-03-05,12,64,21,33,-10,-1
BW,Botswana,,,,,,ChIJESJF0SFDpB4Re68Vhyp8ZPE,2021-03-06,21,55,28,33,-4,-3
BW,Botswana,,,,,,ChIJESJF0SFDpB4Re68Vhyp8ZPE,2021-03-07,14,58,29,26,-3,1
BW,Botswana,,,,,,ChIJESJF0SFDpB4Re68Vhyp8ZPE,2021-03-08,11,39,14,27,-14,-1
BW,Botswana,,,,,,ChIJESJF0SFDpB4Re68Vhyp8ZPE,2021-03-09,9,38,17,19,-14,0
BW,Botswana,,,,,,ChIJESJF0SFDpB4Re68Vhyp8ZPE,2021-03-10,7,37,11,15,-15,2
BW,Botswana,,,,,,ChIJESJF0SFDpB4Re68Vhyp8ZPE,2021-03-11,7,39,12,20,-13,2
BW,Botswana,,,,,,ChIJESJF0SFDpB4Re68Vhyp8ZPE,2021-03-12,4,57,17,25,-10,1
BW,Botswana,,,,,,ChIJESJF0SFDpB4Re68Vhyp8ZPE,2021-03-13,13,44,27,20,-3,-1
BW,Botswana,,,,,,ChIJESJF0SFDpB4Re68Vhyp8ZPE,2021-03-14,11,55,31,21,-4,2
BW,Botswana,,,,,,ChIJESJF0SFDpB4Re68Vhyp8ZPE,2021-03-15,7,38,18,28,-15,0
BW,Botswana,,,,,,ChIJESJF0SFDpB4Re68Vhyp8ZPE,2021-03-16,3,28,18,11,-14,2
BW,Botswana,,,,,,ChIJESJF0SFDpB4Re68Vhyp8ZPE,2021-03-17,3,30,9,12,-14,2
BW,Botswana,,,,,,ChIJESJF0SFDpB4Re68Vhyp8ZPE,2021-03-18,4,36,15,17,-12,2
BW,Botswana,,,,,,ChIJESJF0SFDpB4Re68Vhyp8ZPE,2021-03-19,7,60,19,24,-8,0
BW,Botswana,,,,,,ChIJESJF0SFDpB4Re68Vhyp8ZPE,2021-03-20,17,52,24,24,1,-2
BW,Botswana,,,,,,ChIJESJF0SFDpB4Re68Vhyp8ZPE,2021-03-21,11,57,27,19,-4,2
BW,Botswana,,,,,,ChIJESJF0SFDpB4Re68Vhyp8ZPE,2021-03-22,8,41,13,28,-10,-1
BW,Botswana,,,,,,ChIJESJF0SFDpB4Re68Vhyp8ZPE,2021-03-23,10,38,17,23,-12,1
BW,Botswana,,,,,,ChIJESJF0SFDpB4Re68Vhyp8ZPE,2021-03-24,9,41,7,20,-12,2
BW,Botswana,,,,,,ChIJESJF0SFDpB4Re68Vhyp8ZPE,2021-03-25,20,60,9,30,-9,1
BW,Botswana,,,,,,ChIJESJF0SFDpB4Re68Vhyp8ZPE,2021-03-26,19,81,19,43,-7,-1
BW,Botswana,,,,,,ChIJESJF0SFDpB4Re68Vhyp8ZPE,2021-03-27,38,83,33,53,3,-5
BW,Botswana,Chobe,,,,,ChIJ3T_Kj_ZXUBkRc2HYcMH1Fws,2021-01-01,,,,-47,-66,
BW,Botswana,Chobe,,,,,ChIJ3T_Kj_ZXUBkRc2HYcMH1Fws,2021-01-02,,,,-37,,
BW,Botswana,Chobe,,,,,ChIJ3T_Kj_ZXUBkRc2HYcMH1Fws,2021-01-04,,,,-40,-32,
BW,Botswana,Chobe,,,,,ChIJ3T_Kj_ZXUBkRc2HYcMH1Fws,2021-01-05,,,,-30,-35,
BW,Botswana,Chobe,,,,,ChIJ3T_Kj_ZXUBkRc2HYcMH1Fws,2021-01-06,,,,-27,-37,
BW,Botswana,Chobe,,,,,ChIJ3T_Kj_ZXUBkRc2HYcMH1Fws,2021-01-07,,,,-32,-36,
BW,Botswana,Chobe,,,,,ChIJ3T_Kj_ZXUBkRc2HYcMH1Fws,2021-01-08,,,,-29,-30,
BW,Botswana,Chobe,,,,,ChIJ3T_Kj_ZXUBkRc2HYcMH1Fws,2021-01-09,,,,-34,,
BW,Botswana,Chobe,,,,,ChIJ3T_Kj_ZXUBkRc2HYcMH1Fws,2021-01-11,,,,-29,-26,
BW,Botswana,Chobe,,,,,ChIJ3T_Kj_ZXUBkRc2HYcMH1Fws,2021-01-12,,,,-44,-36,
BW,Botswana,Chobe,,,,,ChIJ3T_Kj_ZXUBkRc2HYcMH1Fws,2021-01-13,,,,-43,-44,
BW,Botswana,Chobe,,,,,ChIJ3T_Kj_ZXUBkRc2HYcMH1Fws,2021-01-14,,,,-47,-38,
BW,Botswana,Chobe,,,,,ChIJ3T_Kj_ZXUBkRc2HYcMH1Fws,2021-01-15,,,,-45,-40,
BW,Botswana,Chobe,,,,,ChIJ3T_Kj_ZXUBkRc2HYcMH1Fws,2021-01-16,,,,-50,,
BW,Botswana,Chobe,,,,,ChIJ3T_Kj_ZXUBkRc2HYcMH1Fws,2021-01-17,,,,-50,,
BW,Botswana,Chobe,,,,,ChIJ3T_Kj_ZXUBkRc2HYcMH1Fws,2021-01-18,,,,-48,-32,
BW,Botswana,Chobe,,,,,ChIJ3T_Kj_ZXUBkRc2HYcMH1Fws,2021-01-19,,,,-46,-36,
BW,Botswana,Chobe,,,,,ChIJ3T_Kj_ZXUBkRc2HYcMH1Fws,2021-01-20,,,,-39,-39,
BW,Botswana,Chobe,,,,,ChIJ3T_Kj_ZXUBkRc2HYcMH1Fws,2021-01-21,,,,-40,-36,
BW,Botswana,Chobe,,,,,ChIJ3T_Kj_ZXUBkRc2HYcMH1Fws,2021-01-22,,,,-35,-31,
BW,Botswana,Chobe,,,,,ChIJ3T_Kj_ZXUBkRc2HYcMH1Fws,2021-01-23,,,,-46,,
BW,Botswana,Chobe,,,,,ChIJ3T_Kj_ZXUBkRc2HYcMH1Fws,2021-01-24,,,,-46,,
BW,Botswana,Chobe,,,,,ChIJ3T_Kj_ZXUBkRc2HYcMH1Fws,2021-01-25,,,,-44,-18,
BW,Botswana,Chobe,,,,,ChIJ3T_Kj_ZXUBkRc2HYcMH1Fws,2021-01-26,,,,-49,-37,
BW,Botswana,Chobe,,,,,ChIJ3T_Kj_ZXUBkRc2HYcMH1Fws,2021-01-27,,,,-40,-39,
BW,Botswana,Chobe,,,,,ChIJ3T_Kj_ZXUBkRc2HYcMH1Fws,2021-01-28,,,,-45,-33,
BW,Botswana,Chobe,,,,,ChIJ3T_Kj_ZXUBkRc2HYcMH1Fws,2021-01-29,,,,-41,-35,
BW,Botswana,Chobe,,,,,ChIJ3T_Kj_ZXUBkRc2HYcMH1Fws,2021-01-30,,,,-48,,
BW,Botswana,Chobe,,,,,ChIJ3T_Kj_ZXUBkRc2HYcMH1Fws,2021-01-31,,,,-44,,
BW,Botswana,Chobe,,,,,ChIJ3T_Kj_ZXUBkRc2HYcMH1Fws,2021-02-01,,,,-45,-22,
BW,Botswana,Chobe,,,,,ChIJ3T_Kj_ZXUBkRc2HYcMH1Fws,2021-02-02,,,,-46,-31,
BW,Botswana,Chobe,,,,,ChIJ3T_Kj_ZXUBkRc2HYcMH1Fws,2021-02-03,,,,-46,-29,
BW,Botswana,Chobe,,,,,ChIJ3T_Kj_ZXUBkRc2HYcMH1Fws,2021-02-04,,,,-48,-27,
BW,Botswana,Chobe,,,,,ChIJ3T_Kj_ZXUBkRc2HYcMH1Fws,2021-02-05,,,,-42,-29,
BW,Botswana,Chobe,,,,,ChIJ3T_Kj_ZXUBkRc2HYcMH1Fws,2021-02-06,,,,-46,,
BW,Botswana,Chobe,,,,,ChIJ3T_Kj_ZXUBkRc2HYcMH1Fws,2021-02-07,,,,-46,,
BW,Botswana,Chobe,,,,,ChIJ3T_Kj_ZXUBkRc2HYcMH1Fws,2021-02-08,,,,-48,-25,
BW,Botswana,Chobe,,,,,ChIJ3T_Kj_ZXUBkRc2HYcMH1Fws,2021-02-09,,,,-40,-37,
BW,Botswana,Chobe,,,,,ChIJ3T_Kj_ZXUBkRc2HYcMH1Fws,2021-02-10,,,,-42,-32,
BW,Botswana,Chobe,,,,,ChIJ3T_Kj_ZXUBkRc2HYcMH1Fws,2021-02-11,,,,-46,-36,
BW,Botswana,Chobe,,,,,ChIJ3T_Kj_ZXUBkRc2HYcMH1Fws,2021-02-12,,,,-47,-32,
BW,Botswana,Chobe,,,,,ChIJ3T_Kj_ZXUBkRc2HYcMH1Fws,2021-02-13,,,,-53,,
BW,Botswana,Chobe,,,,,ChIJ3T_Kj_ZXUBkRc2HYcMH1Fws,2021-02-14,,,,-51,,
BW,Botswana,Chobe,,,,,ChIJ3T_Kj_ZXUBkRc2HYcMH1Fws,2021-02-15,,,,-48,-26,
BW,Botswana,Chobe,,,,,ChIJ3T_Kj_ZXUBkRc2HYcMH1Fws,2021-02-16,,,,-44,-41,
BW,Botswana,Chobe,,,,,ChIJ3T_Kj_ZXUBkRc2HYcMH1Fws,2021-02-17,,,,-38,-36,
BW,Botswana,Chobe,,,,,ChIJ3T_Kj_ZXUBkRc2HYcMH1Fws,2021-02-18,,,,-40,-29,
BW,Botswana,Chobe,,,,,ChIJ3T_Kj_ZXUBkRc2HYcMH1Fws,2021-02-19,,,,-38,-34,
BW,Botswana,Chobe,,,,,ChIJ3T_Kj_ZXUBkRc2HYcMH1Fws,2021-02-20,,,,-49,,
BW,Botswana,Chobe,,,,,ChIJ3T_Kj_ZXUBkRc2HYcMH1Fws,2021-02-22,,,,-39,-26,
BW,Botswana,Chobe,,,,,ChIJ3T_Kj_ZXUBkRc2HYcMH1Fws,2021-02-23,,,,-44,-36,
BW,Botswana,Chobe,,,,,ChIJ3T_Kj_ZXUBkRc2HYcMH1Fws,2021-02-24,,,,-42,-38,
BW,Botswana,Chobe,,,,,ChIJ3T_Kj_ZXUBkRc2HYcMH1Fws,2021-02-25,,,,-34,-32,
BW,Botswana,Chobe,,,,,ChIJ3T_Kj_ZXUBkRc2HYcMH1Fws,2021-02-26,,,,-32,-35,
BW,Botswana,Chobe,,,,,ChIJ3T_Kj_ZXUBkRc2HYcMH1Fws,2021-02-27,,,,-37,,
BW,Botswana,Chobe,,,,,ChIJ3T_Kj_ZXUBkRc2HYcMH1Fws,2021-03-01,,,,-32,-16,
BW,Botswana,Chobe,,,,,ChIJ3T_Kj_ZXUBkRc2HYcMH1Fws,2021-03-02,,,,-22,-38,
BW,Botswana,Chobe,,,,,ChIJ3T_Kj_ZXUBkRc2HYcMH1Fws,2021-03-03,,,,-37,-36,
BW,Botswana,Chobe,,,,,ChIJ3T_Kj_ZXUBkRc2HYcMH1Fws,2021-03-04,,,,-33,-34,
BW,Botswana,Chobe,,,,,ChIJ3T_Kj_ZXUBkRc2HYcMH1Fws,2021-03-05,,,,-26,-33,
BW,Botswana,Chobe,,,,,ChIJ3T_Kj_ZXUBkRc2HYcMH1Fws,2021-03-06,,,,-30,,
BW,Botswana,Chobe,,,,,ChIJ3T_Kj_ZXUBkRc2HYcMH1Fws,2021-03-08,,,,-36,-26,
BW,Botswana,Chobe,,,,,ChIJ3T_Kj_ZXUBkRc2HYcMH1Fws,2021-03-09,,,,-28,-30,
BW,Botswana,Chobe,,,,,ChIJ3T_Kj_ZXUBkRc2HYcMH1Fws,2021-03-10,,,,-34,-36,
BW,Botswana,Chobe,,,,,ChIJ3T_Kj_ZXUBkRc2HYcMH1Fws,2021-03-11,,,,-37,-35,
BW,Botswana,Chobe,,,,,ChIJ3T_Kj_ZXUBkRc2HYcMH1Fws,2021-03-12,,,,-38,-28,
BW,Botswana,Chobe,,,,,ChIJ3T_Kj_ZXUBkRc2HYcMH1Fws,2021-03-13,,,,-30,,
BW,Botswana,Chobe,,,,,ChIJ3T_Kj_ZXUBkRc2HYcMH1Fws,2021-03-15,,,,-35,-13,
BW,Botswana,Chobe,,,,,ChIJ3T_Kj_ZXUBkRc2HYcMH1Fws,2021-03-16,,,,-33,-28,
BW,Botswana,Chobe,,,,,ChIJ3T_Kj_ZXUBkRc2HYcMH1Fws,2021-03-17,,,,-38,-32,
BW,Botswana,Chobe,,,,,ChIJ3T_Kj_ZXUBkRc2HYcMH1Fws,2021-03-18,,,,-28,-31,
BW,Botswana,Chobe,,,,,ChIJ3T_Kj_ZXUBkRc2HYcMH1Fws,2021-03-19,,,,-26,-37,
BW,Botswana,Chobe,,,,,ChIJ3T_Kj_ZXUBkRc2HYcMH1Fws,2021-03-20,,,,-40,,
BW,Botswana,Chobe,,,,,ChIJ3T_Kj_ZXUBkRc2HYcMH1Fws,2021-03-22,,,,-30,-17,
BW,Botswana,Chobe,,,,,ChIJ3T_Kj_ZXUBkRc2HYcMH1Fws,2021-03-23,,,,-38,-36,
BW,Botswana,Chobe,,,,,ChIJ3T_Kj_ZXUBkRc2HYcMH1Fws,2021-03-24,,,,-33,-39,
BW,Botswana,Chobe,,,,,ChIJ3T_Kj_ZXUBkRc2HYcMH1Fws,2021-03-25,,,,-33,-33,
BW,Botswana,Chobe,,,,,ChIJ3T_Kj_ZXUBkRc2HYcMH1Fws,2021-03-26,,,,-21,-36,
BW,Botswana,Chobe,,,,,ChIJ3T_Kj_ZXUBkRc2HYcMH1Fws,2021-03-27,,,,-31,,
BW,Botswana,Francistown,,,,,ChIJrwKekSBHtB4R69v2ZDVL9_0,2021-01-01,-52,,,,-80,
BW,Botswana,Francistown,,,,,ChIJrwKekSBHtB4R69v2ZDVL9_0,2021-01-02,,,,,-42,
BW,Botswana,Francistown,,,,,ChIJrwKekSBHtB4R69v2ZDVL9_0,2021-01-03,,,,,-16,
BW,Botswana,Francistown,,,,,ChIJrwKekSBHtB4R69v2ZDVL9_0,2021-01-04,,,,,-34,
BW,Botswana,Francistown,,,,,ChIJrwKekSBHtB4R69v2ZDVL9_0,2021-01-05,,,,,-27,5
BW,Botswana,Francistown,,,,,ChIJrwKekSBHtB4R69v2ZDVL9_0,2021-01-06,,,,,-26,8
BW,Botswana,Francistown,,,,,ChIJrwKekSBHtB4R69v2ZDVL9_0,2021-01-07,,,,,-19,
BW,Botswana,Francistown,,,,,ChIJrwKekSBHtB4R69v2ZDVL9_0,2021-01-08,1,,,,-13,
BW,Botswana,Francistown,,,,,ChIJrwKekSBHtB4R69v2ZDVL9_0,2021-01-09,,,,,13,
BW,Botswana,Francistown,,,,,ChIJrwKekSBHtB4R69v2ZDVL9_0,2021-01-10,,,,,5,
BW,Botswana,Francistown,,,,,ChIJrwKekSBHtB4R69v2ZDVL9_0,2021-01-11,,,,,-8,4
BW,Botswana,Francistown,,,,,ChIJrwKekSBHtB4R69v2ZDVL9_0,2021-01-12,,,,,-6,2
BW,Botswana,Francistown,,,,,ChIJrwKekSBHtB4R69v2ZDVL9_0,2021-01-13,,,,,-7,2
BW,Botswana,Francistown,,,,,ChIJrwKekSBHtB4R69v2ZDVL9_0,2021-01-14,,,,,-10,4
BW,Botswana,Francistown,,,,,ChIJrwKekSBHtB4R69v2ZDVL9_0,2021-01-15,-13,,,,-11,
BW,Botswana,Francistown,,,,,ChIJrwKekSBHtB4R69v2ZDVL9_0,2021-01-16,,,,,5,
BW,Botswana,Francistown,,,,,ChIJrwKekSBHtB4R69v2ZDVL9_0,2021-01-17,,,,,-4,
BW,Botswana,Francistown,,,,,ChIJrwKekSBHtB4R69v2ZDVL9_0,2021-01-18,,,,,-14,2
BW,Botswana,Francistown,,,,,ChIJrwKekSBHtB4R69v2ZDVL9_0,2021-01-19,,,,,-18,2
BW,Botswana,Francistown,,,,,ChIJrwKekSBHtB4R69v2ZDVL9_0,2021-01-20,,,,,-14,2
BW,Botswana,Francistown,,,,,ChIJrwKekSBHtB4R69v2ZDVL9_0,2021-01-21,,,,,-12,4
BW,Botswana,Francistown,,,,,ChIJrwKekSBHtB4R69v2ZDVL9_0,2021-01-22,-1,,,,-8,
BW,Botswana,Francistown,,,,,ChIJrwKekSBHtB4R69v2ZDVL9_0,2021-01-23,,,,,5,
BW,Botswana,Francistown,,,,,ChIJrwKekSBHtB4R69v2ZDVL9_0,2021-01-24,,,,,-3,
BW,Botswana,Francistown,,,,,ChIJrwKekSBHtB4R69v2ZDVL9_0,2021-01-25,,,,,-11,3
BW,Botswana,Francistown,,,,,ChIJrwKekSBHtB4R69v2ZDVL9_0,2021-01-26,,,,,-9,2
BW,Botswana,Francistown,,,,,ChIJrwKekSBHtB4R69v2ZDVL9_0,2021-01-27,,,,,-8,3
BW,Botswana,Francistown,,,,,ChIJrwKekSBHtB4R69v2ZDVL9_0,2021-01-28,,,,,-3,1
BW,Botswana,Francistown,,,,,ChIJrwKekSBHtB4R69v2ZDVL9_0,2021-01-29,-1,,,,-5,-1
BW,Botswana,Francistown,,,,,ChIJrwKekSBHtB4R69v2ZDVL9_0,2021-01-30,,,,,10,
BW,Botswana,Francistown,,,,,ChIJrwKekSBHtB4R69v2ZDVL9_0,2021-01-31,,,,,3,
BW,Botswana,Francistown,,,,,ChIJrwKekSBHtB4R69v2ZDVL9_0,2021-02-01,,,,,-6,-3
BW,Botswana,Francistown,,,,,ChIJrwKekSBHtB4R69v2ZDVL9_0,2021-02-02,,,,,-16,-1
BW,Botswana,Francistown,,,,,ChIJrwKekSBHtB4R69v2ZDVL9_0,2021-02-03,,,,,-10,1
BW,Botswana,Francistown,,,,,ChIJrwKekSBHtB4R69v2ZDVL9_0,2021-02-04,,,,,-10,2
BW,Botswana,Francistown,,,,,ChIJrwKekSBHtB4R69v2ZDVL9_0,2021-02-05,-12,,,,-6,
BW,Botswana,Francistown,,,,,ChIJrwKekSBHtB4R69v2ZDVL9_0,2021-02-06,,,,,4,
BW,Botswana,Francistown,,,,,ChIJrwKekSBHtB4R69v2ZDVL9_0,2021-02-07,,,,,-8,
BW,Botswana,Francistown,,,,,ChIJrwKekSBHtB4R69v2ZDVL9_0,2021-02-08,,,,,-10,1
BW,Botswana,Francistown,,,,,ChIJrwKekSBHtB4R69v2ZDVL9_0,2021-02-09,,,,,-9,1
BW,Botswana,Francistown,,,,,ChIJrwKekSBHtB4R69v2ZDVL9_0,2021-02-10,,,,,-12,3
BW,Botswana,Francistown,,,,,ChIJrwKekSBHtB4R69v2ZDVL9_0,2021-02-11,,,,,-4,1
BW,Botswana,Francistown,,,,,ChIJrwKekSBHtB4R69v2ZDVL9_0,2021-02-12,-8,,,,-6,
BW,Botswana,Francistown,,,,,ChIJrwKekSBHtB4R69v2ZDVL9_0,2021-02-13,,,,,2,
BW,Botswana,Francistown,,,,,ChIJrwKekSBHtB4R69v2ZDVL9_0,2021-02-14,,,,,0,
BW,Botswana,Francistown,,,,,ChIJrwKekSBHtB4R69v2ZDVL9_0,2021-02-15,,,,,-13,-3
BW,Botswana,Francistown,,,,,ChIJrwKekSBHtB4R69v2ZDVL9_0,2021-02-16,,,,,-17,-2
BW,Botswana,Francistown,,,,,ChIJrwKekSBHtB4R69v2ZDVL9_0,2021-02-17,,,,,-11,-2
BW,Botswana,Francistown,,,,,ChIJrwKekSBHtB4R69v2ZDVL9_0,2021-02-18,,,,,-12,-3
BW,Botswana,Francistown,,,,,ChIJrwKekSBHtB4R69v2ZDVL9_0,2021-02-19,-3,,,,-8,
BW,Botswana,Francistown,,,,,ChIJrwKekSBHtB4R69v2ZDVL9_0,2021-02-20,,,,,8,
BW,Botswana,Francistown,,,,,ChIJrwKekSBHtB4R69v2ZDVL9_0,2021-02-21,,,,,5,
BW,Botswana,Francistown,,,,,ChIJrwKekSBHtB4R69v2ZDVL9_0,2021-02-22,,,,,-10,1
BW,Botswana,Francistown,,,,,ChIJrwKekSBHtB4R69v2ZDVL9_0,2021-02-23,,,,,-8,-3
BW,Botswana,Francistown,,,,,ChIJrwKekSBHtB4R69v2ZDVL9_0,2021-02-24,,,,,-7,0
BW,Botswana,Francistown,,,,,ChIJrwKekSBHtB4R69v2ZDVL9_0,2021-02-25,,,,,-9,-1
BW,Botswana,Francistown,,,,,ChIJrwKekSBHtB4R69v2ZDVL9_0,2021-02-26,,,,,-8,-3
BW,Botswana,Francistown,,,,,ChIJrwKekSBHtB4R69v2ZDVL9_0,2021-02-27,,,,,11,
BW,Botswana,Francistown,,,,,ChIJrwKekSBHtB4R69v2ZDVL9_0,2021-02-28,,,,,8,
BW,Botswana,Francistown,,,,,ChIJrwKekSBHtB4R69v2ZDVL9_0,2021-03-01,,,,,-4,-4
BW,Botswana,Francistown,,,,,ChIJrwKekSBHtB4R69v2ZDVL9_0,2021-03-02,,,,,-8,-5
BW,Botswana,Francistown,,,,,ChIJrwKekSBHtB4R69v2ZDVL9_0,2021-03-03,,,,,-9,-4
BW,Botswana,Francistown,,,,,ChIJrwKekSBHtB4R69v2ZDVL9_0,2021-03-04,,,,,-4,-1
BW,Botswana,Francistown,,,,,ChIJrwKekSBHtB4R69v2ZDVL9_0,2021-03-05,,,,,-1,-4
BW,Botswana,Francistown,,,,,ChIJrwKekSBHtB4R69v2ZDVL9_0,2021-03-06,,,,,5,
BW,Botswana,Francistown,,,,,ChIJrwKekSBHtB4R69v2ZDVL9_0,2021-03-07,,,,,4,
BW,Botswana,Francistown,,,,,ChIJrwKekSBHtB4R69v2ZDVL9_0,2021-03-08,,,,,-4,-8
BW,Botswana,Francistown,,,,,ChIJrwKekSBHtB4R69v2ZDVL9_0,2021-03-09,,,,,-4,-5
BW,Botswana,Francistown,,,,,ChIJrwKekSBHtB4R69v2ZDVL9_0,2021-03-10,,,,,-5,-1
BW,Botswana,Francistown,,,,,ChIJrwKekSBHtB4R69v2ZDVL9_0,2021-03-11,,,,,-2,0
BW,Botswana,Francistown,,,,,ChIJrwKekSBHtB4R69v2ZDVL9_0,2021-03-12,0,,,,-3,-3
BW,Botswana,Francistown,,,,,ChIJrwKekSBHtB4R69v2ZDVL9_0,2021-03-13,,,,,8,
BW,Botswana,Francistown,,,,,ChIJrwKekSBHtB4R69v2ZDVL9_0,2021-03-14,,,,,4,
BW,Botswana,Francistown,,,,,ChIJrwKekSBHtB4R69v2ZDVL9_0,2021-03-15,,,,,-5,-3
BW,Botswana,Francistown,,,,,ChIJrwKekSBHtB4R69v2ZDVL9_0,2021-03-16,,,,,-5,-4
BW,Botswana,Francistown,,,,,ChIJrwKekSBHtB4R69v2ZDVL9_0,2021-03-17,,,,,-8,-2
BW,Botswana,Francistown,,,,,ChIJrwKekSBHtB4R69v2ZDVL9_0,2021-03-18,,,,,1,-3
BW,Botswana,Francistown,,,,,ChIJrwKekSBHtB4R69v2ZDVL9_0,2021-03-19,,,,,4,-5
BW,Botswana,Francistown,,,,,ChIJrwKekSBHtB4R69v2ZDVL9_0,2021-03-20,,,,,12,
BW,Botswana,Francistown,,,,,ChIJrwKekSBHtB4R69v2ZDVL9_0,2021-03-21,,,,,-1,
BW,Botswana,Francistown,,,,,ChIJrwKekSBHtB4R69v2ZDVL9_0,2021-03-22,,,,,-3,-5
BW,Botswana,Francistown,,,,,ChIJrwKekSBHtB4R69v2ZDVL9_0,2021-03-23,,,,,-3,-6
BW,Botswana,Francistown,,,,,ChIJrwKekSBHtB4R69v2ZDVL9_0,2021-03-24,,,,,-1,-1
BW,Botswana,Francistown,,,,,ChIJrwKekSBHtB4R69v2ZDVL9_0,2021-03-25,,,,,2,-3
BW,Botswana,Francistown,,,,,ChIJrwKekSBHtB4R69v2ZDVL9_0,2021-03-26,,,,,4,-6
BW,Botswana,Francistown,,,,,ChIJrwKekSBHtB4R69v2ZDVL9_0,2021-03-27,,,,,10,
BW,Botswana,Gaborone,,,,,ChIJnYO-dGZXux4RDDSdqa_hqrs,2021-01-01,-60,-35,37,-57,-87,26
BW,Botswana,Gaborone,,,,,ChIJnYO-dGZXux4RDDSdqa_hqrs,2021-01-02,-44,-17,22,-32,-53,9
BW,Botswana,Gaborone,,,,,ChIJnYO-dGZXux4RDDSdqa_hqrs,2021-01-03,-25,-2,37,-1,-21,7
BW,Botswana,Gaborone,,,,,ChIJnYO-dGZXux4RDDSdqa_hqrs,2021-01-04,-5,20,47,11,-44,13
BW,Botswana,Gaborone,,,,,ChIJnYO-dGZXux4RDDSdqa_hqrs,2021-01-05,-9,15,42,9,-36,14
BW,Botswana,Gaborone,,,,,ChIJnYO-dGZXux4RDDSdqa_hqrs,2021-01-06,-7,21,40,7,-33,13
BW,Botswana,Gaborone,,,,,ChIJnYO-dGZXux4RDDSdqa_hqrs,2021-01-07,-2,27,39,11,-29,14
BW,Botswana,Gaborone,,,,,ChIJnYO-dGZXux4RDDSdqa_hqrs,2021-01-08,-10,35,41,14,-25,13
BW,Botswana,Gaborone,,,,,ChIJnYO-dGZXux4RDDSdqa_hqrs,2021-01-09,-6,34,40,33,-1,4
BW,Botswana,Gaborone,,,,,ChIJnYO-dGZXux4RDDSdqa_hqrs,2021-01-10,-11,24,33,14,-5,5
BW,Botswana,Gaborone,,,,,ChIJnYO-dGZXux4RDDSdqa_hqrs,2021-01-11,-1,25,32,29,-18,7
BW,Botswana,Gaborone,,,,,ChIJnYO-dGZXux4RDDSdqa_hqrs,2021-01-12,-6,19,30,15,-16,8
BW,Botswana,Gaborone,,,,,ChIJnYO-dGZXux4RDDSdqa_hqrs,2021-01-13,-11,15,21,2,-17,7
BW,Botswana,Gaborone,,,,,ChIJnYO-dGZXux4RDDSdqa_hqrs,2021-01-14,-12,10,14,-1,-20,8
BW,Botswana,Gaborone,,,,,ChIJnYO-dGZXux4RDDSdqa_hqrs,2021-01-15,-17,17,27,3,-20,7
BW,Botswana,Gaborone,,,,,ChIJnYO-dGZXux4RDDSdqa_hqrs,2021-01-16,-12,22,23,17,-11,2
BW,Botswana,Gaborone,,,,,ChIJnYO-dGZXux4RDDSdqa_hqrs,2021-01-17,-21,10,24,-18,-14,6
BW,Botswana,Gaborone,,,,,ChIJnYO-dGZXux4RDDSdqa_hqrs,2021-01-18,-16,3,13,-2,-21,5
BW,Botswana,Gaborone,,,,,ChIJnYO-dGZXux4RDDSdqa_hqrs,2021-01-19,-18,0,15,-10,-21,7
BW,Botswana,Gaborone,,,,,ChIJnYO-dGZXux4RDDSdqa_hqrs,2021-01-20,-14,10,10,-6,-20,7
BW,Botswana,Gaborone,,,,,ChIJnYO-dGZXux4RDDSdqa_hqrs,2021-01-21,-7,19,20,-3,-18,7
BW,Botswana,Gaborone,,,,,ChIJnYO-dGZXux4RDDSdqa_hqrs,2021-01-22,-11,28,36,3,-15,7
BW,Botswana,Gaborone,,,,,ChIJnYO-dGZXux4RDDSdqa_hqrs,2021-01-23,-3,35,38,17,-5,2
BW,Botswana,Gaborone,,,,,ChIJnYO-dGZXux4RDDSdqa_hqrs,2021-01-24,-9,30,27,-6,-11,5
BW,Botswana,Gaborone,,,,,ChIJnYO-dGZXux4RDDSdqa_hqrs,2021-01-25,-18,7,20,-10,-18,9
BW,Botswana,Gaborone,,,,,ChIJnYO-dGZXux4RDDSdqa_hqrs,2021-01-26,-12,9,17,3,-16,9
BW,Botswana,Gaborone,,,,,ChIJnYO-dGZXux4RDDSdqa_hqrs,2021-01-27,-9,20,12,5,-14,8
BW,Botswana,Gaborone,,,,,ChIJnYO-dGZXux4RDDSdqa_hqrs,2021-01-28,0,31,18,14,-13,8
BW,Botswana,Gaborone,,,,,ChIJnYO-dGZXux4RDDSdqa_hqrs,2021-01-29,-4,43,30,20,-12,5
BW,Botswana,Gaborone,,,,,ChIJnYO-dGZXux4RDDSdqa_hqrs,2021-01-30,7,56,27,39,-5,-1
BW,Botswana,Gaborone,,,,,ChIJnYO-dGZXux4RDDSdqa_hqrs,2021-01-31,-11,27,-1,-9,-13,4
BW,Botswana,Gaborone,,,,,ChIJnYO-dGZXux4RDDSdqa_hqrs,2021-02-01,0,28,16,25,-15,0
BW,Botswana,Gaborone,,,,,ChIJnYO-dGZXux4RDDSdqa_hqrs,2021-02-02,-4,26,15,14,-13,3
BW,Botswana,Gaborone,,,,,ChIJnYO-dGZXux4RDDSdqa_hqrs,2021-02-03,-6,21,14,5,-13,4
BW,Botswana,Gaborone,,,,,ChIJnYO-dGZXux4RDDSdqa_hqrs,2021-02-04,-7,21,17,-1,-14,8
BW,Botswana,Gaborone,,,,,ChIJnYO-dGZXux4RDDSdqa_hqrs,2021-02-05,-10,30,25,10,-11,8
BW,Botswana,Gaborone,,,,,ChIJnYO-dGZXux4RDDSdqa_hqrs,2021-02-06,-4,39,31,18,-4,5
BW,Botswana,Gaborone,,,,,ChIJnYO-dGZXux4RDDSdqa_hqrs,2021-02-07,-13,26,23,-4,-10,6
BW,Botswana,Gaborone,,,,,ChIJnYO-dGZXux4RDDSdqa_hqrs,2021-02-08,-5,17,31,13,-13,5
BW,Botswana,Gaborone,,,,,ChIJnYO-dGZXux4RDDSdqa_hqrs,2021-02-09,-7,19,23,11,-12,6
BW,Botswana,Gaborone,,,,,ChIJnYO-dGZXux4RDDSdqa_hqrs,2021-02-10,-9,21,21,2,-12,6
BW,Botswana,Gaborone,,,,,ChIJnYO-dGZXux4RDDSdqa_hqrs,2021-02-11,-5,25,13,-2,-12,5
BW,Botswana,Gaborone,,,,,ChIJnYO-dGZXux4RDDSdqa_hqrs,2021-02-12,-8,39,18,11,-10,4
BW,Botswana,Gaborone,,,,,ChIJnYO-dGZXux4RDDSdqa_hqrs,2021-02-13,4,51,24,22,-1,-1
BW,Botswana,Gaborone,,,,,ChIJnYO-dGZXux4RDDSdqa_hqrs,2021-02-14,7,50,12,0,-10,2
BW,Botswana,Gaborone,,,,,ChIJnYO-dGZXux4RDDSdqa_hqrs,2021-02-15,-10,16,4,6,-14,1
BW,Botswana,Gaborone,,,,,ChIJnYO-dGZXux4RDDSdqa_hqrs,2021-02-16,-9,22,-5,3,-14,3
BW,Botswana,Gaborone,,,,,ChIJnYO-dGZXux4RDDSdqa_hqrs,2021-02-17,-8,26,0,-1,-12,3
BW,Botswana,Gaborone,,,,,ChIJnYO-dGZXux4RDDSdqa_hqrs,2021-02-18,-4,33,-7,-3,-12,4
BW,Botswana,Gaborone,,,,,ChIJnYO-dGZXux4RDDSdqa_hqrs,2021-02-19,-3,50,14,5,-9,3
BW,Botswana,Gaborone,,,,,ChIJnYO-dGZXux4RDDSdqa_hqrs,2021-02-20,9,63,30,17,0,-2
BW,Botswana,Gaborone,,,,,ChIJnYO-dGZXux4RDDSdqa_hqrs,2021-02-21,-4,43,13,-9,-8,2
BW,Botswana,Gaborone,,,,,ChIJnYO-dGZXux4RDDSdqa_hqrs,2021-02-22,-6,23,7,0,-13,3
BW,Botswana,Gaborone,,,,,ChIJnYO-dGZXux4RDDSdqa_hqrs,2021-02-23,0,35,7,-1,-10,2
BW,Botswana,Gaborone,,,,,ChIJnYO-dGZXux4RDDSdqa_hqrs,2021-02-24,3,36,5,-4,-10,3
BW,Botswana,Gaborone,,,,,ChIJnYO-dGZXux4RDDSdqa_hqrs,2021-02-25,8,47,8,-11,-10,5
BW,Botswana,Gaborone,,,,,ChIJnYO-dGZXux4RDDSdqa_hqrs,2021-02-26,12,73,26,26,-9,2
BW,Botswana,Gaborone,,,,,ChIJnYO-dGZXux4RDDSdqa_hqrs,2021-02-27,34,97,44,72,1,-5
BW,Botswana,Gaborone,,,,,ChIJnYO-dGZXux4RDDSdqa_hqrs,2021-02-28,28,85,26,40,3,-4
BW,Botswana,Gaborone,,,,,ChIJnYO-dGZXux4RDDSdqa_hqrs,2021-03-01,26,72,21,42,-10,-1
BW,Botswana,Gaborone,,,,,ChIJnYO-dGZXux4RDDSdqa_hqrs,2021-03-02,17,64,20,29,-8,1
BW,Botswana,Gaborone,,,,,ChIJnYO-dGZXux4RDDSdqa_hqrs,2021-03-03,13,59,16,24,-10,1
BW,Botswana,Gaborone,,,,,ChIJnYO-dGZXux4RDDSdqa_hqrs,2021-03-04,11,53,11,14,-8,1
BW,Botswana,Gaborone,,,,,ChIJnYO-dGZXux4RDDSdqa_hqrs,2021-03-05,13,80,35,34,-8,0
BW,Botswana,Gaborone,,,,,ChIJnYO-dGZXux4RDDSdqa_hqrs,2021-03-06,15,67,50,44,4,-5
BW,Botswana,Gaborone,,,,,ChIJnYO-dGZXux4RDDSdqa_hqrs,2021-03-07,3,50,29,18,4,0
BW,Botswana,Gaborone,,,,,ChIJnYO-dGZXux4RDDSdqa_hqrs,2021-03-08,7,40,23,21,-10,0
BW,Botswana,Gaborone,,,,,ChIJnYO-dGZXux4RDDSdqa_hqrs,2021-03-09,4,40,18,23,-9,2
BW,Botswana,Gaborone,,,,,ChIJnYO-dGZXux4RDDSdqa_hqrs,2021-03-10,1,40,16,10,-10,3
BW,Botswana,Gaborone,,,,,ChIJnYO-dGZXux4RDDSdqa_hqrs,2021-03-11,6,46,17,14,-8,3
BW,Botswana,Gaborone,,,,,ChIJnYO-dGZXux4RDDSdqa_hqrs,2021-03-12,4,70,31,22,-7,3
BW,Botswana,Gaborone,,,,,ChIJnYO-dGZXux4RDDSdqa_hqrs,2021-03-13,7,55,34,24,3,-3
BW,Botswana,Gaborone,,,,,ChIJnYO-dGZXux4RDDSdqa_hqrs,2021-03-14,-1,45,30,12,0,0
BW,Botswana,Gaborone,,,,,ChIJnYO-dGZXux4RDDSdqa_hqrs,2021-03-15,1,37,20,18,-12,1
BW,Botswana,Gaborone,,,,,ChIJnYO-dGZXux4RDDSdqa_hqrs,2021-03-16,-3,31,19,7,-10,3
BW,Botswana,Gaborone,,,,,ChIJnYO-dGZXux4RDDSdqa_hqrs,2021-03-17,-3,33,13,9,-9,3
BW,Botswana,Gaborone,,,,,ChIJnYO-dGZXux4RDDSdqa_hqrs,2021-03-18,1,39,20,9,-9,4
BW,Botswana,Gaborone,,,,,ChIJnYO-dGZXux4RDDSdqa_hqrs,2021-03-19,5,68,34,18,-7,2
BW,Botswana,Gaborone,,,,,ChIJnYO-dGZXux4RDDSdqa_hqrs,2021-03-20,9,60,35,25,7,-3
BW,Botswana,Gaborone,,,,,ChIJnYO-dGZXux4RDDSdqa_hqrs,2021-03-21,0,49,30,6,3,1
BW,Botswana,Gaborone,,,,,ChIJnYO-dGZXux4RDDSdqa_hqrs,2021-03-22,2,40,20,22,-6,0
BW,Botswana,Gaborone,,,,,ChIJnYO-dGZXux4RDDSdqa_hqrs,2021-03-23,4,39,20,21,-6,3
BW,Botswana,Gaborone,,,,,ChIJnYO-dGZXux4RDDSdqa_hqrs,2021-03-24,1,42,2,17,-7,3
BW,Botswana,Gaborone,,,,,ChIJnYO-dGZXux4RDDSdqa_hqrs,2021-03-25,14,65,5,22,-5,2
BW,Botswana,Gaborone,,,,,ChIJnYO-dGZXux4RDDSdqa_hqrs,2021-03-26,16,89,21,38,-4,1
BW,Botswana,Gaborone,,,,,ChIJnYO-dGZXux4RDDSdqa_hqrs,2021-03-27,29,95,43,64,8,-6
BW,Botswana,Jwaneng District,,,,,ChIJM8YJOvwgpB4R450PLe5nVMg,2021-01-01,,,,,-71,
BW,Botswana,Jwaneng District,,,,,ChIJM8YJOvwgpB4R450PLe5nVMg,2021-01-04,,,,,-46,
BW,Botswana,Jwaneng District,,,,,ChIJM8YJOvwgpB4R450PLe5nVMg,2021-01-05,,,,,-44,
BW,Botswana,Jwaneng District,,,,,ChIJM8YJOvwgpB4R450PLe5nVMg,2021-01-06,,,,,-40,
BW,Botswana,Jwaneng District,,,,,ChIJM8YJOvwgpB4R450PLe5nVMg,2021-01-07,,,,,-45,
BW,Botswana,Jwaneng District,,,,,ChIJM8YJOvwgpB4R450PLe5nVMg,2021-01-08,,,,,-31,
BW,Botswana,Jwaneng District,,,,,ChIJM8YJOvwgpB4R450PLe5nVMg,2021-01-11,,,,,-27,
BW,Botswana,Jwaneng District,,,,,ChIJM8YJOvwgpB4R450PLe5nVMg,2021-01-12,,,,,-28,
BW,Botswana,Jwaneng District,,,,,ChIJM8YJOvwgpB4R450PLe5nVMg,2021-01-13,,,,,-34,
BW,Botswana,Jwaneng District,,,,,ChIJM8YJOvwgpB4R450PLe5nVMg,2021-01-14,,,,,-28,
BW,Botswana,Jwaneng District,,,,,ChIJM8YJOvwgpB4R450PLe5nVMg,2021-01-15,,,,,-31,
BW,Botswana,Jwaneng District,,,,,ChIJM8YJOvwgpB4R450PLe5nVMg,2021-01-18,,,,,-26,
BW,Botswana,Jwaneng District,,,,,ChIJM8YJOvwgpB4R450PLe5nVMg,2021-01-19,,,,,-23,
BW,Botswana,Jwaneng District,,,,,ChIJM8YJOvwgpB4R450PLe5nVMg,2021-01-20,,,,,-33,
BW,Botswana,Jwaneng District,,,,,ChIJM8YJOvwgpB4R450PLe5nVMg,2021-01-21,,,,,-32,
BW,Botswana,Jwaneng District,,,,,ChIJM8YJOvwgpB4R450PLe5nVMg,2021-01-22,,,,,-19,
BW,Botswana,Jwaneng District,,,,,ChIJM8YJOvwgpB4R450PLe5nVMg,2021-01-25,,,,,-26,
BW,Botswana,Jwaneng District,,,,,ChIJM8YJOvwgpB4R450PLe5nVMg,2021-01-26,,,,,-27,
BW,Botswana,Jwaneng District,,,,,ChIJM8YJOvwgpB4R450PLe5nVMg,2021-01-27,,,,,-26,
BW,Botswana,Jwaneng District,,,,,ChIJM8YJOvwgpB4R450PLe5nVMg,2021-01-28,,,,,-24,
BW,Botswana,Jwaneng District,,,,,ChIJM8YJOvwgpB4R450PLe5nVMg,2021-01-29,,,,,-17,
BW,Botswana,Jwaneng District,,,,,ChIJM8YJOvwgpB4R450PLe5nVMg,2021-02-01,,,,,-32,
BW,Botswana,Jwaneng District,,,,,ChIJM8YJOvwgpB4R450PLe5nVMg,2021-02-02,,,,,-31,
BW,Botswana,Jwaneng District,,,,,ChIJM8YJOvwgpB4R450PLe5nVMg,2021-02-03,,,,,-32,
BW,Botswana,Jwaneng District,,,,,ChIJM8YJOvwgpB4R450PLe5nVMg,2021-02-04,,,,,-33,
BW,Botswana,Jwaneng District,,,,,ChIJM8YJOvwgpB4R450PLe5nVMg,2021-02-05,,,,,-31,
BW,Botswana,Jwaneng District,,,,,ChIJM8YJOvwgpB4R450PLe5nVMg,2021-02-08,,,,,-28,
BW,Botswana,Jwaneng District,,,,,ChIJM8YJOvwgpB4R450PLe5nVMg,2021-02-09,,,,,-28,
BW,Botswana,Jwaneng District,,,,,ChIJM8YJOvwgpB4R450PLe5nVMg,2021-02-10,,,,,-35,
BW,Botswana,Jwaneng District,,,,,ChIJM8YJOvwgpB4R450PLe5nVMg,2021-02-11,,,,,-33,
BW,Botswana,Jwaneng District,,,,,ChIJM8YJOvwgpB4R450PLe5nVMg,2021-02-12,,,,,-31,
BW,Botswana,Jwaneng District,,,,,ChIJM8YJOvwgpB4R450PLe5nVMg,2021-02-15,,,,,-35,
BW,Botswana,Jwaneng District,,,,,ChIJM8YJOvwgpB4R450PLe5nVMg,2021-02-16,,,,,-39,
BW,Botswana,Jwaneng District,,,,,ChIJM8YJOvwgpB4R450PLe5nVMg,2021-02-17,,,,,-35,
BW,Botswana,Jwaneng District,,,,,ChIJM8YJOvwgpB4R450PLe5nVMg,2021-02-18,,,,,-31,
BW,Botswana,Jwaneng District,,,,,ChIJM8YJOvwgpB4R450PLe5nVMg,2021-02-19,,,,,-35,
BW,Botswana,Jwaneng District,,,,,ChIJM8YJOvwgpB4R450PLe5nVMg,2021-02-22,,,,,-35,
BW,Botswana,Jwaneng District,,,,,ChIJM8YJOvwgpB4R450PLe5nVMg,2021-02-23,,,,,-24,
BW,Botswana,Jwaneng District,,,,,ChIJM8YJOvwgpB4R450PLe5nVMg,2021-02-24,,,,,-43,
BW,Botswana,Jwaneng District,,,,,ChIJM8YJOvwgpB4R450PLe5nVMg,2021-02-25,,,,,-36,
BW,Botswana,Jwaneng District,,,,,ChIJM8YJOvwgpB4R450PLe5nVMg,2021-02-26,,,,,-35,
BW,Botswana,Jwaneng District,,,,,ChIJM8YJOvwgpB4R450PLe5nVMg,2021-03-01,,,,,-33,
BW,Botswana,Jwaneng District,,,,,ChIJM8YJOvwgpB4R450PLe5nVMg,2021-03-02,,,,,-25,
BW,Botswana,Jwaneng District,,,,,ChIJM8YJOvwgpB4R450PLe5nVMg,2021-03-03,,,,,-33,
BW,Botswana,Jwaneng District,,,,,ChIJM8YJOvwgpB4R450PLe5nVMg,2021-03-04,,,,,-39,
BW,Botswana,Jwaneng District,,,,,ChIJM8YJOvwgpB4R450PLe5nVMg,2021-03-05,,,,,-33,
BW,Botswana,Jwaneng District,,,,,ChIJM8YJOvwgpB4R450PLe5nVMg,2021-03-08,,,,,-28,
BW,Botswana,Jwaneng District,,,,,ChIJM8YJOvwgpB4R450PLe5nVMg,2021-03-09,,,,,-24,
BW,Botswana,Jwaneng District,,,,,ChIJM8YJOvwgpB4R450PLe5nVMg,2021-03-10,,,,,-35,
BW,Botswana,Jwaneng District,,,,,ChIJM8YJOvwgpB4R450PLe5nVMg,2021-03-11,,,,,-40,
BW,Botswana,Jwaneng District,,,,,ChIJM8YJOvwgpB4R450PLe5nVMg,2021-03-12,,,,,-34,
BW,Botswana,Jwaneng District,,,,,ChIJM8YJOvwgpB4R450PLe5nVMg,2021-03-15,,,,,-31,
BW,Botswana,Jwaneng District,,,,,ChIJM8YJOvwgpB4R450PLe5nVMg,2021-03-16,,,,,-26,
BW,Botswana,Jwaneng District,,,,,ChIJM8YJOvwgpB4R450PLe5nVMg,2021-03-17,,,,,-29,
BW,Botswana,Jwaneng District,,,,,ChIJM8YJOvwgpB4R450PLe5nVMg,2021-03-18,,,,,-37,
BW,Botswana,Jwaneng District,,,,,ChIJM8YJOvwgpB4R450PLe5nVMg,2021-03-19,,,,,-24,
BW,Botswana,Jwaneng District,,,,,ChIJM8YJOvwgpB4R450PLe5nVMg,2021-03-22,,,,,-28,
BW,Botswana,Jwaneng District,,,,,ChIJM8YJOvwgpB4R450PLe5nVMg,2021-03-23,,,,,-26,
BW,Botswana,Jwaneng District,,,,,ChIJM8YJOvwgpB4R450PLe5nVMg,2021-03-24,,,,,-30,
BW,Botswana,Jwaneng District,,,,,ChIJM8YJOvwgpB4R450PLe5nVMg,2021-03-25,,,,,-33,
BW,Botswana,Jwaneng District,,,,,ChIJM8YJOvwgpB4R450PLe5nVMg,2021-03-26,,,,,-16,
BW,Botswana,Kgatleng,,,,,ChIJGdzUrjqoux4RRXV8A9SJXkw,2021-01-01,,,64,,-87,
BW,Botswana,Kgatleng,,,,,ChIJGdzUrjqoux4RRXV8A9SJXkw,2021-01-02,,,37,,,
BW,Botswana,Kgatleng,,,,,ChIJGdzUrjqoux4RRXV8A9SJXkw,2021-01-03,,,76,,,
BW,Botswana,Kgatleng,,,,,ChIJGdzUrjqoux4RRXV8A9SJXkw,2021-01-04,,,79,,-38,
BW,Botswana,Kgatleng,,,,,ChIJGdzUrjqoux4RRXV8A9SJXkw,2021-01-05,,,87,,-31,
BW,Botswana,Kgatleng,,,,,ChIJGdzUrjqoux4RRXV8A9SJXkw,2021-01-06,,,69,,-29,
BW,Botswana,Kgatleng,,,,,ChIJGdzUrjqoux4RRXV8A9SJXkw,2021-01-07,,,59,,-21,
BW,Botswana,Kgatleng,,,,,ChIJGdzUrjqoux4RRXV8A9SJXkw,2021-01-08,,,77,,-15,
BW,Botswana,Kgatleng,,,,,ChIJGdzUrjqoux4RRXV8A9SJXkw,2021-01-09,,,57,,,
BW,Botswana,Kgatleng,,,,,ChIJGdzUrjqoux4RRXV8A9SJXkw,2021-01-10,,,66,,,
BW,Botswana,Kgatleng,,,,,ChIJGdzUrjqoux4RRXV8A9SJXkw,2021-01-11,,,79,,-10,
BW,Botswana,Kgatleng,,,,,ChIJGdzUrjqoux4RRXV8A9SJXkw,2021-01-12,,,57,,-10,
BW,Botswana,Kgatleng,,,,,ChIJGdzUrjqoux4RRXV8A9SJXkw,2021-01-13,,,50,,-11,
BW,Botswana,Kgatleng,,,,,ChIJGdzUrjqoux4RRXV8A9SJXkw,2021-01-14,,,46,,-11,
BW,Botswana,Kgatleng,,,,,ChIJGdzUrjqoux4RRXV8A9SJXkw,2021-01-15,,,44,,-13,
BW,Botswana,Kgatleng,,,,,ChIJGdzUrjqoux4RRXV8A9SJXkw,2021-01-16,,,34,,,
BW,Botswana,Kgatleng,,,,,ChIJGdzUrjqoux4RRXV8A9SJXkw,2021-01-17,,,39,,,
BW,Botswana,Kgatleng,,,,,ChIJGdzUrjqoux4RRXV8A9SJXkw,2021-01-18,,,36,,-16,
BW,Botswana,Kgatleng,,,,,ChIJGdzUrjqoux4RRXV8A9SJXkw,2021-01-19,,,28,,-18,
BW,Botswana,Kgatleng,,,,,ChIJGdzUrjqoux4RRXV8A9SJXkw,2021-01-20,,,38,,-15,
BW,Botswana,Kgatleng,,,,,ChIJGdzUrjqoux4RRXV8A9SJXkw,2021-01-21,,,34,,-7,
BW,Botswana,Kgatleng,,,,,ChIJGdzUrjqoux4RRXV8A9SJXkw,2021-01-22,,,41,,-5,
BW,Botswana,Kgatleng,,,,,ChIJGdzUrjqoux4RRXV8A9SJXkw,2021-01-23,,,44,,,
BW,Botswana,Kgatleng,,,,,ChIJGdzUrjqoux4RRXV8A9SJXkw,2021-01-24,,,46,,,
BW,Botswana,Kgatleng,,,,,ChIJGdzUrjqoux4RRXV8A9SJXkw,2021-01-25,,,40,,-14,
BW,Botswana,Kgatleng,,,,,ChIJGdzUrjqoux4RRXV8A9SJXkw,2021-01-26,,,48,,-9,
BW,Botswana,Kgatleng,,,,,ChIJGdzUrjqoux4RRXV8A9SJXkw,2021-01-27,,,39,,-7,
BW,Botswana,Kgatleng,,,,,ChIJGdzUrjqoux4RRXV8A9SJXkw,2021-01-28,,,32,,-4,
BW,Botswana,Kgatleng,,,,,ChIJGdzUrjqoux4RRXV8A9SJXkw,2021-01-29,,,38,,1,
BW,Botswana,Kgatleng,,,,,ChIJGdzUrjqoux4RRXV8A9SJXkw,2021-01-30,,,32,,,
BW,Botswana,Kgatleng,,,,,ChIJGdzUrjqoux4RRXV8A9SJXkw,2021-01-31,,,23,,,
BW,Botswana,Kgatleng,,,,,ChIJGdzUrjqoux4RRXV8A9SJXkw,2021-02-01,,,31,,-8,
BW,Botswana,Kgatleng,,,,,ChIJGdzUrjqoux4RRXV8A9SJXkw,2021-02-02,,,36,,-9,
BW,Botswana,Kgatleng,,,,,ChIJGdzUrjqoux4RRXV8A9SJXkw,2021-02-03,,,35,,-9,
BW,Botswana,Kgatleng,,,,,ChIJGdzUrjqoux4RRXV8A9SJXkw,2021-02-04,,,29,,-4,
BW,Botswana,Kgatleng,,,,,ChIJGdzUrjqoux4RRXV8A9SJXkw,2021-02-05,,,42,,-4,
BW,Botswana,Kgatleng,,,,,ChIJGdzUrjqoux4RRXV8A9SJXkw,2021-02-06,,,40,,,
BW,Botswana,Kgatleng,,,,,ChIJGdzUrjqoux4RRXV8A9SJXkw,2021-02-07,,,57,,,
BW,Botswana,Kgatleng,,,,,ChIJGdzUrjqoux4RRXV8A9SJXkw,2021-02-08,,,52,,-2,
BW,Botswana,Kgatleng,,,,,ChIJGdzUrjqoux4RRXV8A9SJXkw,2021-02-09,,,40,,-5,
BW,Botswana,Kgatleng,,,,,ChIJGdzUrjqoux4RRXV8A9SJXkw,2021-02-10,,,35,,-8,
BW,Botswana,Kgatleng,,,,,ChIJGdzUrjqoux4RRXV8A9SJXkw,2021-02-11,,,27,,-5,
BW,Botswana,Kgatleng,,,,,ChIJGdzUrjqoux4RRXV8A9SJXkw,2021-02-12,,,26,,-4,
BW,Botswana,Kgatleng,,,,,ChIJGdzUrjqoux4RRXV8A9SJXkw,2021-02-13,,,29,,,
BW,Botswana,Kgatleng,,,,,ChIJGdzUrjqoux4RRXV8A9SJXkw,2021-02-14,,,22,,,
BW,Botswana,Kgatleng,,,,,ChIJGdzUrjqoux4RRXV8A9SJXkw,2021-02-15,,,14,,-8,
BW,Botswana,Kgatleng,,,,,ChIJGdzUrjqoux4RRXV8A9SJXkw,2021-02-16,,,11,,-14,
BW,Botswana,Kgatleng,,,,,ChIJGdzUrjqoux4RRXV8A9SJXkw,2021-02-17,,,10,,-15,
BW,Botswana,Kgatleng,,,,,ChIJGdzUrjqoux4RRXV8A9SJXkw,2021-02-18,,,17,,-7,
BW,Botswana,Kgatleng,,,,,ChIJGdzUrjqoux4RRXV8A9SJXkw,2021-02-19,,,24,,-4,
BW,Botswana,Kgatleng,,,,,ChIJGdzUrjqoux4RRXV8A9SJXkw,2021-02-20,,,28,,,
BW,Botswana,Kgatleng,,,,,ChIJGdzUrjqoux4RRXV8A9SJXkw,2021-02-21,,,22,,,
BW,Botswana,Kgatleng,,,,,ChIJGdzUrjqoux4RRXV8A9SJXkw,2021-02-22,,,17,,-7,
BW,Botswana,Kgatleng,,,,,ChIJGdzUrjqoux4RRXV8A9SJXkw,2021-02-23,,,19,,-10,
BW,Botswana,Kgatleng,,,,,ChIJGdzUrjqoux4RRXV8A9SJXkw,2021-02-24,,,16,,-7,
BW,Botswana,Kgatleng,,,,,ChIJGdzUrjqoux4RRXV8A9SJXkw,2021-02-25,,,9,,-2,
BW,Botswana,Kgatleng,,,,,ChIJGdzUrjqoux4RRXV8A9SJXkw,2021-02-26,,,29,,-2,
BW,Botswana,Kgatleng,,,,,ChIJGdzUrjqoux4RRXV8A9SJXkw,2021-02-27,,,39,,,
BW,Botswana,Kgatleng,,,,,ChIJGdzUrjqoux4RRXV8A9SJXkw,2021-02-28,,,36,,,
BW,Botswana,Kgatleng,,,,,ChIJGdzUrjqoux4RRXV8A9SJXkw,2021-03-01,,,28,,-7,
BW,Botswana,Kgatleng,,,,,ChIJGdzUrjqoux4RRXV8A9SJXkw,2021-03-02,,,15,,-7,
BW,Botswana,Kgatleng,,,,,ChIJGdzUrjqoux4RRXV8A9SJXkw,2021-03-03,,,19,,-4,
BW,Botswana,Kgatleng,,,,,ChIJGdzUrjqoux4RRXV8A9SJXkw,2021-03-04,,,17,,2,
BW,Botswana,Kgatleng,,,,,ChIJGdzUrjqoux4RRXV8A9SJXkw,2021-03-05,,,28,,-2,
BW,Botswana,Kgatleng,,,,,ChIJGdzUrjqoux4RRXV8A9SJXkw,2021-03-06,,,35,,,
BW,Botswana,Kgatleng,,,,,ChIJGdzUrjqoux4RRXV8A9SJXkw,2021-03-07,,,31,,,
BW,Botswana,Kgatleng,,,,,ChIJGdzUrjqoux4RRXV8A9SJXkw,2021-03-08,,,19,,-8,
BW,Botswana,Kgatleng,,,,,ChIJGdzUrjqoux4RRXV8A9SJXkw,2021-03-09,,,18,,-6,
BW,Botswana,Kgatleng,,,,,ChIJGdzUrjqoux4RRXV8A9SJXkw,2021-03-10,,,19,,-9,
BW,Botswana,Kgatleng,,,,,ChIJGdzUrjqoux4RRXV8A9SJXkw,2021-03-11,,,23,,-1,
BW,Botswana,Kgatleng,,,,,ChIJGdzUrjqoux4RRXV8A9SJXkw,2021-03-12,,,21,,-1,
BW,Botswana,Kgatleng,,,,,ChIJGdzUrjqoux4RRXV8A9SJXkw,2021-03-13,,,37,,,
BW,Botswana,Kgatleng,,,,,ChIJGdzUrjqoux4RRXV8A9SJXkw,2021-03-14,,,29,,,
BW,Botswana,Kgatleng,,,,,ChIJGdzUrjqoux4RRXV8A9SJXkw,2021-03-15,,,25,,-8,
BW,Botswana,Kgatleng,,,,,ChIJGdzUrjqoux4RRXV8A9SJXkw,2021-03-16,,,22,,-10,
BW,Botswana,Kgatleng,,,,,ChIJGdzUrjqoux4RRXV8A9SJXkw,2021-03-17,,,13,,-6,
BW,Botswana,Kgatleng,,,,,ChIJGdzUrjqoux4RRXV8A9SJXkw,2021-03-18,,,24,,-4,
BW,Botswana,Kgatleng,,,,,ChIJGdzUrjqoux4RRXV8A9SJXkw,2021-03-19,,,27,,3,
BW,Botswana,Kgatleng,,,,,ChIJGdzUrjqoux4RRXV8A9SJXkw,2021-03-20,,,30,,,
BW,Botswana,Kgatleng,,,,,ChIJGdzUrjqoux4RRXV8A9SJXkw,2021-03-21,,,33,,,
BW,Botswana,Kgatleng,,,,,ChIJGdzUrjqoux4RRXV8A9SJXkw,2021-03-22,,,20,,-2,
BW,Botswana,Kgatleng,,,,,ChIJGdzUrjqoux4RRXV8A9SJXkw,2021-03-23,,,24,,-5,
BW,Botswana,Kgatleng,,,,,ChIJGdzUrjqoux4RRXV8A9SJXkw,2021-03-24,,,13,,-3,
BW,Botswana,Kgatleng,,,,,ChIJGdzUrjqoux4RRXV8A9SJXkw,2021-03-25,,,12,,-2,
BW,Botswana,Kgatleng,,,,,ChIJGdzUrjqoux4RRXV8A9SJXkw,2021-03-26,,,31,,0,
BW,Botswana,Kgatleng,,,,,ChIJGdzUrjqoux4RRXV8A9SJXkw,2021-03-27,,,40,,,
BW,Botswana,Kweneng East,,,,,ChIJp5jOjxXupR4RR5YzqZqnI1o,2021-01-04,,,,,-38,
BW,Botswana,Kweneng East,,,,,ChIJp5jOjxXupR4RR5YzqZqnI1o,2021-01-05,,,,,-31,
BW,Botswana,Kweneng East,,,,,ChIJp5jOjxXupR4RR5YzqZqnI1o,2021-01-06,,,,,-29,
BW,Botswana,Kweneng East,,,,,ChIJp5jOjxXupR4RR5YzqZqnI1o,2021-01-07,,,,,-25,
BW,Botswana,Kweneng East,,,,,ChIJp5jOjxXupR4RR5YzqZqnI1o,2021-01-08,,,,,-20,
BW,Botswana,Kweneng East,,,,,ChIJp5jOjxXupR4RR5YzqZqnI1o,2021-01-11,,,,,-14,
BW,Botswana,Kweneng East,,,,,ChIJp5jOjxXupR4RR5YzqZqnI1o,2021-01-12,,,,,-15,
BW,Botswana,Kweneng East,,,,,ChIJp5jOjxXupR4RR5YzqZqnI1o,2021-01-13,,,,,-11,
BW,Botswana,Kweneng East,,,,,ChIJp5jOjxXupR4RR5YzqZqnI1o,2021-01-14,,,,,-15,
BW,Botswana,Kweneng East,,,,,ChIJp5jOjxXupR4RR5YzqZqnI1o,2021-01-15,,,,,-15,
BW,Botswana,Kweneng East,,,,,ChIJp5jOjxXupR4RR5YzqZqnI1o,2021-01-18,,,,,-30,
BW,Botswana,Kweneng East,,,,,ChIJp5jOjxXupR4RR5YzqZqnI1o,2021-01-19,,,,,-26,
BW,Botswana,Kweneng East,,,,,ChIJp5jOjxXupR4RR5YzqZqnI1o,2021-01-20,,,,,-24,
BW,Botswana,Kweneng East,,,,,ChIJp5jOjxXupR4RR5YzqZqnI1o,2021-01-21,,,,,-21,
BW,Botswana,Kweneng East,,,,,ChIJp5jOjxXupR4RR5YzqZqnI1o,2021-01-22,,,,,-10,
BW,Botswana,Kweneng East,,,,,ChIJp5jOjxXupR4RR5YzqZqnI1o,2021-01-25,,,,,-23,
BW,Botswana,Kweneng East,,,,,ChIJp5jOjxXupR4RR5YzqZqnI1o,2021-01-26,,,,,-22,
BW,Botswana,Kweneng East,,,,,ChIJp5jOjxXupR4RR5YzqZqnI1o,2021-01-27,,,,,-19,
BW,Botswana,Kweneng East,,,,,ChIJp5jOjxXupR4RR5YzqZqnI1o,2021-01-28,,,,,-12,
BW,Botswana,Kweneng East,,,,,ChIJp5jOjxXupR4RR5YzqZqnI1o,2021-01-29,,,,,-7,
BW,Botswana,Kweneng East,,,,,ChIJp5jOjxXupR4RR5YzqZqnI1o,2021-02-01,,,,,-21,
BW,Botswana,Kweneng East,,,,,ChIJp5jOjxXupR4RR5YzqZqnI1o,2021-02-02,,,,,-24,
BW,Botswana,Kweneng East,,,,,ChIJp5jOjxXupR4RR5YzqZqnI1o,2021-02-03,,,,,-16,
BW,Botswana,Kweneng East,,,,,ChIJp5jOjxXupR4RR5YzqZqnI1o,2021-02-04,,,,,-11,
BW,Botswana,Kweneng East,,,,,ChIJp5jOjxXupR4RR5YzqZqnI1o,2021-02-05,,,,,-10,
BW,Botswana,Kweneng East,,,,,ChIJp5jOjxXupR4RR5YzqZqnI1o,2021-02-08,,,,,-18,
BW,Botswana,Kweneng East,,,,,ChIJp5jOjxXupR4RR5YzqZqnI1o,2021-02-09,,,,,-18,
BW,Botswana,Kweneng East,,,,,ChIJp5jOjxXupR4RR5YzqZqnI1o,2021-02-10,,,,,-19,
BW,Botswana,Kweneng East,,,,,ChIJp5jOjxXupR4RR5YzqZqnI1o,2021-02-11,,,,,-16,
BW,Botswana,Kweneng East,,,,,ChIJp5jOjxXupR4RR5YzqZqnI1o,2021-02-12,,,,,-8,
BW,Botswana,Kweneng East,,,,,ChIJp5jOjxXupR4RR5YzqZqnI1o,2021-02-15,,,,,-28,
BW,Botswana,Kweneng East,,,,,ChIJp5jOjxXupR4RR5YzqZqnI1o,2021-02-16,,,,,-27,
BW,Botswana,Kweneng East,,,,,ChIJp5jOjxXupR4RR5YzqZqnI1o,2021-02-17,,,,,-19,
BW,Botswana,Kweneng East,,,,,ChIJp5jOjxXupR4RR5YzqZqnI1o,2021-02-18,,,,,-24,
BW,Botswana,Kweneng East,,,,,ChIJp5jOjxXupR4RR5YzqZqnI1o,2021-02-19,,,,,-18,
BW,Botswana,Kweneng East,,,,,ChIJp5jOjxXupR4RR5YzqZqnI1o,2021-02-22,,,,,-19,
BW,Botswana,Kweneng East,,,,,ChIJp5jOjxXupR4RR5YzqZqnI1o,2021-02-23,,,,,-17,
BW,Botswana,Kweneng East,,,,,ChIJp5jOjxXupR4RR5YzqZqnI1o,2021-02-24,,,,,-22,
BW,Botswana,Kweneng East,,,,,ChIJp5jOjxXupR4RR5YzqZqnI1o,2021-02-25,,,,,-22,
BW,Botswana,Kweneng East,,,,,ChIJp5jOjxXupR4RR5YzqZqnI1o,2021-02-26,,,,,-12,
BW,Botswana,Kweneng East,,,,,ChIJp5jOjxXupR4RR5YzqZqnI1o,2021-03-01,,,,,-21,
BW,Botswana,Kweneng East,,,,,ChIJp5jOjxXupR4RR5YzqZqnI1o,2021-03-02,,,,,-23,
BW,Botswana,Kweneng East,,,,,ChIJp5jOjxXupR4RR5YzqZqnI1o,2021-03-03,,,,,-18,
BW,Botswana,Kweneng East,,,,,ChIJp5jOjxXupR4RR5YzqZqnI1o,2021-03-04,,,,,-20,
BW,Botswana,Kweneng East,,,,,ChIJp5jOjxXupR4RR5YzqZqnI1o,2021-03-05,,,,,-16,
BW,Botswana,Kweneng East,,,,,ChIJp5jOjxXupR4RR5YzqZqnI1o,2021-03-08,,,,,-19,
BW,Botswana,Kweneng East,,,,,ChIJp5jOjxXupR4RR5YzqZqnI1o,2021-03-09,,,,,-20,
BW,Botswana,Kweneng East,,,,,ChIJp5jOjxXupR4RR5YzqZqnI1o,2021-03-10,,,,,-16,
BW,Botswana,Kweneng East,,,,,ChIJp5jOjxXupR4RR5YzqZqnI1o,2021-03-11,,,,,-13,
BW,Botswana,Kweneng East,,,,,ChIJp5jOjxXupR4RR5YzqZqnI1o,2021-03-12,,,,,-3,
BW,Botswana,Kweneng East,,,,,ChIJp5jOjxXupR4RR5YzqZqnI1o,2021-03-15,,,,,-14,
BW,Botswana,Kweneng East,,,,,ChIJp5jOjxXupR4RR5YzqZqnI1o,2021-03-16,,,,,-16,
BW,Botswana,Kweneng East,,,,,ChIJp5jOjxXupR4RR5YzqZqnI1o,2021-03-17,,,,,-19,
BW,Botswana,Kweneng East,,,,,ChIJp5jOjxXupR4RR5YzqZqnI1o,2021-03-18,,,,,-11,
BW,Botswana,Kweneng East,,,,,ChIJp5jOjxXupR4RR5YzqZqnI1o,2021-03-19,,,,,-9,
BW,Botswana,Kweneng East,,,,,ChIJp5jOjxXupR4RR5YzqZqnI1o,2021-03-22,,,,,-10,
BW,Botswana,Kweneng East,,,,,ChIJp5jOjxXupR4RR5YzqZqnI1o,2021-03-23,,,,,-12,
BW,Botswana,Kweneng East,,,,,ChIJp5jOjxXupR4RR5YzqZqnI1o,2021-03-24,,,,,-13,
BW,Botswana,Kweneng East,,,,,ChIJp5jOjxXupR4RR5YzqZqnI1o,2021-03-25,,,,,-10,
BW,Botswana,Kweneng East,,,,,ChIJp5jOjxXupR4RR5YzqZqnI1o,2021-03-26,,,,,-1,
BW,Botswana,Ngamiland East,,,,,ChIJRfXcBfaVVRkR_DuRA7mXlpA,2021-01-01,,,,-35,-76,
BW,Botswana,Ngamiland East,,,,,ChIJRfXcBfaVVRkR_DuRA7mXlpA,2021-01-02,,,,,-44,
BW,Botswana,Ngamiland East,,,,,ChIJRfXcBfaVVRkR_DuRA7mXlpA,2021-01-04,,,,,-37,
BW,Botswana,Ngamiland East,,,,,ChIJRfXcBfaVVRkR_DuRA7mXlpA,2021-01-05,,,,3,-33,
BW,Botswana,Ngamiland East,,,,,ChIJRfXcBfaVVRkR_DuRA7mXlpA,2021-01-06,,,,-13,-30,
BW,Botswana,Ngamiland East,,,,,ChIJRfXcBfaVVRkR_DuRA7mXlpA,2021-01-07,,,,-14,-31,
BW,Botswana,Ngamiland East,,,,,ChIJRfXcBfaVVRkR_DuRA7mXlpA,2021-01-08,,,,-11,-30,
BW,Botswana,Ngamiland East,,,,,ChIJRfXcBfaVVRkR_DuRA7mXlpA,2021-01-09,,,,,-12,
BW,Botswana,Ngamiland East,,,,,ChIJRfXcBfaVVRkR_DuRA7mXlpA,2021-01-11,,,,-9,-23,
BW,Botswana,Ngamiland East,,,,,ChIJRfXcBfaVVRkR_DuRA7mXlpA,2021-01-12,,,,-5,-22,
BW,Botswana,Ngamiland East,,,,,ChIJRfXcBfaVVRkR_DuRA7mXlpA,2021-01-13,,,,-10,-24,
BW,Botswana,Ngamiland East,,,,,ChIJRfXcBfaVVRkR_DuRA7mXlpA,2021-01-14,,,,-18,-24,
BW,Botswana,Ngamiland East,,,,,ChIJRfXcBfaVVRkR_DuRA7mXlpA,2021-01-15,,,,-25,-31,
BW,Botswana,Ngamiland East,,,,,ChIJRfXcBfaVVRkR_DuRA7mXlpA,2021-01-16,,,,,-26,
BW,Botswana,Ngamiland East,,,,,ChIJRfXcBfaVVRkR_DuRA7mXlpA,2021-01-17,,,,,-26,
BW,Botswana,Ngamiland East,,,,,ChIJRfXcBfaVVRkR_DuRA7mXlpA,2021-01-18,,,,-20,-25,
BW,Botswana,Ngamiland East,,,,,ChIJRfXcBfaVVRkR_DuRA7mXlpA,2021-01-19,,,,-27,-31,
BW,Botswana,Ngamiland East,,,,,ChIJRfXcBfaVVRkR_DuRA7mXlpA,2021-01-20,,,,-19,-32,
BW,Botswana,Ngamiland East,,,,,ChIJRfXcBfaVVRkR_DuRA7mXlpA,2021-01-21,,,,-20,-25,
BW,Botswana,Ngamiland East,,,,,ChIJRfXcBfaVVRkR_DuRA7mXlpA,2021-01-22,,20,,-19,-26,
BW,Botswana,Ngamiland East,,,,,ChIJRfXcBfaVVRkR_DuRA7mXlpA,2021-01-23,,,,,-25,
BW,Botswana,Ngamiland East,,,,,ChIJRfXcBfaVVRkR_DuRA7mXlpA,2021-01-25,,18,,-16,-25,
BW,Botswana,Ngamiland East,,,,,ChIJRfXcBfaVVRkR_DuRA7mXlpA,2021-01-26,,,,-16,-30,
BW,Botswana,Ngamiland East,,,,,ChIJRfXcBfaVVRkR_DuRA7mXlpA,2021-01-27,,,,-20,-27,
BW,Botswana,Ngamiland East,,,,,ChIJRfXcBfaVVRkR_DuRA7mXlpA,2021-01-28,,,,-17,-25,
BW,Botswana,Ngamiland East,,,,,ChIJRfXcBfaVVRkR_DuRA7mXlpA,2021-01-29,,21,,-20,-25,
BW,Botswana,Ngamiland East,,,,,ChIJRfXcBfaVVRkR_DuRA7mXlpA,2021-01-30,,,,,-26,
BW,Botswana,Ngamiland East,,,,,ChIJRfXcBfaVVRkR_DuRA7mXlpA,2021-01-31,,,,,-23,
BW,Botswana,Ngamiland East,,,,,ChIJRfXcBfaVVRkR_DuRA7mXlpA,2021-02-01,,19,,-20,-27,
BW,Botswana,Ngamiland East,,,,,ChIJRfXcBfaVVRkR_DuRA7mXlpA,2021-02-02,,,,-9,-30,
BW,Botswana,Ngamiland East,,,,,ChIJRfXcBfaVVRkR_DuRA7mXlpA,2021-02-03,,,,-12,-27,
BW,Botswana,Ngamiland East,,,,,ChIJRfXcBfaVVRkR_DuRA7mXlpA,2021-02-04,,,,-21,-28,
BW,Botswana,Ngamiland East,,,,,ChIJRfXcBfaVVRkR_DuRA7mXlpA,2021-02-05,,,,-13,-27,
BW,Botswana,Ngamiland East,,,,,ChIJRfXcBfaVVRkR_DuRA7mXlpA,2021-02-06,,,,,-34,
BW,Botswana,Ngamiland East,,,,,ChIJRfXcBfaVVRkR_DuRA7mXlpA,2021-02-07,,,,,-36,
BW,Botswana,Ngamiland East,,,,,ChIJRfXcBfaVVRkR_DuRA7mXlpA,2021-02-08,,,,-20,-27,
BW,Botswana,Ngamiland East,,,,,ChIJRfXcBfaVVRkR_DuRA7mXlpA,2021-02-09,,,,-18,-30,
BW,Botswana,Ngamiland East,,,,,ChIJRfXcBfaVVRkR_DuRA7mXlpA,2021-02-10,,,,-23,-30,
BW,Botswana,Ngamiland East,,,,,ChIJRfXcBfaVVRkR_DuRA7mXlpA,2021-02-11,,,,-34,-29,
BW,Botswana,Ngamiland East,,,,,ChIJRfXcBfaVVRkR_DuRA7mXlpA,2021-02-12,,,,-14,-30,
BW,Botswana,Ngamiland East,,,,,ChIJRfXcBfaVVRkR_DuRA7mXlpA,2021-02-13,,,,,-23,
BW,Botswana,Ngamiland East,,,,,ChIJRfXcBfaVVRkR_DuRA7mXlpA,2021-02-14,,,,,-25,
BW,Botswana,Ngamiland East,,,,,ChIJRfXcBfaVVRkR_DuRA7mXlpA,2021-02-15,,,,-36,-29,
BW,Botswana,Ngamiland East,,,,,ChIJRfXcBfaVVRkR_DuRA7mXlpA,2021-02-16,,,,-24,-34,
BW,Botswana,Ngamiland East,,,,,ChIJRfXcBfaVVRkR_DuRA7mXlpA,2021-02-17,,,,-19,-29,
BW,Botswana,Ngamiland East,,,,,ChIJRfXcBfaVVRkR_DuRA7mXlpA,2021-02-18,,,,-23,-30,
BW,Botswana,Ngamiland East,,,,,ChIJRfXcBfaVVRkR_DuRA7mXlpA,2021-02-19,,,,-24,-26,
BW,Botswana,Ngamiland East,,,,,ChIJRfXcBfaVVRkR_DuRA7mXlpA,2021-02-20,,,,-31,-26,
BW,Botswana,Ngamiland East,,,,,ChIJRfXcBfaVVRkR_DuRA7mXlpA,2021-02-21,,,,,-42,
BW,Botswana,Ngamiland East,,,,,ChIJRfXcBfaVVRkR_DuRA7mXlpA,2021-02-22,,20,,-36,-32,
BW,Botswana,Ngamiland East,,,,,ChIJRfXcBfaVVRkR_DuRA7mXlpA,2021-02-23,,,,-21,-32,
BW,Botswana,Ngamiland East,,,,,ChIJRfXcBfaVVRkR_DuRA7mXlpA,2021-02-24,,,,-20,-31,
BW,Botswana,Ngamiland East,,,,,ChIJRfXcBfaVVRkR_DuRA7mXlpA,2021-02-25,,,,-12,-28,
BW,Botswana,Ngamiland East,,,,,ChIJRfXcBfaVVRkR_DuRA7mXlpA,2021-02-26,,,,-6,-27,
BW,Botswana,Ngamiland East,,,,,ChIJRfXcBfaVVRkR_DuRA7mXlpA,2021-02-27,,,,,-28,
BW,Botswana,Ngamiland East,,,,,ChIJRfXcBfaVVRkR_DuRA7mXlpA,2021-03-01,,,,-8,-27,
BW,Botswana,Ngamiland East,,,,,ChIJRfXcBfaVVRkR_DuRA7mXlpA,2021-03-02,,,,-2,-29,
BW,Botswana,Ngamiland East,,,,,ChIJRfXcBfaVVRkR_DuRA7mXlpA,2021-03-03,,,,-19,-28,
BW,Botswana,Ngamiland East,,,,,ChIJRfXcBfaVVRkR_DuRA7mXlpA,2021-03-04,,,,-20,-26,
BW,Botswana,Ngamiland East,,,,,ChIJRfXcBfaVVRkR_DuRA7mXlpA,2021-03-05,,,,-24,-28,
BW,Botswana,Ngamiland East,,,,,ChIJRfXcBfaVVRkR_DuRA7mXlpA,2021-03-06,,,,-36,-26,
BW,Botswana,Ngamiland East,,,,,ChIJRfXcBfaVVRkR_DuRA7mXlpA,2021-03-07,,,,,-37,
BW,Botswana,Ngamiland East,,,,,ChIJRfXcBfaVVRkR_DuRA7mXlpA,2021-03-08,,,,-24,-28,
BW,Botswana,Ngamiland East,,,,,ChIJRfXcBfaVVRkR_DuRA7mXlpA,2021-03-09,,,,-24,-28,
BW,Botswana,Ngamiland East,,,,,ChIJRfXcBfaVVRkR_DuRA7mXlpA,2021-03-10,,,,-19,-26,
BW,Botswana,Ngamiland East,,,,,ChIJRfXcBfaVVRkR_DuRA7mXlpA,2021-03-11,,,,-34,-25,
BW,Botswana,Ngamiland East,,,,,ChIJRfXcBfaVVRkR_DuRA7mXlpA,2021-03-12,,,,-18,-22,
BW,Botswana,Ngamiland East,,,,,ChIJRfXcBfaVVRkR_DuRA7mXlpA,2021-03-13,,,,-36,-18,
BW,Botswana,Ngamiland East,,,,,ChIJRfXcBfaVVRkR_DuRA7mXlpA,2021-03-14,,,,,-24,
BW,Botswana,Ngamiland East,,,,,ChIJRfXcBfaVVRkR_DuRA7mXlpA,2021-03-15,,,,-26,-23,
BW,Botswana,Ngamiland East,,,,,ChIJRfXcBfaVVRkR_DuRA7mXlpA,2021-03-16,,,,-26,-27,
BW,Botswana,Ngamiland East,,,,,ChIJRfXcBfaVVRkR_DuRA7mXlpA,2021-03-17,,,,-38,-25,
BW,Botswana,Ngamiland East,,,,,ChIJRfXcBfaVVRkR_DuRA7mXlpA,2021-03-18,,,,-33,-25,
BW,Botswana,Ngamiland East,,,,,ChIJRfXcBfaVVRkR_DuRA7mXlpA,2021-03-19,,,,-22,-19,
BW,Botswana,Ngamiland East,,,,,ChIJRfXcBfaVVRkR_DuRA7mXlpA,2021-03-20,,,,,-28,
BW,Botswana,Ngamiland East,,,,,ChIJRfXcBfaVVRkR_DuRA7mXlpA,2021-03-22,,,,-25,-22,
BW,Botswana,Ngamiland East,,,,,ChIJRfXcBfaVVRkR_DuRA7mXlpA,2021-03-23,,,,-25,-21,
BW,Botswana,Ngamiland East,,,,,ChIJRfXcBfaVVRkR_DuRA7mXlpA,2021-03-24,,,,-26,-25,
BW,Botswana,Ngamiland East,,,,,ChIJRfXcBfaVVRkR_DuRA7mXlpA,2021-03-25,,,,-17,-20,
BW,Botswana,Ngamiland East,,,,,ChIJRfXcBfaVVRkR_DuRA7mXlpA,2021-03-26,,,,-17,-24,
BW,Botswana,Ngamiland East,,,,,ChIJRfXcBfaVVRkR_DuRA7mXlpA,2021-03-27,,,,,-14,
BW,Botswana,Orapa,,,,,ChIJUwlr-60arR4Rd63F9OR9az8,2021-01-01,,,,,-81,
BW,Botswana,Orapa,,,,,ChIJUwlr-60arR4Rd63F9OR9az8,2021-01-04,,,,,-59,
BW,Botswana,Orapa,,,,,ChIJUwlr-60arR4Rd63F9OR9az8,2021-01-05,,,,,-55,
BW,Botswana,Orapa,,,,,ChIJUwlr-60arR4Rd63F9OR9az8,2021-01-06,,,,,-47,
BW,Botswana,Orapa,,,,,ChIJUwlr-60arR4Rd63F9OR9az8,2021-01-07,,,,,-45,
BW,Botswana,Orapa,,,,,ChIJUwlr-60arR4Rd63F9OR9az8,2021-01-08,,,,,-44,
BW,Botswana,Orapa,,,,,ChIJUwlr-60arR4Rd63F9OR9az8,2021-01-11,,,,,-38,
BW,Botswana,Orapa,,,,,ChIJUwlr-60arR4Rd63F9OR9az8,2021-01-12,,,,,-34,
BW,Botswana,Orapa,,,,,ChIJUwlr-60arR4Rd63F9OR9az8,2021-01-13,,,,,-37,
BW,Botswana,Orapa,,,,,ChIJUwlr-60arR4Rd63F9OR9az8,2021-01-14,,,,,-41,
BW,Botswana,Orapa,,,,,ChIJUwlr-60arR4Rd63F9OR9az8,2021-01-15,,,,,-35,
BW,Botswana,Orapa,,,,,ChIJUwlr-60arR4Rd63F9OR9az8,2021-01-18,,,,,-35,
BW,Botswana,Orapa,,,,,ChIJUwlr-60arR4Rd63F9OR9az8,2021-01-19,,,,,-41,
BW,Botswana,Orapa,,,,,ChIJUwlr-60arR4Rd63F9OR9az8,2021-01-20,,,,,-40,
BW,Botswana,Orapa,,,,,ChIJUwlr-60arR4Rd63F9OR9az8,2021-01-21,,,,,-35,
BW,Botswana,Orapa,,,,,ChIJUwlr-60arR4Rd63F9OR9az8,2021-01-22,,,,,-33,
BW,Botswana,Orapa,,,,,ChIJUwlr-60arR4Rd63F9OR9az8,2021-01-25,,,,,-35,
BW,Botswana,Orapa,,,,,ChIJUwlr-60arR4Rd63F9OR9az8,2021-01-26,,,,,-39,
BW,Botswana,Orapa,,,,,ChIJUwlr-60arR4Rd63F9OR9az8,2021-01-27,,,,,-36,
BW,Botswana,Orapa,,,,,ChIJUwlr-60arR4Rd63F9OR9az8,2021-01-28,,,,,-32,
BW,Botswana,Orapa,,,,,ChIJUwlr-60arR4Rd63F9OR9az8,2021-01-29,,,,,-36,
BW,Botswana,Orapa,,,,,ChIJUwlr-60arR4Rd63F9OR9az8,2021-02-01,,,,,-40,
BW,Botswana,Orapa,,,,,ChIJUwlr-60arR4Rd63F9OR9az8,2021-02-02,,,,,-36,
BW,Botswana,Orapa,,,,,ChIJUwlr-60arR4Rd63F9OR9az8,2021-02-03,,,,,-37,
BW,Botswana,Orapa,,,,,ChIJUwlr-60arR4Rd63F9OR9az8,2021-02-04,,,,,-37,
BW,Botswana,Orapa,,,,,ChIJUwlr-60arR4Rd63F9OR9az8,2021-02-05,,,,,-31,
BW,Botswana,Orapa,,,,,ChIJUwlr-60arR4Rd63F9OR9az8,2021-02-08,,,,,-35,
BW,Botswana,Orapa,,,,,ChIJUwlr-60arR4Rd63F9OR9az8,2021-02-09,,,,,-35,
BW,Botswana,Orapa,,,,,ChIJUwlr-60arR4Rd63F9OR9az8,2021-02-10,,,,,-38,
BW,Botswana,Orapa,,,,,ChIJUwlr-60arR4Rd63F9OR9az8,2021-02-11,,,,,-37,
BW,Botswana,Orapa,,,,,ChIJUwlr-60arR4Rd63F9OR9az8,2021-02-12,,,,,-34,
BW,Botswana,Orapa,,,,,ChIJUwlr-60arR4Rd63F9OR9az8,2021-02-15,,,,,-45,
BW,Botswana,Orapa,,,,,ChIJUwlr-60arR4Rd63F9OR9az8,2021-02-16,,,,,-48,
BW,Botswana,Orapa,,,,,ChIJUwlr-60arR4Rd63F9OR9az8,2021-02-17,,,,,-45,
BW,Botswana,Orapa,,,,,ChIJUwlr-60arR4Rd63F9OR9az8,2021-02-18,,,,,-40,
BW,Botswana,Orapa,,,,,ChIJUwlr-60arR4Rd63F9OR9az8,2021-02-19,,,,,-43,
BW,Botswana,Orapa,,,,,ChIJUwlr-60arR4Rd63F9OR9az8,2021-02-22,,,,,-45,
BW,Botswana,Orapa,,,,,ChIJUwlr-60arR4Rd63F9OR9az8,2021-02-23,,,,,-38,
BW,Botswana,Orapa,,,,,ChIJUwlr-60arR4Rd63F9OR9az8,2021-02-24,,,,,-45,
BW,Botswana,Orapa,,,,,ChIJUwlr-60arR4Rd63F9OR9az8,2021-02-25,,,,,-41,
BW,Botswana,Orapa,,,,,ChIJUwlr-60arR4Rd63F9OR9az8,2021-02-26,,,,,-42,
BW,Botswana,Orapa,,,,,ChIJUwlr-60arR4Rd63F9OR9az8,2021-03-01,,,,,-40,
BW,Botswana,Orapa,,,,,ChIJUwlr-60arR4Rd63F9OR9az8,2021-03-02,,,,,-39,
BW,Botswana,Orapa,,,,,ChIJUwlr-60arR4Rd63F9OR9az8,2021-03-03,,,,,-39,
BW,Botswana,Orapa,,,,,ChIJUwlr-60arR4Rd63F9OR9az8,2021-03-04,,,,,-41,
BW,Botswana,Orapa,,,,,ChIJUwlr-60arR4Rd63F9OR9az8,2021-03-05,,,,,-37,
BW,Botswana,Orapa,,,,,ChIJUwlr-60arR4Rd63F9OR9az8,2021-03-08,,,,,-42,
BW,Botswana,Orapa,,,,,ChIJUwlr-60arR4Rd63F9OR9az8,2021-03-09,,,,,-41,
BW,Botswana,Orapa,,,,,ChIJUwlr-60arR4Rd63F9OR9az8,2021-03-10,,,,,-45,
BW,Botswana,Orapa,,,,,ChIJUwlr-60arR4Rd63F9OR9az8,2021-03-11,,,,,-46,
BW,Botswana,Orapa,,,,,ChIJUwlr-60arR4Rd63F9OR9az8,2021-03-12,,,,,-37,
BW,Botswana,Orapa,,,,,ChIJUwlr-60arR4Rd63F9OR9az8,2021-03-15,,,,,-45,
BW,Botswana,Orapa,,,,,ChIJUwlr-60arR4Rd63F9OR9az8,2021-03-16,,,,,-41,
BW,Botswana,Orapa,,,,,ChIJUwlr-60arR4Rd63F9OR9az8,2021-03-17,,,,,-43,
BW,Botswana,Orapa,,,,,ChIJUwlr-60arR4Rd63F9OR9az8,2021-03-18,,,,,-39,
BW,Botswana,Orapa,,,,,ChIJUwlr-60arR4Rd63F9OR9az8,2021-03-19,,,,,-36,
BW,Botswana,Orapa,,,,,ChIJUwlr-60arR4Rd63F9OR9az8,2021-03-22,,,,,-38,
BW,Botswana,Orapa,,,,,ChIJUwlr-60arR4Rd63F9OR9az8,2021-03-23,,,,,-35,
BW,Botswana,Orapa,,,,,ChIJUwlr-60arR4Rd63F9OR9az8,2021-03-24,,,,,-37,
BW,Botswana,Orapa,,,,,ChIJUwlr-60arR4Rd63F9OR9az8,2021-03-25,,,,,-36,
BW,Botswana,Orapa,,,,,ChIJUwlr-60arR4Rd63F9OR9az8,2021-03-26,,,,,-38,
BW,Botswana,Serowe,,,,,ChIJ57BpFDWmsx4RVc8-4rnuoaI,2021-01-01,,,,,-79,
BW,Botswana,Serowe,,,,,ChIJ57BpFDWmsx4RVc8-4rnuoaI,2021-01-02,,,,,-44,
BW,Botswana,Serowe,,,,,ChIJ57BpFDWmsx4RVc8-4rnuoaI,2021-01-04,,,,,-41,
BW,Botswana,Serowe,,,,,ChIJ57BpFDWmsx4RVc8-4rnuoaI,2021-01-05,,,,,-39,
BW,Botswana,Serowe,,,,,ChIJ57BpFDWmsx4RVc8-4rnuoaI,2021-01-06,,,,,-39,
BW,Botswana,Serowe,,,,,ChIJ57BpFDWmsx4RVc8-4rnuoaI,2021-01-07,,,,,-32,
BW,Botswana,Serowe,,,,,ChIJ57BpFDWmsx4RVc8-4rnuoaI,2021-01-08,,,,,-30,
BW,Botswana,Serowe,,,,,ChIJ57BpFDWmsx4RVc8-4rnuoaI,2021-01-09,,,,,1,
BW,Botswana,Serowe,,,,,ChIJ57BpFDWmsx4RVc8-4rnuoaI,2021-01-11,,,,,-28,
BW,Botswana,Serowe,,,,,ChIJ57BpFDWmsx4RVc8-4rnuoaI,2021-01-12,,,,,-27,
BW,Botswana,Serowe,,,,,ChIJ57BpFDWmsx4RVc8-4rnuoaI,2021-01-13,,,,,-28,
BW,Botswana,Serowe,,,,,ChIJ57BpFDWmsx4RVc8-4rnuoaI,2021-01-14,,,,,-27,
BW,Botswana,Serowe,,,,,ChIJ57BpFDWmsx4RVc8-4rnuoaI,2021-01-15,,,,,-28,
BW,Botswana,Serowe,,,,,ChIJ57BpFDWmsx4RVc8-4rnuoaI,2021-01-16,,,,,-4,
BW,Botswana,Serowe,,,,,ChIJ57BpFDWmsx4RVc8-4rnuoaI,2021-01-18,,,,,-18,
BW,Botswana,Serowe,,,,,ChIJ57BpFDWmsx4RVc8-4rnuoaI,2021-01-19,,,,,-14,
BW,Botswana,Serowe,,,,,ChIJ57BpFDWmsx4RVc8-4rnuoaI,2021-01-20,,,,,-23,
BW,Botswana,Serowe,,,,,ChIJ57BpFDWmsx4RVc8-4rnuoaI,2021-01-21,,,,,-14,
BW,Botswana,Serowe,,,,,ChIJ57BpFDWmsx4RVc8-4rnuoaI,2021-01-22,,,,,-12,
BW,Botswana,Serowe,,,,,ChIJ57BpFDWmsx4RVc8-4rnuoaI,2021-01-23,,,,,1,
BW,Botswana,Serowe,,,,,ChIJ57BpFDWmsx4RVc8-4rnuoaI,2021-01-25,,,,,-21,
BW,Botswana,Serowe,,,,,ChIJ57BpFDWmsx4RVc8-4rnuoaI,2021-01-26,,,,,-17,
BW,Botswana,Serowe,,,,,ChIJ57BpFDWmsx4RVc8-4rnuoaI,2021-01-27,,,,,-32,
BW,Botswana,Serowe,,,,,ChIJ57BpFDWmsx4RVc8-4rnuoaI,2021-01-28,,,,,-13,
BW,Botswana,Serowe,,,,,ChIJ57BpFDWmsx4RVc8-4rnuoaI,2021-01-29,,,,,-13,
BW,Botswana,Serowe,,,,,ChIJ57BpFDWmsx4RVc8-4rnuoaI,2021-01-30,,,,,5,
BW,Botswana,Serowe,,,,,ChIJ57BpFDWmsx4RVc8-4rnuoaI,2021-02-01,,,,,-17,
BW,Botswana,Serowe,,,,,ChIJ57BpFDWmsx4RVc8-4rnuoaI,2021-02-02,,,,,-23,
BW,Botswana,Serowe,,,,,ChIJ57BpFDWmsx4RVc8-4rnuoaI,2021-02-03,,,,,-26,
BW,Botswana,Serowe,,,,,ChIJ57BpFDWmsx4RVc8-4rnuoaI,2021-02-04,,,,,-20,
BW,Botswana,Serowe,,,,,ChIJ57BpFDWmsx4RVc8-4rnuoaI,2021-02-05,,,,,-19,
BW,Botswana,Serowe,,,,,ChIJ57BpFDWmsx4RVc8-4rnuoaI,2021-02-06,,,,,-11,
BW,Botswana,Serowe,,,,,ChIJ57BpFDWmsx4RVc8-4rnuoaI,2021-02-08,,,,,-17,
BW,Botswana,Serowe,,,,,ChIJ57BpFDWmsx4RVc8-4rnuoaI,2021-02-09,,,,,-20,
BW,Botswana,Serowe,,,,,ChIJ57BpFDWmsx4RVc8-4rnuoaI,2021-02-10,,,,,-25,
BW,Botswana,Serowe,,,,,ChIJ57BpFDWmsx4RVc8-4rnuoaI,2021-02-11,,,,,-25,
BW,Botswana,Serowe,,,,,ChIJ57BpFDWmsx4RVc8-4rnuoaI,2021-02-12,,,,,-29,
BW,Botswana,Serowe,,,,,ChIJ57BpFDWmsx4RVc8-4rnuoaI,2021-02-13,,,,,-18,
BW,Botswana,Serowe,,,,,ChIJ57BpFDWmsx4RVc8-4rnuoaI,2021-02-14,,,,,-31,
BW,Botswana,Serowe,,,,,ChIJ57BpFDWmsx4RVc8-4rnuoaI,2021-02-15,,,,,-30,
BW,Botswana,Serowe,,,,,ChIJ57BpFDWmsx4RVc8-4rnuoaI,2021-02-16,,,,,-32,
BW,Botswana,Serowe,,,,,ChIJ57BpFDWmsx4RVc8-4rnuoaI,2021-02-17,,,,,-34,
BW,Botswana,Serowe,,,,,ChIJ57BpFDWmsx4RVc8-4rnuoaI,2021-02-18,,,,,-30,
BW,Botswana,Serowe,,,,,ChIJ57BpFDWmsx4RVc8-4rnuoaI,2021-02-19,,,,,-33,
BW,Botswana,Serowe,,,,,ChIJ57BpFDWmsx4RVc8-4rnuoaI,2021-02-20,,,,,-23,
BW,Botswana,Serowe,,,,,ChIJ57BpFDWmsx4RVc8-4rnuoaI,2021-02-21,,,,,-27,
BW,Botswana,Serowe,,,,,ChIJ57BpFDWmsx4RVc8-4rnuoaI,2021-02-22,,,,,-28,
BW,Botswana,Serowe,,,,,ChIJ57BpFDWmsx4RVc8-4rnuoaI,2021-02-23,,,,,-33,
BW,Botswana,Serowe,,,,,ChIJ57BpFDWmsx4RVc8-4rnuoaI,2021-02-24,,,,,-33,
BW,Botswana,Serowe,,,,,ChIJ57BpFDWmsx4RVc8-4rnuoaI,2021-02-25,,,,,-29,
BW,Botswana,Serowe,,,,,ChIJ57BpFDWmsx4RVc8-4rnuoaI,2021-02-26,,,,,-28,
BW,Botswana,Serowe,,,,,ChIJ57BpFDWmsx4RVc8-4rnuoaI,2021-02-27,,,,,-9,
BW,Botswana,Serowe,,,,,ChIJ57BpFDWmsx4RVc8-4rnuoaI,2021-03-01,,,,,-28,
BW,Botswana,Serowe,,,,,ChIJ57BpFDWmsx4RVc8-4rnuoaI,2021-03-02,,,,,-25,
BW,Botswana,Serowe,,,,,ChIJ57BpFDWmsx4RVc8-4rnuoaI,2021-03-03,,,,,-32,
BW,Botswana,Serowe,,,,,ChIJ57BpFDWmsx4RVc8-4rnuoaI,2021-03-04,,,,,-24,
BW,Botswana,Serowe,,,,,ChIJ57BpFDWmsx4RVc8-4rnuoaI,2021-03-05,,,,,-27,
BW,Botswana,Serowe,,,,,ChIJ57BpFDWmsx4RVc8-4rnuoaI,2021-03-06,,,,,-10,
BW,Botswana,Serowe,,,,,ChIJ57BpFDWmsx4RVc8-4rnuoaI,2021-03-08,,,,,-29,
BW,Botswana,Serowe,,,,,ChIJ57BpFDWmsx4RVc8-4rnuoaI,2021-03-09,,,,,-24,
BW,Botswana,Serowe,,,,,ChIJ57BpFDWmsx4RVc8-4rnuoaI,2021-03-10,,,,,-31,
BW,Botswana,Serowe,,,,,ChIJ57BpFDWmsx4RVc8-4rnuoaI,2021-03-11,,,,,-24,
BW,Botswana,Serowe,,,,,ChIJ57BpFDWmsx4RVc8-4rnuoaI,2021-03-12,,,,,-23,
BW,Botswana,Serowe,,,,,ChIJ57BpFDWmsx4RVc8-4rnuoaI,2021-03-13,,,,,-13,
BW,Botswana,Serowe,,,,,ChIJ57BpFDWmsx4RVc8-4rnuoaI,2021-03-15,,,,,-23,
BW,Botswana,Serowe,,,,,ChIJ57BpFDWmsx4RVc8-4rnuoaI,2021-03-16,,,,,-20,
BW,Botswana,Serowe,,,,,ChIJ57BpFDWmsx4RVc8-4rnuoaI,2021-03-17,,,,,-22,
BW,Botswana,Serowe,,,,,ChIJ57BpFDWmsx4RVc8-4rnuoaI,2021-03-18,,,,,-16,
BW,Botswana,Serowe,,,,,ChIJ57BpFDWmsx4RVc8-4rnuoaI,2021-03-19,,,,,-16,
BW,Botswana,Serowe,,,,,ChIJ57BpFDWmsx4RVc8-4rnuoaI,2021-03-20,,,,,-2,
BW,Botswana,Serowe,,,,,ChIJ57BpFDWmsx4RVc8-4rnuoaI,2021-03-22,,,,,-17,
BW,Botswana,Serowe,,,,,ChIJ57BpFDWmsx4RVc8-4rnuoaI,2021-03-23,,,,,-20,
BW,Botswana,Serowe,,,,,ChIJ57BpFDWmsx4RVc8-4rnuoaI,2021-03-24,,,,,-18,
BW,Botswana,Serowe,,,,,ChIJ57BpFDWmsx4RVc8-4rnuoaI,2021-03-25,,,,,-20,
BW,Botswana,Serowe,,,,,ChIJ57BpFDWmsx4RVc8-4rnuoaI,2021-03-26,,,,,-19,
BW,Botswana,Serowe,,,,,ChIJ57BpFDWmsx4RVc8-4rnuoaI,2021-03-27,,,,,-3,
