country_region_code,country_region,sub_region_1,sub_region_2,metro_area,iso_3166_2_code,census_fips_code,place_id,date,retail_and_recreation_percent_change_from_baseline,grocery_and_pharmacy_percent_change_from_baseline,parks_percent_change_from_baseline,transit_stations_percent_change_from_baseline,workplaces_percent_change_from_baseline,residential_percent_change_from_baseline
AF,Afghanistan,,,,,,ChIJbQL_-LZu0TgReNqWvg1GtfM,2021-01-01,21,45,16,-8,-13,6
AF,Afghanistan,,,,,,ChIJbQL_-LZu0TgReNqWvg1GtfM,2021-01-02,20,22,21,-1,2,5
AF,Afghanistan,,,,,,ChIJbQL_-LZu0TgReNqWvg1GtfM,2021-01-03,41,65,26,5,2,5
AF,Afghanistan,,,,,,ChIJbQL_-LZu0TgReNqWvg1GtfM,2021-01-04,43,68,25,3,4,3
AF,Afghanistan,,,,,,ChIJbQL_-LZu0TgReNqWvg1GtfM,2021-01-05,33,52,21,1,4,3
AF,Afghanistan,,,,,,ChIJbQL_-LZu0TgReNqWvg1GtfM,2021-01-06,29,48,15,-11,-4,2
AF,Afghanistan,,,,,,ChIJbQL_-LZu0TgReNqWvg1GtfM,2021-01-07,32,14,16,-6,4,4
AF,Afghanistan,,,,,,ChIJbQL_-LZu0TgReNqWvg1GtfM,2021-01-08,25,51,19,-13,-10,3
AF,Afghanistan,,,,,,ChIJbQL_-LZu0TgReNqWvg1GtfM,2021-01-09,25,17,25,-12,3,2
AF,Afghanistan,,,,,,ChIJbQL_-LZu0TgReNqWvg1GtfM,2021-01-10,45,61,24,-8,4,2
AF,Afghanistan,,,,,,ChIJbQL_-LZu0TgReNqWvg1GtfM,2021-01-11,50,63,26,-6,6,2
AF,Afghanistan,,,,,,ChIJbQL_-LZu0TgReNqWvg1GtfM,2021-01-12,42,54,24,-9,5,2
AF,Afghanistan,,,,,,ChIJbQL_-LZu0TgReNqWvg1GtfM,2021-01-13,37,49,16,-14,-2,2
AF,Afghanistan,,,,,,ChIJbQL_-LZu0TgReNqWvg1GtfM,2021-01-14,36,12,13,-16,1,2
AF,Afghanistan,,,,,,ChIJbQL_-LZu0TgReNqWvg1GtfM,2021-01-15,25,40,11,-20,-12,2
AF,Afghanistan,,,,,,ChIJbQL_-LZu0TgReNqWvg1GtfM,2021-01-16,16,11,9,-18,-4,2
AF,Afghanistan,,,,,,ChIJbQL_-LZu0TgReNqWvg1GtfM,2021-01-17,39,58,10,-14,0,2
AF,Afghanistan,,,,,,ChIJbQL_-LZu0TgReNqWvg1GtfM,2021-01-18,41,58,14,-13,1,2
AF,Afghanistan,,,,,,ChIJbQL_-LZu0TgReNqWvg1GtfM,2021-01-19,39,50,13,-14,0,3
AF,Afghanistan,,,,,,ChIJbQL_-LZu0TgReNqWvg1GtfM,2021-01-20,34,52,11,-15,-2,3
AF,Afghanistan,,,,,,ChIJbQL_-LZu0TgReNqWvg1GtfM,2021-01-21,34,15,12,-15,3,3
AF,Afghanistan,,,,,,ChIJbQL_-LZu0TgReNqWvg1GtfM,2021-01-22,17,33,16,-23,-13,3
AF,Afghanistan,,,,,,ChIJbQL_-LZu0TgReNqWvg1GtfM,2021-01-23,12,10,15,-24,-1,2
AF,Afghanistan,,,,,,ChIJbQL_-LZu0TgReNqWvg1GtfM,2021-01-24,36,58,17,-16,2,4
AF,Afghanistan,,,,,,ChIJbQL_-LZu0TgReNqWvg1GtfM,2021-01-25,39,63,22,-13,3,3
AF,Afghanistan,,,,,,ChIJbQL_-LZu0TgReNqWvg1GtfM,2021-01-26,33,49,18,-14,3,3
AF,Afghanistan,,,,,,ChIJbQL_-LZu0TgReNqWvg1GtfM,2021-01-27,31,49,17,-17,-2,3
AF,Afghanistan,,,,,,ChIJbQL_-LZu0TgReNqWvg1GtfM,2021-01-28,33,15,18,-15,3,4
AF,Afghanistan,,,,,,ChIJbQL_-LZu0TgReNqWvg1GtfM,2021-01-29,23,54,11,-19,-16,3
AF,Afghanistan,,,,,,ChIJbQL_-LZu0TgReNqWvg1GtfM,2021-01-30,21,20,14,-13,0,1
AF,Afghanistan,,,,,,ChIJbQL_-LZu0TgReNqWvg1GtfM,2021-01-31,41,70,15,-7,2,0
AF,Afghanistan,,,,,,ChIJbQL_-LZu0TgReNqWvg1GtfM,2021-02-01,41,68,13,-6,4,0
AF,Afghanistan,,,,,,ChIJbQL_-LZu0TgReNqWvg1GtfM,2021-02-02,38,61,13,-6,2,0
AF,Afghanistan,,,,,,ChIJbQL_-LZu0TgReNqWvg1GtfM,2021-02-03,33,52,11,-16,-5,1
AF,Afghanistan,,,,,,ChIJbQL_-LZu0TgReNqWvg1GtfM,2021-02-04,28,11,14,-18,-2,1
AF,Afghanistan,,,,,,ChIJbQL_-LZu0TgReNqWvg1GtfM,2021-02-05,19,44,12,-25,-22,2
AF,Afghanistan,,,,,,ChIJbQL_-LZu0TgReNqWvg1GtfM,2021-02-06,15,13,19,-23,-8,0
AF,Afghanistan,,,,,,ChIJbQL_-LZu0TgReNqWvg1GtfM,2021-02-07,29,46,23,-18,-7,1
AF,Afghanistan,,,,,,ChIJbQL_-LZu0TgReNqWvg1GtfM,2021-02-08,35,58,16,-16,-6,0
AF,Afghanistan,,,,,,ChIJbQL_-LZu0TgReNqWvg1GtfM,2021-02-09,34,58,16,-15,-4,0
AF,Afghanistan,,,,,,ChIJbQL_-LZu0TgReNqWvg1GtfM,2021-02-10,32,53,13,-19,-9,1
AF,Afghanistan,,,,,,ChIJbQL_-LZu0TgReNqWvg1GtfM,2021-02-11,30,15,5,-19,-3,1
AF,Afghanistan,,,,,,ChIJbQL_-LZu0TgReNqWvg1GtfM,2021-02-12,17,41,-7,-25,-21,0
AF,Afghanistan,,,,,,ChIJbQL_-LZu0TgReNqWvg1GtfM,2021-02-13,17,18,-2,-23,-10,0
AF,Afghanistan,,,,,,ChIJbQL_-LZu0TgReNqWvg1GtfM,2021-02-14,21,46,-6,-27,-43,6
AF,Afghanistan,,,,,,ChIJbQL_-LZu0TgReNqWvg1GtfM,2021-02-15,33,60,-3,-19,-6,-2
AF,Afghanistan,,,,,,ChIJbQL_-LZu0TgReNqWvg1GtfM,2021-02-16,29,52,-6,-16,-6,-1
AF,Afghanistan,,,,,,ChIJbQL_-LZu0TgReNqWvg1GtfM,2021-02-17,30,56,-6,-18,-9,-1
AF,Afghanistan,,,,,,ChIJbQL_-LZu0TgReNqWvg1GtfM,2021-02-18,28,16,-6,-15,-2,0
AF,Afghanistan,,,,,,ChIJbQL_-LZu0TgReNqWvg1GtfM,2021-02-19,19,51,-9,-23,-19,1
AF,Afghanistan,,,,,,ChIJbQL_-LZu0TgReNqWvg1GtfM,2021-02-20,17,25,3,-20,-4,-1
AF,Afghanistan,,,,,,ChIJbQL_-LZu0TgReNqWvg1GtfM,2021-02-21,35,74,5,-16,-2,-1
AF,Afghanistan,,,,,,ChIJbQL_-LZu0TgReNqWvg1GtfM,2021-02-22,36,70,0,-16,0,-1
AF,Afghanistan,,,,,,ChIJbQL_-LZu0TgReNqWvg1GtfM,2021-02-23,40,68,0,-12,0,-2
AF,Afghanistan,,,,,,ChIJbQL_-LZu0TgReNqWvg1GtfM,2021-02-24,36,66,-3,-17,-5,-1
AF,Afghanistan,,,,,,ChIJbQL_-LZu0TgReNqWvg1GtfM,2021-02-25,32,21,-3,-13,0,-1
AF,Afghanistan,,,,,,ChIJbQL_-LZu0TgReNqWvg1GtfM,2021-02-26,20,52,-11,-21,-19,0
AF,Afghanistan,,,,,,ChIJbQL_-LZu0TgReNqWvg1GtfM,2021-02-27,19,27,1,-20,-6,0
AF,Afghanistan,,,,,,ChIJbQL_-LZu0TgReNqWvg1GtfM,2021-02-28,41,85,5,-14,-1,-1
AF,Afghanistan,,,,,,ChIJbQL_-LZu0TgReNqWvg1GtfM,2021-03-01,43,77,3,-14,0,-2
AF,Afghanistan,,,,,,ChIJbQL_-LZu0TgReNqWvg1GtfM,2021-03-02,36,68,-1,-15,-1,-3
AF,Afghanistan,,,,,,ChIJbQL_-LZu0TgReNqWvg1GtfM,2021-03-03,41,75,-2,-12,-5,-2
AF,Afghanistan,,,,,,ChIJbQL_-LZu0TgReNqWvg1GtfM,2021-03-04,41,30,0,-9,0,-1
AF,Afghanistan,,,,,,ChIJbQL_-LZu0TgReNqWvg1GtfM,2021-03-05,25,59,-6,-16,-20,0
AF,Afghanistan,,,,,,ChIJbQL_-LZu0TgReNqWvg1GtfM,2021-03-06,25,36,8,-14,-3,-3
AF,Afghanistan,,,,,,ChIJbQL_-LZu0TgReNqWvg1GtfM,2021-03-07,45,89,8,-9,2,-3
AF,Afghanistan,,,,,,ChIJbQL_-LZu0TgReNqWvg1GtfM,2021-03-08,50,95,6,-7,-1,-4
AF,Afghanistan,,,,,,ChIJbQL_-LZu0TgReNqWvg1GtfM,2021-03-09,42,76,1,-9,-1,-4
AF,Afghanistan,,,,,,ChIJbQL_-LZu0TgReNqWvg1GtfM,2021-03-10,46,78,1,-10,-4,-3
AF,Afghanistan,,,,,,ChIJbQL_-LZu0TgReNqWvg1GtfM,2021-03-11,45,33,1,-7,3,-2
AF,Afghanistan,,,,,,ChIJbQL_-LZu0TgReNqWvg1GtfM,2021-03-12,31,75,-7,-11,-17,0
AF,Afghanistan,,,,,,ChIJbQL_-LZu0TgReNqWvg1GtfM,2021-03-13,27,38,8,-15,-1,-3
AF,Afghanistan,,,,,,ChIJbQL_-LZu0TgReNqWvg1GtfM,2021-03-14,50,93,11,-4,1,-3
AF,Afghanistan,,,,,,ChIJbQL_-LZu0TgReNqWvg1GtfM,2021-03-15,52,93,7,-1,3,-4
AF,Afghanistan,,,,,,ChIJbQL_-LZu0TgReNqWvg1GtfM,2021-03-16,52,87,6,-3,2,-5
AF,Afghanistan,,,,,,ChIJbQL_-LZu0TgReNqWvg1GtfM,2021-03-17,52,91,6,-4,-3,-4
AF,Afghanistan,,,,,,ChIJbQL_-LZu0TgReNqWvg1GtfM,2021-03-18,52,41,9,-1,2,-3
AF,Afghanistan,,,,,,ChIJbQL_-LZu0TgReNqWvg1GtfM,2021-03-19,41,79,1,-5,-13,-1
AF,Afghanistan,,,,,,ChIJbQL_-LZu0TgReNqWvg1GtfM,2021-03-20,33,44,17,-12,-13,-1
AF,Afghanistan,,,,,,ChIJbQL_-LZu0TgReNqWvg1GtfM,2021-03-21,14,41,11,-34,-62,4
AF,Afghanistan,,,,,,ChIJbQL_-LZu0TgReNqWvg1GtfM,2021-03-22,22,54,4,-28,-47,4
AF,Afghanistan,,,,,,ChIJbQL_-LZu0TgReNqWvg1GtfM,2021-03-23,46,85,12,-3,-1,-5
AF,Afghanistan,,,,,,ChIJbQL_-LZu0TgReNqWvg1GtfM,2021-03-24,50,93,11,-2,-4,-3
AF,Afghanistan,,,,,,ChIJbQL_-LZu0TgReNqWvg1GtfM,2021-03-25,48,41,10,2,4,-2
AF,Afghanistan,,,,,,ChIJbQL_-LZu0TgReNqWvg1GtfM,2021-03-26,40,79,6,-7,-15,-1
AF,Afghanistan,,,,,,ChIJbQL_-LZu0TgReNqWvg1GtfM,2021-03-27,39,50,19,1,4,-4
AF,Afghanistan,,,Kabul Metropolitan Area,,,ChIJ5U8S6F5v0TgREM8nxN8oCHA,2021-01-01,10,46,12,13,-8,8
AF,Afghanistan,,,Kabul Metropolitan Area,,,ChIJ5U8S6F5v0TgREM8nxN8oCHA,2021-01-02,21,12,9,21,6,9
AF,Afghanistan,,,Kabul Metropolitan Area,,,ChIJ5U8S6F5v0TgREM8nxN8oCHA,2021-01-03,24,49,7,26,2,9
AF,Afghanistan,,,Kabul Metropolitan Area,,,ChIJ5U8S6F5v0TgREM8nxN8oCHA,2021-01-04,28,60,13,27,7,5
AF,Afghanistan,,,Kabul Metropolitan Area,,,ChIJ5U8S6F5v0TgREM8nxN8oCHA,2021-01-05,20,43,15,22,5,6
AF,Afghanistan,,,Kabul Metropolitan Area,,,ChIJ5U8S6F5v0TgREM8nxN8oCHA,2021-01-06,12,36,3,6,-2,5
AF,Afghanistan,,,Kabul Metropolitan Area,,,ChIJ5U8S6F5v0TgREM8nxN8oCHA,2021-01-07,17,46,5,12,7,6
AF,Afghanistan,,,Kabul Metropolitan Area,,,ChIJ5U8S6F5v0TgREM8nxN8oCHA,2021-01-08,13,51,3,6,-4,6
AF,Afghanistan,,,Kabul Metropolitan Area,,,ChIJ5U8S6F5v0TgREM8nxN8oCHA,2021-01-09,22,7,4,5,4,5
AF,Afghanistan,,,Kabul Metropolitan Area,,,ChIJ5U8S6F5v0TgREM8nxN8oCHA,2021-01-10,25,42,-1,9,3,6
AF,Afghanistan,,,Kabul Metropolitan Area,,,ChIJ5U8S6F5v0TgREM8nxN8oCHA,2021-01-11,26,50,-1,14,6,5
AF,Afghanistan,,,Kabul Metropolitan Area,,,ChIJ5U8S6F5v0TgREM8nxN8oCHA,2021-01-12,19,40,4,8,4,6
AF,Afghanistan,,,Kabul Metropolitan Area,,,ChIJ5U8S6F5v0TgREM8nxN8oCHA,2021-01-13,16,36,-6,2,1,6
AF,Afghanistan,,,Kabul Metropolitan Area,,,ChIJ5U8S6F5v0TgREM8nxN8oCHA,2021-01-14,13,36,-11,1,2,6
AF,Afghanistan,,,Kabul Metropolitan Area,,,ChIJ5U8S6F5v0TgREM8nxN8oCHA,2021-01-15,8,38,-3,-5,-10,6
AF,Afghanistan,,,Kabul Metropolitan Area,,,ChIJ5U8S6F5v0TgREM8nxN8oCHA,2021-01-16,11,-2,-12,-2,-1,6
AF,Afghanistan,,,Kabul Metropolitan Area,,,ChIJ5U8S6F5v0TgREM8nxN8oCHA,2021-01-17,17,38,-10,1,0,6
AF,Afghanistan,,,Kabul Metropolitan Area,,,ChIJ5U8S6F5v0TgREM8nxN8oCHA,2021-01-18,16,43,-9,4,2,6
AF,Afghanistan,,,Kabul Metropolitan Area,,,ChIJ5U8S6F5v0TgREM8nxN8oCHA,2021-01-19,20,35,-7,3,1,7
AF,Afghanistan,,,Kabul Metropolitan Area,,,ChIJ5U8S6F5v0TgREM8nxN8oCHA,2021-01-20,12,38,-11,1,1,8
AF,Afghanistan,,,Kabul Metropolitan Area,,,ChIJ5U8S6F5v0TgREM8nxN8oCHA,2021-01-21,13,39,-6,2,6,8
AF,Afghanistan,,,Kabul Metropolitan Area,,,ChIJ5U8S6F5v0TgREM8nxN8oCHA,2021-01-22,1,29,0,-9,-6,4
AF,Afghanistan,,,Kabul Metropolitan Area,,,ChIJ5U8S6F5v0TgREM8nxN8oCHA,2021-01-23,3,-5,-3,-9,1,5
AF,Afghanistan,,,Kabul Metropolitan Area,,,ChIJ5U8S6F5v0TgREM8nxN8oCHA,2021-01-24,14,35,1,0,2,8
AF,Afghanistan,,,Kabul Metropolitan Area,,,ChIJ5U8S6F5v0TgREM8nxN8oCHA,2021-01-25,14,43,4,5,5,7
AF,Afghanistan,,,Kabul Metropolitan Area,,,ChIJ5U8S6F5v0TgREM8nxN8oCHA,2021-01-26,10,30,3,2,3,7
AF,Afghanistan,,,Kabul Metropolitan Area,,,ChIJ5U8S6F5v0TgREM8nxN8oCHA,2021-01-27,9,26,7,-2,2,8
AF,Afghanistan,,,Kabul Metropolitan Area,,,ChIJ5U8S6F5v0TgREM8nxN8oCHA,2021-01-28,8,31,7,2,4,8
AF,Afghanistan,,,Kabul Metropolitan Area,,,ChIJ5U8S6F5v0TgREM8nxN8oCHA,2021-01-29,6,45,3,-2,-11,7
AF,Afghanistan,,,Kabul Metropolitan Area,,,ChIJ5U8S6F5v0TgREM8nxN8oCHA,2021-01-30,15,2,11,3,3,5
AF,Afghanistan,,,Kabul Metropolitan Area,,,ChIJ5U8S6F5v0TgREM8nxN8oCHA,2021-01-31,18,41,6,11,3,5
AF,Afghanistan,,,Kabul Metropolitan Area,,,ChIJ5U8S6F5v0TgREM8nxN8oCHA,2021-02-01,15,39,6,14,5,4
AF,Afghanistan,,,Kabul Metropolitan Area,,,ChIJ5U8S6F5v0TgREM8nxN8oCHA,2021-02-02,17,37,7,11,3,5
AF,Afghanistan,,,Kabul Metropolitan Area,,,ChIJ5U8S6F5v0TgREM8nxN8oCHA,2021-02-03,12,33,4,-1,0,6
AF,Afghanistan,,,Kabul Metropolitan Area,,,ChIJ5U8S6F5v0TgREM8nxN8oCHA,2021-02-04,8,29,7,-4,0,5
AF,Afghanistan,,,Kabul Metropolitan Area,,,ChIJ5U8S6F5v0TgREM8nxN8oCHA,2021-02-05,5,35,5,-10,-17,5
AF,Afghanistan,,,Kabul Metropolitan Area,,,ChIJ5U8S6F5v0TgREM8nxN8oCHA,2021-02-06,10,-5,10,-8,-2,4
AF,Afghanistan,,,Kabul Metropolitan Area,,,ChIJ5U8S6F5v0TgREM8nxN8oCHA,2021-02-07,12,25,7,-5,-3,5
AF,Afghanistan,,,Kabul Metropolitan Area,,,ChIJ5U8S6F5v0TgREM8nxN8oCHA,2021-02-08,11,37,6,1,-2,3
AF,Afghanistan,,,Kabul Metropolitan Area,,,ChIJ5U8S6F5v0TgREM8nxN8oCHA,2021-02-09,16,32,12,1,-1,4
AF,Afghanistan,,,Kabul Metropolitan Area,,,ChIJ5U8S6F5v0TgREM8nxN8oCHA,2021-02-10,12,32,7,-6,-3,6
AF,Afghanistan,,,Kabul Metropolitan Area,,,ChIJ5U8S6F5v0TgREM8nxN8oCHA,2021-02-11,10,30,7,-4,1,6
AF,Afghanistan,,,Kabul Metropolitan Area,,,ChIJ5U8S6F5v0TgREM8nxN8oCHA,2021-02-12,3,35,6,-11,-15,5
AF,Afghanistan,,,Kabul Metropolitan Area,,,ChIJ5U8S6F5v0TgREM8nxN8oCHA,2021-02-13,16,3,12,-8,-2,5
AF,Afghanistan,,,Kabul Metropolitan Area,,,ChIJ5U8S6F5v0TgREM8nxN8oCHA,2021-02-14,10,28,-2,-13,-49,12
AF,Afghanistan,,,Kabul Metropolitan Area,,,ChIJ5U8S6F5v0TgREM8nxN8oCHA,2021-02-15,18,42,9,-1,0,3
AF,Afghanistan,,,Kabul Metropolitan Area,,,ChIJ5U8S6F5v0TgREM8nxN8oCHA,2021-02-16,15,31,9,2,0,4
AF,Afghanistan,,,Kabul Metropolitan Area,,,ChIJ5U8S6F5v0TgREM8nxN8oCHA,2021-02-17,13,38,7,-2,-2,5
AF,Afghanistan,,,Kabul Metropolitan Area,,,ChIJ5U8S6F5v0TgREM8nxN8oCHA,2021-02-18,11,38,9,4,3,4
AF,Afghanistan,,,Kabul Metropolitan Area,,,ChIJ5U8S6F5v0TgREM8nxN8oCHA,2021-02-19,7,46,9,-7,-8,4
AF,Afghanistan,,,Kabul Metropolitan Area,,,ChIJ5U8S6F5v0TgREM8nxN8oCHA,2021-02-20,16,9,17,-2,3,4
AF,Afghanistan,,,Kabul Metropolitan Area,,,ChIJ5U8S6F5v0TgREM8nxN8oCHA,2021-02-21,20,51,15,2,3,4
AF,Afghanistan,,,Kabul Metropolitan Area,,,ChIJ5U8S6F5v0TgREM8nxN8oCHA,2021-02-22,14,50,12,2,5,3
AF,Afghanistan,,,Kabul Metropolitan Area,,,ChIJ5U8S6F5v0TgREM8nxN8oCHA,2021-02-23,21,46,13,8,4,3
AF,Afghanistan,,,Kabul Metropolitan Area,,,ChIJ5U8S6F5v0TgREM8nxN8oCHA,2021-02-24,17,50,9,2,2,4
AF,Afghanistan,,,Kabul Metropolitan Area,,,ChIJ5U8S6F5v0TgREM8nxN8oCHA,2021-02-25,18,51,9,6,5,3
AF,Afghanistan,,,Kabul Metropolitan Area,,,ChIJ5U8S6F5v0TgREM8nxN8oCHA,2021-02-26,9,50,1,-4,-11,3
AF,Afghanistan,,,Kabul Metropolitan Area,,,ChIJ5U8S6F5v0TgREM8nxN8oCHA,2021-02-27,15,12,12,-4,-1,4
AF,Afghanistan,,,Kabul Metropolitan Area,,,ChIJ5U8S6F5v0TgREM8nxN8oCHA,2021-02-28,24,63,15,4,2,4
AF,Afghanistan,,,Kabul Metropolitan Area,,,ChIJ5U8S6F5v0TgREM8nxN8oCHA,2021-03-01,23,61,17,5,3,1
AF,Afghanistan,,,Kabul Metropolitan Area,,,ChIJ5U8S6F5v0TgREM8nxN8oCHA,2021-03-02,19,46,12,3,1,1
AF,Afghanistan,,,Kabul Metropolitan Area,,,ChIJ5U8S6F5v0TgREM8nxN8oCHA,2021-03-03,26,60,13,7,0,3
AF,Afghanistan,,,Kabul Metropolitan Area,,,ChIJ5U8S6F5v0TgREM8nxN8oCHA,2021-03-04,23,56,11,12,3,3
AF,Afghanistan,,,Kabul Metropolitan Area,,,ChIJ5U8S6F5v0TgREM8nxN8oCHA,2021-03-05,12,49,9,4,-15,4
AF,Afghanistan,,,Kabul Metropolitan Area,,,ChIJ5U8S6F5v0TgREM8nxN8oCHA,2021-03-06,26,20,21,5,3,1
AF,Afghanistan,,,Kabul Metropolitan Area,,,ChIJ5U8S6F5v0TgREM8nxN8oCHA,2021-03-07,30,65,17,11,5,2
AF,Afghanistan,,,Kabul Metropolitan Area,,,ChIJ5U8S6F5v0TgREM8nxN8oCHA,2021-03-08,32,77,22,14,3,0
AF,Afghanistan,,,Kabul Metropolitan Area,,,ChIJ5U8S6F5v0TgREM8nxN8oCHA,2021-03-09,25,57,20,12,4,0
AF,Afghanistan,,,Kabul Metropolitan Area,,,ChIJ5U8S6F5v0TgREM8nxN8oCHA,2021-03-10,31,61,8,9,2,2
AF,Afghanistan,,,Kabul Metropolitan Area,,,ChIJ5U8S6F5v0TgREM8nxN8oCHA,2021-03-11,27,58,8,14,7,2
AF,Afghanistan,,,Kabul Metropolitan Area,,,ChIJ5U8S6F5v0TgREM8nxN8oCHA,2021-03-12,18,70,2,10,-10,3
AF,Afghanistan,,,Kabul Metropolitan Area,,,ChIJ5U8S6F5v0TgREM8nxN8oCHA,2021-03-13,31,24,21,4,7,1
AF,Afghanistan,,,Kabul Metropolitan Area,,,ChIJ5U8S6F5v0TgREM8nxN8oCHA,2021-03-14,39,77,19,18,7,0
AF,Afghanistan,,,Kabul Metropolitan Area,,,ChIJ5U8S6F5v0TgREM8nxN8oCHA,2021-03-15,36,77,17,22,9,-1
AF,Afghanistan,,,Kabul Metropolitan Area,,,ChIJ5U8S6F5v0TgREM8nxN8oCHA,2021-03-16,36,67,20,19,6,-1
AF,Afghanistan,,,Kabul Metropolitan Area,,,ChIJ5U8S6F5v0TgREM8nxN8oCHA,2021-03-17,36,79,18,19,4,1
AF,Afghanistan,,,Kabul Metropolitan Area,,,ChIJ5U8S6F5v0TgREM8nxN8oCHA,2021-03-18,33,75,26,22,7,1
AF,Afghanistan,,,Kabul Metropolitan Area,,,ChIJ5U8S6F5v0TgREM8nxN8oCHA,2021-03-19,27,77,19,18,-3,2
AF,Afghanistan,,,Kabul Metropolitan Area,,,ChIJ5U8S6F5v0TgREM8nxN8oCHA,2021-03-20,30,29,24,8,-9,3
AF,Afghanistan,,,Kabul Metropolitan Area,,,ChIJ5U8S6F5v0TgREM8nxN8oCHA,2021-03-21,-12,1,2,-21,-72,11
AF,Afghanistan,,,Kabul Metropolitan Area,,,ChIJ5U8S6F5v0TgREM8nxN8oCHA,2021-03-22,-8,19,-8,-13,-57,9
AF,Afghanistan,,,Kabul Metropolitan Area,,,ChIJ5U8S6F5v0TgREM8nxN8oCHA,2021-03-23,25,61,19,19,2,-1
AF,Afghanistan,,,Kabul Metropolitan Area,,,ChIJ5U8S6F5v0TgREM8nxN8oCHA,2021-03-24,30,73,22,19,3,1
AF,Afghanistan,,,Kabul Metropolitan Area,,,ChIJ5U8S6F5v0TgREM8nxN8oCHA,2021-03-25,26,66,24,27,9,2
AF,Afghanistan,,,Kabul Metropolitan Area,,,ChIJ5U8S6F5v0TgREM8nxN8oCHA,2021-03-26,24,70,26,15,-3,3
AF,Afghanistan,,,Kabul Metropolitan Area,,,ChIJ5U8S6F5v0TgREM8nxN8oCHA,2021-03-27,37,34,36,25,11,0
