country_region_code,country_region,sub_region_1,sub_region_2,metro_area,iso_3166_2_code,census_fips_code,place_id,date,retail_and_recreation_percent_change_from_baseline,grocery_and_pharmacy_percent_change_from_baseline,parks_percent_change_from_baseline,transit_stations_percent_change_from_baseline,workplaces_percent_change_from_baseline,residential_percent_change_from_baseline
EE,Estonia,,,,,,ChIJ_UuggpyUkkYRwyW0T7qf6kA,2021-01-01,-74,-52,40,-61,-88,27
EE,Estonia,,,,,,ChIJ_UuggpyUkkYRwyW0T7qf6kA,2021-01-02,-45,-14,14,-41,-35,9
EE,Estonia,,,,,,ChIJ_UuggpyUkkYRwyW0T7qf6kA,2021-01-03,-33,-5,71,-31,-21,5
EE,Estonia,,,,,,ChIJ_UuggpyUkkYRwyW0T7qf6kA,2021-01-04,-23,-1,25,-33,-37,13
EE,Estonia,,,,,,ChIJ_UuggpyUkkYRwyW0T7qf6kA,2021-01-05,-20,3,22,-31,-36,12
EE,Estonia,,,,,,ChIJ_UuggpyUkkYRwyW0T7qf6kA,2021-01-06,-20,2,16,-32,-36,12
EE,Estonia,,,,,,ChIJ_UuggpyUkkYRwyW0T7qf6kA,2021-01-07,-25,-3,9,-36,-36,13
EE,Estonia,,,,,,ChIJ_UuggpyUkkYRwyW0T7qf6kA,2021-01-08,-26,-1,-3,-38,-35,13
EE,Estonia,,,,,,ChIJ_UuggpyUkkYRwyW0T7qf6kA,2021-01-09,-30,-2,3,-35,-18,6
EE,Estonia,,,,,,ChIJ_UuggpyUkkYRwyW0T7qf6kA,2021-01-10,-28,-3,25,-36,-16,4
EE,Estonia,,,,,,ChIJ_UuggpyUkkYRwyW0T7qf6kA,2021-01-11,-22,-2,-1,-33,-22,10
EE,Estonia,,,,,,ChIJ_UuggpyUkkYRwyW0T7qf6kA,2021-01-12,-25,-5,-9,-34,-22,10
EE,Estonia,,,,,,ChIJ_UuggpyUkkYRwyW0T7qf6kA,2021-01-13,-25,-4,-4,-33,-22,9
EE,Estonia,,,,,,ChIJ_UuggpyUkkYRwyW0T7qf6kA,2021-01-14,-29,-7,-13,-36,-24,10
EE,Estonia,,,,,,ChIJ_UuggpyUkkYRwyW0T7qf6kA,2021-01-15,-32,-8,-25,-39,-25,10
EE,Estonia,,,,,,ChIJ_UuggpyUkkYRwyW0T7qf6kA,2021-01-16,-36,-7,-6,-39,-19,6
EE,Estonia,,,,,,ChIJ_UuggpyUkkYRwyW0T7qf6kA,2021-01-17,-33,-8,28,-38,-18,4
EE,Estonia,,,,,,ChIJ_UuggpyUkkYRwyW0T7qf6kA,2021-01-18,-23,-7,-6,-33,-23,9
EE,Estonia,,,,,,ChIJ_UuggpyUkkYRwyW0T7qf6kA,2021-01-19,-24,-8,-4,-33,-22,8
EE,Estonia,,,,,,ChIJ_UuggpyUkkYRwyW0T7qf6kA,2021-01-20,-25,-7,-10,-35,-22,9
EE,Estonia,,,,,,ChIJ_UuggpyUkkYRwyW0T7qf6kA,2021-01-21,-28,-10,-15,-35,-23,10
EE,Estonia,,,,,,ChIJ_UuggpyUkkYRwyW0T7qf6kA,2021-01-22,-29,-6,-20,-36,-23,10
EE,Estonia,,,,,,ChIJ_UuggpyUkkYRwyW0T7qf6kA,2021-01-23,-32,-6,-8,-36,-15,5
EE,Estonia,,,,,,ChIJ_UuggpyUkkYRwyW0T7qf6kA,2021-01-24,-30,-9,1,-36,-16,4
EE,Estonia,,,,,,ChIJ_UuggpyUkkYRwyW0T7qf6kA,2021-01-25,-23,-7,-16,-32,-18,8
EE,Estonia,,,,,,ChIJ_UuggpyUkkYRwyW0T7qf6kA,2021-01-26,-24,-9,-17,-31,-18,7
EE,Estonia,,,,,,ChIJ_UuggpyUkkYRwyW0T7qf6kA,2021-01-27,-23,-7,-13,-30,-16,8
EE,Estonia,,,,,,ChIJ_UuggpyUkkYRwyW0T7qf6kA,2021-01-28,-25,-8,-8,-31,-17,8
EE,Estonia,,,,,,ChIJ_UuggpyUkkYRwyW0T7qf6kA,2021-01-29,-29,-6,-16,-33,-17,8
EE,Estonia,,,,,,ChIJ_UuggpyUkkYRwyW0T7qf6kA,2021-01-30,-33,-7,1,-35,-11,5
EE,Estonia,,,,,,ChIJ_UuggpyUkkYRwyW0T7qf6kA,2021-01-31,-29,-8,22,-35,-12,3
EE,Estonia,,,,,,ChIJ_UuggpyUkkYRwyW0T7qf6kA,2021-02-01,-22,-7,-4,-29,-17,7
EE,Estonia,,,,,,ChIJ_UuggpyUkkYRwyW0T7qf6kA,2021-02-02,-21,-5,-5,-28,-17,7
EE,Estonia,,,,,,ChIJ_UuggpyUkkYRwyW0T7qf6kA,2021-02-03,-22,-7,-5,-28,-17,7
EE,Estonia,,,,,,ChIJ_UuggpyUkkYRwyW0T7qf6kA,2021-02-04,-23,-8,-14,-32,-17,8
EE,Estonia,,,,,,ChIJ_UuggpyUkkYRwyW0T7qf6kA,2021-02-05,-22,-1,-26,-32,-18,8
EE,Estonia,,,,,,ChIJ_UuggpyUkkYRwyW0T7qf6kA,2021-02-06,-27,-4,-12,-34,-13,5
EE,Estonia,,,,,,ChIJ_UuggpyUkkYRwyW0T7qf6kA,2021-02-07,-25,-6,14,-34,-12,3
EE,Estonia,,,,,,ChIJ_UuggpyUkkYRwyW0T7qf6kA,2021-02-08,-17,-2,-9,-29,-17,7
EE,Estonia,,,,,,ChIJ_UuggpyUkkYRwyW0T7qf6kA,2021-02-09,-17,-3,-16,-30,-17,7
EE,Estonia,,,,,,ChIJ_UuggpyUkkYRwyW0T7qf6kA,2021-02-10,-17,-1,-19,-31,-17,8
EE,Estonia,,,,,,ChIJ_UuggpyUkkYRwyW0T7qf6kA,2021-02-11,-17,-1,-18,-31,-17,8
EE,Estonia,,,,,,ChIJ_UuggpyUkkYRwyW0T7qf6kA,2021-02-12,-20,0,-17,-33,-17,8
EE,Estonia,,,,,,ChIJ_UuggpyUkkYRwyW0T7qf6kA,2021-02-13,-21,2,-2,-31,-11,4
EE,Estonia,,,,,,ChIJ_UuggpyUkkYRwyW0T7qf6kA,2021-02-14,-10,4,34,-27,-9,2
EE,Estonia,,,,,,ChIJ_UuggpyUkkYRwyW0T7qf6kA,2021-02-15,-18,-3,-6,-29,-16,7
EE,Estonia,,,,,,ChIJ_UuggpyUkkYRwyW0T7qf6kA,2021-02-16,-17,-3,2,-28,-16,7
EE,Estonia,,,,,,ChIJ_UuggpyUkkYRwyW0T7qf6kA,2021-02-17,-19,-2,-13,-28,-16,8
EE,Estonia,,,,,,ChIJ_UuggpyUkkYRwyW0T7qf6kA,2021-02-18,-22,-6,-23,-33,-19,9
EE,Estonia,,,,,,ChIJ_UuggpyUkkYRwyW0T7qf6kA,2021-02-19,-23,-2,-16,-32,-19,9
EE,Estonia,,,,,,ChIJ_UuggpyUkkYRwyW0T7qf6kA,2021-02-20,-27,-3,-3,-32,-12,5
EE,Estonia,,,,,,ChIJ_UuggpyUkkYRwyW0T7qf6kA,2021-02-21,-25,-5,5,-33,-12,3
EE,Estonia,,,,,,ChIJ_UuggpyUkkYRwyW0T7qf6kA,2021-02-22,-18,-2,-15,-34,-33,11
EE,Estonia,,,,,,ChIJ_UuggpyUkkYRwyW0T7qf6kA,2021-02-23,-20,5,-23,-32,-37,13
EE,Estonia,,,,,,ChIJ_UuggpyUkkYRwyW0T7qf6kA,2021-02-24,-44,-11,18,-50,-77,24
EE,Estonia,,,,,,ChIJ_UuggpyUkkYRwyW0T7qf6kA,2021-02-25,-23,-8,-16,-36,-36,12
EE,Estonia,,,,,,ChIJ_UuggpyUkkYRwyW0T7qf6kA,2021-02-26,-23,-2,-9,-38,-35,13
EE,Estonia,,,,,,ChIJ_UuggpyUkkYRwyW0T7qf6kA,2021-02-27,-26,-2,16,-33,-12,5
EE,Estonia,,,,,,ChIJ_UuggpyUkkYRwyW0T7qf6kA,2021-02-28,-21,-1,49,-30,-10,3
EE,Estonia,,,,,,ChIJ_UuggpyUkkYRwyW0T7qf6kA,2021-03-01,-21,-2,-4,-34,-28,11
EE,Estonia,,,,,,ChIJ_UuggpyUkkYRwyW0T7qf6kA,2021-03-02,-19,-1,9,-32,-29,10
EE,Estonia,,,,,,ChIJ_UuggpyUkkYRwyW0T7qf6kA,2021-03-03,-21,1,-3,-33,-29,11
EE,Estonia,,,,,,ChIJ_UuggpyUkkYRwyW0T7qf6kA,2021-03-04,-22,-2,-9,-35,-30,12
EE,Estonia,,,,,,ChIJ_UuggpyUkkYRwyW0T7qf6kA,2021-03-05,-22,6,-17,-36,-29,12
EE,Estonia,,,,,,ChIJ_UuggpyUkkYRwyW0T7qf6kA,2021-03-06,-56,-8,-34,-48,-21,9
EE,Estonia,,,,,,ChIJ_UuggpyUkkYRwyW0T7qf6kA,2021-03-07,-52,-6,-19,-47,-19,7
EE,Estonia,,,,,,ChIJ_UuggpyUkkYRwyW0T7qf6kA,2021-03-08,-11,16,-3,-32,-30,11
EE,Estonia,,,,,,ChIJ_UuggpyUkkYRwyW0T7qf6kA,2021-03-09,-18,-1,-20,-35,-31,12
EE,Estonia,,,,,,ChIJ_UuggpyUkkYRwyW0T7qf6kA,2021-03-10,-12,5,-21,-32,-32,12
EE,Estonia,,,,,,ChIJ_UuggpyUkkYRwyW0T7qf6kA,2021-03-11,-47,-8,-17,-44,-39,16
EE,Estonia,,,,,,ChIJ_UuggpyUkkYRwyW0T7qf6kA,2021-03-12,-50,-7,-30,-47,-39,17
EE,Estonia,,,,,,ChIJ_UuggpyUkkYRwyW0T7qf6kA,2021-03-13,-56,-9,-13,-46,-23,9
EE,Estonia,,,,,,ChIJ_UuggpyUkkYRwyW0T7qf6kA,2021-03-14,-55,-12,-17,-48,-24,8
EE,Estonia,,,,,,ChIJ_UuggpyUkkYRwyW0T7qf6kA,2021-03-15,-42,-7,-4,-43,-39,15
EE,Estonia,,,,,,ChIJ_UuggpyUkkYRwyW0T7qf6kA,2021-03-16,-41,-6,8,-40,-39,14
EE,Estonia,,,,,,ChIJ_UuggpyUkkYRwyW0T7qf6kA,2021-03-17,-42,-4,-1,-40,-38,15
EE,Estonia,,,,,,ChIJ_UuggpyUkkYRwyW0T7qf6kA,2021-03-18,-43,-6,-8,-42,-39,15
EE,Estonia,,,,,,ChIJ_UuggpyUkkYRwyW0T7qf6kA,2021-03-19,-45,-4,-17,-44,-38,16
EE,Estonia,,,,,,ChIJ_UuggpyUkkYRwyW0T7qf6kA,2021-03-20,-55,-9,-20,-47,-22,9
EE,Estonia,,,,,,ChIJ_UuggpyUkkYRwyW0T7qf6kA,2021-03-21,-51,-8,21,-44,-22,6
EE,Estonia,,,,,,ChIJ_UuggpyUkkYRwyW0T7qf6kA,2021-03-22,-39,-5,17,-40,-37,14
EE,Estonia,,,,,,ChIJ_UuggpyUkkYRwyW0T7qf6kA,2021-03-23,-39,-4,21,-37,-38,13
EE,Estonia,,,,,,ChIJ_UuggpyUkkYRwyW0T7qf6kA,2021-03-24,-40,-3,5,-38,-38,14
EE,Estonia,,,,,,ChIJ_UuggpyUkkYRwyW0T7qf6kA,2021-03-25,-40,-4,16,-37,-38,14
EE,Estonia,,,,,,ChIJ_UuggpyUkkYRwyW0T7qf6kA,2021-03-26,-41,-2,20,-39,-37,14
EE,Estonia,,,,,,ChIJ_UuggpyUkkYRwyW0T7qf6kA,2021-03-27,-48,-2,45,-33,-18,5
EE,Estonia,Harju County,,,EE-37,,ChIJkawxZkDqkkYRIGD8GG2zAAM,2021-01-01,-76,-56,29,-67,-91,29
EE,Estonia,Harju County,,,EE-37,,ChIJkawxZkDqkkYRIGD8GG2zAAM,2021-01-02,-53,-19,7,-50,-42,10
EE,Estonia,Harju County,,,EE-37,,ChIJkawxZkDqkkYRIGD8GG2zAAM,2021-01-03,-40,-9,75,-38,-25,6
EE,Estonia,Harju County,,,EE-37,,ChIJkawxZkDqkkYRIGD8GG2zAAM,2021-01-04,-30,-7,27,-38,-41,15
EE,Estonia,Harju County,,,EE-37,,ChIJkawxZkDqkkYRIGD8GG2zAAM,2021-01-05,-28,-1,14,-38,-40,15
EE,Estonia,Harju County,,,EE-37,,ChIJkawxZkDqkkYRIGD8GG2zAAM,2021-01-06,-29,-2,11,-38,-41,15
EE,Estonia,Harju County,,,EE-37,,ChIJkawxZkDqkkYRIGD8GG2zAAM,2021-01-07,-33,-8,0,-41,-41,15
EE,Estonia,Harju County,,,EE-37,,ChIJkawxZkDqkkYRIGD8GG2zAAM,2021-01-08,-34,-4,-10,-43,-40,15
EE,Estonia,Harju County,,,EE-37,,ChIJkawxZkDqkkYRIGD8GG2zAAM,2021-01-09,-40,-7,-4,-43,-22,7
EE,Estonia,Harju County,,,EE-37,,ChIJkawxZkDqkkYRIGD8GG2zAAM,2021-01-10,-35,-6,14,-43,-22,5
EE,Estonia,Harju County,,,EE-37,,ChIJkawxZkDqkkYRIGD8GG2zAAM,2021-01-11,-29,-6,-5,-40,-30,13
EE,Estonia,Harju County,,,EE-37,,ChIJkawxZkDqkkYRIGD8GG2zAAM,2021-01-12,-33,-7,-20,-41,-30,14
EE,Estonia,Harju County,,,EE-37,,ChIJkawxZkDqkkYRIGD8GG2zAAM,2021-01-13,-33,-7,-9,-39,-32,13
EE,Estonia,Harju County,,,EE-37,,ChIJkawxZkDqkkYRIGD8GG2zAAM,2021-01-14,-36,-12,-20,-42,-32,13
EE,Estonia,Harju County,,,EE-37,,ChIJkawxZkDqkkYRIGD8GG2zAAM,2021-01-15,-39,-10,-35,-45,-33,13
EE,Estonia,Harju County,,,EE-37,,ChIJkawxZkDqkkYRIGD8GG2zAAM,2021-01-16,-44,-10,-5,-44,-25,7
EE,Estonia,Harju County,,,EE-37,,ChIJkawxZkDqkkYRIGD8GG2zAAM,2021-01-17,-39,-12,20,-44,-24,4
EE,Estonia,Harju County,,,EE-37,,ChIJkawxZkDqkkYRIGD8GG2zAAM,2021-01-18,-28,-12,-12,-39,-31,12
EE,Estonia,Harju County,,,EE-37,,ChIJkawxZkDqkkYRIGD8GG2zAAM,2021-01-19,-29,-10,-12,-39,-30,12
EE,Estonia,Harju County,,,EE-37,,ChIJkawxZkDqkkYRIGD8GG2zAAM,2021-01-20,-30,-11,-18,-41,-31,12
EE,Estonia,Harju County,,,EE-37,,ChIJkawxZkDqkkYRIGD8GG2zAAM,2021-01-21,-32,-14,-22,-41,-31,13
EE,Estonia,Harju County,,,EE-37,,ChIJkawxZkDqkkYRIGD8GG2zAAM,2021-01-22,-33,-9,-31,-42,-31,13
EE,Estonia,Harju County,,,EE-37,,ChIJkawxZkDqkkYRIGD8GG2zAAM,2021-01-23,-39,-10,-20,-42,-18,7
EE,Estonia,Harju County,,,EE-37,,ChIJkawxZkDqkkYRIGD8GG2zAAM,2021-01-24,-35,-11,-9,-43,-21,5
EE,Estonia,Harju County,,,EE-37,,ChIJkawxZkDqkkYRIGD8GG2zAAM,2021-01-25,-26,-11,-22,-37,-22,10
EE,Estonia,Harju County,,,EE-37,,ChIJkawxZkDqkkYRIGD8GG2zAAM,2021-01-26,-28,-9,-27,-36,-22,10
EE,Estonia,Harju County,,,EE-37,,ChIJkawxZkDqkkYRIGD8GG2zAAM,2021-01-27,-27,-9,-17,-34,-22,10
EE,Estonia,Harju County,,,EE-37,,ChIJkawxZkDqkkYRIGD8GG2zAAM,2021-01-28,-28,-11,-11,-36,-22,10
EE,Estonia,Harju County,,,EE-37,,ChIJkawxZkDqkkYRIGD8GG2zAAM,2021-01-29,-32,-8,-25,-38,-22,10
EE,Estonia,Harju County,,,EE-37,,ChIJkawxZkDqkkYRIGD8GG2zAAM,2021-01-30,-39,-10,-8,-40,-17,6
EE,Estonia,Harju County,,,EE-37,,ChIJkawxZkDqkkYRIGD8GG2zAAM,2021-01-31,-33,-11,11,-40,-15,3
EE,Estonia,Harju County,,,EE-37,,ChIJkawxZkDqkkYRIGD8GG2zAAM,2021-02-01,-25,-11,-10,-32,-21,9
EE,Estonia,Harju County,,,EE-37,,ChIJkawxZkDqkkYRIGD8GG2zAAM,2021-02-02,-24,-7,-13,-32,-21,9
EE,Estonia,Harju County,,,EE-37,,ChIJkawxZkDqkkYRIGD8GG2zAAM,2021-02-03,-24,-8,-10,-31,-22,9
EE,Estonia,Harju County,,,EE-37,,ChIJkawxZkDqkkYRIGD8GG2zAAM,2021-02-04,-25,-10,-23,-36,-22,10
EE,Estonia,Harju County,,,EE-37,,ChIJkawxZkDqkkYRIGD8GG2zAAM,2021-02-05,-26,-4,-38,-37,-23,10
EE,Estonia,Harju County,,,EE-37,,ChIJkawxZkDqkkYRIGD8GG2zAAM,2021-02-06,-32,-7,-20,-39,-16,6
EE,Estonia,Harju County,,,EE-37,,ChIJkawxZkDqkkYRIGD8GG2zAAM,2021-02-07,-28,-9,9,-39,-16,3
EE,Estonia,Harju County,,,EE-37,,ChIJkawxZkDqkkYRIGD8GG2zAAM,2021-02-08,-20,-7,-12,-33,-22,9
EE,Estonia,Harju County,,,EE-37,,ChIJkawxZkDqkkYRIGD8GG2zAAM,2021-02-09,-20,-4,-23,-35,-21,9
EE,Estonia,Harju County,,,EE-37,,ChIJkawxZkDqkkYRIGD8GG2zAAM,2021-02-10,-20,-4,-20,-35,-23,10
EE,Estonia,Harju County,,,EE-37,,ChIJkawxZkDqkkYRIGD8GG2zAAM,2021-02-11,-20,-5,-23,-36,-22,10
EE,Estonia,Harju County,,,EE-37,,ChIJkawxZkDqkkYRIGD8GG2zAAM,2021-02-12,-23,-3,-22,-37,-22,10
EE,Estonia,Harju County,,,EE-37,,ChIJkawxZkDqkkYRIGD8GG2zAAM,2021-02-13,-27,-2,-6,-36,-13,5
EE,Estonia,Harju County,,,EE-37,,ChIJkawxZkDqkkYRIGD8GG2zAAM,2021-02-14,-14,0,28,-33,-13,2
EE,Estonia,Harju County,,,EE-37,,ChIJkawxZkDqkkYRIGD8GG2zAAM,2021-02-15,-20,-7,-10,-33,-22,9
EE,Estonia,Harju County,,,EE-37,,ChIJkawxZkDqkkYRIGD8GG2zAAM,2021-02-16,-21,-5,-9,-33,-21,9
EE,Estonia,Harju County,,,EE-37,,ChIJkawxZkDqkkYRIGD8GG2zAAM,2021-02-17,-22,-6,-13,-33,-24,10
EE,Estonia,Harju County,,,EE-37,,ChIJkawxZkDqkkYRIGD8GG2zAAM,2021-02-18,-25,-9,-25,-36,-24,11
EE,Estonia,Harju County,,,EE-37,,ChIJkawxZkDqkkYRIGD8GG2zAAM,2021-02-19,-26,-5,-24,-36,-24,11
EE,Estonia,Harju County,,,EE-37,,ChIJkawxZkDqkkYRIGD8GG2zAAM,2021-02-20,-33,-7,-8,-37,-14,5
EE,Estonia,Harju County,,,EE-37,,ChIJkawxZkDqkkYRIGD8GG2zAAM,2021-02-21,-29,-9,-10,-38,-14,4
EE,Estonia,Harju County,,,EE-37,,ChIJkawxZkDqkkYRIGD8GG2zAAM,2021-02-22,-22,-9,-25,-38,-37,13
EE,Estonia,Harju County,,,EE-37,,ChIJkawxZkDqkkYRIGD8GG2zAAM,2021-02-23,-25,-1,-34,-36,-41,15
EE,Estonia,Harju County,,,EE-37,,ChIJkawxZkDqkkYRIGD8GG2zAAM,2021-02-24,-44,-14,8,-55,-80,26
EE,Estonia,Harju County,,,EE-37,,ChIJkawxZkDqkkYRIGD8GG2zAAM,2021-02-25,-28,-13,-24,-40,-40,14
EE,Estonia,Harju County,,,EE-37,,ChIJkawxZkDqkkYRIGD8GG2zAAM,2021-02-26,-27,-5,-13,-42,-39,14
EE,Estonia,Harju County,,,EE-37,,ChIJkawxZkDqkkYRIGD8GG2zAAM,2021-02-27,-31,-5,19,-37,-15,6
EE,Estonia,Harju County,,,EE-37,,ChIJkawxZkDqkkYRIGD8GG2zAAM,2021-02-28,-23,-4,53,-35,-13,3
EE,Estonia,Harju County,,,EE-37,,ChIJkawxZkDqkkYRIGD8GG2zAAM,2021-03-01,-25,-8,-10,-39,-34,13
EE,Estonia,Harju County,,,EE-37,,ChIJkawxZkDqkkYRIGD8GG2zAAM,2021-03-02,-23,-4,3,-37,-34,13
EE,Estonia,Harju County,,,EE-37,,ChIJkawxZkDqkkYRIGD8GG2zAAM,2021-03-03,-24,-4,-1,-36,-36,14
EE,Estonia,Harju County,,,EE-37,,ChIJkawxZkDqkkYRIGD8GG2zAAM,2021-03-04,-26,-6,-12,-38,-36,15
EE,Estonia,Harju County,,,EE-37,,ChIJkawxZkDqkkYRIGD8GG2zAAM,2021-03-05,-27,1,-23,-41,-35,15
EE,Estonia,Harju County,,,EE-37,,ChIJkawxZkDqkkYRIGD8GG2zAAM,2021-03-06,-58,-13,-42,-53,-25,11
EE,Estonia,Harju County,,,EE-37,,ChIJkawxZkDqkkYRIGD8GG2zAAM,2021-03-07,-54,-12,-28,-54,-22,8
EE,Estonia,Harju County,,,EE-37,,ChIJkawxZkDqkkYRIGD8GG2zAAM,2021-03-08,-15,9,-1,-38,-36,13
EE,Estonia,Harju County,,,EE-37,,ChIJkawxZkDqkkYRIGD8GG2zAAM,2021-03-09,-23,-5,-28,-41,-37,15
EE,Estonia,Harju County,,,EE-37,,ChIJkawxZkDqkkYRIGD8GG2zAAM,2021-03-10,-17,-1,-22,-38,-40,15
EE,Estonia,Harju County,,,EE-37,,ChIJkawxZkDqkkYRIGD8GG2zAAM,2021-03-11,-49,-14,-23,-47,-45,19
EE,Estonia,Harju County,,,EE-37,,ChIJkawxZkDqkkYRIGD8GG2zAAM,2021-03-12,-51,-11,-32,-51,-45,20
EE,Estonia,Harju County,,,EE-37,,ChIJkawxZkDqkkYRIGD8GG2zAAM,2021-03-13,-58,-14,-15,-51,-27,11
EE,Estonia,Harju County,,,EE-37,,ChIJkawxZkDqkkYRIGD8GG2zAAM,2021-03-14,-58,-18,-26,-54,-28,9
EE,Estonia,Harju County,,,EE-37,,ChIJkawxZkDqkkYRIGD8GG2zAAM,2021-03-15,-44,-14,-13,-48,-45,18
EE,Estonia,Harju County,,,EE-37,,ChIJkawxZkDqkkYRIGD8GG2zAAM,2021-03-16,-44,-9,3,-45,-45,18
EE,Estonia,Harju County,,,EE-37,,ChIJkawxZkDqkkYRIGD8GG2zAAM,2021-03-17,-45,-10,1,-45,-45,18
EE,Estonia,Harju County,,,EE-37,,ChIJkawxZkDqkkYRIGD8GG2zAAM,2021-03-18,-45,-11,-14,-46,-45,19
EE,Estonia,Harju County,,,EE-37,,ChIJkawxZkDqkkYRIGD8GG2zAAM,2021-03-19,-48,-9,-23,-50,-44,19
EE,Estonia,Harju County,,,EE-37,,ChIJkawxZkDqkkYRIGD8GG2zAAM,2021-03-20,-58,-14,-28,-53,-25,11
EE,Estonia,Harju County,,,EE-37,,ChIJkawxZkDqkkYRIGD8GG2zAAM,2021-03-21,-53,-12,20,-50,-26,7
EE,Estonia,Harju County,,,EE-37,,ChIJkawxZkDqkkYRIGD8GG2zAAM,2021-03-22,-41,-11,23,-44,-43,17
EE,Estonia,Harju County,,,EE-37,,ChIJkawxZkDqkkYRIGD8GG2zAAM,2021-03-23,-41,-7,21,-43,-43,17
EE,Estonia,Harju County,,,EE-37,,ChIJkawxZkDqkkYRIGD8GG2zAAM,2021-03-24,-43,-8,1,-44,-45,17
EE,Estonia,Harju County,,,EE-37,,ChIJkawxZkDqkkYRIGD8GG2zAAM,2021-03-25,-41,-9,24,-40,-44,17
EE,Estonia,Harju County,,,EE-37,,ChIJkawxZkDqkkYRIGD8GG2zAAM,2021-03-26,-43,-6,23,-44,-43,16
EE,Estonia,Harju County,,,EE-37,,ChIJkawxZkDqkkYRIGD8GG2zAAM,2021-03-27,-51,-7,42,-40,-21,6
EE,Estonia,Hiiu County,,,EE-39,,ChIJD9B0TEHp8kYRMGD8GG2zAAM,2021-01-01,,,,,-77,
EE,Estonia,Hiiu County,,,EE-39,,ChIJD9B0TEHp8kYRMGD8GG2zAAM,2021-02-24,,,,,-73,
EE,Estonia,Ida-Viru County,,,EE-44,,ChIJe13Sj0NglEYRQGD8GG2zAAM,2021-01-01,-64,-49,-7,-43,-83,23
EE,Estonia,Ida-Viru County,,,EE-44,,ChIJe13Sj0NglEYRQGD8GG2zAAM,2021-01-02,-43,-13,-20,-30,-35,10
EE,Estonia,Ida-Viru County,,,EE-44,,ChIJe13Sj0NglEYRQGD8GG2zAAM,2021-01-03,-28,5,,-12,-18,4
EE,Estonia,Ida-Viru County,,,EE-44,,ChIJe13Sj0NglEYRQGD8GG2zAAM,2021-01-04,-15,6,,-10,-38,12
EE,Estonia,Ida-Viru County,,,EE-44,,ChIJe13Sj0NglEYRQGD8GG2zAAM,2021-01-05,-6,17,,-13,-37,10
EE,Estonia,Ida-Viru County,,,EE-44,,ChIJe13Sj0NglEYRQGD8GG2zAAM,2021-01-06,-9,,,-13,-35,10
EE,Estonia,Ida-Viru County,,,EE-44,,ChIJe13Sj0NglEYRQGD8GG2zAAM,2021-01-07,-17,7,,-21,-38,11
EE,Estonia,Ida-Viru County,,,EE-44,,ChIJe13Sj0NglEYRQGD8GG2zAAM,2021-01-08,-19,9,-37,-26,-37,12
EE,Estonia,Ida-Viru County,,,EE-44,,ChIJe13Sj0NglEYRQGD8GG2zAAM,2021-01-09,-29,4,-18,-28,-22,6
EE,Estonia,Ida-Viru County,,,EE-44,,ChIJe13Sj0NglEYRQGD8GG2zAAM,2021-01-10,-28,8,,-26,-22,5
EE,Estonia,Ida-Viru County,,,EE-44,,ChIJe13Sj0NglEYRQGD8GG2zAAM,2021-01-11,-17,6,,-23,-25,10
EE,Estonia,Ida-Viru County,,,EE-44,,ChIJe13Sj0NglEYRQGD8GG2zAAM,2021-01-12,-20,4,,-23,-26,9
EE,Estonia,Ida-Viru County,,,EE-44,,ChIJe13Sj0NglEYRQGD8GG2zAAM,2021-01-13,-21,,,-24,-25,9
EE,Estonia,Ida-Viru County,,,EE-44,,ChIJe13Sj0NglEYRQGD8GG2zAAM,2021-01-14,-28,-1,-48,-27,-29,9
EE,Estonia,Ida-Viru County,,,EE-44,,ChIJe13Sj0NglEYRQGD8GG2zAAM,2021-01-15,-30,-2,-58,-31,-29,9
EE,Estonia,Ida-Viru County,,,EE-44,,ChIJe13Sj0NglEYRQGD8GG2zAAM,2021-01-16,-36,-3,-38,-31,-23,6
EE,Estonia,Ida-Viru County,,,EE-44,,ChIJe13Sj0NglEYRQGD8GG2zAAM,2021-01-17,-34,1,,-21,-22,3
EE,Estonia,Ida-Viru County,,,EE-44,,ChIJe13Sj0NglEYRQGD8GG2zAAM,2021-01-18,-19,0,,-21,-27,9
EE,Estonia,Ida-Viru County,,,EE-44,,ChIJe13Sj0NglEYRQGD8GG2zAAM,2021-01-19,-18,3,,-23,-27,7
EE,Estonia,Ida-Viru County,,,EE-44,,ChIJe13Sj0NglEYRQGD8GG2zAAM,2021-01-20,-21,,,-25,-26,8
EE,Estonia,Ida-Viru County,,,EE-44,,ChIJe13Sj0NglEYRQGD8GG2zAAM,2021-01-21,-25,-4,-47,-28,-28,9
EE,Estonia,Ida-Viru County,,,EE-44,,ChIJe13Sj0NglEYRQGD8GG2zAAM,2021-01-22,-25,2,-55,-23,-27,8
EE,Estonia,Ida-Viru County,,,EE-44,,ChIJe13Sj0NglEYRQGD8GG2zAAM,2021-01-23,-31,0,-22,-25,-19,5
EE,Estonia,Ida-Viru County,,,EE-44,,ChIJe13Sj0NglEYRQGD8GG2zAAM,2021-01-24,-29,3,,-19,-18,4
EE,Estonia,Ida-Viru County,,,EE-44,,ChIJe13Sj0NglEYRQGD8GG2zAAM,2021-01-25,-20,0,,-15,-20,7
EE,Estonia,Ida-Viru County,,,EE-44,,ChIJe13Sj0NglEYRQGD8GG2zAAM,2021-01-26,-21,2,-53,-19,-20,7
EE,Estonia,Ida-Viru County,,,EE-44,,ChIJe13Sj0NglEYRQGD8GG2zAAM,2021-01-27,-22,,,-18,-19,6
EE,Estonia,Ida-Viru County,,,EE-44,,ChIJe13Sj0NglEYRQGD8GG2zAAM,2021-01-28,-23,0,,-20,-20,7
EE,Estonia,Ida-Viru County,,,EE-44,,ChIJe13Sj0NglEYRQGD8GG2zAAM,2021-01-29,-24,2,-51,-22,-20,7
EE,Estonia,Ida-Viru County,,,EE-44,,ChIJe13Sj0NglEYRQGD8GG2zAAM,2021-01-30,-29,-1,5,-23,-14,4
EE,Estonia,Ida-Viru County,,,EE-44,,ChIJe13Sj0NglEYRQGD8GG2zAAM,2021-01-31,-28,4,,-20,-18,3
EE,Estonia,Ida-Viru County,,,EE-44,,ChIJe13Sj0NglEYRQGD8GG2zAAM,2021-02-01,-20,1,,-18,-18,6
EE,Estonia,Ida-Viru County,,,EE-44,,ChIJe13Sj0NglEYRQGD8GG2zAAM,2021-02-02,-19,3,,-20,-19,6
EE,Estonia,Ida-Viru County,,,EE-44,,ChIJe13Sj0NglEYRQGD8GG2zAAM,2021-02-03,-19,,,-19,-19,6
EE,Estonia,Ida-Viru County,,,EE-44,,ChIJe13Sj0NglEYRQGD8GG2zAAM,2021-02-04,-24,-5,,-23,-20,7
EE,Estonia,Ida-Viru County,,,EE-44,,ChIJe13Sj0NglEYRQGD8GG2zAAM,2021-02-05,-16,8,-58,-24,-17,5
EE,Estonia,Ida-Viru County,,,EE-44,,ChIJe13Sj0NglEYRQGD8GG2zAAM,2021-02-06,-26,1,-34,-27,-14,4
EE,Estonia,Ida-Viru County,,,EE-44,,ChIJe13Sj0NglEYRQGD8GG2zAAM,2021-02-07,-24,4,,-20,-16,3
EE,Estonia,Ida-Viru County,,,EE-44,,ChIJe13Sj0NglEYRQGD8GG2zAAM,2021-02-08,-11,6,,-16,-16,5
EE,Estonia,Ida-Viru County,,,EE-44,,ChIJe13Sj0NglEYRQGD8GG2zAAM,2021-02-09,-11,8,,-20,-16,5
EE,Estonia,Ida-Viru County,,,EE-44,,ChIJe13Sj0NglEYRQGD8GG2zAAM,2021-02-10,-13,,,-21,-14,6
EE,Estonia,Ida-Viru County,,,EE-44,,ChIJe13Sj0NglEYRQGD8GG2zAAM,2021-02-11,-14,4,,-21,-15,6
EE,Estonia,Ida-Viru County,,,EE-44,,ChIJe13Sj0NglEYRQGD8GG2zAAM,2021-02-12,-17,7,-49,-24,-16,6
EE,Estonia,Ida-Viru County,,,EE-44,,ChIJe13Sj0NglEYRQGD8GG2zAAM,2021-02-13,-21,6,-25,-26,-15,4
EE,Estonia,Ida-Viru County,,,EE-44,,ChIJe13Sj0NglEYRQGD8GG2zAAM,2021-02-14,-16,14,,-12,-9,3
EE,Estonia,Ida-Viru County,,,EE-44,,ChIJe13Sj0NglEYRQGD8GG2zAAM,2021-02-15,-17,4,,-17,-15,6
EE,Estonia,Ida-Viru County,,,EE-44,,ChIJe13Sj0NglEYRQGD8GG2zAAM,2021-02-16,-16,5,-50,-17,-14,6
EE,Estonia,Ida-Viru County,,,EE-44,,ChIJe13Sj0NglEYRQGD8GG2zAAM,2021-02-17,-14,,,-16,-14,6
EE,Estonia,Ida-Viru County,,,EE-44,,ChIJe13Sj0NglEYRQGD8GG2zAAM,2021-02-18,-23,0,-47,-24,-19,7
EE,Estonia,Ida-Viru County,,,EE-44,,ChIJe13Sj0NglEYRQGD8GG2zAAM,2021-02-19,-21,5,-44,-22,-17,7
EE,Estonia,Ida-Viru County,,,EE-44,,ChIJe13Sj0NglEYRQGD8GG2zAAM,2021-02-20,-28,2,-23,-26,-9,4
EE,Estonia,Ida-Viru County,,,EE-44,,ChIJe13Sj0NglEYRQGD8GG2zAAM,2021-02-21,-24,7,,-19,-9,3
EE,Estonia,Ida-Viru County,,,EE-44,,ChIJe13Sj0NglEYRQGD8GG2zAAM,2021-02-22,-17,5,,-15,-29,9
EE,Estonia,Ida-Viru County,,,EE-44,,ChIJe13Sj0NglEYRQGD8GG2zAAM,2021-02-23,-14,13,-53,-17,-33,11
EE,Estonia,Ida-Viru County,,,EE-44,,ChIJe13Sj0NglEYRQGD8GG2zAAM,2021-02-24,-32,,,-33,-70,20
EE,Estonia,Ida-Viru County,,,EE-44,,ChIJe13Sj0NglEYRQGD8GG2zAAM,2021-02-25,-17,3,,-16,-32,9
EE,Estonia,Ida-Viru County,,,EE-44,,ChIJe13Sj0NglEYRQGD8GG2zAAM,2021-02-26,-19,5,-45,-25,-32,11
EE,Estonia,Ida-Viru County,,,EE-44,,ChIJe13Sj0NglEYRQGD8GG2zAAM,2021-02-27,-26,1,-28,-26,-12,5
EE,Estonia,Ida-Viru County,,,EE-44,,ChIJe13Sj0NglEYRQGD8GG2zAAM,2021-02-28,-21,9,,-16,-13,3
EE,Estonia,Ida-Viru County,,,EE-44,,ChIJe13Sj0NglEYRQGD8GG2zAAM,2021-03-01,-14,9,,-18,-26,8
EE,Estonia,Ida-Viru County,,,EE-44,,ChIJe13Sj0NglEYRQGD8GG2zAAM,2021-03-02,-11,12,,-20,-26,8
EE,Estonia,Ida-Viru County,,,EE-44,,ChIJe13Sj0NglEYRQGD8GG2zAAM,2021-03-03,-16,,,-20,-26,9
EE,Estonia,Ida-Viru County,,,EE-44,,ChIJe13Sj0NglEYRQGD8GG2zAAM,2021-03-04,-18,7,,-21,-26,8
EE,Estonia,Ida-Viru County,,,EE-44,,ChIJe13Sj0NglEYRQGD8GG2zAAM,2021-03-05,-10,21,-49,-25,-26,8
EE,Estonia,Ida-Viru County,,,EE-44,,ChIJe13Sj0NglEYRQGD8GG2zAAM,2021-03-06,-48,3,-41,-33,-22,7
EE,Estonia,Ida-Viru County,,,EE-44,,ChIJe13Sj0NglEYRQGD8GG2zAAM,2021-03-07,-38,17,,-12,-18,5
EE,Estonia,Ida-Viru County,,,EE-44,,ChIJe13Sj0NglEYRQGD8GG2zAAM,2021-03-08,1,31,,-8,-26,7
EE,Estonia,Ida-Viru County,,,EE-44,,ChIJe13Sj0NglEYRQGD8GG2zAAM,2021-03-09,-8,12,-55,-23,-27,9
EE,Estonia,Ida-Viru County,,,EE-44,,ChIJe13Sj0NglEYRQGD8GG2zAAM,2021-03-10,-1,,,-16,-27,8
EE,Estonia,Ida-Viru County,,,EE-44,,ChIJe13Sj0NglEYRQGD8GG2zAAM,2021-03-11,-38,3,,-24,-35,11
EE,Estonia,Ida-Viru County,,,EE-44,,ChIJe13Sj0NglEYRQGD8GG2zAAM,2021-03-12,-41,3,-58,-29,-35,13
EE,Estonia,Ida-Viru County,,,EE-44,,ChIJe13Sj0NglEYRQGD8GG2zAAM,2021-03-13,-48,-2,-22,-24,-20,7
EE,Estonia,Ida-Viru County,,,EE-44,,ChIJe13Sj0NglEYRQGD8GG2zAAM,2021-03-14,-48,-2,,-22,-21,5
EE,Estonia,Ida-Viru County,,,EE-44,,ChIJe13Sj0NglEYRQGD8GG2zAAM,2021-03-15,-35,1,-50,-22,-34,12
EE,Estonia,Ida-Viru County,,,EE-44,,ChIJe13Sj0NglEYRQGD8GG2zAAM,2021-03-16,-29,8,,-16,-34,9
EE,Estonia,Ida-Viru County,,,EE-44,,ChIJe13Sj0NglEYRQGD8GG2zAAM,2021-03-17,-33,,,-18,-32,11
EE,Estonia,Ida-Viru County,,,EE-44,,ChIJe13Sj0NglEYRQGD8GG2zAAM,2021-03-18,-35,3,,-22,-34,11
EE,Estonia,Ida-Viru County,,,EE-44,,ChIJe13Sj0NglEYRQGD8GG2zAAM,2021-03-19,-35,7,-43,-21,-33,11
EE,Estonia,Ida-Viru County,,,EE-44,,ChIJe13Sj0NglEYRQGD8GG2zAAM,2021-03-20,-48,-1,-24,-29,-22,7
EE,Estonia,Ida-Viru County,,,EE-44,,ChIJe13Sj0NglEYRQGD8GG2zAAM,2021-03-21,-45,3,,-17,-22,5
EE,Estonia,Ida-Viru County,,,EE-44,,ChIJe13Sj0NglEYRQGD8GG2zAAM,2021-03-22,-34,3,,-20,-31,11
EE,Estonia,Ida-Viru County,,,EE-44,,ChIJe13Sj0NglEYRQGD8GG2zAAM,2021-03-23,-29,8,,-17,-32,10
EE,Estonia,Ida-Viru County,,,EE-44,,ChIJe13Sj0NglEYRQGD8GG2zAAM,2021-03-24,-27,,,-9,-33,9
EE,Estonia,Ida-Viru County,,,EE-44,,ChIJe13Sj0NglEYRQGD8GG2zAAM,2021-03-25,-34,7,,-17,-33,10
EE,Estonia,Ida-Viru County,,,EE-44,,ChIJe13Sj0NglEYRQGD8GG2zAAM,2021-03-26,-31,7,-21,-17,-33,9
EE,Estonia,Ida-Viru County,,,EE-44,,ChIJe13Sj0NglEYRQGD8GG2zAAM,2021-03-27,-39,7,,-10,-21,3
EE,Estonia,Järva County,,,EE-51,,ChIJYYCdyCg4k0YRYGD8GG2zAAM,2021-01-01,,,,,-84,
EE,Estonia,Järva County,,,EE-51,,ChIJYYCdyCg4k0YRYGD8GG2zAAM,2021-01-04,,,,,-33,
EE,Estonia,Järva County,,,EE-51,,ChIJYYCdyCg4k0YRYGD8GG2zAAM,2021-01-05,,,,,-32,
EE,Estonia,Järva County,,,EE-51,,ChIJYYCdyCg4k0YRYGD8GG2zAAM,2021-01-06,,,,,-31,
EE,Estonia,Järva County,,,EE-51,,ChIJYYCdyCg4k0YRYGD8GG2zAAM,2021-01-07,,,,,-33,
EE,Estonia,Järva County,,,EE-51,,ChIJYYCdyCg4k0YRYGD8GG2zAAM,2021-01-08,,,,,-31,
EE,Estonia,Järva County,,,EE-51,,ChIJYYCdyCg4k0YRYGD8GG2zAAM,2021-01-11,,,,,-11,
EE,Estonia,Järva County,,,EE-51,,ChIJYYCdyCg4k0YRYGD8GG2zAAM,2021-01-12,,,,,-14,
EE,Estonia,Järva County,,,EE-51,,ChIJYYCdyCg4k0YRYGD8GG2zAAM,2021-01-13,,,,,-7,
EE,Estonia,Järva County,,,EE-51,,ChIJYYCdyCg4k0YRYGD8GG2zAAM,2021-01-14,,,,,-12,
EE,Estonia,Järva County,,,EE-51,,ChIJYYCdyCg4k0YRYGD8GG2zAAM,2021-01-15,,,,,-15,
EE,Estonia,Järva County,,,EE-51,,ChIJYYCdyCg4k0YRYGD8GG2zAAM,2021-01-18,,,,,-13,
EE,Estonia,Järva County,,,EE-51,,ChIJYYCdyCg4k0YRYGD8GG2zAAM,2021-01-19,,,,,-15,
EE,Estonia,Järva County,,,EE-51,,ChIJYYCdyCg4k0YRYGD8GG2zAAM,2021-01-20,,,,,-14,
EE,Estonia,Järva County,,,EE-51,,ChIJYYCdyCg4k0YRYGD8GG2zAAM,2021-01-21,,,,,-17,
EE,Estonia,Järva County,,,EE-51,,ChIJYYCdyCg4k0YRYGD8GG2zAAM,2021-01-22,,,,,-16,
EE,Estonia,Järva County,,,EE-51,,ChIJYYCdyCg4k0YRYGD8GG2zAAM,2021-01-25,,,,,-13,
EE,Estonia,Järva County,,,EE-51,,ChIJYYCdyCg4k0YRYGD8GG2zAAM,2021-01-26,,,,,-9,
EE,Estonia,Järva County,,,EE-51,,ChIJYYCdyCg4k0YRYGD8GG2zAAM,2021-01-27,,,,,-11,
EE,Estonia,Järva County,,,EE-51,,ChIJYYCdyCg4k0YRYGD8GG2zAAM,2021-01-28,,,,,-12,
EE,Estonia,Järva County,,,EE-51,,ChIJYYCdyCg4k0YRYGD8GG2zAAM,2021-01-29,,,,,-13,
EE,Estonia,Järva County,,,EE-51,,ChIJYYCdyCg4k0YRYGD8GG2zAAM,2021-02-01,,,,,-14,
EE,Estonia,Järva County,,,EE-51,,ChIJYYCdyCg4k0YRYGD8GG2zAAM,2021-02-02,,,,,-13,
EE,Estonia,Järva County,,,EE-51,,ChIJYYCdyCg4k0YRYGD8GG2zAAM,2021-02-03,,,,,-13,
EE,Estonia,Järva County,,,EE-51,,ChIJYYCdyCg4k0YRYGD8GG2zAAM,2021-02-04,,,,,-15,
EE,Estonia,Järva County,,,EE-51,,ChIJYYCdyCg4k0YRYGD8GG2zAAM,2021-02-05,,,,,-17,
EE,Estonia,Järva County,,,EE-51,,ChIJYYCdyCg4k0YRYGD8GG2zAAM,2021-02-08,,,,,-13,
EE,Estonia,Järva County,,,EE-51,,ChIJYYCdyCg4k0YRYGD8GG2zAAM,2021-02-09,,,,,-14,
EE,Estonia,Järva County,,,EE-51,,ChIJYYCdyCg4k0YRYGD8GG2zAAM,2021-02-10,,,,,-12,
EE,Estonia,Järva County,,,EE-51,,ChIJYYCdyCg4k0YRYGD8GG2zAAM,2021-02-11,,,,,-12,
EE,Estonia,Järva County,,,EE-51,,ChIJYYCdyCg4k0YRYGD8GG2zAAM,2021-02-12,,,,,-13,
EE,Estonia,Järva County,,,EE-51,,ChIJYYCdyCg4k0YRYGD8GG2zAAM,2021-02-15,,,,,-11,
EE,Estonia,Järva County,,,EE-51,,ChIJYYCdyCg4k0YRYGD8GG2zAAM,2021-02-16,,,,,-11,
EE,Estonia,Järva County,,,EE-51,,ChIJYYCdyCg4k0YRYGD8GG2zAAM,2021-02-17,,,,,-14,
EE,Estonia,Järva County,,,EE-51,,ChIJYYCdyCg4k0YRYGD8GG2zAAM,2021-02-18,,,,,-17,
EE,Estonia,Järva County,,,EE-51,,ChIJYYCdyCg4k0YRYGD8GG2zAAM,2021-02-19,,,,,-16,
EE,Estonia,Järva County,,,EE-51,,ChIJYYCdyCg4k0YRYGD8GG2zAAM,2021-02-22,,,,,-28,
EE,Estonia,Järva County,,,EE-51,,ChIJYYCdyCg4k0YRYGD8GG2zAAM,2021-02-23,,,,,-34,
EE,Estonia,Järva County,,,EE-51,,ChIJYYCdyCg4k0YRYGD8GG2zAAM,2021-02-24,,,,,-72,
EE,Estonia,Järva County,,,EE-51,,ChIJYYCdyCg4k0YRYGD8GG2zAAM,2021-02-25,,,,,-30,
EE,Estonia,Järva County,,,EE-51,,ChIJYYCdyCg4k0YRYGD8GG2zAAM,2021-02-26,,,,,-33,
EE,Estonia,Järva County,,,EE-51,,ChIJYYCdyCg4k0YRYGD8GG2zAAM,2021-03-01,,,,,-22,
EE,Estonia,Järva County,,,EE-51,,ChIJYYCdyCg4k0YRYGD8GG2zAAM,2021-03-02,,,,,-19,
EE,Estonia,Järva County,,,EE-51,,ChIJYYCdyCg4k0YRYGD8GG2zAAM,2021-03-03,,,,,-20,
EE,Estonia,Järva County,,,EE-51,,ChIJYYCdyCg4k0YRYGD8GG2zAAM,2021-03-04,,,,,-24,
EE,Estonia,Järva County,,,EE-51,,ChIJYYCdyCg4k0YRYGD8GG2zAAM,2021-03-05,,,,,-20,
EE,Estonia,Järva County,,,EE-51,,ChIJYYCdyCg4k0YRYGD8GG2zAAM,2021-03-08,,,,,-21,
EE,Estonia,Järva County,,,EE-51,,ChIJYYCdyCg4k0YRYGD8GG2zAAM,2021-03-09,,,,,-23,
EE,Estonia,Järva County,,,EE-51,,ChIJYYCdyCg4k0YRYGD8GG2zAAM,2021-03-10,,,,,-21,
EE,Estonia,Järva County,,,EE-51,,ChIJYYCdyCg4k0YRYGD8GG2zAAM,2021-03-11,,,,,-31,
EE,Estonia,Järva County,,,EE-51,,ChIJYYCdyCg4k0YRYGD8GG2zAAM,2021-03-12,,,,,-30,
EE,Estonia,Järva County,,,EE-51,,ChIJYYCdyCg4k0YRYGD8GG2zAAM,2021-03-15,,,,,-30,
EE,Estonia,Järva County,,,EE-51,,ChIJYYCdyCg4k0YRYGD8GG2zAAM,2021-03-16,,,,,-31,
EE,Estonia,Järva County,,,EE-51,,ChIJYYCdyCg4k0YRYGD8GG2zAAM,2021-03-17,,,,,-30,
EE,Estonia,Järva County,,,EE-51,,ChIJYYCdyCg4k0YRYGD8GG2zAAM,2021-03-18,,,,,-31,
EE,Estonia,Järva County,,,EE-51,,ChIJYYCdyCg4k0YRYGD8GG2zAAM,2021-03-19,,,,,-31,
EE,Estonia,Järva County,,,EE-51,,ChIJYYCdyCg4k0YRYGD8GG2zAAM,2021-03-22,,,,,-29,
EE,Estonia,Järva County,,,EE-51,,ChIJYYCdyCg4k0YRYGD8GG2zAAM,2021-03-23,,,,,-31,
EE,Estonia,Järva County,,,EE-51,,ChIJYYCdyCg4k0YRYGD8GG2zAAM,2021-03-24,,,,,-29,
EE,Estonia,Järva County,,,EE-51,,ChIJYYCdyCg4k0YRYGD8GG2zAAM,2021-03-25,,,,,-32,
EE,Estonia,Järva County,,,EE-51,,ChIJYYCdyCg4k0YRYGD8GG2zAAM,2021-03-26,,,,,-29,
EE,Estonia,Jõgeva County,,,EE-49,,ChIJQZDt9tyulEYRUGD8GG2zAAM,2021-01-01,,,,,-84,
EE,Estonia,Jõgeva County,,,EE-49,,ChIJQZDt9tyulEYRUGD8GG2zAAM,2021-01-04,,,,,-32,
EE,Estonia,Jõgeva County,,,EE-49,,ChIJQZDt9tyulEYRUGD8GG2zAAM,2021-01-05,,,,,-26,
EE,Estonia,Jõgeva County,,,EE-49,,ChIJQZDt9tyulEYRUGD8GG2zAAM,2021-01-06,,,,,-29,
EE,Estonia,Jõgeva County,,,EE-49,,ChIJQZDt9tyulEYRUGD8GG2zAAM,2021-01-07,,,,,-25,
EE,Estonia,Jõgeva County,,,EE-49,,ChIJQZDt9tyulEYRUGD8GG2zAAM,2021-01-08,,,,,-26,
EE,Estonia,Jõgeva County,,,EE-49,,ChIJQZDt9tyulEYRUGD8GG2zAAM,2021-01-11,,,,,-5,
EE,Estonia,Jõgeva County,,,EE-49,,ChIJQZDt9tyulEYRUGD8GG2zAAM,2021-01-12,,,,,-5,
EE,Estonia,Jõgeva County,,,EE-49,,ChIJQZDt9tyulEYRUGD8GG2zAAM,2021-01-13,,,,,-8,
EE,Estonia,Jõgeva County,,,EE-49,,ChIJQZDt9tyulEYRUGD8GG2zAAM,2021-01-14,,,,,-5,
EE,Estonia,Jõgeva County,,,EE-49,,ChIJQZDt9tyulEYRUGD8GG2zAAM,2021-01-15,,,,,-6,
EE,Estonia,Jõgeva County,,,EE-49,,ChIJQZDt9tyulEYRUGD8GG2zAAM,2021-01-18,,,,,-5,
EE,Estonia,Jõgeva County,,,EE-49,,ChIJQZDt9tyulEYRUGD8GG2zAAM,2021-01-19,,,,,-5,
EE,Estonia,Jõgeva County,,,EE-49,,ChIJQZDt9tyulEYRUGD8GG2zAAM,2021-01-20,,,,,-12,
EE,Estonia,Jõgeva County,,,EE-49,,ChIJQZDt9tyulEYRUGD8GG2zAAM,2021-01-21,,,,,-7,
EE,Estonia,Jõgeva County,,,EE-49,,ChIJQZDt9tyulEYRUGD8GG2zAAM,2021-01-22,,,,,-9,
EE,Estonia,Jõgeva County,,,EE-49,,ChIJQZDt9tyulEYRUGD8GG2zAAM,2021-01-25,,,,,-8,
EE,Estonia,Jõgeva County,,,EE-49,,ChIJQZDt9tyulEYRUGD8GG2zAAM,2021-01-26,,,,,-9,
EE,Estonia,Jõgeva County,,,EE-49,,ChIJQZDt9tyulEYRUGD8GG2zAAM,2021-01-27,,,,,-14,
EE,Estonia,Jõgeva County,,,EE-49,,ChIJQZDt9tyulEYRUGD8GG2zAAM,2021-01-28,,,,,-11,
EE,Estonia,Jõgeva County,,,EE-49,,ChIJQZDt9tyulEYRUGD8GG2zAAM,2021-01-29,,,,,-13,
EE,Estonia,Jõgeva County,,,EE-49,,ChIJQZDt9tyulEYRUGD8GG2zAAM,2021-02-01,,,,,-10,
EE,Estonia,Jõgeva County,,,EE-49,,ChIJQZDt9tyulEYRUGD8GG2zAAM,2021-02-02,,,,,-8,
EE,Estonia,Jõgeva County,,,EE-49,,ChIJQZDt9tyulEYRUGD8GG2zAAM,2021-02-03,,,,,-14,
EE,Estonia,Jõgeva County,,,EE-49,,ChIJQZDt9tyulEYRUGD8GG2zAAM,2021-02-04,,,,,-13,
EE,Estonia,Jõgeva County,,,EE-49,,ChIJQZDt9tyulEYRUGD8GG2zAAM,2021-02-05,,,,,-13,
EE,Estonia,Jõgeva County,,,EE-49,,ChIJQZDt9tyulEYRUGD8GG2zAAM,2021-02-08,,,,,-16,
EE,Estonia,Jõgeva County,,,EE-49,,ChIJQZDt9tyulEYRUGD8GG2zAAM,2021-02-09,,,,,-13,
EE,Estonia,Jõgeva County,,,EE-49,,ChIJQZDt9tyulEYRUGD8GG2zAAM,2021-02-10,,,,,-18,
EE,Estonia,Jõgeva County,,,EE-49,,ChIJQZDt9tyulEYRUGD8GG2zAAM,2021-02-11,,,,,-13,
EE,Estonia,Jõgeva County,,,EE-49,,ChIJQZDt9tyulEYRUGD8GG2zAAM,2021-02-12,,,,,-16,
EE,Estonia,Jõgeva County,,,EE-49,,ChIJQZDt9tyulEYRUGD8GG2zAAM,2021-02-15,,,,,-12,
EE,Estonia,Jõgeva County,,,EE-49,,ChIJQZDt9tyulEYRUGD8GG2zAAM,2021-02-16,,,,,-13,
EE,Estonia,Jõgeva County,,,EE-49,,ChIJQZDt9tyulEYRUGD8GG2zAAM,2021-02-17,,,,,-14,
EE,Estonia,Jõgeva County,,,EE-49,,ChIJQZDt9tyulEYRUGD8GG2zAAM,2021-02-18,,,,,-16,
EE,Estonia,Jõgeva County,,,EE-49,,ChIJQZDt9tyulEYRUGD8GG2zAAM,2021-02-19,,,,,-13,
EE,Estonia,Jõgeva County,,,EE-49,,ChIJQZDt9tyulEYRUGD8GG2zAAM,2021-02-22,,,,,-26,
EE,Estonia,Jõgeva County,,,EE-49,,ChIJQZDt9tyulEYRUGD8GG2zAAM,2021-02-23,,,,,-33,
EE,Estonia,Jõgeva County,,,EE-49,,ChIJQZDt9tyulEYRUGD8GG2zAAM,2021-02-24,,,,,-73,
EE,Estonia,Jõgeva County,,,EE-49,,ChIJQZDt9tyulEYRUGD8GG2zAAM,2021-02-25,,,,,-27,
EE,Estonia,Jõgeva County,,,EE-49,,ChIJQZDt9tyulEYRUGD8GG2zAAM,2021-02-26,,,,,-31,
EE,Estonia,Jõgeva County,,,EE-49,,ChIJQZDt9tyulEYRUGD8GG2zAAM,2021-03-01,,,,,-18,
EE,Estonia,Jõgeva County,,,EE-49,,ChIJQZDt9tyulEYRUGD8GG2zAAM,2021-03-02,,,,,-20,
EE,Estonia,Jõgeva County,,,EE-49,,ChIJQZDt9tyulEYRUGD8GG2zAAM,2021-03-03,,,,,-22,
EE,Estonia,Jõgeva County,,,EE-49,,ChIJQZDt9tyulEYRUGD8GG2zAAM,2021-03-04,,,,,-21,
EE,Estonia,Jõgeva County,,,EE-49,,ChIJQZDt9tyulEYRUGD8GG2zAAM,2021-03-05,,,,,-19,
EE,Estonia,Jõgeva County,,,EE-49,,ChIJQZDt9tyulEYRUGD8GG2zAAM,2021-03-08,,,,,-20,
EE,Estonia,Jõgeva County,,,EE-49,,ChIJQZDt9tyulEYRUGD8GG2zAAM,2021-03-09,,,,,-23,
EE,Estonia,Jõgeva County,,,EE-49,,ChIJQZDt9tyulEYRUGD8GG2zAAM,2021-03-10,,,,,-25,
EE,Estonia,Jõgeva County,,,EE-49,,ChIJQZDt9tyulEYRUGD8GG2zAAM,2021-03-11,,,,,-32,
EE,Estonia,Jõgeva County,,,EE-49,,ChIJQZDt9tyulEYRUGD8GG2zAAM,2021-03-12,,,,,-30,
EE,Estonia,Jõgeva County,,,EE-49,,ChIJQZDt9tyulEYRUGD8GG2zAAM,2021-03-15,,,,,-31,
EE,Estonia,Jõgeva County,,,EE-49,,ChIJQZDt9tyulEYRUGD8GG2zAAM,2021-03-16,,,,,-29,
EE,Estonia,Jõgeva County,,,EE-49,,ChIJQZDt9tyulEYRUGD8GG2zAAM,2021-03-17,,,,,-31,
EE,Estonia,Jõgeva County,,,EE-49,,ChIJQZDt9tyulEYRUGD8GG2zAAM,2021-03-18,,,,,-30,
EE,Estonia,Jõgeva County,,,EE-49,,ChIJQZDt9tyulEYRUGD8GG2zAAM,2021-03-19,,,,,-34,
EE,Estonia,Jõgeva County,,,EE-49,,ChIJQZDt9tyulEYRUGD8GG2zAAM,2021-03-22,,,,,-28,
EE,Estonia,Jõgeva County,,,EE-49,,ChIJQZDt9tyulEYRUGD8GG2zAAM,2021-03-23,,,,,-31,
EE,Estonia,Jõgeva County,,,EE-49,,ChIJQZDt9tyulEYRUGD8GG2zAAM,2021-03-24,,,,,-30,
EE,Estonia,Jõgeva County,,,EE-49,,ChIJQZDt9tyulEYRUGD8GG2zAAM,2021-03-25,,,,,-26,
EE,Estonia,Jõgeva County,,,EE-49,,ChIJQZDt9tyulEYRUGD8GG2zAAM,2021-03-26,,,,,-27,
EE,Estonia,Lääne County,,,EE-57,,ChIJkYf9Ff9Y7UYRcGD8GG2zAAM,2021-01-01,,,,,-86,
EE,Estonia,Lääne County,,,EE-57,,ChIJkYf9Ff9Y7UYRcGD8GG2zAAM,2021-01-04,,,,,-30,
EE,Estonia,Lääne County,,,EE-57,,ChIJkYf9Ff9Y7UYRcGD8GG2zAAM,2021-01-05,,,,,-33,
EE,Estonia,Lääne County,,,EE-57,,ChIJkYf9Ff9Y7UYRcGD8GG2zAAM,2021-01-06,,,,,-30,
EE,Estonia,Lääne County,,,EE-57,,ChIJkYf9Ff9Y7UYRcGD8GG2zAAM,2021-01-07,,,,,-33,
EE,Estonia,Lääne County,,,EE-57,,ChIJkYf9Ff9Y7UYRcGD8GG2zAAM,2021-01-08,,,,,-31,
EE,Estonia,Lääne County,,,EE-57,,ChIJkYf9Ff9Y7UYRcGD8GG2zAAM,2021-01-11,,,,,-8,
EE,Estonia,Lääne County,,,EE-57,,ChIJkYf9Ff9Y7UYRcGD8GG2zAAM,2021-01-12,,,,,-12,
EE,Estonia,Lääne County,,,EE-57,,ChIJkYf9Ff9Y7UYRcGD8GG2zAAM,2021-01-13,,,,,-10,
EE,Estonia,Lääne County,,,EE-57,,ChIJkYf9Ff9Y7UYRcGD8GG2zAAM,2021-01-14,,,,,-14,
EE,Estonia,Lääne County,,,EE-57,,ChIJkYf9Ff9Y7UYRcGD8GG2zAAM,2021-01-15,,,,,-16,
EE,Estonia,Lääne County,,,EE-57,,ChIJkYf9Ff9Y7UYRcGD8GG2zAAM,2021-01-18,,,,,-12,
EE,Estonia,Lääne County,,,EE-57,,ChIJkYf9Ff9Y7UYRcGD8GG2zAAM,2021-01-19,,,,,-13,
EE,Estonia,Lääne County,,,EE-57,,ChIJkYf9Ff9Y7UYRcGD8GG2zAAM,2021-01-20,,,,,-9,
EE,Estonia,Lääne County,,,EE-57,,ChIJkYf9Ff9Y7UYRcGD8GG2zAAM,2021-01-21,,,,,-11,
EE,Estonia,Lääne County,,,EE-57,,ChIJkYf9Ff9Y7UYRcGD8GG2zAAM,2021-01-22,,,,,-12,
EE,Estonia,Lääne County,,,EE-57,,ChIJkYf9Ff9Y7UYRcGD8GG2zAAM,2021-01-25,,,,,-10,
EE,Estonia,Lääne County,,,EE-57,,ChIJkYf9Ff9Y7UYRcGD8GG2zAAM,2021-01-26,,,,,-12,
EE,Estonia,Lääne County,,,EE-57,,ChIJkYf9Ff9Y7UYRcGD8GG2zAAM,2021-01-27,,,,,-9,
EE,Estonia,Lääne County,,,EE-57,,ChIJkYf9Ff9Y7UYRcGD8GG2zAAM,2021-01-28,,,,,-6,
EE,Estonia,Lääne County,,,EE-57,,ChIJkYf9Ff9Y7UYRcGD8GG2zAAM,2021-01-29,,,,,-12,
EE,Estonia,Lääne County,,,EE-57,,ChIJkYf9Ff9Y7UYRcGD8GG2zAAM,2021-02-01,,,,,-10,
EE,Estonia,Lääne County,,,EE-57,,ChIJkYf9Ff9Y7UYRcGD8GG2zAAM,2021-02-02,,,,,-10,
EE,Estonia,Lääne County,,,EE-57,,ChIJkYf9Ff9Y7UYRcGD8GG2zAAM,2021-02-03,,,,,-5,
EE,Estonia,Lääne County,,,EE-57,,ChIJkYf9Ff9Y7UYRcGD8GG2zAAM,2021-02-04,,,,,-7,
EE,Estonia,Lääne County,,,EE-57,,ChIJkYf9Ff9Y7UYRcGD8GG2zAAM,2021-02-05,,,,,-9,
EE,Estonia,Lääne County,,,EE-57,,ChIJkYf9Ff9Y7UYRcGD8GG2zAAM,2021-02-08,,,,,-9,
EE,Estonia,Lääne County,,,EE-57,,ChIJkYf9Ff9Y7UYRcGD8GG2zAAM,2021-02-09,,,,,-8,
EE,Estonia,Lääne County,,,EE-57,,ChIJkYf9Ff9Y7UYRcGD8GG2zAAM,2021-02-10,,,,,-8,
EE,Estonia,Lääne County,,,EE-57,,ChIJkYf9Ff9Y7UYRcGD8GG2zAAM,2021-02-11,,,,,-6,
EE,Estonia,Lääne County,,,EE-57,,ChIJkYf9Ff9Y7UYRcGD8GG2zAAM,2021-02-12,,,,,-11,
EE,Estonia,Lääne County,,,EE-57,,ChIJkYf9Ff9Y7UYRcGD8GG2zAAM,2021-02-15,,,,,-10,
EE,Estonia,Lääne County,,,EE-57,,ChIJkYf9Ff9Y7UYRcGD8GG2zAAM,2021-02-16,,,,,-9,
EE,Estonia,Lääne County,,,EE-57,,ChIJkYf9Ff9Y7UYRcGD8GG2zAAM,2021-02-17,,,,,-5,
EE,Estonia,Lääne County,,,EE-57,,ChIJkYf9Ff9Y7UYRcGD8GG2zAAM,2021-02-18,,,,,-5,
EE,Estonia,Lääne County,,,EE-57,,ChIJkYf9Ff9Y7UYRcGD8GG2zAAM,2021-02-19,,,,,-11,
EE,Estonia,Lääne County,,,EE-57,,ChIJkYf9Ff9Y7UYRcGD8GG2zAAM,2021-02-22,,,,,-28,
EE,Estonia,Lääne County,,,EE-57,,ChIJkYf9Ff9Y7UYRcGD8GG2zAAM,2021-02-23,,,,,-33,
EE,Estonia,Lääne County,,,EE-57,,ChIJkYf9Ff9Y7UYRcGD8GG2zAAM,2021-02-24,,,,,-73,
EE,Estonia,Lääne County,,,EE-57,,ChIJkYf9Ff9Y7UYRcGD8GG2zAAM,2021-02-25,,,,,-29,
EE,Estonia,Lääne County,,,EE-57,,ChIJkYf9Ff9Y7UYRcGD8GG2zAAM,2021-02-26,,,,,-33,
EE,Estonia,Lääne County,,,EE-57,,ChIJkYf9Ff9Y7UYRcGD8GG2zAAM,2021-03-01,,,,,-22,
EE,Estonia,Lääne County,,,EE-57,,ChIJkYf9Ff9Y7UYRcGD8GG2zAAM,2021-03-02,,,,,-24,
EE,Estonia,Lääne County,,,EE-57,,ChIJkYf9Ff9Y7UYRcGD8GG2zAAM,2021-03-03,,,,,-22,
EE,Estonia,Lääne County,,,EE-57,,ChIJkYf9Ff9Y7UYRcGD8GG2zAAM,2021-03-04,,,,,-25,
EE,Estonia,Lääne County,,,EE-57,,ChIJkYf9Ff9Y7UYRcGD8GG2zAAM,2021-03-05,,,,,-27,
EE,Estonia,Lääne County,,,EE-57,,ChIJkYf9Ff9Y7UYRcGD8GG2zAAM,2021-03-08,,,,,-25,
EE,Estonia,Lääne County,,,EE-57,,ChIJkYf9Ff9Y7UYRcGD8GG2zAAM,2021-03-09,,,,,-29,
EE,Estonia,Lääne County,,,EE-57,,ChIJkYf9Ff9Y7UYRcGD8GG2zAAM,2021-03-10,,,,,-27,
EE,Estonia,Lääne County,,,EE-57,,ChIJkYf9Ff9Y7UYRcGD8GG2zAAM,2021-03-11,,,,,-38,
EE,Estonia,Lääne County,,,EE-57,,ChIJkYf9Ff9Y7UYRcGD8GG2zAAM,2021-03-12,,,,,-40,
EE,Estonia,Lääne County,,,EE-57,,ChIJkYf9Ff9Y7UYRcGD8GG2zAAM,2021-03-15,,,,,-36,
EE,Estonia,Lääne County,,,EE-57,,ChIJkYf9Ff9Y7UYRcGD8GG2zAAM,2021-03-16,,,,,-37,
EE,Estonia,Lääne County,,,EE-57,,ChIJkYf9Ff9Y7UYRcGD8GG2zAAM,2021-03-17,,,,,-33,
EE,Estonia,Lääne County,,,EE-57,,ChIJkYf9Ff9Y7UYRcGD8GG2zAAM,2021-03-18,,,,,-33,
EE,Estonia,Lääne County,,,EE-57,,ChIJkYf9Ff9Y7UYRcGD8GG2zAAM,2021-03-19,,,,,-36,
EE,Estonia,Lääne County,,,EE-57,,ChIJkYf9Ff9Y7UYRcGD8GG2zAAM,2021-03-22,,,,,-35,
EE,Estonia,Lääne County,,,EE-57,,ChIJkYf9Ff9Y7UYRcGD8GG2zAAM,2021-03-23,,,,,-35,
EE,Estonia,Lääne County,,,EE-57,,ChIJkYf9Ff9Y7UYRcGD8GG2zAAM,2021-03-24,,,,,-32,
EE,Estonia,Lääne County,,,EE-57,,ChIJkYf9Ff9Y7UYRcGD8GG2zAAM,2021-03-25,,,,,-36,
EE,Estonia,Lääne County,,,EE-57,,ChIJkYf9Ff9Y7UYRcGD8GG2zAAM,2021-03-26,,,,,-32,
EE,Estonia,Lääne-Viru County,,,EE-59,,ChIJ0zwY69Z1k0YRgGD8GG2zAAM,2021-01-01,-66,-44,,-54,-83,27
EE,Estonia,Lääne-Viru County,,,EE-59,,ChIJ0zwY69Z1k0YRgGD8GG2zAAM,2021-01-02,-25,-5,,-41,-22,
EE,Estonia,Lääne-Viru County,,,EE-59,,ChIJ0zwY69Z1k0YRgGD8GG2zAAM,2021-01-03,-12,8,,-26,-5,
EE,Estonia,Lääne-Viru County,,,EE-59,,ChIJ0zwY69Z1k0YRgGD8GG2zAAM,2021-01-04,-4,15,,-22,-29,9
EE,Estonia,Lääne-Viru County,,,EE-59,,ChIJ0zwY69Z1k0YRgGD8GG2zAAM,2021-01-05,7,20,,-16,-30,8
EE,Estonia,Lääne-Viru County,,,EE-59,,ChIJ0zwY69Z1k0YRgGD8GG2zAAM,2021-01-06,-3,15,,-19,-29,8
EE,Estonia,Lääne-Viru County,,,EE-59,,ChIJ0zwY69Z1k0YRgGD8GG2zAAM,2021-01-07,-4,16,,-22,-28,10
EE,Estonia,Lääne-Viru County,,,EE-59,,ChIJ0zwY69Z1k0YRgGD8GG2zAAM,2021-01-08,-4,12,,-30,-30,10
EE,Estonia,Lääne-Viru County,,,EE-59,,ChIJ0zwY69Z1k0YRgGD8GG2zAAM,2021-01-09,-2,9,,-30,-12,
EE,Estonia,Lääne-Viru County,,,EE-59,,ChIJ0zwY69Z1k0YRgGD8GG2zAAM,2021-01-10,0,9,,-30,-8,
EE,Estonia,Lääne-Viru County,,,EE-59,,ChIJ0zwY69Z1k0YRgGD8GG2zAAM,2021-01-11,-5,14,,-18,-6,5
EE,Estonia,Lääne-Viru County,,,EE-59,,ChIJ0zwY69Z1k0YRgGD8GG2zAAM,2021-01-12,-6,6,,-21,-9,5
EE,Estonia,Lääne-Viru County,,,EE-59,,ChIJ0zwY69Z1k0YRgGD8GG2zAAM,2021-01-13,-7,5,,-20,-8,3
EE,Estonia,Lääne-Viru County,,,EE-59,,ChIJ0zwY69Z1k0YRgGD8GG2zAAM,2021-01-14,-11,3,,-26,-7,4
EE,Estonia,Lääne-Viru County,,,EE-59,,ChIJ0zwY69Z1k0YRgGD8GG2zAAM,2021-01-15,-18,1,,-25,-10,5
EE,Estonia,Lääne-Viru County,,,EE-59,,ChIJ0zwY69Z1k0YRgGD8GG2zAAM,2021-01-16,-11,3,,-34,-11,
EE,Estonia,Lääne-Viru County,,,EE-59,,ChIJ0zwY69Z1k0YRgGD8GG2zAAM,2021-01-17,-14,1,,-35,-5,
EE,Estonia,Lääne-Viru County,,,EE-59,,ChIJ0zwY69Z1k0YRgGD8GG2zAAM,2021-01-18,-9,4,,-21,-5,3
EE,Estonia,Lääne-Viru County,,,EE-59,,ChIJ0zwY69Z1k0YRgGD8GG2zAAM,2021-01-19,-7,6,,-22,-8,3
EE,Estonia,Lääne-Viru County,,,EE-59,,ChIJ0zwY69Z1k0YRgGD8GG2zAAM,2021-01-20,-10,6,,-21,-5,4
EE,Estonia,Lääne-Viru County,,,EE-59,,ChIJ0zwY69Z1k0YRgGD8GG2zAAM,2021-01-21,-15,-6,,-30,-8,5
EE,Estonia,Lääne-Viru County,,,EE-59,,ChIJ0zwY69Z1k0YRgGD8GG2zAAM,2021-01-22,-13,5,,-30,-10,5
EE,Estonia,Lääne-Viru County,,,EE-59,,ChIJ0zwY69Z1k0YRgGD8GG2zAAM,2021-01-23,-17,0,,-36,-13,
EE,Estonia,Lääne-Viru County,,,EE-59,,ChIJ0zwY69Z1k0YRgGD8GG2zAAM,2021-01-24,-13,-1,,-30,-3,
EE,Estonia,Lääne-Viru County,,,EE-59,,ChIJ0zwY69Z1k0YRgGD8GG2zAAM,2021-01-25,-9,8,,-25,-7,4
EE,Estonia,Lääne-Viru County,,,EE-59,,ChIJ0zwY69Z1k0YRgGD8GG2zAAM,2021-01-26,-8,7,,-27,-8,3
EE,Estonia,Lääne-Viru County,,,EE-59,,ChIJ0zwY69Z1k0YRgGD8GG2zAAM,2021-01-27,-11,1,,-23,-5,3
EE,Estonia,Lääne-Viru County,,,EE-59,,ChIJ0zwY69Z1k0YRgGD8GG2zAAM,2021-01-28,-13,-3,,-23,-7,5
EE,Estonia,Lääne-Viru County,,,EE-59,,ChIJ0zwY69Z1k0YRgGD8GG2zAAM,2021-01-29,-16,0,,-30,-9,4
EE,Estonia,Lääne-Viru County,,,EE-59,,ChIJ0zwY69Z1k0YRgGD8GG2zAAM,2021-01-30,-20,0,,-38,-4,
EE,Estonia,Lääne-Viru County,,,EE-59,,ChIJ0zwY69Z1k0YRgGD8GG2zAAM,2021-01-31,-19,-2,,-25,-8,
EE,Estonia,Lääne-Viru County,,,EE-59,,ChIJ0zwY69Z1k0YRgGD8GG2zAAM,2021-02-01,-17,3,,-25,-7,3
EE,Estonia,Lääne-Viru County,,,EE-59,,ChIJ0zwY69Z1k0YRgGD8GG2zAAM,2021-02-02,-12,2,,-26,-7,4
EE,Estonia,Lääne-Viru County,,,EE-59,,ChIJ0zwY69Z1k0YRgGD8GG2zAAM,2021-02-03,-18,-5,,-21,-6,3
EE,Estonia,Lääne-Viru County,,,EE-59,,ChIJ0zwY69Z1k0YRgGD8GG2zAAM,2021-02-04,-13,-3,,-22,-7,4
EE,Estonia,Lääne-Viru County,,,EE-59,,ChIJ0zwY69Z1k0YRgGD8GG2zAAM,2021-02-05,-10,4,,-18,-6,3
EE,Estonia,Lääne-Viru County,,,EE-59,,ChIJ0zwY69Z1k0YRgGD8GG2zAAM,2021-02-06,-15,1,,-30,-8,
EE,Estonia,Lääne-Viru County,,,EE-59,,ChIJ0zwY69Z1k0YRgGD8GG2zAAM,2021-02-07,-13,3,,-23,-2,
EE,Estonia,Lääne-Viru County,,,EE-59,,ChIJ0zwY69Z1k0YRgGD8GG2zAAM,2021-02-08,-3,15,,-13,-4,2
EE,Estonia,Lääne-Viru County,,,EE-59,,ChIJ0zwY69Z1k0YRgGD8GG2zAAM,2021-02-09,2,9,,-15,-5,4
EE,Estonia,Lääne-Viru County,,,EE-59,,ChIJ0zwY69Z1k0YRgGD8GG2zAAM,2021-02-10,-6,6,,-18,-4,3
EE,Estonia,Lääne-Viru County,,,EE-59,,ChIJ0zwY69Z1k0YRgGD8GG2zAAM,2021-02-11,-5,12,,-26,-6,4
EE,Estonia,Lääne-Viru County,,,EE-59,,ChIJ0zwY69Z1k0YRgGD8GG2zAAM,2021-02-12,-6,10,,-28,-7,4
EE,Estonia,Lääne-Viru County,,,EE-59,,ChIJ0zwY69Z1k0YRgGD8GG2zAAM,2021-02-13,-1,10,,-46,-8,
EE,Estonia,Lääne-Viru County,,,EE-59,,ChIJ0zwY69Z1k0YRgGD8GG2zAAM,2021-02-14,9,17,,-34,-3,
EE,Estonia,Lääne-Viru County,,,EE-59,,ChIJ0zwY69Z1k0YRgGD8GG2zAAM,2021-02-15,-11,8,,-25,-5,4
EE,Estonia,Lääne-Viru County,,,EE-59,,ChIJ0zwY69Z1k0YRgGD8GG2zAAM,2021-02-16,4,15,,-23,-7,3
EE,Estonia,Lääne-Viru County,,,EE-59,,ChIJ0zwY69Z1k0YRgGD8GG2zAAM,2021-02-17,-11,5,,-30,-8,5
EE,Estonia,Lääne-Viru County,,,EE-59,,ChIJ0zwY69Z1k0YRgGD8GG2zAAM,2021-02-18,-9,6,,-33,-11,6
EE,Estonia,Lääne-Viru County,,,EE-59,,ChIJ0zwY69Z1k0YRgGD8GG2zAAM,2021-02-19,-9,6,,-29,-9,6
EE,Estonia,Lääne-Viru County,,,EE-59,,ChIJ0zwY69Z1k0YRgGD8GG2zAAM,2021-02-20,-13,6,,-40,-15,
EE,Estonia,Lääne-Viru County,,,EE-59,,ChIJ0zwY69Z1k0YRgGD8GG2zAAM,2021-02-21,-13,3,,-41,-11,
EE,Estonia,Lääne-Viru County,,,EE-59,,ChIJ0zwY69Z1k0YRgGD8GG2zAAM,2021-02-22,-10,13,,-33,-27,9
EE,Estonia,Lääne-Viru County,,,EE-59,,ChIJ0zwY69Z1k0YRgGD8GG2zAAM,2021-02-23,,25,,-25,-31,10
EE,Estonia,Lääne-Viru County,,,EE-59,,ChIJ0zwY69Z1k0YRgGD8GG2zAAM,2021-02-24,-35,1,,-50,-73,20
EE,Estonia,Lääne-Viru County,,,EE-59,,ChIJ0zwY69Z1k0YRgGD8GG2zAAM,2021-02-25,-10,-1,,-31,-31,10
EE,Estonia,Lääne-Viru County,,,EE-59,,ChIJ0zwY69Z1k0YRgGD8GG2zAAM,2021-02-26,-11,9,,-35,-31,11
EE,Estonia,Lääne-Viru County,,,EE-59,,ChIJ0zwY69Z1k0YRgGD8GG2zAAM,2021-02-27,-16,5,,-39,-14,
EE,Estonia,Lääne-Viru County,,,EE-59,,ChIJ0zwY69Z1k0YRgGD8GG2zAAM,2021-02-28,-12,7,,-35,-9,
EE,Estonia,Lääne-Viru County,,,EE-59,,ChIJ0zwY69Z1k0YRgGD8GG2zAAM,2021-03-01,-11,12,,-27,-21,6
EE,Estonia,Lääne-Viru County,,,EE-59,,ChIJ0zwY69Z1k0YRgGD8GG2zAAM,2021-03-02,-3,10,,-23,-21,7
EE,Estonia,Lääne-Viru County,,,EE-59,,ChIJ0zwY69Z1k0YRgGD8GG2zAAM,2021-03-03,-3,12,,-23,-22,7
EE,Estonia,Lääne-Viru County,,,EE-59,,ChIJ0zwY69Z1k0YRgGD8GG2zAAM,2021-03-04,-11,6,,-29,-24,9
EE,Estonia,Lääne-Viru County,,,EE-59,,ChIJ0zwY69Z1k0YRgGD8GG2zAAM,2021-03-05,-7,19,,-28,-23,8
EE,Estonia,Lääne-Viru County,,,EE-59,,ChIJ0zwY69Z1k0YRgGD8GG2zAAM,2021-03-06,-47,-3,,-57,-19,
EE,Estonia,Lääne-Viru County,,,EE-59,,ChIJ0zwY69Z1k0YRgGD8GG2zAAM,2021-03-07,,5,,-44,-20,
EE,Estonia,Lääne-Viru County,,,EE-59,,ChIJ0zwY69Z1k0YRgGD8GG2zAAM,2021-03-08,6,34,,-27,-24,8
EE,Estonia,Lääne-Viru County,,,EE-59,,ChIJ0zwY69Z1k0YRgGD8GG2zAAM,2021-03-09,-5,8,,-26,-26,9
EE,Estonia,Lääne-Viru County,,,EE-59,,ChIJ0zwY69Z1k0YRgGD8GG2zAAM,2021-03-10,8,18,,-11,-28,9
EE,Estonia,Lääne-Viru County,,,EE-59,,ChIJ0zwY69Z1k0YRgGD8GG2zAAM,2021-03-11,-36,3,,-37,-33,11
EE,Estonia,Lääne-Viru County,,,EE-59,,ChIJ0zwY69Z1k0YRgGD8GG2zAAM,2021-03-12,-42,-3,,-43,-34,14
EE,Estonia,Lääne-Viru County,,,EE-59,,ChIJ0zwY69Z1k0YRgGD8GG2zAAM,2021-03-13,-47,-3,,-54,-19,
EE,Estonia,Lääne-Viru County,,,EE-59,,ChIJ0zwY69Z1k0YRgGD8GG2zAAM,2021-03-14,-41,-2,,-44,-23,
EE,Estonia,Lääne-Viru County,,,EE-59,,ChIJ0zwY69Z1k0YRgGD8GG2zAAM,2021-03-15,,9,,-32,-35,12
EE,Estonia,Lääne-Viru County,,,EE-59,,ChIJ0zwY69Z1k0YRgGD8GG2zAAM,2021-03-16,-25,12,,-26,-34,9
EE,Estonia,Lääne-Viru County,,,EE-59,,ChIJ0zwY69Z1k0YRgGD8GG2zAAM,2021-03-17,-29,7,,-32,-33,11
EE,Estonia,Lääne-Viru County,,,EE-59,,ChIJ0zwY69Z1k0YRgGD8GG2zAAM,2021-03-18,-32,3,,-32,-33,12
EE,Estonia,Lääne-Viru County,,,EE-59,,ChIJ0zwY69Z1k0YRgGD8GG2zAAM,2021-03-19,-31,5,,-37,-33,12
EE,Estonia,Lääne-Viru County,,,EE-59,,ChIJ0zwY69Z1k0YRgGD8GG2zAAM,2021-03-20,-44,0,,-55,-22,
EE,Estonia,Lääne-Viru County,,,EE-59,,ChIJ0zwY69Z1k0YRgGD8GG2zAAM,2021-03-21,-39,3,,-45,-19,
EE,Estonia,Lääne-Viru County,,,EE-59,,ChIJ0zwY69Z1k0YRgGD8GG2zAAM,2021-03-22,-27,9,,-32,-31,9
EE,Estonia,Lääne-Viru County,,,EE-59,,ChIJ0zwY69Z1k0YRgGD8GG2zAAM,2021-03-23,-24,9,,-34,-31,9
EE,Estonia,Lääne-Viru County,,,EE-59,,ChIJ0zwY69Z1k0YRgGD8GG2zAAM,2021-03-24,-29,8,,-33,-29,9
EE,Estonia,Lääne-Viru County,,,EE-59,,ChIJ0zwY69Z1k0YRgGD8GG2zAAM,2021-03-25,-27,7,,-28,-30,10
EE,Estonia,Lääne-Viru County,,,EE-59,,ChIJ0zwY69Z1k0YRgGD8GG2zAAM,2021-03-26,-31,7,,-37,-31,11
EE,Estonia,Lääne-Viru County,,,EE-59,,ChIJ0zwY69Z1k0YRgGD8GG2zAAM,2021-03-27,-34,6,,-41,-20,
EE,Estonia,Pärnu County,,,EE-67,,ChIJpYnrfIb-7EYRoGD8GG2zAAM,2021-01-01,-70,-50,,-50,-87,26
EE,Estonia,Pärnu County,,,EE-67,,ChIJpYnrfIb-7EYRoGD8GG2zAAM,2021-01-02,-30,-13,-3,-19,-27,
EE,Estonia,Pärnu County,,,EE-67,,ChIJpYnrfIb-7EYRoGD8GG2zAAM,2021-01-03,-25,-3,,-23,-17,
EE,Estonia,Pärnu County,,,EE-67,,ChIJpYnrfIb-7EYRoGD8GG2zAAM,2021-01-04,-11,6,,-23,-33,11
EE,Estonia,Pärnu County,,,EE-67,,ChIJpYnrfIb-7EYRoGD8GG2zAAM,2021-01-05,-3,10,,-18,-30,10
EE,Estonia,Pärnu County,,,EE-67,,ChIJpYnrfIb-7EYRoGD8GG2zAAM,2021-01-06,-6,2,,-13,-30,9
EE,Estonia,Pärnu County,,,EE-67,,ChIJpYnrfIb-7EYRoGD8GG2zAAM,2021-01-07,-12,0,,-22,-32,10
EE,Estonia,Pärnu County,,,EE-67,,ChIJpYnrfIb-7EYRoGD8GG2zAAM,2021-01-08,-7,3,-24,-24,-31,11
EE,Estonia,Pärnu County,,,EE-67,,ChIJpYnrfIb-7EYRoGD8GG2zAAM,2021-01-09,-13,-2,-17,-21,-10,
EE,Estonia,Pärnu County,,,EE-67,,ChIJpYnrfIb-7EYRoGD8GG2zAAM,2021-01-10,-14,0,-1,-26,-6,
EE,Estonia,Pärnu County,,,EE-67,,ChIJpYnrfIb-7EYRoGD8GG2zAAM,2021-01-11,-10,2,,-14,-7,5
EE,Estonia,Pärnu County,,,EE-67,,ChIJpYnrfIb-7EYRoGD8GG2zAAM,2021-01-12,-10,1,,-10,-9,5
EE,Estonia,Pärnu County,,,EE-67,,ChIJpYnrfIb-7EYRoGD8GG2zAAM,2021-01-13,-10,0,,-8,-10,4
EE,Estonia,Pärnu County,,,EE-67,,ChIJpYnrfIb-7EYRoGD8GG2zAAM,2021-01-14,-14,-1,,-15,-11,5
EE,Estonia,Pärnu County,,,EE-67,,ChIJpYnrfIb-7EYRoGD8GG2zAAM,2021-01-15,-18,-6,-27,-25,-15,6
EE,Estonia,Pärnu County,,,EE-67,,ChIJpYnrfIb-7EYRoGD8GG2zAAM,2021-01-16,-21,-8,-25,-27,-13,
EE,Estonia,Pärnu County,,,EE-67,,ChIJpYnrfIb-7EYRoGD8GG2zAAM,2021-01-17,-20,-6,,-30,-11,
EE,Estonia,Pärnu County,,,EE-67,,ChIJpYnrfIb-7EYRoGD8GG2zAAM,2021-01-18,-18,-8,,-17,-14,5
EE,Estonia,Pärnu County,,,EE-67,,ChIJpYnrfIb-7EYRoGD8GG2zAAM,2021-01-19,-15,-1,,-15,-14,5
EE,Estonia,Pärnu County,,,EE-67,,ChIJpYnrfIb-7EYRoGD8GG2zAAM,2021-01-20,-15,-6,,-16,-15,6
EE,Estonia,Pärnu County,,,EE-67,,ChIJpYnrfIb-7EYRoGD8GG2zAAM,2021-01-21,-20,-9,,-20,-15,7
EE,Estonia,Pärnu County,,,EE-67,,ChIJpYnrfIb-7EYRoGD8GG2zAAM,2021-01-22,-22,-4,-36,-23,-17,8
EE,Estonia,Pärnu County,,,EE-67,,ChIJpYnrfIb-7EYRoGD8GG2zAAM,2021-01-23,-21,-7,-28,-25,-10,
EE,Estonia,Pärnu County,,,EE-67,,ChIJpYnrfIb-7EYRoGD8GG2zAAM,2021-01-24,-24,-8,-12,-32,-14,
EE,Estonia,Pärnu County,,,EE-67,,ChIJpYnrfIb-7EYRoGD8GG2zAAM,2021-01-25,-18,-3,,-18,-15,7
EE,Estonia,Pärnu County,,,EE-67,,ChIJpYnrfIb-7EYRoGD8GG2zAAM,2021-01-26,-21,-6,,-13,-15,6
EE,Estonia,Pärnu County,,,EE-67,,ChIJpYnrfIb-7EYRoGD8GG2zAAM,2021-01-27,-19,-9,,-11,-13,7
EE,Estonia,Pärnu County,,,EE-67,,ChIJpYnrfIb-7EYRoGD8GG2zAAM,2021-01-28,-19,-7,,-18,-15,6
EE,Estonia,Pärnu County,,,EE-67,,ChIJpYnrfIb-7EYRoGD8GG2zAAM,2021-01-29,-22,-7,-24,-16,-15,7
EE,Estonia,Pärnu County,,,EE-67,,ChIJpYnrfIb-7EYRoGD8GG2zAAM,2021-01-30,-21,-9,-12,-24,-6,
EE,Estonia,Pärnu County,,,EE-67,,ChIJpYnrfIb-7EYRoGD8GG2zAAM,2021-01-31,-29,-10,,-33,-10,
EE,Estonia,Pärnu County,,,EE-67,,ChIJpYnrfIb-7EYRoGD8GG2zAAM,2021-02-01,-19,-7,,-12,-12,5
EE,Estonia,Pärnu County,,,EE-67,,ChIJpYnrfIb-7EYRoGD8GG2zAAM,2021-02-02,-17,1,,-12,-10,5
EE,Estonia,Pärnu County,,,EE-67,,ChIJpYnrfIb-7EYRoGD8GG2zAAM,2021-02-03,-18,-7,,-12,-13,6
EE,Estonia,Pärnu County,,,EE-67,,ChIJpYnrfIb-7EYRoGD8GG2zAAM,2021-02-04,-20,-8,,-21,-13,7
EE,Estonia,Pärnu County,,,EE-67,,ChIJpYnrfIb-7EYRoGD8GG2zAAM,2021-02-05,-19,2,-24,-21,-14,7
EE,Estonia,Pärnu County,,,EE-67,,ChIJpYnrfIb-7EYRoGD8GG2zAAM,2021-02-06,-20,-4,-18,-31,-10,
EE,Estonia,Pärnu County,,,EE-67,,ChIJpYnrfIb-7EYRoGD8GG2zAAM,2021-02-07,-25,-9,-4,-35,-13,
EE,Estonia,Pärnu County,,,EE-67,,ChIJpYnrfIb-7EYRoGD8GG2zAAM,2021-02-08,-15,-3,,-16,-14,6
EE,Estonia,Pärnu County,,,EE-67,,ChIJpYnrfIb-7EYRoGD8GG2zAAM,2021-02-09,-11,2,,-16,-13,6
EE,Estonia,Pärnu County,,,EE-67,,ChIJpYnrfIb-7EYRoGD8GG2zAAM,2021-02-10,-11,1,,-16,-12,6
EE,Estonia,Pärnu County,,,EE-67,,ChIJpYnrfIb-7EYRoGD8GG2zAAM,2021-02-11,-13,3,,-18,-15,6
EE,Estonia,Pärnu County,,,EE-67,,ChIJpYnrfIb-7EYRoGD8GG2zAAM,2021-02-12,-15,0,-17,-16,-14,6
EE,Estonia,Pärnu County,,,EE-67,,ChIJpYnrfIb-7EYRoGD8GG2zAAM,2021-02-13,-10,4,-14,-22,-8,
EE,Estonia,Pärnu County,,,EE-67,,ChIJpYnrfIb-7EYRoGD8GG2zAAM,2021-02-14,-3,9,,-17,-7,
EE,Estonia,Pärnu County,,,EE-67,,ChIJpYnrfIb-7EYRoGD8GG2zAAM,2021-02-15,-14,-1,,-11,-11,4
EE,Estonia,Pärnu County,,,EE-67,,ChIJpYnrfIb-7EYRoGD8GG2zAAM,2021-02-16,-10,3,,-7,-10,4
EE,Estonia,Pärnu County,,,EE-67,,ChIJpYnrfIb-7EYRoGD8GG2zAAM,2021-02-17,-11,1,,-5,-9,5
EE,Estonia,Pärnu County,,,EE-67,,ChIJpYnrfIb-7EYRoGD8GG2zAAM,2021-02-18,-19,-5,,-16,-13,6
EE,Estonia,Pärnu County,,,EE-67,,ChIJpYnrfIb-7EYRoGD8GG2zAAM,2021-02-19,-16,-1,-17,-16,-15,7
EE,Estonia,Pärnu County,,,EE-67,,ChIJpYnrfIb-7EYRoGD8GG2zAAM,2021-02-20,-20,-3,-19,-17,-9,
EE,Estonia,Pärnu County,,,EE-67,,ChIJpYnrfIb-7EYRoGD8GG2zAAM,2021-02-21,-23,-2,-2,-29,-13,
EE,Estonia,Pärnu County,,,EE-67,,ChIJpYnrfIb-7EYRoGD8GG2zAAM,2021-02-22,-12,2,,-13,-31,8
EE,Estonia,Pärnu County,,,EE-67,,ChIJpYnrfIb-7EYRoGD8GG2zAAM,2021-02-23,-12,19,,-7,-34,10
EE,Estonia,Pärnu County,,,EE-67,,ChIJpYnrfIb-7EYRoGD8GG2zAAM,2021-02-24,-46,-13,,-32,-77,21
EE,Estonia,Pärnu County,,,EE-67,,ChIJpYnrfIb-7EYRoGD8GG2zAAM,2021-02-25,-16,-4,,-18,-35,9
EE,Estonia,Pärnu County,,,EE-67,,ChIJpYnrfIb-7EYRoGD8GG2zAAM,2021-02-26,-17,-3,-26,-24,-35,11
EE,Estonia,Pärnu County,,,EE-67,,ChIJpYnrfIb-7EYRoGD8GG2zAAM,2021-02-27,-16,0,52,-20,-14,
EE,Estonia,Pärnu County,,,EE-67,,ChIJpYnrfIb-7EYRoGD8GG2zAAM,2021-02-28,-22,-2,,-23,-8,
EE,Estonia,Pärnu County,,,EE-67,,ChIJpYnrfIb-7EYRoGD8GG2zAAM,2021-03-01,-14,-2,,-17,-22,8
EE,Estonia,Pärnu County,,,EE-67,,ChIJpYnrfIb-7EYRoGD8GG2zAAM,2021-03-02,-10,6,,-13,-21,7
EE,Estonia,Pärnu County,,,EE-67,,ChIJpYnrfIb-7EYRoGD8GG2zAAM,2021-03-03,-9,2,,-15,-24,8
EE,Estonia,Pärnu County,,,EE-67,,ChIJpYnrfIb-7EYRoGD8GG2zAAM,2021-03-04,-14,1,,-21,-24,9
EE,Estonia,Pärnu County,,,EE-67,,ChIJpYnrfIb-7EYRoGD8GG2zAAM,2021-03-05,-11,8,-33,-22,-23,8
EE,Estonia,Pärnu County,,,EE-67,,ChIJpYnrfIb-7EYRoGD8GG2zAAM,2021-03-06,-59,-7,-56,-37,-20,
EE,Estonia,Pärnu County,,,EE-67,,ChIJpYnrfIb-7EYRoGD8GG2zAAM,2021-03-07,-60,-6,-36,-37,-21,
EE,Estonia,Pärnu County,,,EE-67,,ChIJpYnrfIb-7EYRoGD8GG2zAAM,2021-03-08,-3,18,,-14,-23,7
EE,Estonia,Pärnu County,,,EE-67,,ChIJpYnrfIb-7EYRoGD8GG2zAAM,2021-03-09,0,8,,-8,-24,8
EE,Estonia,Pärnu County,,,EE-67,,ChIJpYnrfIb-7EYRoGD8GG2zAAM,2021-03-10,6,8,,-14,-24,9
EE,Estonia,Pärnu County,,,EE-67,,ChIJpYnrfIb-7EYRoGD8GG2zAAM,2021-03-11,-51,-1,,-26,-32,12
EE,Estonia,Pärnu County,,,EE-67,,ChIJpYnrfIb-7EYRoGD8GG2zAAM,2021-03-12,-52,-4,-59,-29,-32,15
EE,Estonia,Pärnu County,,,EE-67,,ChIJpYnrfIb-7EYRoGD8GG2zAAM,2021-03-13,-61,-9,-50,-27,-20,
EE,Estonia,Pärnu County,,,EE-67,,ChIJpYnrfIb-7EYRoGD8GG2zAAM,2021-03-14,-63,-14,-55,-34,-18,
EE,Estonia,Pärnu County,,,EE-67,,ChIJpYnrfIb-7EYRoGD8GG2zAAM,2021-03-15,-45,0,,-22,-30,10
EE,Estonia,Pärnu County,,,EE-67,,ChIJpYnrfIb-7EYRoGD8GG2zAAM,2021-03-16,-43,-1,,-19,-31,11
EE,Estonia,Pärnu County,,,EE-67,,ChIJpYnrfIb-7EYRoGD8GG2zAAM,2021-03-17,-40,0,,-17,-31,11
EE,Estonia,Pärnu County,,,EE-67,,ChIJpYnrfIb-7EYRoGD8GG2zAAM,2021-03-18,-44,0,,-25,-31,11
EE,Estonia,Pärnu County,,,EE-67,,ChIJpYnrfIb-7EYRoGD8GG2zAAM,2021-03-19,-46,1,-23,-23,-31,13
EE,Estonia,Pärnu County,,,EE-67,,ChIJpYnrfIb-7EYRoGD8GG2zAAM,2021-03-20,-56,-4,-36,-27,-20,
EE,Estonia,Pärnu County,,,EE-67,,ChIJpYnrfIb-7EYRoGD8GG2zAAM,2021-03-21,-52,-5,,-31,-24,
EE,Estonia,Pärnu County,,,EE-67,,ChIJpYnrfIb-7EYRoGD8GG2zAAM,2021-03-22,-40,0,,-20,-29,10
EE,Estonia,Pärnu County,,,EE-67,,ChIJpYnrfIb-7EYRoGD8GG2zAAM,2021-03-23,-40,2,,-18,-29,10
EE,Estonia,Pärnu County,,,EE-67,,ChIJpYnrfIb-7EYRoGD8GG2zAAM,2021-03-24,-43,-5,,-17,-29,11
EE,Estonia,Pärnu County,,,EE-67,,ChIJpYnrfIb-7EYRoGD8GG2zAAM,2021-03-25,-44,-3,,-19,-32,12
EE,Estonia,Pärnu County,,,EE-67,,ChIJpYnrfIb-7EYRoGD8GG2zAAM,2021-03-26,-44,-2,-8,-19,-31,11
EE,Estonia,Pärnu County,,,EE-67,,ChIJpYnrfIb-7EYRoGD8GG2zAAM,2021-03-27,-50,1,19,-14,-14,
EE,Estonia,Põlva County,,,EE-65,,ChIJi8ZnKZjd6kYRkGD8GG2zAAM,2021-01-01,,,,,-83,
EE,Estonia,Põlva County,,,EE-65,,ChIJi8ZnKZjd6kYRkGD8GG2zAAM,2021-01-04,,,,,-35,
EE,Estonia,Põlva County,,,EE-65,,ChIJi8ZnKZjd6kYRkGD8GG2zAAM,2021-01-05,,,,,-34,
EE,Estonia,Põlva County,,,EE-65,,ChIJi8ZnKZjd6kYRkGD8GG2zAAM,2021-01-06,,,,,-33,
EE,Estonia,Põlva County,,,EE-65,,ChIJi8ZnKZjd6kYRkGD8GG2zAAM,2021-01-07,,,,,-33,
EE,Estonia,Põlva County,,,EE-65,,ChIJi8ZnKZjd6kYRkGD8GG2zAAM,2021-01-08,,,,,-28,
EE,Estonia,Põlva County,,,EE-65,,ChIJi8ZnKZjd6kYRkGD8GG2zAAM,2021-01-11,,,,,-3,
EE,Estonia,Põlva County,,,EE-65,,ChIJi8ZnKZjd6kYRkGD8GG2zAAM,2021-01-12,,,,,-6,
EE,Estonia,Põlva County,,,EE-65,,ChIJi8ZnKZjd6kYRkGD8GG2zAAM,2021-01-13,,,,,-6,
EE,Estonia,Põlva County,,,EE-65,,ChIJi8ZnKZjd6kYRkGD8GG2zAAM,2021-01-14,,,,,-7,
EE,Estonia,Põlva County,,,EE-65,,ChIJi8ZnKZjd6kYRkGD8GG2zAAM,2021-01-15,,,,,-8,
EE,Estonia,Põlva County,,,EE-65,,ChIJi8ZnKZjd6kYRkGD8GG2zAAM,2021-01-18,,,,,-9,
EE,Estonia,Põlva County,,,EE-65,,ChIJi8ZnKZjd6kYRkGD8GG2zAAM,2021-01-19,,,,,-13,
EE,Estonia,Põlva County,,,EE-65,,ChIJi8ZnKZjd6kYRkGD8GG2zAAM,2021-01-20,,,,,-9,
EE,Estonia,Põlva County,,,EE-65,,ChIJi8ZnKZjd6kYRkGD8GG2zAAM,2021-01-21,,,,,-9,
EE,Estonia,Põlva County,,,EE-65,,ChIJi8ZnKZjd6kYRkGD8GG2zAAM,2021-01-22,,,,,-8,
EE,Estonia,Põlva County,,,EE-65,,ChIJi8ZnKZjd6kYRkGD8GG2zAAM,2021-01-25,,,,,-10,
EE,Estonia,Põlva County,,,EE-65,,ChIJi8ZnKZjd6kYRkGD8GG2zAAM,2021-01-26,,,,,-10,
EE,Estonia,Põlva County,,,EE-65,,ChIJi8ZnKZjd6kYRkGD8GG2zAAM,2021-01-27,,,,,-9,
EE,Estonia,Põlva County,,,EE-65,,ChIJi8ZnKZjd6kYRkGD8GG2zAAM,2021-01-28,,,,,-9,
EE,Estonia,Põlva County,,,EE-65,,ChIJi8ZnKZjd6kYRkGD8GG2zAAM,2021-01-29,,,,,-10,
EE,Estonia,Põlva County,,,EE-65,,ChIJi8ZnKZjd6kYRkGD8GG2zAAM,2021-02-01,,,,,-6,
EE,Estonia,Põlva County,,,EE-65,,ChIJi8ZnKZjd6kYRkGD8GG2zAAM,2021-02-02,,,,,-11,
EE,Estonia,Põlva County,,,EE-65,,ChIJi8ZnKZjd6kYRkGD8GG2zAAM,2021-02-03,,,,,-11,
EE,Estonia,Põlva County,,,EE-65,,ChIJi8ZnKZjd6kYRkGD8GG2zAAM,2021-02-04,,,,,-8,
EE,Estonia,Põlva County,,,EE-65,,ChIJi8ZnKZjd6kYRkGD8GG2zAAM,2021-02-05,,,,,-8,
EE,Estonia,Põlva County,,,EE-65,,ChIJi8ZnKZjd6kYRkGD8GG2zAAM,2021-02-08,,,,,-6,
EE,Estonia,Põlva County,,,EE-65,,ChIJi8ZnKZjd6kYRkGD8GG2zAAM,2021-02-09,,,,,-7,
EE,Estonia,Põlva County,,,EE-65,,ChIJi8ZnKZjd6kYRkGD8GG2zAAM,2021-02-10,,,,,-10,
EE,Estonia,Põlva County,,,EE-65,,ChIJi8ZnKZjd6kYRkGD8GG2zAAM,2021-02-11,,,,,-10,
EE,Estonia,Põlva County,,,EE-65,,ChIJi8ZnKZjd6kYRkGD8GG2zAAM,2021-02-12,,,,,-8,
EE,Estonia,Põlva County,,,EE-65,,ChIJi8ZnKZjd6kYRkGD8GG2zAAM,2021-02-15,,,,,-3,
EE,Estonia,Põlva County,,,EE-65,,ChIJi8ZnKZjd6kYRkGD8GG2zAAM,2021-02-16,,,,,-11,
EE,Estonia,Põlva County,,,EE-65,,ChIJi8ZnKZjd6kYRkGD8GG2zAAM,2021-02-17,,,,,-10,
EE,Estonia,Põlva County,,,EE-65,,ChIJi8ZnKZjd6kYRkGD8GG2zAAM,2021-02-18,,,,,-15,
EE,Estonia,Põlva County,,,EE-65,,ChIJi8ZnKZjd6kYRkGD8GG2zAAM,2021-02-19,,,,,-13,
EE,Estonia,Põlva County,,,EE-65,,ChIJi8ZnKZjd6kYRkGD8GG2zAAM,2021-02-22,,,,,-30,
EE,Estonia,Põlva County,,,EE-65,,ChIJi8ZnKZjd6kYRkGD8GG2zAAM,2021-02-23,,,,,-36,
EE,Estonia,Põlva County,,,EE-65,,ChIJi8ZnKZjd6kYRkGD8GG2zAAM,2021-02-24,,,,,-76,
EE,Estonia,Põlva County,,,EE-65,,ChIJi8ZnKZjd6kYRkGD8GG2zAAM,2021-02-25,,,,,-32,
EE,Estonia,Põlva County,,,EE-65,,ChIJi8ZnKZjd6kYRkGD8GG2zAAM,2021-02-26,,,,,-33,
EE,Estonia,Põlva County,,,EE-65,,ChIJi8ZnKZjd6kYRkGD8GG2zAAM,2021-03-01,,,,,-20,
EE,Estonia,Põlva County,,,EE-65,,ChIJi8ZnKZjd6kYRkGD8GG2zAAM,2021-03-02,,,,,-24,
EE,Estonia,Põlva County,,,EE-65,,ChIJi8ZnKZjd6kYRkGD8GG2zAAM,2021-03-03,,,,,-24,
EE,Estonia,Põlva County,,,EE-65,,ChIJi8ZnKZjd6kYRkGD8GG2zAAM,2021-03-04,,,,,-22,
EE,Estonia,Põlva County,,,EE-65,,ChIJi8ZnKZjd6kYRkGD8GG2zAAM,2021-03-05,,,,,-23,
EE,Estonia,Põlva County,,,EE-65,,ChIJi8ZnKZjd6kYRkGD8GG2zAAM,2021-03-08,,,,,-21,
EE,Estonia,Põlva County,,,EE-65,,ChIJi8ZnKZjd6kYRkGD8GG2zAAM,2021-03-09,,,,,-23,
EE,Estonia,Põlva County,,,EE-65,,ChIJi8ZnKZjd6kYRkGD8GG2zAAM,2021-03-10,,,,,-28,
EE,Estonia,Põlva County,,,EE-65,,ChIJi8ZnKZjd6kYRkGD8GG2zAAM,2021-03-11,,,,,-32,
EE,Estonia,Põlva County,,,EE-65,,ChIJi8ZnKZjd6kYRkGD8GG2zAAM,2021-03-12,,,,,-34,
EE,Estonia,Põlva County,,,EE-65,,ChIJi8ZnKZjd6kYRkGD8GG2zAAM,2021-03-15,,,,,-32,
EE,Estonia,Põlva County,,,EE-65,,ChIJi8ZnKZjd6kYRkGD8GG2zAAM,2021-03-16,,,,,-34,
EE,Estonia,Põlva County,,,EE-65,,ChIJi8ZnKZjd6kYRkGD8GG2zAAM,2021-03-17,,,,,-33,
EE,Estonia,Põlva County,,,EE-65,,ChIJi8ZnKZjd6kYRkGD8GG2zAAM,2021-03-18,,,,,-28,
EE,Estonia,Põlva County,,,EE-65,,ChIJi8ZnKZjd6kYRkGD8GG2zAAM,2021-03-19,,,,,-32,
EE,Estonia,Põlva County,,,EE-65,,ChIJi8ZnKZjd6kYRkGD8GG2zAAM,2021-03-22,,,,,-28,
EE,Estonia,Põlva County,,,EE-65,,ChIJi8ZnKZjd6kYRkGD8GG2zAAM,2021-03-23,,,,,-33,
EE,Estonia,Põlva County,,,EE-65,,ChIJi8ZnKZjd6kYRkGD8GG2zAAM,2021-03-24,,,,,-36,
EE,Estonia,Põlva County,,,EE-65,,ChIJi8ZnKZjd6kYRkGD8GG2zAAM,2021-03-25,,,,,-31,
EE,Estonia,Põlva County,,,EE-65,,ChIJi8ZnKZjd6kYRkGD8GG2zAAM,2021-03-26,,,,,-32,
EE,Estonia,Rapla County,,,EE-70,,ChIJGVNYfDct7UYRsGD8GG2zAAM,2021-01-01,,-46,,,-88,
EE,Estonia,Rapla County,,,EE-70,,ChIJGVNYfDct7UYRsGD8GG2zAAM,2021-01-04,,,,,-34,12
EE,Estonia,Rapla County,,,EE-70,,ChIJGVNYfDct7UYRsGD8GG2zAAM,2021-01-05,,,,,-34,10
EE,Estonia,Rapla County,,,EE-70,,ChIJGVNYfDct7UYRsGD8GG2zAAM,2021-01-06,,,,,-31,10
EE,Estonia,Rapla County,,,EE-70,,ChIJGVNYfDct7UYRsGD8GG2zAAM,2021-01-07,,,,,-33,10
EE,Estonia,Rapla County,,,EE-70,,ChIJGVNYfDct7UYRsGD8GG2zAAM,2021-01-08,,,,,-30,
EE,Estonia,Rapla County,,,EE-70,,ChIJGVNYfDct7UYRsGD8GG2zAAM,2021-01-11,,,,,-12,5
EE,Estonia,Rapla County,,,EE-70,,ChIJGVNYfDct7UYRsGD8GG2zAAM,2021-01-12,,,,,-13,6
EE,Estonia,Rapla County,,,EE-70,,ChIJGVNYfDct7UYRsGD8GG2zAAM,2021-01-13,,,,,-13,6
EE,Estonia,Rapla County,,,EE-70,,ChIJGVNYfDct7UYRsGD8GG2zAAM,2021-01-14,,,,,-14,5
EE,Estonia,Rapla County,,,EE-70,,ChIJGVNYfDct7UYRsGD8GG2zAAM,2021-01-15,,,,,-14,
EE,Estonia,Rapla County,,,EE-70,,ChIJGVNYfDct7UYRsGD8GG2zAAM,2021-01-18,,,,,-15,5
EE,Estonia,Rapla County,,,EE-70,,ChIJGVNYfDct7UYRsGD8GG2zAAM,2021-01-19,,,,,-17,5
EE,Estonia,Rapla County,,,EE-70,,ChIJGVNYfDct7UYRsGD8GG2zAAM,2021-01-20,,,,,-14,5
EE,Estonia,Rapla County,,,EE-70,,ChIJGVNYfDct7UYRsGD8GG2zAAM,2021-01-21,,,,,-17,7
EE,Estonia,Rapla County,,,EE-70,,ChIJGVNYfDct7UYRsGD8GG2zAAM,2021-01-22,,,,,-14,
EE,Estonia,Rapla County,,,EE-70,,ChIJGVNYfDct7UYRsGD8GG2zAAM,2021-01-25,,,,,-15,6
EE,Estonia,Rapla County,,,EE-70,,ChIJGVNYfDct7UYRsGD8GG2zAAM,2021-01-26,,,,,-13,5
EE,Estonia,Rapla County,,,EE-70,,ChIJGVNYfDct7UYRsGD8GG2zAAM,2021-01-27,,,,,-12,6
EE,Estonia,Rapla County,,,EE-70,,ChIJGVNYfDct7UYRsGD8GG2zAAM,2021-01-28,,,,,-15,5
EE,Estonia,Rapla County,,,EE-70,,ChIJGVNYfDct7UYRsGD8GG2zAAM,2021-01-29,,,,,-13,5
EE,Estonia,Rapla County,,,EE-70,,ChIJGVNYfDct7UYRsGD8GG2zAAM,2021-02-01,,,,,-16,6
EE,Estonia,Rapla County,,,EE-70,,ChIJGVNYfDct7UYRsGD8GG2zAAM,2021-02-02,,,,,-14,6
EE,Estonia,Rapla County,,,EE-70,,ChIJGVNYfDct7UYRsGD8GG2zAAM,2021-02-03,,,,,-13,5
EE,Estonia,Rapla County,,,EE-70,,ChIJGVNYfDct7UYRsGD8GG2zAAM,2021-02-04,,,,,-15,6
EE,Estonia,Rapla County,,,EE-70,,ChIJGVNYfDct7UYRsGD8GG2zAAM,2021-02-05,,,,,-13,6
EE,Estonia,Rapla County,,,EE-70,,ChIJGVNYfDct7UYRsGD8GG2zAAM,2021-02-08,,,,,-17,5
EE,Estonia,Rapla County,,,EE-70,,ChIJGVNYfDct7UYRsGD8GG2zAAM,2021-02-09,,,,,-15,6
EE,Estonia,Rapla County,,,EE-70,,ChIJGVNYfDct7UYRsGD8GG2zAAM,2021-02-10,,,,,-15,6
EE,Estonia,Rapla County,,,EE-70,,ChIJGVNYfDct7UYRsGD8GG2zAAM,2021-02-11,,,,,-17,7
EE,Estonia,Rapla County,,,EE-70,,ChIJGVNYfDct7UYRsGD8GG2zAAM,2021-02-12,,,,,-17,
EE,Estonia,Rapla County,,,EE-70,,ChIJGVNYfDct7UYRsGD8GG2zAAM,2021-02-15,,,,,-15,5
EE,Estonia,Rapla County,,,EE-70,,ChIJGVNYfDct7UYRsGD8GG2zAAM,2021-02-16,,,,,-15,5
EE,Estonia,Rapla County,,,EE-70,,ChIJGVNYfDct7UYRsGD8GG2zAAM,2021-02-17,,,,,-14,5
EE,Estonia,Rapla County,,,EE-70,,ChIJGVNYfDct7UYRsGD8GG2zAAM,2021-02-18,,,,,-20,7
EE,Estonia,Rapla County,,,EE-70,,ChIJGVNYfDct7UYRsGD8GG2zAAM,2021-02-19,,,,,-15,
EE,Estonia,Rapla County,,,EE-70,,ChIJGVNYfDct7UYRsGD8GG2zAAM,2021-02-22,,,,,-35,8
EE,Estonia,Rapla County,,,EE-70,,ChIJGVNYfDct7UYRsGD8GG2zAAM,2021-02-23,,,,,-41,11
EE,Estonia,Rapla County,,,EE-70,,ChIJGVNYfDct7UYRsGD8GG2zAAM,2021-02-24,,,,,-79,
EE,Estonia,Rapla County,,,EE-70,,ChIJGVNYfDct7UYRsGD8GG2zAAM,2021-02-25,,,,,-36,11
EE,Estonia,Rapla County,,,EE-70,,ChIJGVNYfDct7UYRsGD8GG2zAAM,2021-02-26,,,,,-35,
EE,Estonia,Rapla County,,,EE-70,,ChIJGVNYfDct7UYRsGD8GG2zAAM,2021-03-01,,,,,-28,9
EE,Estonia,Rapla County,,,EE-70,,ChIJGVNYfDct7UYRsGD8GG2zAAM,2021-03-02,,,,,-28,8
EE,Estonia,Rapla County,,,EE-70,,ChIJGVNYfDct7UYRsGD8GG2zAAM,2021-03-03,,,,,-25,7
EE,Estonia,Rapla County,,,EE-70,,ChIJGVNYfDct7UYRsGD8GG2zAAM,2021-03-04,,,,,-26,8
EE,Estonia,Rapla County,,,EE-70,,ChIJGVNYfDct7UYRsGD8GG2zAAM,2021-03-05,,,,,-24,
EE,Estonia,Rapla County,,,EE-70,,ChIJGVNYfDct7UYRsGD8GG2zAAM,2021-03-08,,,,,-28,7
EE,Estonia,Rapla County,,,EE-70,,ChIJGVNYfDct7UYRsGD8GG2zAAM,2021-03-09,,,,,-29,8
EE,Estonia,Rapla County,,,EE-70,,ChIJGVNYfDct7UYRsGD8GG2zAAM,2021-03-10,,,,,-28,10
EE,Estonia,Rapla County,,,EE-70,,ChIJGVNYfDct7UYRsGD8GG2zAAM,2021-03-11,,,,,-38,14
EE,Estonia,Rapla County,,,EE-70,,ChIJGVNYfDct7UYRsGD8GG2zAAM,2021-03-12,,,,,-36,
EE,Estonia,Rapla County,,,EE-70,,ChIJGVNYfDct7UYRsGD8GG2zAAM,2021-03-15,,,,,-39,12
EE,Estonia,Rapla County,,,EE-70,,ChIJGVNYfDct7UYRsGD8GG2zAAM,2021-03-16,,,,,-37,12
EE,Estonia,Rapla County,,,EE-70,,ChIJGVNYfDct7UYRsGD8GG2zAAM,2021-03-17,,,,,-35,13
EE,Estonia,Rapla County,,,EE-70,,ChIJGVNYfDct7UYRsGD8GG2zAAM,2021-03-18,,,,,-39,14
EE,Estonia,Rapla County,,,EE-70,,ChIJGVNYfDct7UYRsGD8GG2zAAM,2021-03-19,,,,,-36,
EE,Estonia,Rapla County,,,EE-70,,ChIJGVNYfDct7UYRsGD8GG2zAAM,2021-03-22,,,,,-36,11
EE,Estonia,Rapla County,,,EE-70,,ChIJGVNYfDct7UYRsGD8GG2zAAM,2021-03-23,,,,,-37,11
EE,Estonia,Rapla County,,,EE-70,,ChIJGVNYfDct7UYRsGD8GG2zAAM,2021-03-24,,,,,-35,12
EE,Estonia,Rapla County,,,EE-70,,ChIJGVNYfDct7UYRsGD8GG2zAAM,2021-03-25,,,,,-35,12
EE,Estonia,Rapla County,,,EE-70,,ChIJGVNYfDct7UYRsGD8GG2zAAM,2021-03-26,,,,,-34,
EE,Estonia,Saare County,,,EE-74,,ChIJ8ydWE-5y8kYRwGD8GG2zAAM,2021-01-01,,,,-36,-84,
EE,Estonia,Saare County,,,EE-74,,ChIJ8ydWE-5y8kYRwGD8GG2zAAM,2021-01-03,,,,-8,,
EE,Estonia,Saare County,,,EE-74,,ChIJ8ydWE-5y8kYRwGD8GG2zAAM,2021-01-04,,,,,-32,
EE,Estonia,Saare County,,,EE-74,,ChIJ8ydWE-5y8kYRwGD8GG2zAAM,2021-01-05,,,,,-31,
EE,Estonia,Saare County,,,EE-74,,ChIJ8ydWE-5y8kYRwGD8GG2zAAM,2021-01-06,,,,,-29,
EE,Estonia,Saare County,,,EE-74,,ChIJ8ydWE-5y8kYRwGD8GG2zAAM,2021-01-07,,,,,-28,
EE,Estonia,Saare County,,,EE-74,,ChIJ8ydWE-5y8kYRwGD8GG2zAAM,2021-01-08,,,,,-28,
EE,Estonia,Saare County,,,EE-74,,ChIJ8ydWE-5y8kYRwGD8GG2zAAM,2021-01-10,,,,-19,,
EE,Estonia,Saare County,,,EE-74,,ChIJ8ydWE-5y8kYRwGD8GG2zAAM,2021-01-11,,,,,-2,
EE,Estonia,Saare County,,,EE-74,,ChIJ8ydWE-5y8kYRwGD8GG2zAAM,2021-01-12,,,,,-6,
EE,Estonia,Saare County,,,EE-74,,ChIJ8ydWE-5y8kYRwGD8GG2zAAM,2021-01-13,,,,,-5,
EE,Estonia,Saare County,,,EE-74,,ChIJ8ydWE-5y8kYRwGD8GG2zAAM,2021-01-14,,,,,-6,
EE,Estonia,Saare County,,,EE-74,,ChIJ8ydWE-5y8kYRwGD8GG2zAAM,2021-01-15,,,,-23,-8,
EE,Estonia,Saare County,,,EE-74,,ChIJ8ydWE-5y8kYRwGD8GG2zAAM,2021-01-17,,,,-24,,
EE,Estonia,Saare County,,,EE-74,,ChIJ8ydWE-5y8kYRwGD8GG2zAAM,2021-01-18,,,,,-3,
EE,Estonia,Saare County,,,EE-74,,ChIJ8ydWE-5y8kYRwGD8GG2zAAM,2021-01-19,,,,,-6,
EE,Estonia,Saare County,,,EE-74,,ChIJ8ydWE-5y8kYRwGD8GG2zAAM,2021-01-20,,,,,-5,
EE,Estonia,Saare County,,,EE-74,,ChIJ8ydWE-5y8kYRwGD8GG2zAAM,2021-01-21,,,,,-6,
EE,Estonia,Saare County,,,EE-74,,ChIJ8ydWE-5y8kYRwGD8GG2zAAM,2021-01-22,,,,-22,-6,
EE,Estonia,Saare County,,,EE-74,,ChIJ8ydWE-5y8kYRwGD8GG2zAAM,2021-01-24,,,,-15,,
EE,Estonia,Saare County,,,EE-74,,ChIJ8ydWE-5y8kYRwGD8GG2zAAM,2021-01-25,,,,,-6,
EE,Estonia,Saare County,,,EE-74,,ChIJ8ydWE-5y8kYRwGD8GG2zAAM,2021-01-26,,,,,-9,
EE,Estonia,Saare County,,,EE-74,,ChIJ8ydWE-5y8kYRwGD8GG2zAAM,2021-01-27,,,,,-3,
EE,Estonia,Saare County,,,EE-74,,ChIJ8ydWE-5y8kYRwGD8GG2zAAM,2021-01-28,,,,,-3,
EE,Estonia,Saare County,,,EE-74,,ChIJ8ydWE-5y8kYRwGD8GG2zAAM,2021-01-29,,,,,-7,
EE,Estonia,Saare County,,,EE-74,,ChIJ8ydWE-5y8kYRwGD8GG2zAAM,2021-01-31,,,,-16,,
EE,Estonia,Saare County,,,EE-74,,ChIJ8ydWE-5y8kYRwGD8GG2zAAM,2021-02-01,,,,,-6,
EE,Estonia,Saare County,,,EE-74,,ChIJ8ydWE-5y8kYRwGD8GG2zAAM,2021-02-02,,,,,-5,
EE,Estonia,Saare County,,,EE-74,,ChIJ8ydWE-5y8kYRwGD8GG2zAAM,2021-02-03,,,,,-5,
EE,Estonia,Saare County,,,EE-74,,ChIJ8ydWE-5y8kYRwGD8GG2zAAM,2021-02-04,,,,,-6,
EE,Estonia,Saare County,,,EE-74,,ChIJ8ydWE-5y8kYRwGD8GG2zAAM,2021-02-05,,,,,-6,
EE,Estonia,Saare County,,,EE-74,,ChIJ8ydWE-5y8kYRwGD8GG2zAAM,2021-02-07,,,,-2,,
EE,Estonia,Saare County,,,EE-74,,ChIJ8ydWE-5y8kYRwGD8GG2zAAM,2021-02-08,,,,,-6,
EE,Estonia,Saare County,,,EE-74,,ChIJ8ydWE-5y8kYRwGD8GG2zAAM,2021-02-09,,,,,-4,
EE,Estonia,Saare County,,,EE-74,,ChIJ8ydWE-5y8kYRwGD8GG2zAAM,2021-02-10,,,,,-1,
EE,Estonia,Saare County,,,EE-74,,ChIJ8ydWE-5y8kYRwGD8GG2zAAM,2021-02-11,,,,,-4,
EE,Estonia,Saare County,,,EE-74,,ChIJ8ydWE-5y8kYRwGD8GG2zAAM,2021-02-12,,,,,-7,
EE,Estonia,Saare County,,,EE-74,,ChIJ8ydWE-5y8kYRwGD8GG2zAAM,2021-02-14,,,,-2,,
EE,Estonia,Saare County,,,EE-74,,ChIJ8ydWE-5y8kYRwGD8GG2zAAM,2021-02-15,,,,,-6,
EE,Estonia,Saare County,,,EE-74,,ChIJ8ydWE-5y8kYRwGD8GG2zAAM,2021-02-16,,,,,-9,
EE,Estonia,Saare County,,,EE-74,,ChIJ8ydWE-5y8kYRwGD8GG2zAAM,2021-02-17,,,,,-10,
EE,Estonia,Saare County,,,EE-74,,ChIJ8ydWE-5y8kYRwGD8GG2zAAM,2021-02-18,,,,,-14,
EE,Estonia,Saare County,,,EE-74,,ChIJ8ydWE-5y8kYRwGD8GG2zAAM,2021-02-19,,,,,-23,
EE,Estonia,Saare County,,,EE-74,,ChIJ8ydWE-5y8kYRwGD8GG2zAAM,2021-02-21,,,,-11,,
EE,Estonia,Saare County,,,EE-74,,ChIJ8ydWE-5y8kYRwGD8GG2zAAM,2021-02-22,,,,,-31,
EE,Estonia,Saare County,,,EE-74,,ChIJ8ydWE-5y8kYRwGD8GG2zAAM,2021-02-23,,,,,-34,
EE,Estonia,Saare County,,,EE-74,,ChIJ8ydWE-5y8kYRwGD8GG2zAAM,2021-02-24,,,,,-75,
EE,Estonia,Saare County,,,EE-74,,ChIJ8ydWE-5y8kYRwGD8GG2zAAM,2021-02-25,,,,,-35,
EE,Estonia,Saare County,,,EE-74,,ChIJ8ydWE-5y8kYRwGD8GG2zAAM,2021-02-26,,,,,-36,
EE,Estonia,Saare County,,,EE-74,,ChIJ8ydWE-5y8kYRwGD8GG2zAAM,2021-02-28,,,,-15,,
EE,Estonia,Saare County,,,EE-74,,ChIJ8ydWE-5y8kYRwGD8GG2zAAM,2021-03-01,,,,,-25,
EE,Estonia,Saare County,,,EE-74,,ChIJ8ydWE-5y8kYRwGD8GG2zAAM,2021-03-02,,,,,-26,
EE,Estonia,Saare County,,,EE-74,,ChIJ8ydWE-5y8kYRwGD8GG2zAAM,2021-03-03,,,,,-25,
EE,Estonia,Saare County,,,EE-74,,ChIJ8ydWE-5y8kYRwGD8GG2zAAM,2021-03-04,,,,,-27,
EE,Estonia,Saare County,,,EE-74,,ChIJ8ydWE-5y8kYRwGD8GG2zAAM,2021-03-05,,,,-28,-26,
EE,Estonia,Saare County,,,EE-74,,ChIJ8ydWE-5y8kYRwGD8GG2zAAM,2021-03-07,,,,-39,,
EE,Estonia,Saare County,,,EE-74,,ChIJ8ydWE-5y8kYRwGD8GG2zAAM,2021-03-08,,,,,-26,
EE,Estonia,Saare County,,,EE-74,,ChIJ8ydWE-5y8kYRwGD8GG2zAAM,2021-03-09,,,,,-27,
EE,Estonia,Saare County,,,EE-74,,ChIJ8ydWE-5y8kYRwGD8GG2zAAM,2021-03-10,,,,,-23,
EE,Estonia,Saare County,,,EE-74,,ChIJ8ydWE-5y8kYRwGD8GG2zAAM,2021-03-11,,,,,-34,
EE,Estonia,Saare County,,,EE-74,,ChIJ8ydWE-5y8kYRwGD8GG2zAAM,2021-03-12,,,,-35,-36,
EE,Estonia,Saare County,,,EE-74,,ChIJ8ydWE-5y8kYRwGD8GG2zAAM,2021-03-14,,,,-41,,
EE,Estonia,Saare County,,,EE-74,,ChIJ8ydWE-5y8kYRwGD8GG2zAAM,2021-03-15,,,,,-32,
EE,Estonia,Saare County,,,EE-74,,ChIJ8ydWE-5y8kYRwGD8GG2zAAM,2021-03-16,,,,,-31,
EE,Estonia,Saare County,,,EE-74,,ChIJ8ydWE-5y8kYRwGD8GG2zAAM,2021-03-17,,,,,-30,
EE,Estonia,Saare County,,,EE-74,,ChIJ8ydWE-5y8kYRwGD8GG2zAAM,2021-03-18,,,,,-33,
EE,Estonia,Saare County,,,EE-74,,ChIJ8ydWE-5y8kYRwGD8GG2zAAM,2021-03-19,,,,-29,-33,
EE,Estonia,Saare County,,,EE-74,,ChIJ8ydWE-5y8kYRwGD8GG2zAAM,2021-03-21,,,,-28,,
EE,Estonia,Saare County,,,EE-74,,ChIJ8ydWE-5y8kYRwGD8GG2zAAM,2021-03-22,,,,,-29,
EE,Estonia,Saare County,,,EE-74,,ChIJ8ydWE-5y8kYRwGD8GG2zAAM,2021-03-23,,,,,-30,
EE,Estonia,Saare County,,,EE-74,,ChIJ8ydWE-5y8kYRwGD8GG2zAAM,2021-03-24,,,,,-27,
EE,Estonia,Saare County,,,EE-74,,ChIJ8ydWE-5y8kYRwGD8GG2zAAM,2021-03-25,,,,,-29,
EE,Estonia,Saare County,,,EE-74,,ChIJ8ydWE-5y8kYRwGD8GG2zAAM,2021-03-26,,,,,-30,
EE,Estonia,Saare County,,,EE-74,,ChIJ8ydWE-5y8kYRwGD8GG2zAAM,2021-03-27,-54,,,,,
EE,Estonia,Tartu County,,,EE-78,,ChIJBWDePa0260YR0GD8GG2zAAM,2021-01-01,-74,-51,,-61,-89,27
EE,Estonia,Tartu County,,,EE-78,,ChIJBWDePa0260YR0GD8GG2zAAM,2021-01-02,-41,-8,42,-33,-31,10
EE,Estonia,Tartu County,,,EE-78,,ChIJBWDePa0260YR0GD8GG2zAAM,2021-01-03,-30,-1,,-28,-19,6
EE,Estonia,Tartu County,,,EE-78,,ChIJBWDePa0260YR0GD8GG2zAAM,2021-01-04,-16,3,,-29,-35,13
EE,Estonia,Tartu County,,,EE-78,,ChIJBWDePa0260YR0GD8GG2zAAM,2021-01-05,-13,7,,-23,-35,11
EE,Estonia,Tartu County,,,EE-78,,ChIJBWDePa0260YR0GD8GG2zAAM,2021-01-06,-15,-1,,-29,-34,11
EE,Estonia,Tartu County,,,EE-78,,ChIJBWDePa0260YR0GD8GG2zAAM,2021-01-07,-18,1,,-32,-34,12
EE,Estonia,Tartu County,,,EE-78,,ChIJBWDePa0260YR0GD8GG2zAAM,2021-01-08,-19,1,16,-33,-33,13
EE,Estonia,Tartu County,,,EE-78,,ChIJBWDePa0260YR0GD8GG2zAAM,2021-01-09,-24,2,25,-27,-17,7
EE,Estonia,Tartu County,,,EE-78,,ChIJBWDePa0260YR0GD8GG2zAAM,2021-01-10,-21,2,59,-27,-13,4
EE,Estonia,Tartu County,,,EE-78,,ChIJBWDePa0260YR0GD8GG2zAAM,2021-01-11,-14,1,,-24,-20,9
EE,Estonia,Tartu County,,,EE-78,,ChIJBWDePa0260YR0GD8GG2zAAM,2021-01-12,-17,-1,1,-26,-20,9
EE,Estonia,Tartu County,,,EE-78,,ChIJBWDePa0260YR0GD8GG2zAAM,2021-01-13,-20,-6,,-29,-19,9
EE,Estonia,Tartu County,,,EE-78,,ChIJBWDePa0260YR0GD8GG2zAAM,2021-01-14,-23,-4,-3,-32,-20,9
EE,Estonia,Tartu County,,,EE-78,,ChIJBWDePa0260YR0GD8GG2zAAM,2021-01-15,-26,-6,-22,-34,-21,10
EE,Estonia,Tartu County,,,EE-78,,ChIJBWDePa0260YR0GD8GG2zAAM,2021-01-16,-32,-5,-7,-35,-15,8
EE,Estonia,Tartu County,,,EE-78,,ChIJBWDePa0260YR0GD8GG2zAAM,2021-01-17,-29,-4,45,-33,-13,4
EE,Estonia,Tartu County,,,EE-78,,ChIJBWDePa0260YR0GD8GG2zAAM,2021-01-18,-19,-3,,-27,-17,7
EE,Estonia,Tartu County,,,EE-78,,ChIJBWDePa0260YR0GD8GG2zAAM,2021-01-19,-20,-3,,-26,-16,6
EE,Estonia,Tartu County,,,EE-78,,ChIJBWDePa0260YR0GD8GG2zAAM,2021-01-20,-22,-8,,-29,-15,7
EE,Estonia,Tartu County,,,EE-78,,ChIJBWDePa0260YR0GD8GG2zAAM,2021-01-21,-25,-9,-1,-27,-16,8
EE,Estonia,Tartu County,,,EE-78,,ChIJBWDePa0260YR0GD8GG2zAAM,2021-01-22,-25,-4,2,-28,-18,8
EE,Estonia,Tartu County,,,EE-78,,ChIJBWDePa0260YR0GD8GG2zAAM,2021-01-23,-30,-2,20,-31,-11,5
EE,Estonia,Tartu County,,,EE-78,,ChIJBWDePa0260YR0GD8GG2zAAM,2021-01-24,-27,-5,26,-29,-14,3
EE,Estonia,Tartu County,,,EE-78,,ChIJBWDePa0260YR0GD8GG2zAAM,2021-01-25,-19,-4,,-26,-17,7
EE,Estonia,Tartu County,,,EE-78,,ChIJBWDePa0260YR0GD8GG2zAAM,2021-01-26,-21,-5,-6,-24,-17,6
EE,Estonia,Tartu County,,,EE-78,,ChIJBWDePa0260YR0GD8GG2zAAM,2021-01-27,-22,-5,,-25,-14,6
EE,Estonia,Tartu County,,,EE-78,,ChIJBWDePa0260YR0GD8GG2zAAM,2021-01-28,-24,-6,8,-27,-15,8
EE,Estonia,Tartu County,,,EE-78,,ChIJBWDePa0260YR0GD8GG2zAAM,2021-01-29,-25,-5,-5,-28,-17,8
EE,Estonia,Tartu County,,,EE-78,,ChIJBWDePa0260YR0GD8GG2zAAM,2021-01-30,-31,-4,26,-29,-8,6
EE,Estonia,Tartu County,,,EE-78,,ChIJBWDePa0260YR0GD8GG2zAAM,2021-01-31,-29,-6,35,-29,-9,3
EE,Estonia,Tartu County,,,EE-78,,ChIJBWDePa0260YR0GD8GG2zAAM,2021-02-01,-20,-3,,-25,-17,7
EE,Estonia,Tartu County,,,EE-78,,ChIJBWDePa0260YR0GD8GG2zAAM,2021-02-02,-19,-3,,-24,-18,7
EE,Estonia,Tartu County,,,EE-78,,ChIJBWDePa0260YR0GD8GG2zAAM,2021-02-03,-23,-9,,-29,-16,8
EE,Estonia,Tartu County,,,EE-78,,ChIJBWDePa0260YR0GD8GG2zAAM,2021-02-04,-22,-7,4,-30,-17,8
EE,Estonia,Tartu County,,,EE-78,,ChIJBWDePa0260YR0GD8GG2zAAM,2021-02-05,-21,0,-15,-27,-18,8
EE,Estonia,Tartu County,,,EE-78,,ChIJBWDePa0260YR0GD8GG2zAAM,2021-02-06,-26,0,-3,-26,-13,6
EE,Estonia,Tartu County,,,EE-78,,ChIJBWDePa0260YR0GD8GG2zAAM,2021-02-07,-25,-2,10,-28,-12,3
EE,Estonia,Tartu County,,,EE-78,,ChIJBWDePa0260YR0GD8GG2zAAM,2021-02-08,-14,2,,-22,-17,7
EE,Estonia,Tartu County,,,EE-78,,ChIJBWDePa0260YR0GD8GG2zAAM,2021-02-09,-17,1,-17,-28,-17,8
EE,Estonia,Tartu County,,,EE-78,,ChIJBWDePa0260YR0GD8GG2zAAM,2021-02-10,-18,-2,-20,-29,-15,8
EE,Estonia,Tartu County,,,EE-78,,ChIJBWDePa0260YR0GD8GG2zAAM,2021-02-11,-17,1,-15,-24,-14,8
EE,Estonia,Tartu County,,,EE-78,,ChIJBWDePa0260YR0GD8GG2zAAM,2021-02-12,-19,2,-15,-26,-15,8
EE,Estonia,Tartu County,,,EE-78,,ChIJBWDePa0260YR0GD8GG2zAAM,2021-02-13,-21,7,3,-17,-10,5
EE,Estonia,Tartu County,,,EE-78,,ChIJBWDePa0260YR0GD8GG2zAAM,2021-02-14,-9,9,46,-15,-9,2
EE,Estonia,Tartu County,,,EE-78,,ChIJBWDePa0260YR0GD8GG2zAAM,2021-02-15,-17,0,,-21,-14,7
EE,Estonia,Tartu County,,,EE-78,,ChIJBWDePa0260YR0GD8GG2zAAM,2021-02-16,-15,-1,,-20,-15,7
EE,Estonia,Tartu County,,,EE-78,,ChIJBWDePa0260YR0GD8GG2zAAM,2021-02-17,-19,-5,-15,-24,-14,9
EE,Estonia,Tartu County,,,EE-78,,ChIJBWDePa0260YR0GD8GG2zAAM,2021-02-18,-23,-6,-21,-29,-16,10
EE,Estonia,Tartu County,,,EE-78,,ChIJBWDePa0260YR0GD8GG2zAAM,2021-02-19,-23,0,-9,-26,-14,9
EE,Estonia,Tartu County,,,EE-78,,ChIJBWDePa0260YR0GD8GG2zAAM,2021-02-20,-22,3,14,-13,-8,6
EE,Estonia,Tartu County,,,EE-78,,ChIJBWDePa0260YR0GD8GG2zAAM,2021-02-21,-22,-2,38,-22,-10,3
EE,Estonia,Tartu County,,,EE-78,,ChIJBWDePa0260YR0GD8GG2zAAM,2021-02-22,-16,1,,-26,-32,11
EE,Estonia,Tartu County,,,EE-78,,ChIJBWDePa0260YR0GD8GG2zAAM,2021-02-23,-18,11,-21,-27,-36,12
EE,Estonia,Tartu County,,,EE-78,,ChIJBWDePa0260YR0GD8GG2zAAM,2021-02-24,-49,-15,,-49,-79,24
EE,Estonia,Tartu County,,,EE-78,,ChIJBWDePa0260YR0GD8GG2zAAM,2021-02-25,-23,-8,,-30,-32,12
EE,Estonia,Tartu County,,,EE-78,,ChIJBWDePa0260YR0GD8GG2zAAM,2021-02-26,-23,-2,6,-34,-31,13
EE,Estonia,Tartu County,,,EE-78,,ChIJBWDePa0260YR0GD8GG2zAAM,2021-02-27,-29,0,10,-26,-9,7
EE,Estonia,Tartu County,,,EE-78,,ChIJBWDePa0260YR0GD8GG2zAAM,2021-02-28,-24,2,36,-21,-9,4
EE,Estonia,Tartu County,,,EE-78,,ChIJBWDePa0260YR0GD8GG2zAAM,2021-03-01,-19,-1,,-29,-25,10
EE,Estonia,Tartu County,,,EE-78,,ChIJBWDePa0260YR0GD8GG2zAAM,2021-03-02,-19,3,,-25,-25,10
EE,Estonia,Tartu County,,,EE-78,,ChIJBWDePa0260YR0GD8GG2zAAM,2021-03-03,-24,-2,,-30,-25,11
EE,Estonia,Tartu County,,,EE-78,,ChIJBWDePa0260YR0GD8GG2zAAM,2021-03-04,-22,-1,2,-33,-25,12
EE,Estonia,Tartu County,,,EE-78,,ChIJBWDePa0260YR0GD8GG2zAAM,2021-03-05,-22,8,-2,-29,-25,12
EE,Estonia,Tartu County,,,EE-78,,ChIJBWDePa0260YR0GD8GG2zAAM,2021-03-06,-58,-7,-18,-46,-19,9
EE,Estonia,Tartu County,,,EE-78,,ChIJBWDePa0260YR0GD8GG2zAAM,2021-03-07,-56,-4,4,-47,-16,6
EE,Estonia,Tartu County,,,EE-78,,ChIJBWDePa0260YR0GD8GG2zAAM,2021-03-08,-12,20,,-24,-26,11
EE,Estonia,Tartu County,,,EE-78,,ChIJBWDePa0260YR0GD8GG2zAAM,2021-03-09,-17,3,-5,-26,-28,11
EE,Estonia,Tartu County,,,EE-78,,ChIJBWDePa0260YR0GD8GG2zAAM,2021-03-10,-14,3,-6,-24,-28,12
EE,Estonia,Tartu County,,,EE-78,,ChIJBWDePa0260YR0GD8GG2zAAM,2021-03-11,-49,-9,,-46,-35,16
EE,Estonia,Tartu County,,,EE-78,,ChIJBWDePa0260YR0GD8GG2zAAM,2021-03-12,-51,-9,-21,-49,-36,18
EE,Estonia,Tartu County,,,EE-78,,ChIJBWDePa0260YR0GD8GG2zAAM,2021-03-13,-60,-9,-7,-46,-24,10
EE,Estonia,Tartu County,,,EE-78,,ChIJBWDePa0260YR0GD8GG2zAAM,2021-03-14,-57,-8,-2,-48,-24,7
EE,Estonia,Tartu County,,,EE-78,,ChIJBWDePa0260YR0GD8GG2zAAM,2021-03-15,-43,-4,,-41,-36,15
EE,Estonia,Tartu County,,,EE-78,,ChIJBWDePa0260YR0GD8GG2zAAM,2021-03-16,-43,-4,,-41,-36,15
EE,Estonia,Tartu County,,,EE-78,,ChIJBWDePa0260YR0GD8GG2zAAM,2021-03-17,-45,-7,,-42,-35,15
EE,Estonia,Tartu County,,,EE-78,,ChIJBWDePa0260YR0GD8GG2zAAM,2021-03-18,-46,-6,7,-44,-35,15
EE,Estonia,Tartu County,,,EE-78,,ChIJBWDePa0260YR0GD8GG2zAAM,2021-03-19,-47,-5,-9,-45,-35,16
EE,Estonia,Tartu County,,,EE-78,,ChIJBWDePa0260YR0GD8GG2zAAM,2021-03-20,-58,-6,-8,-47,-21,9
EE,Estonia,Tartu County,,,EE-78,,ChIJBWDePa0260YR0GD8GG2zAAM,2021-03-21,-56,-7,16,-43,-19,6
EE,Estonia,Tartu County,,,EE-78,,ChIJBWDePa0260YR0GD8GG2zAAM,2021-03-22,-41,-4,,-40,-35,14
EE,Estonia,Tartu County,,,EE-78,,ChIJBWDePa0260YR0GD8GG2zAAM,2021-03-23,-41,-3,,-37,-36,14
EE,Estonia,Tartu County,,,EE-78,,ChIJBWDePa0260YR0GD8GG2zAAM,2021-03-24,-41,-4,,-38,-34,13
EE,Estonia,Tartu County,,,EE-78,,ChIJBWDePa0260YR0GD8GG2zAAM,2021-03-25,-43,-3,9,-40,-34,15
EE,Estonia,Tartu County,,,EE-78,,ChIJBWDePa0260YR0GD8GG2zAAM,2021-03-26,-44,-1,9,-41,-35,15
EE,Estonia,Tartu County,,,EE-78,,ChIJBWDePa0260YR0GD8GG2zAAM,2021-03-27,-55,-1,35,-35,-21,5
EE,Estonia,Valga County,,,EE-82,,ChIJ86SszJwK60YR4GD8GG2zAAM,2021-01-01,-62,,,,-84,
EE,Estonia,Valga County,,,EE-82,,ChIJ86SszJwK60YR4GD8GG2zAAM,2021-01-04,,,,,-32,
EE,Estonia,Valga County,,,EE-82,,ChIJ86SszJwK60YR4GD8GG2zAAM,2021-01-05,,,,,-33,
EE,Estonia,Valga County,,,EE-82,,ChIJ86SszJwK60YR4GD8GG2zAAM,2021-01-06,,,,,-29,
EE,Estonia,Valga County,,,EE-82,,ChIJ86SszJwK60YR4GD8GG2zAAM,2021-01-07,,,,,-32,
EE,Estonia,Valga County,,,EE-82,,ChIJ86SszJwK60YR4GD8GG2zAAM,2021-01-08,,,,,-31,
EE,Estonia,Valga County,,,EE-82,,ChIJ86SszJwK60YR4GD8GG2zAAM,2021-01-11,,,,,-8,
EE,Estonia,Valga County,,,EE-82,,ChIJ86SszJwK60YR4GD8GG2zAAM,2021-01-12,,,,,-14,
EE,Estonia,Valga County,,,EE-82,,ChIJ86SszJwK60YR4GD8GG2zAAM,2021-01-13,,,,,-12,
EE,Estonia,Valga County,,,EE-82,,ChIJ86SszJwK60YR4GD8GG2zAAM,2021-01-14,,,,,-17,
EE,Estonia,Valga County,,,EE-82,,ChIJ86SszJwK60YR4GD8GG2zAAM,2021-01-15,,,,,-22,
EE,Estonia,Valga County,,,EE-82,,ChIJ86SszJwK60YR4GD8GG2zAAM,2021-01-18,,,,,-20,
EE,Estonia,Valga County,,,EE-82,,ChIJ86SszJwK60YR4GD8GG2zAAM,2021-01-19,,,,,-19,
EE,Estonia,Valga County,,,EE-82,,ChIJ86SszJwK60YR4GD8GG2zAAM,2021-01-20,,,,,-13,
EE,Estonia,Valga County,,,EE-82,,ChIJ86SszJwK60YR4GD8GG2zAAM,2021-01-21,,,,,-14,
EE,Estonia,Valga County,,,EE-82,,ChIJ86SszJwK60YR4GD8GG2zAAM,2021-01-22,,,,,-16,
EE,Estonia,Valga County,,,EE-82,,ChIJ86SszJwK60YR4GD8GG2zAAM,2021-01-25,,,,,-14,
EE,Estonia,Valga County,,,EE-82,,ChIJ86SszJwK60YR4GD8GG2zAAM,2021-01-26,,,,,-14,
EE,Estonia,Valga County,,,EE-82,,ChIJ86SszJwK60YR4GD8GG2zAAM,2021-01-27,,,,,-13,
EE,Estonia,Valga County,,,EE-82,,ChIJ86SszJwK60YR4GD8GG2zAAM,2021-01-28,,,,,-16,
EE,Estonia,Valga County,,,EE-82,,ChIJ86SszJwK60YR4GD8GG2zAAM,2021-01-29,,,,,-11,
EE,Estonia,Valga County,,,EE-82,,ChIJ86SszJwK60YR4GD8GG2zAAM,2021-02-01,,,,,-12,
EE,Estonia,Valga County,,,EE-82,,ChIJ86SszJwK60YR4GD8GG2zAAM,2021-02-02,,,,,-15,
EE,Estonia,Valga County,,,EE-82,,ChIJ86SszJwK60YR4GD8GG2zAAM,2021-02-03,,,,,-12,
EE,Estonia,Valga County,,,EE-82,,ChIJ86SszJwK60YR4GD8GG2zAAM,2021-02-04,,,,,-16,
EE,Estonia,Valga County,,,EE-82,,ChIJ86SszJwK60YR4GD8GG2zAAM,2021-02-05,,,,,-18,
EE,Estonia,Valga County,,,EE-82,,ChIJ86SszJwK60YR4GD8GG2zAAM,2021-02-08,,,,,-13,
EE,Estonia,Valga County,,,EE-82,,ChIJ86SszJwK60YR4GD8GG2zAAM,2021-02-09,,,,,-13,
EE,Estonia,Valga County,,,EE-82,,ChIJ86SszJwK60YR4GD8GG2zAAM,2021-02-10,,,,,-13,
EE,Estonia,Valga County,,,EE-82,,ChIJ86SszJwK60YR4GD8GG2zAAM,2021-02-11,,,,,-14,
EE,Estonia,Valga County,,,EE-82,,ChIJ86SszJwK60YR4GD8GG2zAAM,2021-02-12,,,,,-14,
EE,Estonia,Valga County,,,EE-82,,ChIJ86SszJwK60YR4GD8GG2zAAM,2021-02-15,,,,,-12,
EE,Estonia,Valga County,,,EE-82,,ChIJ86SszJwK60YR4GD8GG2zAAM,2021-02-16,,,,,-12,
EE,Estonia,Valga County,,,EE-82,,ChIJ86SszJwK60YR4GD8GG2zAAM,2021-02-17,,,,,-11,
EE,Estonia,Valga County,,,EE-82,,ChIJ86SszJwK60YR4GD8GG2zAAM,2021-02-18,,,,,-16,
EE,Estonia,Valga County,,,EE-82,,ChIJ86SszJwK60YR4GD8GG2zAAM,2021-02-19,,,,,-14,
EE,Estonia,Valga County,,,EE-82,,ChIJ86SszJwK60YR4GD8GG2zAAM,2021-02-22,,,,,-27,
EE,Estonia,Valga County,,,EE-82,,ChIJ86SszJwK60YR4GD8GG2zAAM,2021-02-23,,,,,-32,
EE,Estonia,Valga County,,,EE-82,,ChIJ86SszJwK60YR4GD8GG2zAAM,2021-02-24,,,,,-71,
EE,Estonia,Valga County,,,EE-82,,ChIJ86SszJwK60YR4GD8GG2zAAM,2021-02-25,,,,,-32,
EE,Estonia,Valga County,,,EE-82,,ChIJ86SszJwK60YR4GD8GG2zAAM,2021-02-26,,,,,-31,
EE,Estonia,Valga County,,,EE-82,,ChIJ86SszJwK60YR4GD8GG2zAAM,2021-03-01,,,,,-22,
EE,Estonia,Valga County,,,EE-82,,ChIJ86SszJwK60YR4GD8GG2zAAM,2021-03-02,,,,,-24,
EE,Estonia,Valga County,,,EE-82,,ChIJ86SszJwK60YR4GD8GG2zAAM,2021-03-03,,,,,-25,
EE,Estonia,Valga County,,,EE-82,,ChIJ86SszJwK60YR4GD8GG2zAAM,2021-03-04,,,,,-24,
EE,Estonia,Valga County,,,EE-82,,ChIJ86SszJwK60YR4GD8GG2zAAM,2021-03-05,,,,,-24,
EE,Estonia,Valga County,,,EE-82,,ChIJ86SszJwK60YR4GD8GG2zAAM,2021-03-08,,,,,-24,
EE,Estonia,Valga County,,,EE-82,,ChIJ86SszJwK60YR4GD8GG2zAAM,2021-03-09,,,,,-27,
EE,Estonia,Valga County,,,EE-82,,ChIJ86SszJwK60YR4GD8GG2zAAM,2021-03-10,,,,,-26,
EE,Estonia,Valga County,,,EE-82,,ChIJ86SszJwK60YR4GD8GG2zAAM,2021-03-11,,,,,-32,
EE,Estonia,Valga County,,,EE-82,,ChIJ86SszJwK60YR4GD8GG2zAAM,2021-03-12,,,,,-34,
EE,Estonia,Valga County,,,EE-82,,ChIJ86SszJwK60YR4GD8GG2zAAM,2021-03-15,,,,,-30,
EE,Estonia,Valga County,,,EE-82,,ChIJ86SszJwK60YR4GD8GG2zAAM,2021-03-16,,,,,-34,
EE,Estonia,Valga County,,,EE-82,,ChIJ86SszJwK60YR4GD8GG2zAAM,2021-03-17,,,,,-29,
EE,Estonia,Valga County,,,EE-82,,ChIJ86SszJwK60YR4GD8GG2zAAM,2021-03-18,,,,,-32,
EE,Estonia,Valga County,,,EE-82,,ChIJ86SszJwK60YR4GD8GG2zAAM,2021-03-19,,,,,-33,
EE,Estonia,Valga County,,,EE-82,,ChIJ86SszJwK60YR4GD8GG2zAAM,2021-03-20,-41,,,,,
EE,Estonia,Valga County,,,EE-82,,ChIJ86SszJwK60YR4GD8GG2zAAM,2021-03-22,,,,,-29,
EE,Estonia,Valga County,,,EE-82,,ChIJ86SszJwK60YR4GD8GG2zAAM,2021-03-23,,,,,-30,
EE,Estonia,Valga County,,,EE-82,,ChIJ86SszJwK60YR4GD8GG2zAAM,2021-03-24,,,,,-30,
EE,Estonia,Valga County,,,EE-82,,ChIJ86SszJwK60YR4GD8GG2zAAM,2021-03-25,,,,,-33,
EE,Estonia,Valga County,,,EE-82,,ChIJ86SszJwK60YR4GD8GG2zAAM,2021-03-26,,,,,-32,
EE,Estonia,Viljandi County,,,EE-84,,ChIJHeNB2iOZ7EYR8GD8GG2zAAM,2021-01-01,-72,-52,,-43,-87,
EE,Estonia,Viljandi County,,,EE-84,,ChIJHeNB2iOZ7EYR8GD8GG2zAAM,2021-01-02,-37,-7,,-16,-31,
EE,Estonia,Viljandi County,,,EE-84,,ChIJHeNB2iOZ7EYR8GD8GG2zAAM,2021-01-04,-17,,,-17,-33,11
EE,Estonia,Viljandi County,,,EE-84,,ChIJHeNB2iOZ7EYR8GD8GG2zAAM,2021-01-05,-3,,,-5,-33,10
EE,Estonia,Viljandi County,,,EE-84,,ChIJHeNB2iOZ7EYR8GD8GG2zAAM,2021-01-06,-8,,,-5,-31,8
EE,Estonia,Viljandi County,,,EE-84,,ChIJHeNB2iOZ7EYR8GD8GG2zAAM,2021-01-07,-17,,,-11,-31,10
EE,Estonia,Viljandi County,,,EE-84,,ChIJHeNB2iOZ7EYR8GD8GG2zAAM,2021-01-08,-15,3,,-14,-31,11
EE,Estonia,Viljandi County,,,EE-84,,ChIJHeNB2iOZ7EYR8GD8GG2zAAM,2021-01-09,-16,2,,1,-15,
EE,Estonia,Viljandi County,,,EE-84,,ChIJHeNB2iOZ7EYR8GD8GG2zAAM,2021-01-11,-10,,,-1,-8,4
EE,Estonia,Viljandi County,,,EE-84,,ChIJHeNB2iOZ7EYR8GD8GG2zAAM,2021-01-12,-11,,,1,-7,4
EE,Estonia,Viljandi County,,,EE-84,,ChIJHeNB2iOZ7EYR8GD8GG2zAAM,2021-01-13,-21,,,2,-7,3
EE,Estonia,Viljandi County,,,EE-84,,ChIJHeNB2iOZ7EYR8GD8GG2zAAM,2021-01-14,-20,,,-2,-9,3
EE,Estonia,Viljandi County,,,EE-84,,ChIJHeNB2iOZ7EYR8GD8GG2zAAM,2021-01-15,-18,-1,,-5,-8,4
EE,Estonia,Viljandi County,,,EE-84,,ChIJHeNB2iOZ7EYR8GD8GG2zAAM,2021-01-16,-13,2,,0,-14,
EE,Estonia,Viljandi County,,,EE-84,,ChIJHeNB2iOZ7EYR8GD8GG2zAAM,2021-01-18,-17,,,-6,-8,4
EE,Estonia,Viljandi County,,,EE-84,,ChIJHeNB2iOZ7EYR8GD8GG2zAAM,2021-01-19,-15,,,-1,-8,3
EE,Estonia,Viljandi County,,,EE-84,,ChIJHeNB2iOZ7EYR8GD8GG2zAAM,2021-01-20,-20,,,-2,-7,4
EE,Estonia,Viljandi County,,,EE-84,,ChIJHeNB2iOZ7EYR8GD8GG2zAAM,2021-01-21,-27,-6,,-7,-10,4
EE,Estonia,Viljandi County,,,EE-84,,ChIJHeNB2iOZ7EYR8GD8GG2zAAM,2021-01-22,-24,-3,,-8,-10,5
EE,Estonia,Viljandi County,,,EE-84,,ChIJHeNB2iOZ7EYR8GD8GG2zAAM,2021-01-23,-17,3,,-1,-15,
EE,Estonia,Viljandi County,,,EE-84,,ChIJHeNB2iOZ7EYR8GD8GG2zAAM,2021-01-24,,,,-14,,
EE,Estonia,Viljandi County,,,EE-84,,ChIJHeNB2iOZ7EYR8GD8GG2zAAM,2021-01-25,-19,-7,,-3,-8,2
EE,Estonia,Viljandi County,,,EE-84,,ChIJHeNB2iOZ7EYR8GD8GG2zAAM,2021-01-26,-19,-5,,-3,-8,4
EE,Estonia,Viljandi County,,,EE-84,,ChIJHeNB2iOZ7EYR8GD8GG2zAAM,2021-01-27,-24,,,-1,-7,3
EE,Estonia,Viljandi County,,,EE-84,,ChIJHeNB2iOZ7EYR8GD8GG2zAAM,2021-01-28,-21,,,-4,-8,4
EE,Estonia,Viljandi County,,,EE-84,,ChIJHeNB2iOZ7EYR8GD8GG2zAAM,2021-01-29,-26,-7,,-5,-8,4
EE,Estonia,Viljandi County,,,EE-84,,ChIJHeNB2iOZ7EYR8GD8GG2zAAM,2021-01-30,-22,-7,,-2,-6,
EE,Estonia,Viljandi County,,,EE-84,,ChIJHeNB2iOZ7EYR8GD8GG2zAAM,2021-02-01,-18,-3,,-13,-9,4
EE,Estonia,Viljandi County,,,EE-84,,ChIJHeNB2iOZ7EYR8GD8GG2zAAM,2021-02-02,-20,,,-6,-10,4
EE,Estonia,Viljandi County,,,EE-84,,ChIJHeNB2iOZ7EYR8GD8GG2zAAM,2021-02-03,-26,,,-7,-9,3
EE,Estonia,Viljandi County,,,EE-84,,ChIJHeNB2iOZ7EYR8GD8GG2zAAM,2021-02-04,-23,-7,,-17,-10,4
EE,Estonia,Viljandi County,,,EE-84,,ChIJHeNB2iOZ7EYR8GD8GG2zAAM,2021-02-05,-20,4,,-9,-13,5
EE,Estonia,Viljandi County,,,EE-84,,ChIJHeNB2iOZ7EYR8GD8GG2zAAM,2021-02-06,-21,0,,0,-12,
EE,Estonia,Viljandi County,,,EE-84,,ChIJHeNB2iOZ7EYR8GD8GG2zAAM,2021-02-08,-13,-1,,-3,-10,3
EE,Estonia,Viljandi County,,,EE-84,,ChIJHeNB2iOZ7EYR8GD8GG2zAAM,2021-02-09,-12,,,-6,-9,5
EE,Estonia,Viljandi County,,,EE-84,,ChIJHeNB2iOZ7EYR8GD8GG2zAAM,2021-02-10,-15,,,-11,-11,5
EE,Estonia,Viljandi County,,,EE-84,,ChIJHeNB2iOZ7EYR8GD8GG2zAAM,2021-02-11,-17,,,-14,-11,5
EE,Estonia,Viljandi County,,,EE-84,,ChIJHeNB2iOZ7EYR8GD8GG2zAAM,2021-02-12,-15,4,,-4,-11,5
EE,Estonia,Viljandi County,,,EE-84,,ChIJHeNB2iOZ7EYR8GD8GG2zAAM,2021-02-13,-11,5,,-5,-5,
EE,Estonia,Viljandi County,,,EE-84,,ChIJHeNB2iOZ7EYR8GD8GG2zAAM,2021-02-15,-19,-2,,-10,-8,3
EE,Estonia,Viljandi County,,,EE-84,,ChIJHeNB2iOZ7EYR8GD8GG2zAAM,2021-02-16,-13,,,-4,-9,3
EE,Estonia,Viljandi County,,,EE-84,,ChIJHeNB2iOZ7EYR8GD8GG2zAAM,2021-02-17,-21,,,-1,-7,3
EE,Estonia,Viljandi County,,,EE-84,,ChIJHeNB2iOZ7EYR8GD8GG2zAAM,2021-02-18,-22,,,-12,-12,5
EE,Estonia,Viljandi County,,,EE-84,,ChIJHeNB2iOZ7EYR8GD8GG2zAAM,2021-02-19,-23,3,,-6,-12,6
EE,Estonia,Viljandi County,,,EE-84,,ChIJHeNB2iOZ7EYR8GD8GG2zAAM,2021-02-20,-19,2,,-9,-12,
EE,Estonia,Viljandi County,,,EE-84,,ChIJHeNB2iOZ7EYR8GD8GG2zAAM,2021-02-22,-19,,,-17,-30,7
EE,Estonia,Viljandi County,,,EE-84,,ChIJHeNB2iOZ7EYR8GD8GG2zAAM,2021-02-23,-14,,,-19,-33,10
EE,Estonia,Viljandi County,,,EE-84,,ChIJHeNB2iOZ7EYR8GD8GG2zAAM,2021-02-24,-57,-11,,-35,-78,21
EE,Estonia,Viljandi County,,,EE-84,,ChIJHeNB2iOZ7EYR8GD8GG2zAAM,2021-02-25,-20,,,-18,-33,9
EE,Estonia,Viljandi County,,,EE-84,,ChIJHeNB2iOZ7EYR8GD8GG2zAAM,2021-02-26,-18,0,,-20,-31,10
EE,Estonia,Viljandi County,,,EE-84,,ChIJHeNB2iOZ7EYR8GD8GG2zAAM,2021-02-27,-25,-2,,-11,-8,
EE,Estonia,Viljandi County,,,EE-84,,ChIJHeNB2iOZ7EYR8GD8GG2zAAM,2021-03-01,-16,,,-16,-20,7
EE,Estonia,Viljandi County,,,EE-84,,ChIJHeNB2iOZ7EYR8GD8GG2zAAM,2021-03-02,-13,,,-13,-23,5
EE,Estonia,Viljandi County,,,EE-84,,ChIJHeNB2iOZ7EYR8GD8GG2zAAM,2021-03-03,-19,,,-15,-22,8
EE,Estonia,Viljandi County,,,EE-84,,ChIJHeNB2iOZ7EYR8GD8GG2zAAM,2021-03-04,-21,,,-18,-24,8
EE,Estonia,Viljandi County,,,EE-84,,ChIJHeNB2iOZ7EYR8GD8GG2zAAM,2021-03-05,-16,11,,-11,-25,9
EE,Estonia,Viljandi County,,,EE-84,,ChIJHeNB2iOZ7EYR8GD8GG2zAAM,2021-03-06,-55,-6,,-24,-16,
EE,Estonia,Viljandi County,,,EE-84,,ChIJHeNB2iOZ7EYR8GD8GG2zAAM,2021-03-07,,,,-29,,
EE,Estonia,Viljandi County,,,EE-84,,ChIJHeNB2iOZ7EYR8GD8GG2zAAM,2021-03-08,-4,,,-9,-20,6
EE,Estonia,Viljandi County,,,EE-84,,ChIJHeNB2iOZ7EYR8GD8GG2zAAM,2021-03-09,-10,,,-13,-22,7
EE,Estonia,Viljandi County,,,EE-84,,ChIJHeNB2iOZ7EYR8GD8GG2zAAM,2021-03-10,-8,,,-9,-23,7
EE,Estonia,Viljandi County,,,EE-84,,ChIJHeNB2iOZ7EYR8GD8GG2zAAM,2021-03-11,-47,-4,,-32,-34,11
EE,Estonia,Viljandi County,,,EE-84,,ChIJHeNB2iOZ7EYR8GD8GG2zAAM,2021-03-12,-50,-7,,-29,-33,14
EE,Estonia,Viljandi County,,,EE-84,,ChIJHeNB2iOZ7EYR8GD8GG2zAAM,2021-03-13,-57,-10,,-31,-11,
EE,Estonia,Viljandi County,,,EE-84,,ChIJHeNB2iOZ7EYR8GD8GG2zAAM,2021-03-14,,,,-28,,
EE,Estonia,Viljandi County,,,EE-84,,ChIJHeNB2iOZ7EYR8GD8GG2zAAM,2021-03-15,-38,-7,,-25,-30,9
EE,Estonia,Viljandi County,,,EE-84,,ChIJHeNB2iOZ7EYR8GD8GG2zAAM,2021-03-16,-40,,,-28,-31,11
EE,Estonia,Viljandi County,,,EE-84,,ChIJHeNB2iOZ7EYR8GD8GG2zAAM,2021-03-17,-38,,,-27,-30,10
EE,Estonia,Viljandi County,,,EE-84,,ChIJHeNB2iOZ7EYR8GD8GG2zAAM,2021-03-18,-43,,,-27,-32,10
EE,Estonia,Viljandi County,,,EE-84,,ChIJHeNB2iOZ7EYR8GD8GG2zAAM,2021-03-19,-44,-1,,-28,-30,12
EE,Estonia,Viljandi County,,,EE-84,,ChIJHeNB2iOZ7EYR8GD8GG2zAAM,2021-03-20,-50,-4,,-23,-17,
EE,Estonia,Viljandi County,,,EE-84,,ChIJHeNB2iOZ7EYR8GD8GG2zAAM,2021-03-21,,,,-25,,
EE,Estonia,Viljandi County,,,EE-84,,ChIJHeNB2iOZ7EYR8GD8GG2zAAM,2021-03-22,-37,-5,,-25,-29,10
EE,Estonia,Viljandi County,,,EE-84,,ChIJHeNB2iOZ7EYR8GD8GG2zAAM,2021-03-23,-37,,,-29,-29,10
EE,Estonia,Viljandi County,,,EE-84,,ChIJHeNB2iOZ7EYR8GD8GG2zAAM,2021-03-24,-38,,,-27,-27,10
EE,Estonia,Viljandi County,,,EE-84,,ChIJHeNB2iOZ7EYR8GD8GG2zAAM,2021-03-25,-40,,,-23,-31,11
EE,Estonia,Viljandi County,,,EE-84,,ChIJHeNB2iOZ7EYR8GD8GG2zAAM,2021-03-26,-39,0,,-16,-29,12
EE,Estonia,Viljandi County,,,EE-84,,ChIJHeNB2iOZ7EYR8GD8GG2zAAM,2021-03-27,-45,1,,-8,-10,
EE,Estonia,Võru County,,,EE-86,,ChIJXTMR3X736kYRAGH8GG2zAAM,2021-01-01,-76,,,,-82,
EE,Estonia,Võru County,,,EE-86,,ChIJXTMR3X736kYRAGH8GG2zAAM,2021-01-02,-45,,,,,
EE,Estonia,Võru County,,,EE-86,,ChIJXTMR3X736kYRAGH8GG2zAAM,2021-01-04,,,,,-32,
EE,Estonia,Võru County,,,EE-86,,ChIJXTMR3X736kYRAGH8GG2zAAM,2021-01-05,,,,,-30,
EE,Estonia,Võru County,,,EE-86,,ChIJXTMR3X736kYRAGH8GG2zAAM,2021-01-06,,,,,-30,
EE,Estonia,Võru County,,,EE-86,,ChIJXTMR3X736kYRAGH8GG2zAAM,2021-01-07,,,,,-31,
EE,Estonia,Võru County,,,EE-86,,ChIJXTMR3X736kYRAGH8GG2zAAM,2021-01-08,-25,,,,-30,
EE,Estonia,Võru County,,,EE-86,,ChIJXTMR3X736kYRAGH8GG2zAAM,2021-01-09,-22,,,,,
EE,Estonia,Võru County,,,EE-86,,ChIJXTMR3X736kYRAGH8GG2zAAM,2021-01-11,,,,,-4,
EE,Estonia,Võru County,,,EE-86,,ChIJXTMR3X736kYRAGH8GG2zAAM,2021-01-12,,,,,-6,
EE,Estonia,Võru County,,,EE-86,,ChIJXTMR3X736kYRAGH8GG2zAAM,2021-01-13,,,,,-8,
EE,Estonia,Võru County,,,EE-86,,ChIJXTMR3X736kYRAGH8GG2zAAM,2021-01-14,,,,,-8,
EE,Estonia,Võru County,,,EE-86,,ChIJXTMR3X736kYRAGH8GG2zAAM,2021-01-15,-29,,,,-6,
EE,Estonia,Võru County,,,EE-86,,ChIJXTMR3X736kYRAGH8GG2zAAM,2021-01-16,-39,,,,,
EE,Estonia,Võru County,,,EE-86,,ChIJXTMR3X736kYRAGH8GG2zAAM,2021-01-18,,,,,-11,
EE,Estonia,Võru County,,,EE-86,,ChIJXTMR3X736kYRAGH8GG2zAAM,2021-01-19,,,,,-15,
EE,Estonia,Võru County,,,EE-86,,ChIJXTMR3X736kYRAGH8GG2zAAM,2021-01-20,-38,,,,-14,
EE,Estonia,Võru County,,,EE-86,,ChIJXTMR3X736kYRAGH8GG2zAAM,2021-01-21,-41,,,,-15,
EE,Estonia,Võru County,,,EE-86,,ChIJXTMR3X736kYRAGH8GG2zAAM,2021-01-22,-34,,,,-10,
EE,Estonia,Võru County,,,EE-86,,ChIJXTMR3X736kYRAGH8GG2zAAM,2021-01-23,-38,,,,,
EE,Estonia,Võru County,,,EE-86,,ChIJXTMR3X736kYRAGH8GG2zAAM,2021-01-25,,,,,-12,
EE,Estonia,Võru County,,,EE-86,,ChIJXTMR3X736kYRAGH8GG2zAAM,2021-01-26,,,,,-11,
EE,Estonia,Võru County,,,EE-86,,ChIJXTMR3X736kYRAGH8GG2zAAM,2021-01-27,,,,,-13,
EE,Estonia,Võru County,,,EE-86,,ChIJXTMR3X736kYRAGH8GG2zAAM,2021-01-28,,,,,-14,
EE,Estonia,Võru County,,,EE-86,,ChIJXTMR3X736kYRAGH8GG2zAAM,2021-01-29,-35,,,,-6,
EE,Estonia,Võru County,,,EE-86,,ChIJXTMR3X736kYRAGH8GG2zAAM,2021-01-30,-41,,,,,
EE,Estonia,Võru County,,,EE-86,,ChIJXTMR3X736kYRAGH8GG2zAAM,2021-02-01,,,,,-11,
EE,Estonia,Võru County,,,EE-86,,ChIJXTMR3X736kYRAGH8GG2zAAM,2021-02-02,,,,,-12,
EE,Estonia,Võru County,,,EE-86,,ChIJXTMR3X736kYRAGH8GG2zAAM,2021-02-03,-39,,,,-14,
EE,Estonia,Võru County,,,EE-86,,ChIJXTMR3X736kYRAGH8GG2zAAM,2021-02-04,,,,,-15,
EE,Estonia,Võru County,,,EE-86,,ChIJXTMR3X736kYRAGH8GG2zAAM,2021-02-05,-29,,,,-12,
EE,Estonia,Võru County,,,EE-86,,ChIJXTMR3X736kYRAGH8GG2zAAM,2021-02-06,-37,,,,,
EE,Estonia,Võru County,,,EE-86,,ChIJXTMR3X736kYRAGH8GG2zAAM,2021-02-08,,,,,-15,
EE,Estonia,Võru County,,,EE-86,,ChIJXTMR3X736kYRAGH8GG2zAAM,2021-02-09,,,,,-17,
EE,Estonia,Võru County,,,EE-86,,ChIJXTMR3X736kYRAGH8GG2zAAM,2021-02-10,,,,,-16,
EE,Estonia,Võru County,,,EE-86,,ChIJXTMR3X736kYRAGH8GG2zAAM,2021-02-11,,,,,-17,
EE,Estonia,Võru County,,,EE-86,,ChIJXTMR3X736kYRAGH8GG2zAAM,2021-02-12,-33,,,,-12,
EE,Estonia,Võru County,,,EE-86,,ChIJXTMR3X736kYRAGH8GG2zAAM,2021-02-13,-36,,,,,
EE,Estonia,Võru County,,,EE-86,,ChIJXTMR3X736kYRAGH8GG2zAAM,2021-02-15,,,,,-10,
EE,Estonia,Võru County,,,EE-86,,ChIJXTMR3X736kYRAGH8GG2zAAM,2021-02-16,,,,,-10,
EE,Estonia,Võru County,,,EE-86,,ChIJXTMR3X736kYRAGH8GG2zAAM,2021-02-17,,,,,-9,
EE,Estonia,Võru County,,,EE-86,,ChIJXTMR3X736kYRAGH8GG2zAAM,2021-02-18,,,,,-16,
EE,Estonia,Võru County,,,EE-86,,ChIJXTMR3X736kYRAGH8GG2zAAM,2021-02-19,-33,,,,-11,
EE,Estonia,Võru County,,,EE-86,,ChIJXTMR3X736kYRAGH8GG2zAAM,2021-02-20,-36,,,,,
EE,Estonia,Võru County,,,EE-86,,ChIJXTMR3X736kYRAGH8GG2zAAM,2021-02-22,,,,,-31,
EE,Estonia,Võru County,,,EE-86,,ChIJXTMR3X736kYRAGH8GG2zAAM,2021-02-23,,,,,-31,
EE,Estonia,Võru County,,,EE-86,,ChIJXTMR3X736kYRAGH8GG2zAAM,2021-02-24,,,,,-75,
EE,Estonia,Võru County,,,EE-86,,ChIJXTMR3X736kYRAGH8GG2zAAM,2021-02-25,,,,,-31,
EE,Estonia,Võru County,,,EE-86,,ChIJXTMR3X736kYRAGH8GG2zAAM,2021-02-26,-29,,,,-28,
EE,Estonia,Võru County,,,EE-86,,ChIJXTMR3X736kYRAGH8GG2zAAM,2021-02-27,-38,,,,,
EE,Estonia,Võru County,,,EE-86,,ChIJXTMR3X736kYRAGH8GG2zAAM,2021-03-01,,,,,-21,
EE,Estonia,Võru County,,,EE-86,,ChIJXTMR3X736kYRAGH8GG2zAAM,2021-03-02,,,,,-23,
EE,Estonia,Võru County,,,EE-86,,ChIJXTMR3X736kYRAGH8GG2zAAM,2021-03-03,,,,,-22,
EE,Estonia,Võru County,,,EE-86,,ChIJXTMR3X736kYRAGH8GG2zAAM,2021-03-04,,,,,-23,
EE,Estonia,Võru County,,,EE-86,,ChIJXTMR3X736kYRAGH8GG2zAAM,2021-03-05,-25,,,,-18,
EE,Estonia,Võru County,,,EE-86,,ChIJXTMR3X736kYRAGH8GG2zAAM,2021-03-06,-71,,,,,
EE,Estonia,Võru County,,,EE-86,,ChIJXTMR3X736kYRAGH8GG2zAAM,2021-03-08,,,,,-20,
EE,Estonia,Võru County,,,EE-86,,ChIJXTMR3X736kYRAGH8GG2zAAM,2021-03-09,,,,,-24,
EE,Estonia,Võru County,,,EE-86,,ChIJXTMR3X736kYRAGH8GG2zAAM,2021-03-10,,,,,-26,
EE,Estonia,Võru County,,,EE-86,,ChIJXTMR3X736kYRAGH8GG2zAAM,2021-03-11,-60,,,,-34,
EE,Estonia,Võru County,,,EE-86,,ChIJXTMR3X736kYRAGH8GG2zAAM,2021-03-12,-64,,,,-35,
EE,Estonia,Võru County,,,EE-86,,ChIJXTMR3X736kYRAGH8GG2zAAM,2021-03-13,-71,,,,,
EE,Estonia,Võru County,,,EE-86,,ChIJXTMR3X736kYRAGH8GG2zAAM,2021-03-15,,,,,-33,
EE,Estonia,Võru County,,,EE-86,,ChIJXTMR3X736kYRAGH8GG2zAAM,2021-03-16,-52,,,,-34,
EE,Estonia,Võru County,,,EE-86,,ChIJXTMR3X736kYRAGH8GG2zAAM,2021-03-17,-56,,,,-32,
EE,Estonia,Võru County,,,EE-86,,ChIJXTMR3X736kYRAGH8GG2zAAM,2021-03-18,-55,,,,-34,
EE,Estonia,Võru County,,,EE-86,,ChIJXTMR3X736kYRAGH8GG2zAAM,2021-03-19,-56,,,,-28,
EE,Estonia,Võru County,,,EE-86,,ChIJXTMR3X736kYRAGH8GG2zAAM,2021-03-22,,,,,-32,
EE,Estonia,Võru County,,,EE-86,,ChIJXTMR3X736kYRAGH8GG2zAAM,2021-03-23,,,,,-30,
EE,Estonia,Võru County,,,EE-86,,ChIJXTMR3X736kYRAGH8GG2zAAM,2021-03-24,-51,,,,-31,
EE,Estonia,Võru County,,,EE-86,,ChIJXTMR3X736kYRAGH8GG2zAAM,2021-03-25,-51,,,,-33,
EE,Estonia,Võru County,,,EE-86,,ChIJXTMR3X736kYRAGH8GG2zAAM,2021-03-26,-54,,,,-30,
EE,Estonia,Võru County,,,EE-86,,ChIJXTMR3X736kYRAGH8GG2zAAM,2021-03-27,-61,,,,,
